date,indicator,value,source,entity_type,entity_code,entity_name,extra_json
2022-01-31,icn_airline_cargo_tons_arrBaggage,105.0,ODP_B551177,airline,7C,제주항공,
2022-01-31,icn_airline_cargo_tons_arrBaggage,980.0,ODP_B551177,airline,AA,아메리칸항공,
2022-01-31,icn_airline_cargo_tons_arrBaggage,61007.0,ODP_B551177,airline,KE,대한항공,
2022-01-31,icn_airline_cargo_tons_arrBaggage,28336.0,ODP_B551177,airline,OZ,아시아나항공,
2022-01-31,icn_airline_cargo_tons_baggage,223.0,ODP_B551177,airline,7C,제주항공,
2022-01-31,icn_airline_cargo_tons_baggage,1804.0,ODP_B551177,airline,AA,아메리칸항공,
2022-01-31,icn_airline_cargo_tons_baggage,125096.0,ODP_B551177,airline,KE,대한항공,
2022-01-31,icn_airline_cargo_tons_baggage,56431.0,ODP_B551177,airline,OZ,아시아나항공,
2022-01-31,icn_airline_cargo_tons_depBaggage,118.0,ODP_B551177,airline,7C,제주항공,
2022-01-31,icn_airline_cargo_tons_depBaggage,825.0,ODP_B551177,airline,AA,아메리칸항공,
2022-01-31,icn_airline_cargo_tons_depBaggage,64089.0,ODP_B551177,airline,KE,대한항공,
2022-01-31,icn_airline_cargo_tons_depBaggage,28095.0,ODP_B551177,airline,OZ,아시아나항공,
2022-01-31,icn_airline_pax_arrPassenger,1528.0,ODP_B551177,airline,7C,제주항공,
2022-01-31,icn_airline_pax_arrPassenger,2874.0,ODP_B551177,airline,AA,아메리칸항공,
2022-01-31,icn_airline_pax_arrPassenger,52991.0,ODP_B551177,airline,KE,대한항공,
2022-01-31,icn_airline_pax_arrPassenger,34958.0,ODP_B551177,airline,OZ,아시아나항공,
2022-01-31,icn_airline_pax_depPassenger,1883.0,ODP_B551177,airline,7C,제주항공,
2022-01-31,icn_airline_pax_depPassenger,3836.0,ODP_B551177,airline,AA,아메리칸항공,
2022-01-31,icn_airline_pax_depPassenger,57382.0,ODP_B551177,airline,KE,대한항공,
2022-01-31,icn_airline_pax_depPassenger,33905.0,ODP_B551177,airline,OZ,아시아나항공,
2022-01-31,icn_airline_pax_passenger,3411.0,ODP_B551177,airline,7C,제주항공,
2022-01-31,icn_airline_pax_passenger,6710.0,ODP_B551177,airline,AA,아메리칸항공,
2022-01-31,icn_airline_pax_passenger,110373.0,ODP_B551177,airline,KE,대한항공,
2022-01-31,icn_airline_pax_passenger,68863.0,ODP_B551177,airline,OZ,아시아나항공,
2022-02-28,icn_airline_cargo_tons_arrBaggage,64.0,ODP_B551177,airline,7C,제주항공,
2022-02-28,icn_airline_cargo_tons_arrBaggage,909.0,ODP_B551177,airline,AA,아메리칸항공,
2022-02-28,icn_airline_cargo_tons_arrBaggage,53336.0,ODP_B551177,airline,KE,대한항공,
2022-02-28,icn_airline_cargo_tons_arrBaggage,25054.0,ODP_B551177,airline,OZ,아시아나항공,
2022-02-28,icn_airline_cargo_tons_baggage,165.0,ODP_B551177,airline,7C,제주항공,
2022-02-28,icn_airline_cargo_tons_baggage,1763.0,ODP_B551177,airline,AA,아메리칸항공,
2022-02-28,icn_airline_cargo_tons_baggage,108913.0,ODP_B551177,airline,KE,대한항공,
2022-02-28,icn_airline_cargo_tons_baggage,48864.0,ODP_B551177,airline,OZ,아시아나항공,
2022-02-28,icn_airline_cargo_tons_depBaggage,101.0,ODP_B551177,airline,7C,제주항공,
2022-02-28,icn_airline_cargo_tons_depBaggage,854.0,ODP_B551177,airline,AA,아메리칸항공,
2022-02-28,icn_airline_cargo_tons_depBaggage,55576.0,ODP_B551177,airline,KE,대한항공,
2022-02-28,icn_airline_cargo_tons_depBaggage,23809.0,ODP_B551177,airline,OZ,아시아나항공,
2022-02-28,icn_airline_pax_arrPassenger,2698.0,ODP_B551177,airline,7C,제주항공,
2022-02-28,icn_airline_pax_arrPassenger,2643.0,ODP_B551177,airline,AA,아메리칸항공,
2022-02-28,icn_airline_pax_arrPassenger,51229.0,ODP_B551177,airline,KE,대한항공,
2022-02-28,icn_airline_pax_arrPassenger,36699.0,ODP_B551177,airline,OZ,아시아나항공,
2022-02-28,icn_airline_pax_depPassenger,2622.0,ODP_B551177,airline,7C,제주항공,
2022-02-28,icn_airline_pax_depPassenger,2243.0,ODP_B551177,airline,AA,아메리칸항공,
2022-02-28,icn_airline_pax_depPassenger,43853.0,ODP_B551177,airline,KE,대한항공,
2022-02-28,icn_airline_pax_depPassenger,29884.0,ODP_B551177,airline,OZ,아시아나항공,
2022-02-28,icn_airline_pax_passenger,5320.0,ODP_B551177,airline,7C,제주항공,
2022-02-28,icn_airline_pax_passenger,4886.0,ODP_B551177,airline,AA,아메리칸항공,
2022-02-28,icn_airline_pax_passenger,95082.0,ODP_B551177,airline,KE,대한항공,
2022-02-28,icn_airline_pax_passenger,66583.0,ODP_B551177,airline,OZ,아시아나항공,
2022-03-31,icn_airline_cargo_tons_arrBaggage,67.0,ODP_B551177,airline,7C,제주항공,
2022-03-31,icn_airline_cargo_tons_arrBaggage,804.0,ODP_B551177,airline,AA,아메리칸항공,
2022-03-31,icn_airline_cargo_tons_arrBaggage,66519.0,ODP_B551177,airline,KE,대한항공,
2022-03-31,icn_airline_cargo_tons_arrBaggage,29451.0,ODP_B551177,airline,OZ,아시아나항공,
2022-03-31,icn_airline_cargo_tons_baggage,158.0,ODP_B551177,airline,7C,제주항공,
2022-03-31,icn_airline_cargo_tons_baggage,1611.0,ODP_B551177,airline,AA,아메리칸항공,
2022-03-31,icn_airline_cargo_tons_baggage,134367.0,ODP_B551177,airline,KE,대한항공,
2022-03-31,icn_airline_cargo_tons_baggage,58607.0,ODP_B551177,airline,OZ,아시아나항공,
2022-03-31,icn_airline_cargo_tons_depBaggage,91.0,ODP_B551177,airline,7C,제주항공,
2022-03-31,icn_airline_cargo_tons_depBaggage,807.0,ODP_B551177,airline,AA,아메리칸항공,
2022-03-31,icn_airline_cargo_tons_depBaggage,67848.0,ODP_B551177,airline,KE,대한항공,
2022-03-31,icn_airline_cargo_tons_depBaggage,29156.0,ODP_B551177,airline,OZ,아시아나항공,
2022-03-31,icn_airline_pax_arrPassenger,3275.0,ODP_B551177,airline,7C,제주항공,
2022-03-31,icn_airline_pax_arrPassenger,3546.0,ODP_B551177,airline,AA,아메리칸항공,
2022-03-31,icn_airline_pax_arrPassenger,67583.0,ODP_B551177,airline,KE,대한항공,
2022-03-31,icn_airline_pax_arrPassenger,46723.0,ODP_B551177,airline,OZ,아시아나항공,
2022-03-31,icn_airline_pax_depPassenger,3608.0,ODP_B551177,airline,7C,제주항공,
2022-03-31,icn_airline_pax_depPassenger,2865.0,ODP_B551177,airline,AA,아메리칸항공,
2022-03-31,icn_airline_pax_depPassenger,67641.0,ODP_B551177,airline,KE,대한항공,
2022-03-31,icn_airline_pax_depPassenger,44416.0,ODP_B551177,airline,OZ,아시아나항공,
2022-03-31,icn_airline_pax_passenger,6883.0,ODP_B551177,airline,7C,제주항공,
2022-03-31,icn_airline_pax_passenger,6411.0,ODP_B551177,airline,AA,아메리칸항공,
2022-03-31,icn_airline_pax_passenger,135224.0,ODP_B551177,airline,KE,대한항공,
2022-03-31,icn_airline_pax_passenger,91139.0,ODP_B551177,airline,OZ,아시아나항공,
2022-04-30,icn_airline_cargo_tons_arrBaggage,45.0,ODP_B551177,airline,7C,제주항공,
2022-04-30,icn_airline_cargo_tons_arrBaggage,73.0,ODP_B551177,airline,AA,아메리칸항공,
2022-04-30,icn_airline_cargo_tons_arrBaggage,63728.0,ODP_B551177,airline,KE,대한항공,
2022-04-30,icn_airline_cargo_tons_arrBaggage,27364.0,ODP_B551177,airline,OZ,아시아나항공,
2022-04-30,icn_airline_cargo_tons_baggage,68.0,ODP_B551177,airline,7C,제주항공,
2022-04-30,icn_airline_cargo_tons_baggage,416.0,ODP_B551177,airline,AA,아메리칸항공,
2022-04-30,icn_airline_cargo_tons_baggage,126140.0,ODP_B551177,airline,KE,대한항공,
2022-04-30,icn_airline_cargo_tons_baggage,53577.0,ODP_B551177,airline,OZ,아시아나항공,
2022-04-30,icn_airline_cargo_tons_depBaggage,24.0,ODP_B551177,airline,7C,제주항공,
2022-04-30,icn_airline_cargo_tons_depBaggage,343.0,ODP_B551177,airline,AA,아메리칸항공,
2022-04-30,icn_airline_cargo_tons_depBaggage,62412.0,ODP_B551177,airline,KE,대한항공,
2022-04-30,icn_airline_cargo_tons_depBaggage,26213.0,ODP_B551177,airline,OZ,아시아나항공,
2022-04-30,icn_airline_pax_arrPassenger,3876.0,ODP_B551177,airline,7C,제주항공,
2022-04-30,icn_airline_pax_arrPassenger,5981.0,ODP_B551177,airline,AA,아메리칸항공,
2022-04-30,icn_airline_pax_arrPassenger,105428.0,ODP_B551177,airline,KE,대한항공,
2022-04-30,icn_airline_pax_arrPassenger,78774.0,ODP_B551177,airline,OZ,아시아나항공,
2022-04-30,icn_airline_pax_depPassenger,4119.0,ODP_B551177,airline,7C,제주항공,
2022-04-30,icn_airline_pax_depPassenger,5105.0,ODP_B551177,airline,AA,아메리칸항공,
2022-04-30,icn_airline_pax_depPassenger,101779.0,ODP_B551177,airline,KE,대한항공,
2022-04-30,icn_airline_pax_depPassenger,74458.0,ODP_B551177,airline,OZ,아시아나항공,
2022-04-30,icn_airline_pax_passenger,7995.0,ODP_B551177,airline,7C,제주항공,
2022-04-30,icn_airline_pax_passenger,11086.0,ODP_B551177,airline,AA,아메리칸항공,
2022-04-30,icn_airline_pax_passenger,207207.0,ODP_B551177,airline,KE,대한항공,
2022-04-30,icn_airline_pax_passenger,153232.0,ODP_B551177,airline,OZ,아시아나항공,
2022-05-31,icn_airline_cargo_tons_arrBaggage,98.0,ODP_B551177,airline,7C,제주항공,
2022-05-31,icn_airline_cargo_tons_arrBaggage,46.0,ODP_B551177,airline,AA,아메리칸항공,
2022-05-31,icn_airline_cargo_tons_arrBaggage,60664.0,ODP_B551177,airline,KE,대한항공,
2022-05-31,icn_airline_cargo_tons_arrBaggage,27167.0,ODP_B551177,airline,OZ,아시아나항공,
2022-05-31,icn_airline_cargo_tons_baggage,157.0,ODP_B551177,airline,7C,제주항공,
2022-05-31,icn_airline_cargo_tons_baggage,335.0,ODP_B551177,airline,AA,아메리칸항공,
2022-05-31,icn_airline_cargo_tons_baggage,120214.0,ODP_B551177,airline,KE,대한항공,
2022-05-31,icn_airline_cargo_tons_baggage,52536.0,ODP_B551177,airline,OZ,아시아나항공,
2022-05-31,icn_airline_cargo_tons_depBaggage,58.0,ODP_B551177,airline,7C,제주항공,
2022-05-31,icn_airline_cargo_tons_depBaggage,289.0,ODP_B551177,airline,AA,아메리칸항공,
2022-05-31,icn_airline_cargo_tons_depBaggage,59550.0,ODP_B551177,airline,KE,대한항공,
2022-05-31,icn_airline_cargo_tons_depBaggage,25369.0,ODP_B551177,airline,OZ,아시아나항공,
2022-05-31,icn_airline_pax_arrPassenger,9219.0,ODP_B551177,airline,7C,제주항공,
2022-05-31,icn_airline_pax_arrPassenger,6805.0,ODP_B551177,airline,AA,아메리칸항공,
2022-05-31,icn_airline_pax_arrPassenger,146151.0,ODP_B551177,airline,KE,대한항공,
2022-05-31,icn_airline_pax_arrPassenger,109812.0,ODP_B551177,airline,OZ,아시아나항공,
2022-05-31,icn_airline_pax_depPassenger,9719.0,ODP_B551177,airline,7C,제주항공,
2022-05-31,icn_airline_pax_depPassenger,6100.0,ODP_B551177,airline,AA,아메리칸항공,
2022-05-31,icn_airline_pax_depPassenger,137837.0,ODP_B551177,airline,KE,대한항공,
2022-05-31,icn_airline_pax_depPassenger,101983.0,ODP_B551177,airline,OZ,아시아나항공,
2022-05-31,icn_airline_pax_passenger,18938.0,ODP_B551177,airline,7C,제주항공,
2022-05-31,icn_airline_pax_passenger,12905.0,ODP_B551177,airline,AA,아메리칸항공,
2022-05-31,icn_airline_pax_passenger,283988.0,ODP_B551177,airline,KE,대한항공,
2022-05-31,icn_airline_pax_passenger,211795.0,ODP_B551177,airline,OZ,아시아나항공,
2022-06-30,icn_airline_cargo_tons_arrBaggage,179.0,ODP_B551177,airline,7C,제주항공,
2022-06-30,icn_airline_cargo_tons_arrBaggage,47.0,ODP_B551177,airline,AA,아메리칸항공,
2022-06-30,icn_airline_cargo_tons_arrBaggage,56808.0,ODP_B551177,airline,KE,대한항공,
2022-06-30,icn_airline_cargo_tons_arrBaggage,26467.0,ODP_B551177,airline,OZ,아시아나항공,
2022-06-30,icn_airline_cargo_tons_baggage,388.0,ODP_B551177,airline,7C,제주항공,
2022-06-30,icn_airline_cargo_tons_baggage,261.0,ODP_B551177,airline,AA,아메리칸항공,
2022-06-30,icn_airline_cargo_tons_baggage,114352.0,ODP_B551177,airline,KE,대한항공,
2022-06-30,icn_airline_cargo_tons_baggage,51318.0,ODP_B551177,airline,OZ,아시아나항공,
2022-06-30,icn_airline_cargo_tons_depBaggage,210.0,ODP_B551177,airline,7C,제주항공,
2022-06-30,icn_airline_cargo_tons_depBaggage,213.0,ODP_B551177,airline,AA,아메리칸항공,
2022-06-30,icn_airline_cargo_tons_depBaggage,57544.0,ODP_B551177,airline,KE,대한항공,
2022-06-30,icn_airline_cargo_tons_depBaggage,24852.0,ODP_B551177,airline,OZ,아시아나항공,
2022-06-30,icn_airline_pax_arrPassenger,14715.0,ODP_B551177,airline,7C,제주항공,
2022-06-30,icn_airline_pax_arrPassenger,6568.0,ODP_B551177,airline,AA,아메리칸항공,
2022-06-30,icn_airline_pax_arrPassenger,188723.0,ODP_B551177,airline,KE,대한항공,
2022-06-30,icn_airline_pax_arrPassenger,134231.0,ODP_B551177,airline,OZ,아시아나항공,
2022-06-30,icn_airline_pax_depPassenger,15460.0,ODP_B551177,airline,7C,제주항공,
2022-06-30,icn_airline_pax_depPassenger,6687.0,ODP_B551177,airline,AA,아메리칸항공,
2022-06-30,icn_airline_pax_depPassenger,170245.0,ODP_B551177,airline,KE,대한항공,
2022-06-30,icn_airline_pax_depPassenger,119035.0,ODP_B551177,airline,OZ,아시아나항공,
2022-06-30,icn_airline_pax_passenger,30175.0,ODP_B551177,airline,7C,제주항공,
2022-06-30,icn_airline_pax_passenger,13255.0,ODP_B551177,airline,AA,아메리칸항공,
2022-06-30,icn_airline_pax_passenger,358968.0,ODP_B551177,airline,KE,대한항공,
2022-06-30,icn_airline_pax_passenger,253266.0,ODP_B551177,airline,OZ,아시아나항공,
2022-07-31,icn_airline_cargo_tons_arrBaggage,456.0,ODP_B551177,airline,7C,제주항공,
2022-07-31,icn_airline_cargo_tons_arrBaggage,44.0,ODP_B551177,airline,AA,아메리칸항공,
2022-07-31,icn_airline_cargo_tons_arrBaggage,55708.0,ODP_B551177,airline,KE,대한항공,
2022-07-31,icn_airline_cargo_tons_arrBaggage,24262.0,ODP_B551177,airline,OZ,아시아나항공,
2022-07-31,icn_airline_cargo_tons_baggage,1071.0,ODP_B551177,airline,7C,제주항공,
2022-07-31,icn_airline_cargo_tons_baggage,310.0,ODP_B551177,airline,AA,아메리칸항공,
2022-07-31,icn_airline_cargo_tons_baggage,109956.0,ODP_B551177,airline,KE,대한항공,
2022-07-31,icn_airline_cargo_tons_baggage,46534.0,ODP_B551177,airline,OZ,아시아나항공,
2022-07-31,icn_airline_cargo_tons_depBaggage,615.0,ODP_B551177,airline,7C,제주항공,
2022-07-31,icn_airline_cargo_tons_depBaggage,266.0,ODP_B551177,airline,AA,아메리칸항공,
2022-07-31,icn_airline_cargo_tons_depBaggage,54248.0,ODP_B551177,airline,KE,대한항공,
2022-07-31,icn_airline_cargo_tons_depBaggage,22272.0,ODP_B551177,airline,OZ,아시아나항공,
2022-07-31,icn_airline_pax_arrPassenger,41751.0,ODP_B551177,airline,7C,제주항공,
2022-07-31,icn_airline_pax_arrPassenger,7723.0,ODP_B551177,airline,AA,아메리칸항공,
2022-07-31,icn_airline_pax_arrPassenger,235434.0,ODP_B551177,airline,KE,대한항공,
2022-07-31,icn_airline_pax_arrPassenger,155757.0,ODP_B551177,airline,OZ,아시아나항공,
2022-07-31,icn_airline_pax_depPassenger,47264.0,ODP_B551177,airline,7C,제주항공,
2022-07-31,icn_airline_pax_depPassenger,8271.0,ODP_B551177,airline,AA,아메리칸항공,
2022-07-31,icn_airline_pax_depPassenger,244977.0,ODP_B551177,airline,KE,대한항공,
2022-07-31,icn_airline_pax_depPassenger,153226.0,ODP_B551177,airline,OZ,아시아나항공,
2022-07-31,icn_airline_pax_passenger,89015.0,ODP_B551177,airline,7C,제주항공,
2022-07-31,icn_airline_pax_passenger,15994.0,ODP_B551177,airline,AA,아메리칸항공,
2022-07-31,icn_airline_pax_passenger,480411.0,ODP_B551177,airline,KE,대한항공,
2022-07-31,icn_airline_pax_passenger,308983.0,ODP_B551177,airline,OZ,아시아나항공,
2022-08-31,icn_airline_cargo_tons_arrBaggage,539.0,ODP_B551177,airline,7C,제주항공,
2022-08-31,icn_airline_cargo_tons_arrBaggage,84.0,ODP_B551177,airline,AA,아메리칸항공,
2022-08-31,icn_airline_cargo_tons_arrBaggage,53614.0,ODP_B551177,airline,KE,대한항공,
2022-08-31,icn_airline_cargo_tons_arrBaggage,24607.0,ODP_B551177,airline,OZ,아시아나항공,
2022-08-31,icn_airline_cargo_tons_baggage,1184.0,ODP_B551177,airline,7C,제주항공,
2022-08-31,icn_airline_cargo_tons_baggage,332.0,ODP_B551177,airline,AA,아메리칸항공,
2022-08-31,icn_airline_cargo_tons_baggage,106129.0,ODP_B551177,airline,KE,대한항공,
2022-08-31,icn_airline_cargo_tons_baggage,47737.0,ODP_B551177,airline,OZ,아시아나항공,
2022-08-31,icn_airline_cargo_tons_depBaggage,644.0,ODP_B551177,airline,7C,제주항공,
2022-08-31,icn_airline_cargo_tons_depBaggage,248.0,ODP_B551177,airline,AA,아메리칸항공,
2022-08-31,icn_airline_cargo_tons_depBaggage,52515.0,ODP_B551177,airline,KE,대한항공,
2022-08-31,icn_airline_cargo_tons_depBaggage,23130.0,ODP_B551177,airline,OZ,아시아나항공,
2022-08-31,icn_airline_pax_arrPassenger,60177.0,ODP_B551177,airline,7C,제주항공,
2022-08-31,icn_airline_pax_arrPassenger,7085.0,ODP_B551177,airline,AA,아메리칸항공,
2022-08-31,icn_airline_pax_arrPassenger,262342.0,ODP_B551177,airline,KE,대한항공,
2022-08-31,icn_airline_pax_arrPassenger,179069.0,ODP_B551177,airline,OZ,아시아나항공,
2022-08-31,icn_airline_pax_depPassenger,52030.0,ODP_B551177,airline,7C,제주항공,
2022-08-31,icn_airline_pax_depPassenger,8186.0,ODP_B551177,airline,AA,아메리칸항공,
2022-08-31,icn_airline_pax_depPassenger,262967.0,ODP_B551177,airline,KE,대한항공,
2022-08-31,icn_airline_pax_depPassenger,165761.0,ODP_B551177,airline,OZ,아시아나항공,
2022-08-31,icn_airline_pax_passenger,112207.0,ODP_B551177,airline,7C,제주항공,
2022-08-31,icn_airline_pax_passenger,15271.0,ODP_B551177,airline,AA,아메리칸항공,
2022-08-31,icn_airline_pax_passenger,525309.0,ODP_B551177,airline,KE,대한항공,
2022-08-31,icn_airline_pax_passenger,344830.0,ODP_B551177,airline,OZ,아시아나항공,
2022-09-30,icn_airline_cargo_tons_arrBaggage,540.0,ODP_B551177,airline,7C,제주항공,
2022-09-30,icn_airline_cargo_tons_arrBaggage,60.0,ODP_B551177,airline,AA,아메리칸항공,
2022-09-30,icn_airline_cargo_tons_arrBaggage,51375.0,ODP_B551177,airline,KE,대한항공,
2022-09-30,icn_airline_cargo_tons_arrBaggage,24613.0,ODP_B551177,airline,OZ,아시아나항공,
2022-09-30,icn_airline_cargo_tons_baggage,1191.0,ODP_B551177,airline,7C,제주항공,
2022-09-30,icn_airline_cargo_tons_baggage,269.0,ODP_B551177,airline,AA,아메리칸항공,
2022-09-30,icn_airline_cargo_tons_baggage,102412.0,ODP_B551177,airline,KE,대한항공,
2022-09-30,icn_airline_cargo_tons_baggage,49768.0,ODP_B551177,airline,OZ,아시아나항공,
2022-09-30,icn_airline_cargo_tons_depBaggage,651.0,ODP_B551177,airline,7C,제주항공,
2022-09-30,icn_airline_cargo_tons_depBaggage,209.0,ODP_B551177,airline,AA,아메리칸항공,
2022-09-30,icn_airline_cargo_tons_depBaggage,51037.0,ODP_B551177,airline,KE,대한항공,
2022-09-30,icn_airline_cargo_tons_depBaggage,25155.0,ODP_B551177,airline,OZ,아시아나항공,
2022-09-30,icn_airline_pax_arrPassenger,42259.0,ODP_B551177,airline,7C,제주항공,
2022-09-30,icn_airline_pax_arrPassenger,6842.0,ODP_B551177,airline,AA,아메리칸항공,
2022-09-30,icn_airline_pax_arrPassenger,260207.0,ODP_B551177,airline,KE,대한항공,
2022-09-30,icn_airline_pax_arrPassenger,166441.0,ODP_B551177,airline,OZ,아시아나항공,
2022-09-30,icn_airline_pax_depPassenger,42284.0,ODP_B551177,airline,7C,제주항공,
2022-09-30,icn_airline_pax_depPassenger,7019.0,ODP_B551177,airline,AA,아메리칸항공,
2022-09-30,icn_airline_pax_depPassenger,263804.0,ODP_B551177,airline,KE,대한항공,
2022-09-30,icn_airline_pax_depPassenger,163695.0,ODP_B551177,airline,OZ,아시아나항공,
2022-09-30,icn_airline_pax_passenger,84543.0,ODP_B551177,airline,7C,제주항공,
2022-09-30,icn_airline_pax_passenger,13861.0,ODP_B551177,airline,AA,아메리칸항공,
2022-09-30,icn_airline_pax_passenger,524011.0,ODP_B551177,airline,KE,대한항공,
2022-09-30,icn_airline_pax_passenger,330136.0,ODP_B551177,airline,OZ,아시아나항공,
2022-10-31,icn_airline_cargo_tons_arrBaggage,626.0,ODP_B551177,airline,7C,제주항공,
2022-10-31,icn_airline_cargo_tons_arrBaggage,39.0,ODP_B551177,airline,AA,아메리칸항공,
2022-10-31,icn_airline_cargo_tons_arrBaggage,53101.0,ODP_B551177,airline,KE,대한항공,
2022-10-31,icn_airline_cargo_tons_arrBaggage,25672.0,ODP_B551177,airline,OZ,아시아나항공,
2022-10-31,icn_airline_cargo_tons_baggage,1326.0,ODP_B551177,airline,7C,제주항공,
2022-10-31,icn_airline_cargo_tons_baggage,256.0,ODP_B551177,airline,AA,아메리칸항공,
2022-10-31,icn_airline_cargo_tons_baggage,103981.0,ODP_B551177,airline,KE,대한항공,
2022-10-31,icn_airline_cargo_tons_baggage,51723.0,ODP_B551177,airline,OZ,아시아나항공,
2022-10-31,icn_airline_cargo_tons_depBaggage,700.0,ODP_B551177,airline,7C,제주항공,
2022-10-31,icn_airline_cargo_tons_depBaggage,216.0,ODP_B551177,airline,AA,아메리칸항공,
2022-10-31,icn_airline_cargo_tons_depBaggage,50880.0,ODP_B551177,airline,KE,대한항공,
2022-10-31,icn_airline_cargo_tons_depBaggage,26052.0,ODP_B551177,airline,OZ,아시아나항공,
2022-10-31,icn_airline_pax_arrPassenger,78564.0,ODP_B551177,airline,7C,제주항공,
2022-10-31,icn_airline_pax_arrPassenger,6907.0,ODP_B551177,airline,AA,아메리칸항공,
2022-10-31,icn_airline_pax_arrPassenger,327244.0,ODP_B551177,airline,KE,대한항공,
2022-10-31,icn_airline_pax_arrPassenger,191767.0,ODP_B551177,airline,OZ,아시아나항공,
2022-10-31,icn_airline_pax_depPassenger,79877.0,ODP_B551177,airline,7C,제주항공,
2022-10-31,icn_airline_pax_depPassenger,6777.0,ODP_B551177,airline,AA,아메리칸항공,
2022-10-31,icn_airline_pax_depPassenger,318882.0,ODP_B551177,airline,KE,대한항공,
2022-10-31,icn_airline_pax_depPassenger,182813.0,ODP_B551177,airline,OZ,아시아나항공,
2022-10-31,icn_airline_pax_passenger,158441.0,ODP_B551177,airline,7C,제주항공,
2022-10-31,icn_airline_pax_passenger,13684.0,ODP_B551177,airline,AA,아메리칸항공,
2022-10-31,icn_airline_pax_passenger,646126.0,ODP_B551177,airline,KE,대한항공,
2022-10-31,icn_airline_pax_passenger,374580.0,ODP_B551177,airline,OZ,아시아나항공,
2022-11-30,icn_airline_cargo_tons_arrBaggage,813.0,ODP_B551177,airline,7C,제주항공,
2022-11-30,icn_airline_cargo_tons_arrBaggage,27.0,ODP_B551177,airline,AA,아메리칸항공,
2022-11-30,icn_airline_cargo_tons_arrBaggage,51915.0,ODP_B551177,airline,KE,대한항공,
2022-11-30,icn_airline_cargo_tons_arrBaggage,24905.0,ODP_B551177,airline,OZ,아시아나항공,
2022-11-30,icn_airline_cargo_tons_baggage,1714.0,ODP_B551177,airline,7C,제주항공,
2022-11-30,icn_airline_cargo_tons_baggage,271.0,ODP_B551177,airline,AA,아메리칸항공,
2022-11-30,icn_airline_cargo_tons_baggage,101208.0,ODP_B551177,airline,KE,대한항공,
2022-11-30,icn_airline_cargo_tons_baggage,49281.0,ODP_B551177,airline,OZ,아시아나항공,
2022-11-30,icn_airline_cargo_tons_depBaggage,901.0,ODP_B551177,airline,7C,제주항공,
2022-11-30,icn_airline_cargo_tons_depBaggage,245.0,ODP_B551177,airline,AA,아메리칸항공,
2022-11-30,icn_airline_cargo_tons_depBaggage,49293.0,ODP_B551177,airline,KE,대한항공,
2022-11-30,icn_airline_cargo_tons_depBaggage,24376.0,ODP_B551177,airline,OZ,아시아나항공,
2022-11-30,icn_airline_pax_arrPassenger,121766.0,ODP_B551177,airline,7C,제주항공,
2022-11-30,icn_airline_pax_arrPassenger,7428.0,ODP_B551177,airline,AA,아메리칸항공,
2022-11-30,icn_airline_pax_arrPassenger,325064.0,ODP_B551177,airline,KE,대한항공,
2022-11-30,icn_airline_pax_arrPassenger,186385.0,ODP_B551177,airline,OZ,아시아나항공,
2022-11-30,icn_airline_pax_depPassenger,128209.0,ODP_B551177,airline,7C,제주항공,
2022-11-30,icn_airline_pax_depPassenger,7466.0,ODP_B551177,airline,AA,아메리칸항공,
2022-11-30,icn_airline_pax_depPassenger,336564.0,ODP_B551177,airline,KE,대한항공,
2022-11-30,icn_airline_pax_depPassenger,194688.0,ODP_B551177,airline,OZ,아시아나항공,
2022-11-30,icn_airline_pax_passenger,249975.0,ODP_B551177,airline,7C,제주항공,
2022-11-30,icn_airline_pax_passenger,14894.0,ODP_B551177,airline,AA,아메리칸항공,
2022-11-30,icn_airline_pax_passenger,661628.0,ODP_B551177,airline,KE,대한항공,
2022-11-30,icn_airline_pax_passenger,381073.0,ODP_B551177,airline,OZ,아시아나항공,
2022-12-31,icn_airline_cargo_tons_arrBaggage,882.0,ODP_B551177,airline,7C,제주항공,
2022-12-31,icn_airline_cargo_tons_arrBaggage,15.0,ODP_B551177,airline,AA,아메리칸항공,
2022-12-31,icn_airline_cargo_tons_arrBaggage,52193.0,ODP_B551177,airline,KE,대한항공,
2022-12-31,icn_airline_cargo_tons_arrBaggage,24097.0,ODP_B551177,airline,OZ,아시아나항공,
2022-12-31,icn_airline_cargo_tons_baggage,1831.0,ODP_B551177,airline,7C,제주항공,
2022-12-31,icn_airline_cargo_tons_baggage,349.0,ODP_B551177,airline,AA,아메리칸항공,
2022-12-31,icn_airline_cargo_tons_baggage,99834.0,ODP_B551177,airline,KE,대한항공,
2022-12-31,icn_airline_cargo_tons_baggage,47757.0,ODP_B551177,airline,OZ,아시아나항공,
2022-12-31,icn_airline_cargo_tons_depBaggage,949.0,ODP_B551177,airline,7C,제주항공,
2022-12-31,icn_airline_cargo_tons_depBaggage,335.0,ODP_B551177,airline,AA,아메리칸항공,
2022-12-31,icn_airline_cargo_tons_depBaggage,47641.0,ODP_B551177,airline,KE,대한항공,
2022-12-31,icn_airline_cargo_tons_depBaggage,23660.0,ODP_B551177,airline,OZ,아시아나항공,
2022-12-31,icn_airline_pax_arrPassenger,159862.0,ODP_B551177,airline,7C,제주항공,
2022-12-31,icn_airline_pax_arrPassenger,7549.0,ODP_B551177,airline,AA,아메리칸항공,
2022-12-31,icn_airline_pax_arrPassenger,406695.0,ODP_B551177,airline,KE,대한항공,
2022-12-31,icn_airline_pax_arrPassenger,235768.0,ODP_B551177,airline,OZ,아시아나항공,
2022-12-31,icn_airline_pax_depPassenger,163698.0,ODP_B551177,airline,7C,제주항공,
2022-12-31,icn_airline_pax_depPassenger,7941.0,ODP_B551177,airline,AA,아메리칸항공,
2022-12-31,icn_airline_pax_depPassenger,402464.0,ODP_B551177,airline,KE,대한항공,
2022-12-31,icn_airline_pax_depPassenger,234166.0,ODP_B551177,airline,OZ,아시아나항공,
2022-12-31,icn_airline_pax_passenger,323560.0,ODP_B551177,airline,7C,제주항공,
2022-12-31,icn_airline_pax_passenger,15490.0,ODP_B551177,airline,AA,아메리칸항공,
2022-12-31,icn_airline_pax_passenger,809159.0,ODP_B551177,airline,KE,대한항공,
2022-12-31,icn_airline_pax_passenger,469934.0,ODP_B551177,airline,OZ,아시아나항공,
2023-01-31,icn_airline_cargo_tons_arrBaggage,646.0,ODP_B551177,airline,7C,제주항공,
2023-01-31,icn_airline_cargo_tons_arrBaggage,10.0,ODP_B551177,airline,AA,아메리칸항공,
2023-01-31,icn_airline_cargo_tons_arrBaggage,45512.0,ODP_B551177,airline,KE,대한항공,
2023-01-31,icn_airline_cargo_tons_arrBaggage,23240.0,ODP_B551177,airline,OZ,아시아나항공,
2023-01-31,icn_airline_cargo_tons_baggage,1259.0,ODP_B551177,airline,7C,제주항공,
2023-01-31,icn_airline_cargo_tons_baggage,287.0,ODP_B551177,airline,AA,아메리칸항공,
2023-01-31,icn_airline_cargo_tons_baggage,88191.0,ODP_B551177,airline,KE,대한항공,
2023-01-31,icn_airline_cargo_tons_baggage,44492.0,ODP_B551177,airline,OZ,아시아나항공,
2023-01-31,icn_airline_cargo_tons_depBaggage,614.0,ODP_B551177,airline,7C,제주항공,
2023-01-31,icn_airline_cargo_tons_depBaggage,277.0,ODP_B551177,airline,AA,아메리칸항공,
2023-01-31,icn_airline_cargo_tons_depBaggage,42678.0,ODP_B551177,airline,KE,대한항공,
2023-01-31,icn_airline_cargo_tons_depBaggage,21251.0,ODP_B551177,airline,OZ,아시아나항공,
2023-01-31,icn_airline_pax_arrPassenger,183036.0,ODP_B551177,airline,7C,제주항공,
2023-01-31,icn_airline_pax_arrPassenger,6804.0,ODP_B551177,airline,AA,아메리칸항공,
2023-01-31,icn_airline_pax_arrPassenger,418906.0,ODP_B551177,airline,KE,대한항공,
2023-01-31,icn_airline_pax_arrPassenger,244660.0,ODP_B551177,airline,OZ,아시아나항공,
2023-01-31,icn_airline_pax_depPassenger,192684.0,ODP_B551177,airline,7C,제주항공,
2023-01-31,icn_airline_pax_depPassenger,7329.0,ODP_B551177,airline,AA,아메리칸항공,
2023-01-31,icn_airline_pax_depPassenger,458259.0,ODP_B551177,airline,KE,대한항공,
2023-01-31,icn_airline_pax_depPassenger,267367.0,ODP_B551177,airline,OZ,아시아나항공,
2023-01-31,icn_airline_pax_passenger,375720.0,ODP_B551177,airline,7C,제주항공,
2023-01-31,icn_airline_pax_passenger,14133.0,ODP_B551177,airline,AA,아메리칸항공,
2023-01-31,icn_airline_pax_passenger,877165.0,ODP_B551177,airline,KE,대한항공,
2023-01-31,icn_airline_pax_passenger,512027.0,ODP_B551177,airline,OZ,아시아나항공,
2023-02-28,icn_airline_cargo_tons_arrBaggage,791.0,ODP_B551177,airline,7C,제주항공,
2023-02-28,icn_airline_cargo_tons_arrBaggage,10.0,ODP_B551177,airline,AA,아메리칸항공,
2023-02-28,icn_airline_cargo_tons_arrBaggage,48836.0,ODP_B551177,airline,KE,대한항공,
2023-02-28,icn_airline_cargo_tons_arrBaggage,21886.0,ODP_B551177,airline,OZ,아시아나항공,
2023-02-28,icn_airline_cargo_tons_baggage,1720.0,ODP_B551177,airline,7C,제주항공,
2023-02-28,icn_airline_cargo_tons_baggage,221.0,ODP_B551177,airline,AA,아메리칸항공,
2023-02-28,icn_airline_cargo_tons_baggage,91705.0,ODP_B551177,airline,KE,대한항공,
2023-02-28,icn_airline_cargo_tons_baggage,41409.0,ODP_B551177,airline,OZ,아시아나항공,
2023-02-28,icn_airline_cargo_tons_depBaggage,929.0,ODP_B551177,airline,7C,제주항공,
2023-02-28,icn_airline_cargo_tons_depBaggage,211.0,ODP_B551177,airline,AA,아메리칸항공,
2023-02-28,icn_airline_cargo_tons_depBaggage,42869.0,ODP_B551177,airline,KE,대한항공,
2023-02-28,icn_airline_cargo_tons_depBaggage,19523.0,ODP_B551177,airline,OZ,아시아나항공,
2023-02-28,icn_airline_pax_arrPassenger,188336.0,ODP_B551177,airline,7C,제주항공,
2023-02-28,icn_airline_pax_arrPassenger,5550.0,ODP_B551177,airline,AA,아메리칸항공,
2023-02-28,icn_airline_pax_arrPassenger,426757.0,ODP_B551177,airline,KE,대한항공,
2023-02-28,icn_airline_pax_arrPassenger,259239.0,ODP_B551177,airline,OZ,아시아나항공,
2023-02-28,icn_airline_pax_depPassenger,183662.0,ODP_B551177,airline,7C,제주항공,
2023-02-28,icn_airline_pax_depPassenger,5935.0,ODP_B551177,airline,AA,아메리칸항공,
2023-02-28,icn_airline_pax_depPassenger,404630.0,ODP_B551177,airline,KE,대한항공,
2023-02-28,icn_airline_pax_depPassenger,240220.0,ODP_B551177,airline,OZ,아시아나항공,
2023-02-28,icn_airline_pax_passenger,371998.0,ODP_B551177,airline,7C,제주항공,
2023-02-28,icn_airline_pax_passenger,11485.0,ODP_B551177,airline,AA,아메리칸항공,
2023-02-28,icn_airline_pax_passenger,831387.0,ODP_B551177,airline,KE,대한항공,
2023-02-28,icn_airline_pax_passenger,499459.0,ODP_B551177,airline,OZ,아시아나항공,
2023-03-31,icn_airline_cargo_tons_arrBaggage,771.0,ODP_B551177,airline,7C,제주항공,
2023-03-31,icn_airline_cargo_tons_arrBaggage,18.0,ODP_B551177,airline,AA,아메리칸항공,
2023-03-31,icn_airline_cargo_tons_arrBaggage,53380.0,ODP_B551177,airline,KE,대한항공,
2023-03-31,icn_airline_cargo_tons_arrBaggage,24722.0,ODP_B551177,airline,OZ,아시아나항공,
2023-03-31,icn_airline_cargo_tons_baggage,1715.0,ODP_B551177,airline,7C,제주항공,
2023-03-31,icn_airline_cargo_tons_baggage,256.0,ODP_B551177,airline,AA,아메리칸항공,
2023-03-31,icn_airline_cargo_tons_baggage,102152.0,ODP_B551177,airline,KE,대한항공,
2023-03-31,icn_airline_cargo_tons_baggage,48920.0,ODP_B551177,airline,OZ,아시아나항공,
2023-03-31,icn_airline_cargo_tons_depBaggage,943.0,ODP_B551177,airline,7C,제주항공,
2023-03-31,icn_airline_cargo_tons_depBaggage,237.0,ODP_B551177,airline,AA,아메리칸항공,
2023-03-31,icn_airline_cargo_tons_depBaggage,48772.0,ODP_B551177,airline,KE,대한항공,
2023-03-31,icn_airline_cargo_tons_depBaggage,24198.0,ODP_B551177,airline,OZ,아시아나항공,
2023-03-31,icn_airline_pax_arrPassenger,203363.0,ODP_B551177,airline,7C,제주항공,
2023-03-31,icn_airline_pax_arrPassenger,7160.0,ODP_B551177,airline,AA,아메리칸항공,
2023-03-31,icn_airline_pax_arrPassenger,473248.0,ODP_B551177,airline,KE,대한항공,
2023-03-31,icn_airline_pax_arrPassenger,293737.0,ODP_B551177,airline,OZ,아시아나항공,
2023-03-31,icn_airline_pax_depPassenger,196884.0,ODP_B551177,airline,7C,제주항공,
2023-03-31,icn_airline_pax_depPassenger,7389.0,ODP_B551177,airline,AA,아메리칸항공,
2023-03-31,icn_airline_pax_depPassenger,438328.0,ODP_B551177,airline,KE,대한항공,
2023-03-31,icn_airline_pax_depPassenger,270531.0,ODP_B551177,airline,OZ,아시아나항공,
2023-03-31,icn_airline_pax_passenger,400247.0,ODP_B551177,airline,7C,제주항공,
2023-03-31,icn_airline_pax_passenger,14549.0,ODP_B551177,airline,AA,아메리칸항공,
2023-03-31,icn_airline_pax_passenger,911576.0,ODP_B551177,airline,KE,대한항공,
2023-03-31,icn_airline_pax_passenger,564268.0,ODP_B551177,airline,OZ,아시아나항공,
2023-04-30,icn_airline_cargo_tons_arrBaggage,703.0,ODP_B551177,airline,7C,제주항공,
2023-04-30,icn_airline_cargo_tons_arrBaggage,66.0,ODP_B551177,airline,AA,아메리칸항공,
2023-04-30,icn_airline_cargo_tons_arrBaggage,50447.0,ODP_B551177,airline,KE,대한항공,
2023-04-30,icn_airline_cargo_tons_arrBaggage,23273.0,ODP_B551177,airline,OZ,아시아나항공,
2023-04-30,icn_airline_cargo_tons_baggage,1432.0,ODP_B551177,airline,7C,제주항공,
2023-04-30,icn_airline_cargo_tons_baggage,349.0,ODP_B551177,airline,AA,아메리칸항공,
2023-04-30,icn_airline_cargo_tons_baggage,96355.0,ODP_B551177,airline,KE,대한항공,
2023-04-30,icn_airline_cargo_tons_baggage,45093.0,ODP_B551177,airline,OZ,아시아나항공,
2023-04-30,icn_airline_cargo_tons_depBaggage,729.0,ODP_B551177,airline,7C,제주항공,
2023-04-30,icn_airline_cargo_tons_depBaggage,284.0,ODP_B551177,airline,AA,아메리칸항공,
2023-04-30,icn_airline_cargo_tons_depBaggage,45908.0,ODP_B551177,airline,KE,대한항공,
2023-04-30,icn_airline_cargo_tons_depBaggage,21820.0,ODP_B551177,airline,OZ,아시아나항공,
2023-04-30,icn_airline_pax_arrPassenger,186098.0,ODP_B551177,airline,7C,제주항공,
2023-04-30,icn_airline_pax_arrPassenger,7678.0,ODP_B551177,airline,AA,아메리칸항공,
2023-04-30,icn_airline_pax_arrPassenger,496404.0,ODP_B551177,airline,KE,대한항공,
2023-04-30,icn_airline_pax_arrPassenger,294448.0,ODP_B551177,airline,OZ,아시아나항공,
2023-04-30,icn_airline_pax_depPassenger,185934.0,ODP_B551177,airline,7C,제주항공,
2023-04-30,icn_airline_pax_depPassenger,8555.0,ODP_B551177,airline,AA,아메리칸항공,
2023-04-30,icn_airline_pax_depPassenger,497840.0,ODP_B551177,airline,KE,대한항공,
2023-04-30,icn_airline_pax_depPassenger,295044.0,ODP_B551177,airline,OZ,아시아나항공,
2023-04-30,icn_airline_pax_passenger,372032.0,ODP_B551177,airline,7C,제주항공,
2023-04-30,icn_airline_pax_passenger,16233.0,ODP_B551177,airline,AA,아메리칸항공,
2023-04-30,icn_airline_pax_passenger,994244.0,ODP_B551177,airline,KE,대한항공,
2023-04-30,icn_airline_pax_passenger,589492.0,ODP_B551177,airline,OZ,아시아나항공,
2023-05-31,icn_airline_cargo_tons_arrBaggage,779.0,ODP_B551177,airline,7C,제주항공,
2023-05-31,icn_airline_cargo_tons_arrBaggage,59.0,ODP_B551177,airline,AA,아메리칸항공,
2023-05-31,icn_airline_cargo_tons_arrBaggage,48337.0,ODP_B551177,airline,KE,대한항공,
2023-05-31,icn_airline_cargo_tons_arrBaggage,22350.0,ODP_B551177,airline,OZ,아시아나항공,
2023-05-31,icn_airline_cargo_tons_baggage,1742.0,ODP_B551177,airline,7C,제주항공,
2023-05-31,icn_airline_cargo_tons_baggage,295.0,ODP_B551177,airline,AA,아메리칸항공,
2023-05-31,icn_airline_cargo_tons_baggage,92732.0,ODP_B551177,airline,KE,대한항공,
2023-05-31,icn_airline_cargo_tons_baggage,44545.0,ODP_B551177,airline,OZ,아시아나항공,
2023-05-31,icn_airline_cargo_tons_depBaggage,963.0,ODP_B551177,airline,7C,제주항공,
2023-05-31,icn_airline_cargo_tons_depBaggage,235.0,ODP_B551177,airline,AA,아메리칸항공,
2023-05-31,icn_airline_cargo_tons_depBaggage,44395.0,ODP_B551177,airline,KE,대한항공,
2023-05-31,icn_airline_cargo_tons_depBaggage,22195.0,ODP_B551177,airline,OZ,아시아나항공,
2023-05-31,icn_airline_pax_arrPassenger,221624.0,ODP_B551177,airline,7C,제주항공,
2023-05-31,icn_airline_pax_arrPassenger,8710.0,ODP_B551177,airline,AA,아메리칸항공,
2023-05-31,icn_airline_pax_arrPassenger,524199.0,ODP_B551177,airline,KE,대한항공,
2023-05-31,icn_airline_pax_arrPassenger,324391.0,ODP_B551177,airline,OZ,아시아나항공,
2023-05-31,icn_airline_pax_depPassenger,222452.0,ODP_B551177,airline,7C,제주항공,
2023-05-31,icn_airline_pax_depPassenger,8764.0,ODP_B551177,airline,AA,아메리칸항공,
2023-05-31,icn_airline_pax_depPassenger,518463.0,ODP_B551177,airline,KE,대한항공,
2023-05-31,icn_airline_pax_depPassenger,328712.0,ODP_B551177,airline,OZ,아시아나항공,
2023-05-31,icn_airline_pax_passenger,444076.0,ODP_B551177,airline,7C,제주항공,
2023-05-31,icn_airline_pax_passenger,17474.0,ODP_B551177,airline,AA,아메리칸항공,
2023-05-31,icn_airline_pax_passenger,1042662.0,ODP_B551177,airline,KE,대한항공,
2023-05-31,icn_airline_pax_passenger,653103.0,ODP_B551177,airline,OZ,아시아나항공,
2023-06-30,icn_airline_cargo_tons_arrBaggage,947.0,ODP_B551177,airline,7C,제주항공,
2023-06-30,icn_airline_cargo_tons_arrBaggage,57.0,ODP_B551177,airline,AA,아메리칸항공,
2023-06-30,icn_airline_cargo_tons_arrBaggage,51433.0,ODP_B551177,airline,KE,대한항공,
2023-06-30,icn_airline_cargo_tons_arrBaggage,24589.0,ODP_B551177,airline,OZ,아시아나항공,
2023-06-30,icn_airline_cargo_tons_baggage,2026.0,ODP_B551177,airline,7C,제주항공,
2023-06-30,icn_airline_cargo_tons_baggage,282.0,ODP_B551177,airline,AA,아메리칸항공,
2023-06-30,icn_airline_cargo_tons_baggage,99009.0,ODP_B551177,airline,KE,대한항공,
2023-06-30,icn_airline_cargo_tons_baggage,47477.0,ODP_B551177,airline,OZ,아시아나항공,
2023-06-30,icn_airline_cargo_tons_depBaggage,1080.0,ODP_B551177,airline,7C,제주항공,
2023-06-30,icn_airline_cargo_tons_depBaggage,225.0,ODP_B551177,airline,AA,아메리칸항공,
2023-06-30,icn_airline_cargo_tons_depBaggage,47577.0,ODP_B551177,airline,KE,대한항공,
2023-06-30,icn_airline_cargo_tons_depBaggage,22889.0,ODP_B551177,airline,OZ,아시아나항공,
2023-06-30,icn_airline_pax_arrPassenger,229607.0,ODP_B551177,airline,7C,제주항공,
2023-06-30,icn_airline_pax_arrPassenger,8578.0,ODP_B551177,airline,AA,아메리칸항공,
2023-06-30,icn_airline_pax_arrPassenger,549802.0,ODP_B551177,airline,KE,대한항공,
2023-06-30,icn_airline_pax_arrPassenger,342489.0,ODP_B551177,airline,OZ,아시아나항공,
2023-06-30,icn_airline_pax_depPassenger,233822.0,ODP_B551177,airline,7C,제주항공,
2023-06-30,icn_airline_pax_depPassenger,8751.0,ODP_B551177,airline,AA,아메리칸항공,
2023-06-30,icn_airline_pax_depPassenger,536716.0,ODP_B551177,airline,KE,대한항공,
2023-06-30,icn_airline_pax_depPassenger,342762.0,ODP_B551177,airline,OZ,아시아나항공,
2023-06-30,icn_airline_pax_passenger,463429.0,ODP_B551177,airline,7C,제주항공,
2023-06-30,icn_airline_pax_passenger,17329.0,ODP_B551177,airline,AA,아메리칸항공,
2023-06-30,icn_airline_pax_passenger,1086518.0,ODP_B551177,airline,KE,대한항공,
2023-06-30,icn_airline_pax_passenger,685251.0,ODP_B551177,airline,OZ,아시아나항공,
2023-07-31,icn_airline_cargo_tons_arrBaggage,1013.0,ODP_B551177,airline,7C,제주항공,
2023-07-31,icn_airline_cargo_tons_arrBaggage,92.0,ODP_B551177,airline,AA,아메리칸항공,
2023-07-31,icn_airline_cargo_tons_arrBaggage,53848.0,ODP_B551177,airline,KE,대한항공,
2023-07-31,icn_airline_cargo_tons_arrBaggage,25523.0,ODP_B551177,airline,OZ,아시아나항공,
2023-07-31,icn_airline_cargo_tons_baggage,1998.0,ODP_B551177,airline,7C,제주항공,
2023-07-31,icn_airline_cargo_tons_baggage,358.0,ODP_B551177,airline,AA,아메리칸항공,
2023-07-31,icn_airline_cargo_tons_baggage,104388.0,ODP_B551177,airline,KE,대한항공,
2023-07-31,icn_airline_cargo_tons_baggage,49748.0,ODP_B551177,airline,OZ,아시아나항공,
2023-07-31,icn_airline_cargo_tons_depBaggage,986.0,ODP_B551177,airline,7C,제주항공,
2023-07-31,icn_airline_cargo_tons_depBaggage,266.0,ODP_B551177,airline,AA,아메리칸항공,
2023-07-31,icn_airline_cargo_tons_depBaggage,50540.0,ODP_B551177,airline,KE,대한항공,
2023-07-31,icn_airline_cargo_tons_depBaggage,24225.0,ODP_B551177,airline,OZ,아시아나항공,
2023-07-31,icn_airline_pax_arrPassenger,251702.0,ODP_B551177,airline,7C,제주항공,
2023-07-31,icn_airline_pax_arrPassenger,8205.0,ODP_B551177,airline,AA,아메리칸항공,
2023-07-31,icn_airline_pax_arrPassenger,586530.0,ODP_B551177,airline,KE,대한항공,
2023-07-31,icn_airline_pax_arrPassenger,370401.0,ODP_B551177,airline,OZ,아시아나항공,
2023-07-31,icn_airline_pax_depPassenger,263768.0,ODP_B551177,airline,7C,제주항공,
2023-07-31,icn_airline_pax_depPassenger,8819.0,ODP_B551177,airline,AA,아메리칸항공,
2023-07-31,icn_airline_pax_depPassenger,610795.0,ODP_B551177,airline,KE,대한항공,
2023-07-31,icn_airline_pax_depPassenger,394576.0,ODP_B551177,airline,OZ,아시아나항공,
2023-07-31,icn_airline_pax_passenger,515470.0,ODP_B551177,airline,7C,제주항공,
2023-07-31,icn_airline_pax_passenger,17024.0,ODP_B551177,airline,AA,아메리칸항공,
2023-07-31,icn_airline_pax_passenger,1197325.0,ODP_B551177,airline,KE,대한항공,
2023-07-31,icn_airline_pax_passenger,764977.0,ODP_B551177,airline,OZ,아시아나항공,
2023-08-31,icn_airline_cargo_tons_arrBaggage,1020.0,ODP_B551177,airline,7C,제주항공,
2023-08-31,icn_airline_cargo_tons_arrBaggage,112.0,ODP_B551177,airline,AA,아메리칸항공,
2023-08-31,icn_airline_cargo_tons_arrBaggage,50501.0,ODP_B551177,airline,KE,대한항공,
2023-08-31,icn_airline_cargo_tons_arrBaggage,22846.0,ODP_B551177,airline,OZ,아시아나항공,
2023-08-31,icn_airline_cargo_tons_baggage,2095.0,ODP_B551177,airline,7C,제주항공,
2023-08-31,icn_airline_cargo_tons_baggage,339.0,ODP_B551177,airline,AA,아메리칸항공,
2023-08-31,icn_airline_cargo_tons_baggage,101006.0,ODP_B551177,airline,KE,대한항공,
2023-08-31,icn_airline_cargo_tons_baggage,46517.0,ODP_B551177,airline,OZ,아시아나항공,
2023-08-31,icn_airline_cargo_tons_depBaggage,1075.0,ODP_B551177,airline,7C,제주항공,
2023-08-31,icn_airline_cargo_tons_depBaggage,227.0,ODP_B551177,airline,AA,아메리칸항공,
2023-08-31,icn_airline_cargo_tons_depBaggage,50505.0,ODP_B551177,airline,KE,대한항공,
2023-08-31,icn_airline_cargo_tons_depBaggage,23671.0,ODP_B551177,airline,OZ,아시아나항공,
2023-08-31,icn_airline_pax_arrPassenger,268537.0,ODP_B551177,airline,7C,제주항공,
2023-08-31,icn_airline_pax_arrPassenger,7213.0,ODP_B551177,airline,AA,아메리칸항공,
2023-08-31,icn_airline_pax_arrPassenger,628894.0,ODP_B551177,airline,KE,대한항공,
2023-08-31,icn_airline_pax_arrPassenger,418771.0,ODP_B551177,airline,OZ,아시아나항공,
2023-08-31,icn_airline_pax_depPassenger,252136.0,ODP_B551177,airline,7C,제주항공,
2023-08-31,icn_airline_pax_depPassenger,8796.0,ODP_B551177,airline,AA,아메리칸항공,
2023-08-31,icn_airline_pax_depPassenger,605015.0,ODP_B551177,airline,KE,대한항공,
2023-08-31,icn_airline_pax_depPassenger,401060.0,ODP_B551177,airline,OZ,아시아나항공,
2023-08-31,icn_airline_pax_passenger,520673.0,ODP_B551177,airline,7C,제주항공,
2023-08-31,icn_airline_pax_passenger,16009.0,ODP_B551177,airline,AA,아메리칸항공,
2023-08-31,icn_airline_pax_passenger,1233909.0,ODP_B551177,airline,KE,대한항공,
2023-08-31,icn_airline_pax_passenger,819831.0,ODP_B551177,airline,OZ,아시아나항공,
2023-09-30,icn_airline_cargo_tons_arrBaggage,1021.0,ODP_B551177,airline,7C,제주항공,
2023-09-30,icn_airline_cargo_tons_arrBaggage,117.0,ODP_B551177,airline,AA,아메리칸항공,
2023-09-30,icn_airline_cargo_tons_arrBaggage,50213.0,ODP_B551177,airline,KE,대한항공,
2023-09-30,icn_airline_cargo_tons_arrBaggage,23519.0,ODP_B551177,airline,OZ,아시아나항공,
2023-09-30,icn_airline_cargo_tons_baggage,2133.0,ODP_B551177,airline,7C,제주항공,
2023-09-30,icn_airline_cargo_tons_baggage,342.0,ODP_B551177,airline,AA,아메리칸항공,
2023-09-30,icn_airline_cargo_tons_baggage,102717.0,ODP_B551177,airline,KE,대한항공,
2023-09-30,icn_airline_cargo_tons_baggage,48812.0,ODP_B551177,airline,OZ,아시아나항공,
2023-09-30,icn_airline_cargo_tons_depBaggage,1113.0,ODP_B551177,airline,7C,제주항공,
2023-09-30,icn_airline_cargo_tons_depBaggage,225.0,ODP_B551177,airline,AA,아메리칸항공,
2023-09-30,icn_airline_cargo_tons_depBaggage,52504.0,ODP_B551177,airline,KE,대한항공,
2023-09-30,icn_airline_cargo_tons_depBaggage,25293.0,ODP_B551177,airline,OZ,아시아나항공,
2023-09-30,icn_airline_pax_arrPassenger,232246.0,ODP_B551177,airline,7C,제주항공,
2023-09-30,icn_airline_pax_arrPassenger,7424.0,ODP_B551177,airline,AA,아메리칸항공,
2023-09-30,icn_airline_pax_arrPassenger,556341.0,ODP_B551177,airline,KE,대한항공,
2023-09-30,icn_airline_pax_arrPassenger,337577.0,ODP_B551177,airline,OZ,아시아나항공,
2023-09-30,icn_airline_pax_depPassenger,241540.0,ODP_B551177,airline,7C,제주항공,
2023-09-30,icn_airline_pax_depPassenger,8449.0,ODP_B551177,airline,AA,아메리칸항공,
2023-09-30,icn_airline_pax_depPassenger,591950.0,ODP_B551177,airline,KE,대한항공,
2023-09-30,icn_airline_pax_depPassenger,366662.0,ODP_B551177,airline,OZ,아시아나항공,
2023-09-30,icn_airline_pax_passenger,473786.0,ODP_B551177,airline,7C,제주항공,
2023-09-30,icn_airline_pax_passenger,15873.0,ODP_B551177,airline,AA,아메리칸항공,
2023-09-30,icn_airline_pax_passenger,1148291.0,ODP_B551177,airline,KE,대한항공,
2023-09-30,icn_airline_pax_passenger,704239.0,ODP_B551177,airline,OZ,아시아나항공,
2023-10-31,icn_airline_cargo_tons_arrBaggage,970.0,ODP_B551177,airline,7C,제주항공,
2023-10-31,icn_airline_cargo_tons_arrBaggage,86.0,ODP_B551177,airline,AA,아메리칸항공,
2023-10-31,icn_airline_cargo_tons_arrBaggage,52279.0,ODP_B551177,airline,KE,대한항공,
2023-10-31,icn_airline_cargo_tons_arrBaggage,25063.0,ODP_B551177,airline,OZ,아시아나항공,
2023-10-31,icn_airline_cargo_tons_baggage,2011.0,ODP_B551177,airline,7C,제주항공,
2023-10-31,icn_airline_cargo_tons_baggage,371.0,ODP_B551177,airline,AA,아메리칸항공,
2023-10-31,icn_airline_cargo_tons_baggage,104823.0,ODP_B551177,airline,KE,대한항공,
2023-10-31,icn_airline_cargo_tons_baggage,50611.0,ODP_B551177,airline,OZ,아시아나항공,
2023-10-31,icn_airline_cargo_tons_depBaggage,1042.0,ODP_B551177,airline,7C,제주항공,
2023-10-31,icn_airline_cargo_tons_depBaggage,285.0,ODP_B551177,airline,AA,아메리칸항공,
2023-10-31,icn_airline_cargo_tons_depBaggage,52544.0,ODP_B551177,airline,KE,대한항공,
2023-10-31,icn_airline_cargo_tons_depBaggage,25547.0,ODP_B551177,airline,OZ,아시아나항공,
2023-10-31,icn_airline_pax_arrPassenger,259609.0,ODP_B551177,airline,7C,제주항공,
2023-10-31,icn_airline_pax_arrPassenger,8486.0,ODP_B551177,airline,AA,아메리칸항공,
2023-10-31,icn_airline_pax_arrPassenger,657842.0,ODP_B551177,airline,KE,대한항공,
2023-10-31,icn_airline_pax_arrPassenger,407146.0,ODP_B551177,airline,OZ,아시아나항공,
2023-10-31,icn_airline_pax_depPassenger,242567.0,ODP_B551177,airline,7C,제주항공,
2023-10-31,icn_airline_pax_depPassenger,8637.0,ODP_B551177,airline,AA,아메리칸항공,
2023-10-31,icn_airline_pax_depPassenger,609599.0,ODP_B551177,airline,KE,대한항공,
2023-10-31,icn_airline_pax_depPassenger,370942.0,ODP_B551177,airline,OZ,아시아나항공,
2023-10-31,icn_airline_pax_passenger,502176.0,ODP_B551177,airline,7C,제주항공,
2023-10-31,icn_airline_pax_passenger,17123.0,ODP_B551177,airline,AA,아메리칸항공,
2023-10-31,icn_airline_pax_passenger,1267441.0,ODP_B551177,airline,KE,대한항공,
2023-10-31,icn_airline_pax_passenger,778088.0,ODP_B551177,airline,OZ,아시아나항공,
2023-11-30,icn_airline_cargo_tons_arrBaggage,1146.0,ODP_B551177,airline,7C,제주항공,
2023-11-30,icn_airline_cargo_tons_arrBaggage,71.0,ODP_B551177,airline,AA,아메리칸항공,
2023-11-30,icn_airline_cargo_tons_arrBaggage,52479.0,ODP_B551177,airline,KE,대한항공,
2023-11-30,icn_airline_cargo_tons_arrBaggage,23953.0,ODP_B551177,airline,OZ,아시아나항공,
2023-11-30,icn_airline_cargo_tons_baggage,2345.0,ODP_B551177,airline,7C,제주항공,
2023-11-30,icn_airline_cargo_tons_baggage,327.0,ODP_B551177,airline,AA,아메리칸항공,
2023-11-30,icn_airline_cargo_tons_baggage,107162.0,ODP_B551177,airline,KE,대한항공,
2023-11-30,icn_airline_cargo_tons_baggage,50856.0,ODP_B551177,airline,OZ,아시아나항공,
2023-11-30,icn_airline_cargo_tons_depBaggage,1199.0,ODP_B551177,airline,7C,제주항공,
2023-11-30,icn_airline_cargo_tons_depBaggage,256.0,ODP_B551177,airline,AA,아메리칸항공,
2023-11-30,icn_airline_cargo_tons_depBaggage,54683.0,ODP_B551177,airline,KE,대한항공,
2023-11-30,icn_airline_cargo_tons_depBaggage,26903.0,ODP_B551177,airline,OZ,아시아나항공,
2023-11-30,icn_airline_pax_arrPassenger,217655.0,ODP_B551177,airline,7C,제주항공,
2023-11-30,icn_airline_pax_arrPassenger,7040.0,ODP_B551177,airline,AA,아메리칸항공,
2023-11-30,icn_airline_pax_arrPassenger,639412.0,ODP_B551177,airline,KE,대한항공,
2023-11-30,icn_airline_pax_arrPassenger,364130.0,ODP_B551177,airline,OZ,아시아나항공,
2023-11-30,icn_airline_pax_depPassenger,224740.0,ODP_B551177,airline,7C,제주항공,
2023-11-30,icn_airline_pax_depPassenger,8407.0,ODP_B551177,airline,AA,아메리칸항공,
2023-11-30,icn_airline_pax_depPassenger,655885.0,ODP_B551177,airline,KE,대한항공,
2023-11-30,icn_airline_pax_depPassenger,376339.0,ODP_B551177,airline,OZ,아시아나항공,
2023-11-30,icn_airline_pax_passenger,442395.0,ODP_B551177,airline,7C,제주항공,
2023-11-30,icn_airline_pax_passenger,15447.0,ODP_B551177,airline,AA,아메리칸항공,
2023-11-30,icn_airline_pax_passenger,1295297.0,ODP_B551177,airline,KE,대한항공,
2023-11-30,icn_airline_pax_passenger,740469.0,ODP_B551177,airline,OZ,아시아나항공,
2023-12-31,icn_airline_cargo_tons_arrBaggage,1329.0,ODP_B551177,airline,7C,제주항공,
2023-12-31,icn_airline_cargo_tons_arrBaggage,63.0,ODP_B551177,airline,AA,아메리칸항공,
2023-12-31,icn_airline_cargo_tons_arrBaggage,53016.0,ODP_B551177,airline,KE,대한항공,
2023-12-31,icn_airline_cargo_tons_arrBaggage,25274.0,ODP_B551177,airline,OZ,아시아나항공,
2023-12-31,icn_airline_cargo_tons_baggage,2593.0,ODP_B551177,airline,7C,제주항공,
2023-12-31,icn_airline_cargo_tons_baggage,356.0,ODP_B551177,airline,AA,아메리칸항공,
2023-12-31,icn_airline_cargo_tons_baggage,107153.0,ODP_B551177,airline,KE,대한항공,
2023-12-31,icn_airline_cargo_tons_baggage,51583.0,ODP_B551177,airline,OZ,아시아나항공,
2023-12-31,icn_airline_cargo_tons_depBaggage,1264.0,ODP_B551177,airline,7C,제주항공,
2023-12-31,icn_airline_cargo_tons_depBaggage,293.0,ODP_B551177,airline,AA,아메리칸항공,
2023-12-31,icn_airline_cargo_tons_depBaggage,54137.0,ODP_B551177,airline,KE,대한항공,
2023-12-31,icn_airline_cargo_tons_depBaggage,26309.0,ODP_B551177,airline,OZ,아시아나항공,
2023-12-31,icn_airline_pax_arrPassenger,257853.0,ODP_B551177,airline,7C,제주항공,
2023-12-31,icn_airline_pax_arrPassenger,8249.0,ODP_B551177,airline,AA,아메리칸항공,
2023-12-31,icn_airline_pax_arrPassenger,693576.0,ODP_B551177,airline,KE,대한항공,
2023-12-31,icn_airline_pax_arrPassenger,407568.0,ODP_B551177,airline,OZ,아시아나항공,
2023-12-31,icn_airline_pax_depPassenger,264403.0,ODP_B551177,airline,7C,제주항공,
2023-12-31,icn_airline_pax_depPassenger,8555.0,ODP_B551177,airline,AA,아메리칸항공,
2023-12-31,icn_airline_pax_depPassenger,686510.0,ODP_B551177,airline,KE,대한항공,
2023-12-31,icn_airline_pax_depPassenger,412381.0,ODP_B551177,airline,OZ,아시아나항공,
2023-12-31,icn_airline_pax_passenger,522256.0,ODP_B551177,airline,7C,제주항공,
2023-12-31,icn_airline_pax_passenger,16804.0,ODP_B551177,airline,AA,아메리칸항공,
2023-12-31,icn_airline_pax_passenger,1380086.0,ODP_B551177,airline,KE,대한항공,
2023-12-31,icn_airline_pax_passenger,819949.0,ODP_B551177,airline,OZ,아시아나항공,
2024-01-31,icn_airline_cargo_tons_arrBaggage,1586.0,ODP_B551177,airline,7C,제주항공,
2024-01-31,icn_airline_cargo_tons_arrBaggage,62.0,ODP_B551177,airline,AA,아메리칸항공,
2024-01-31,icn_airline_cargo_tons_arrBaggage,51064.0,ODP_B551177,airline,KE,대한항공,
2024-01-31,icn_airline_cargo_tons_arrBaggage,22464.0,ODP_B551177,airline,OZ,아시아나항공,
2024-01-31,icn_airline_cargo_tons_baggage,2954.0,ODP_B551177,airline,7C,제주항공,
2024-01-31,icn_airline_cargo_tons_baggage,346.0,ODP_B551177,airline,AA,아메리칸항공,
2024-01-31,icn_airline_cargo_tons_baggage,103341.0,ODP_B551177,airline,KE,대한항공,
2024-01-31,icn_airline_cargo_tons_baggage,43791.0,ODP_B551177,airline,OZ,아시아나항공,
2024-01-31,icn_airline_cargo_tons_depBaggage,1368.0,ODP_B551177,airline,7C,제주항공,
2024-01-31,icn_airline_cargo_tons_depBaggage,285.0,ODP_B551177,airline,AA,아메리칸항공,
2024-01-31,icn_airline_cargo_tons_depBaggage,52278.0,ODP_B551177,airline,KE,대한항공,
2024-01-31,icn_airline_cargo_tons_depBaggage,21327.0,ODP_B551177,airline,OZ,아시아나항공,
2024-01-31,icn_airline_pax_arrPassenger,262980.0,ODP_B551177,airline,7C,제주항공,
2024-01-31,icn_airline_pax_arrPassenger,7290.0,ODP_B551177,airline,AA,아메리칸항공,
2024-01-31,icn_airline_pax_arrPassenger,675884.0,ODP_B551177,airline,KE,대한항공,
2024-01-31,icn_airline_pax_arrPassenger,425295.0,ODP_B551177,airline,OZ,아시아나항공,
2024-01-31,icn_airline_pax_depPassenger,275228.0,ODP_B551177,airline,7C,제주항공,
2024-01-31,icn_airline_pax_depPassenger,8356.0,ODP_B551177,airline,AA,아메리칸항공,
2024-01-31,icn_airline_pax_depPassenger,709863.0,ODP_B551177,airline,KE,대한항공,
2024-01-31,icn_airline_pax_depPassenger,453361.0,ODP_B551177,airline,OZ,아시아나항공,
2024-01-31,icn_airline_pax_passenger,538208.0,ODP_B551177,airline,7C,제주항공,
2024-01-31,icn_airline_pax_passenger,15646.0,ODP_B551177,airline,AA,아메리칸항공,
2024-01-31,icn_airline_pax_passenger,1385747.0,ODP_B551177,airline,KE,대한항공,
2024-01-31,icn_airline_pax_passenger,878656.0,ODP_B551177,airline,OZ,아시아나항공,
2024-02-29,icn_airline_cargo_tons_arrBaggage,1275.0,ODP_B551177,airline,7C,제주항공,
2024-02-29,icn_airline_cargo_tons_arrBaggage,64.0,ODP_B551177,airline,AA,아메리칸항공,
2024-02-29,icn_airline_cargo_tons_arrBaggage,49935.0,ODP_B551177,airline,KE,대한항공,
2024-02-29,icn_airline_cargo_tons_arrBaggage,20778.0,ODP_B551177,airline,OZ,아시아나항공,
2024-02-29,icn_airline_cargo_tons_baggage,2241.0,ODP_B551177,airline,7C,제주항공,
2024-02-29,icn_airline_cargo_tons_baggage,375.0,ODP_B551177,airline,AA,아메리칸항공,
2024-02-29,icn_airline_cargo_tons_baggage,98578.0,ODP_B551177,airline,KE,대한항공,
2024-02-29,icn_airline_cargo_tons_baggage,40693.0,ODP_B551177,airline,OZ,아시아나항공,
2024-02-29,icn_airline_cargo_tons_depBaggage,966.0,ODP_B551177,airline,7C,제주항공,
2024-02-29,icn_airline_cargo_tons_depBaggage,311.0,ODP_B551177,airline,AA,아메리칸항공,
2024-02-29,icn_airline_cargo_tons_depBaggage,48643.0,ODP_B551177,airline,KE,대한항공,
2024-02-29,icn_airline_cargo_tons_depBaggage,19915.0,ODP_B551177,airline,OZ,아시아나항공,
2024-02-29,icn_airline_pax_arrPassenger,269733.0,ODP_B551177,airline,7C,제주항공,
2024-02-29,icn_airline_pax_arrPassenger,7604.0,ODP_B551177,airline,AA,아메리칸항공,
2024-02-29,icn_airline_pax_arrPassenger,700416.0,ODP_B551177,airline,KE,대한항공,
2024-02-29,icn_airline_pax_arrPassenger,439494.0,ODP_B551177,airline,OZ,아시아나항공,
2024-02-29,icn_airline_pax_depPassenger,263843.0,ODP_B551177,airline,7C,제주항공,
2024-02-29,icn_airline_pax_depPassenger,7040.0,ODP_B551177,airline,AA,아메리칸항공,
2024-02-29,icn_airline_pax_depPassenger,665476.0,ODP_B551177,airline,KE,대한항공,
2024-02-29,icn_airline_pax_depPassenger,417063.0,ODP_B551177,airline,OZ,아시아나항공,
2024-02-29,icn_airline_pax_passenger,533576.0,ODP_B551177,airline,7C,제주항공,
2024-02-29,icn_airline_pax_passenger,14644.0,ODP_B551177,airline,AA,아메리칸항공,
2024-02-29,icn_airline_pax_passenger,1365892.0,ODP_B551177,airline,KE,대한항공,
2024-02-29,icn_airline_pax_passenger,856557.0,ODP_B551177,airline,OZ,아시아나항공,
2024-03-31,icn_airline_cargo_tons_arrBaggage,1916.0,ODP_B551177,airline,7C,제주항공,
2024-03-31,icn_airline_cargo_tons_arrBaggage,70.0,ODP_B551177,airline,AA,아메리칸항공,
2024-03-31,icn_airline_cargo_tons_arrBaggage,58942.0,ODP_B551177,airline,KE,대한항공,
2024-03-31,icn_airline_cargo_tons_arrBaggage,25114.0,ODP_B551177,airline,OZ,아시아나항공,
2024-03-31,icn_airline_cargo_tons_baggage,3346.0,ODP_B551177,airline,7C,제주항공,
2024-03-31,icn_airline_cargo_tons_baggage,372.0,ODP_B551177,airline,AA,아메리칸항공,
2024-03-31,icn_airline_cargo_tons_baggage,114255.0,ODP_B551177,airline,KE,대한항공,
2024-03-31,icn_airline_cargo_tons_baggage,50297.0,ODP_B551177,airline,OZ,아시아나항공,
2024-03-31,icn_airline_cargo_tons_depBaggage,1431.0,ODP_B551177,airline,7C,제주항공,
2024-03-31,icn_airline_cargo_tons_depBaggage,302.0,ODP_B551177,airline,AA,아메리칸항공,
2024-03-31,icn_airline_cargo_tons_depBaggage,55314.0,ODP_B551177,airline,KE,대한항공,
2024-03-31,icn_airline_cargo_tons_depBaggage,25183.0,ODP_B551177,airline,OZ,아시아나항공,
2024-03-31,icn_airline_pax_arrPassenger,277049.0,ODP_B551177,airline,7C,제주항공,
2024-03-31,icn_airline_pax_arrPassenger,8233.0,ODP_B551177,airline,AA,아메리칸항공,
2024-03-31,icn_airline_pax_arrPassenger,711927.0,ODP_B551177,airline,KE,대한항공,
2024-03-31,icn_airline_pax_arrPassenger,448919.0,ODP_B551177,airline,OZ,아시아나항공,
2024-03-31,icn_airline_pax_depPassenger,258407.0,ODP_B551177,airline,7C,제주항공,
2024-03-31,icn_airline_pax_depPassenger,8706.0,ODP_B551177,airline,AA,아메리칸항공,
2024-03-31,icn_airline_pax_depPassenger,644137.0,ODP_B551177,airline,KE,대한항공,
2024-03-31,icn_airline_pax_depPassenger,409796.0,ODP_B551177,airline,OZ,아시아나항공,
2024-03-31,icn_airline_pax_passenger,535456.0,ODP_B551177,airline,7C,제주항공,
2024-03-31,icn_airline_pax_passenger,16939.0,ODP_B551177,airline,AA,아메리칸항공,
2024-03-31,icn_airline_pax_passenger,1356064.0,ODP_B551177,airline,KE,대한항공,
2024-03-31,icn_airline_pax_passenger,858715.0,ODP_B551177,airline,OZ,아시아나항공,
2024-04-30,icn_airline_cargo_tons_arrBaggage,1717.0,ODP_B551177,airline,7C,제주항공,
2024-04-30,icn_airline_cargo_tons_arrBaggage,82.0,ODP_B551177,airline,AA,아메리칸항공,
2024-04-30,icn_airline_cargo_tons_arrBaggage,53536.0,ODP_B551177,airline,KE,대한항공,
2024-04-30,icn_airline_cargo_tons_arrBaggage,23062.0,ODP_B551177,airline,OZ,아시아나항공,
2024-04-30,icn_airline_cargo_tons_baggage,2930.0,ODP_B551177,airline,7C,제주항공,
2024-04-30,icn_airline_cargo_tons_baggage,369.0,ODP_B551177,airline,AA,아메리칸항공,
2024-04-30,icn_airline_cargo_tons_baggage,105541.0,ODP_B551177,airline,KE,대한항공,
2024-04-30,icn_airline_cargo_tons_baggage,45983.0,ODP_B551177,airline,OZ,아시아나항공,
2024-04-30,icn_airline_cargo_tons_depBaggage,1213.0,ODP_B551177,airline,7C,제주항공,
2024-04-30,icn_airline_cargo_tons_depBaggage,287.0,ODP_B551177,airline,AA,아메리칸항공,
2024-04-30,icn_airline_cargo_tons_depBaggage,52005.0,ODP_B551177,airline,KE,대한항공,
2024-04-30,icn_airline_cargo_tons_depBaggage,22921.0,ODP_B551177,airline,OZ,아시아나항공,
2024-04-30,icn_airline_pax_arrPassenger,269958.0,ODP_B551177,airline,7C,제주항공,
2024-04-30,icn_airline_pax_arrPassenger,6977.0,ODP_B551177,airline,AA,아메리칸항공,
2024-04-30,icn_airline_pax_arrPassenger,638404.0,ODP_B551177,airline,KE,대한항공,
2024-04-30,icn_airline_pax_arrPassenger,391408.0,ODP_B551177,airline,OZ,아시아나항공,
2024-04-30,icn_airline_pax_depPassenger,268171.0,ODP_B551177,airline,7C,제주항공,
2024-04-30,icn_airline_pax_depPassenger,8440.0,ODP_B551177,airline,AA,아메리칸항공,
2024-04-30,icn_airline_pax_depPassenger,647606.0,ODP_B551177,airline,KE,대한항공,
2024-04-30,icn_airline_pax_depPassenger,402891.0,ODP_B551177,airline,OZ,아시아나항공,
2024-04-30,icn_airline_pax_passenger,538129.0,ODP_B551177,airline,7C,제주항공,
2024-04-30,icn_airline_pax_passenger,15417.0,ODP_B551177,airline,AA,아메리칸항공,
2024-04-30,icn_airline_pax_passenger,1286010.0,ODP_B551177,airline,KE,대한항공,
2024-04-30,icn_airline_pax_passenger,794299.0,ODP_B551177,airline,OZ,아시아나항공,
2024-05-31,icn_airline_cargo_tons_arrBaggage,1424.0,ODP_B551177,airline,7C,제주항공,
2024-05-31,icn_airline_cargo_tons_arrBaggage,95.0,ODP_B551177,airline,AA,아메리칸항공,
2024-05-31,icn_airline_cargo_tons_arrBaggage,55362.0,ODP_B551177,airline,KE,대한항공,
2024-05-31,icn_airline_cargo_tons_arrBaggage,25328.0,ODP_B551177,airline,OZ,아시아나항공,
2024-05-31,icn_airline_cargo_tons_baggage,2483.0,ODP_B551177,airline,7C,제주항공,
2024-05-31,icn_airline_cargo_tons_baggage,403.0,ODP_B551177,airline,AA,아메리칸항공,
2024-05-31,icn_airline_cargo_tons_baggage,108780.0,ODP_B551177,airline,KE,대한항공,
2024-05-31,icn_airline_cargo_tons_baggage,50767.0,ODP_B551177,airline,OZ,아시아나항공,
2024-05-31,icn_airline_cargo_tons_depBaggage,1059.0,ODP_B551177,airline,7C,제주항공,
2024-05-31,icn_airline_cargo_tons_depBaggage,308.0,ODP_B551177,airline,AA,아메리칸항공,
2024-05-31,icn_airline_cargo_tons_depBaggage,53417.0,ODP_B551177,airline,KE,대한항공,
2024-05-31,icn_airline_cargo_tons_depBaggage,25440.0,ODP_B551177,airline,OZ,아시아나항공,
2024-05-31,icn_airline_pax_arrPassenger,269430.0,ODP_B551177,airline,7C,제주항공,
2024-05-31,icn_airline_pax_arrPassenger,8369.0,ODP_B551177,airline,AA,아메리칸항공,
2024-05-31,icn_airline_pax_arrPassenger,666275.0,ODP_B551177,airline,KE,대한항공,
2024-05-31,icn_airline_pax_arrPassenger,417484.0,ODP_B551177,airline,OZ,아시아나항공,
2024-05-31,icn_airline_pax_depPassenger,269774.0,ODP_B551177,airline,7C,제주항공,
2024-05-31,icn_airline_pax_depPassenger,8653.0,ODP_B551177,airline,AA,아메리칸항공,
2024-05-31,icn_airline_pax_depPassenger,666247.0,ODP_B551177,airline,KE,대한항공,
2024-05-31,icn_airline_pax_depPassenger,429173.0,ODP_B551177,airline,OZ,아시아나항공,
2024-05-31,icn_airline_pax_passenger,539204.0,ODP_B551177,airline,7C,제주항공,
2024-05-31,icn_airline_pax_passenger,17022.0,ODP_B551177,airline,AA,아메리칸항공,
2024-05-31,icn_airline_pax_passenger,1332522.0,ODP_B551177,airline,KE,대한항공,
2024-05-31,icn_airline_pax_passenger,846657.0,ODP_B551177,airline,OZ,아시아나항공,
2024-06-30,icn_airline_cargo_tons_arrBaggage,1481.0,ODP_B551177,airline,7C,제주항공,
2024-06-30,icn_airline_cargo_tons_arrBaggage,101.0,ODP_B551177,airline,AA,아메리칸항공,
2024-06-30,icn_airline_cargo_tons_arrBaggage,55569.0,ODP_B551177,airline,KE,대한항공,
2024-06-30,icn_airline_cargo_tons_arrBaggage,24872.0,ODP_B551177,airline,OZ,아시아나항공,
2024-06-30,icn_airline_cargo_tons_baggage,2619.0,ODP_B551177,airline,7C,제주항공,
2024-06-30,icn_airline_cargo_tons_baggage,392.0,ODP_B551177,airline,AA,아메리칸항공,
2024-06-30,icn_airline_cargo_tons_baggage,110343.0,ODP_B551177,airline,KE,대한항공,
2024-06-30,icn_airline_cargo_tons_baggage,49238.0,ODP_B551177,airline,OZ,아시아나항공,
2024-06-30,icn_airline_cargo_tons_depBaggage,1137.0,ODP_B551177,airline,7C,제주항공,
2024-06-30,icn_airline_cargo_tons_depBaggage,290.0,ODP_B551177,airline,AA,아메리칸항공,
2024-06-30,icn_airline_cargo_tons_depBaggage,54774.0,ODP_B551177,airline,KE,대한항공,
2024-06-30,icn_airline_cargo_tons_depBaggage,24365.0,ODP_B551177,airline,OZ,아시아나항공,
2024-06-30,icn_airline_pax_arrPassenger,267716.0,ODP_B551177,airline,7C,제주항공,
2024-06-30,icn_airline_pax_arrPassenger,8397.0,ODP_B551177,airline,AA,아메리칸항공,
2024-06-30,icn_airline_pax_arrPassenger,673269.0,ODP_B551177,airline,KE,대한항공,
2024-06-30,icn_airline_pax_arrPassenger,420533.0,ODP_B551177,airline,OZ,아시아나항공,
2024-06-30,icn_airline_pax_depPassenger,266957.0,ODP_B551177,airline,7C,제주항공,
2024-06-30,icn_airline_pax_depPassenger,8497.0,ODP_B551177,airline,AA,아메리칸항공,
2024-06-30,icn_airline_pax_depPassenger,665863.0,ODP_B551177,airline,KE,대한항공,
2024-06-30,icn_airline_pax_depPassenger,425151.0,ODP_B551177,airline,OZ,아시아나항공,
2024-06-30,icn_airline_pax_passenger,534673.0,ODP_B551177,airline,7C,제주항공,
2024-06-30,icn_airline_pax_passenger,16894.0,ODP_B551177,airline,AA,아메리칸항공,
2024-06-30,icn_airline_pax_passenger,1339132.0,ODP_B551177,airline,KE,대한항공,
2024-06-30,icn_airline_pax_passenger,845684.0,ODP_B551177,airline,OZ,아시아나항공,
2024-07-31,icn_airline_cargo_tons_arrBaggage,1356.0,ODP_B551177,airline,7C,제주항공,
2024-07-31,icn_airline_cargo_tons_arrBaggage,99.0,ODP_B551177,airline,AA,아메리칸항공,
2024-07-31,icn_airline_cargo_tons_arrBaggage,55119.0,ODP_B551177,airline,KE,대한항공,
2024-07-31,icn_airline_cargo_tons_arrBaggage,24950.0,ODP_B551177,airline,OZ,아시아나항공,
2024-07-31,icn_airline_cargo_tons_baggage,2484.0,ODP_B551177,airline,7C,제주항공,
2024-07-31,icn_airline_cargo_tons_baggage,356.0,ODP_B551177,airline,AA,아메리칸항공,
2024-07-31,icn_airline_cargo_tons_baggage,110632.0,ODP_B551177,airline,KE,대한항공,
2024-07-31,icn_airline_cargo_tons_baggage,49455.0,ODP_B551177,airline,OZ,아시아나항공,
2024-07-31,icn_airline_cargo_tons_depBaggage,1128.0,ODP_B551177,airline,7C,제주항공,
2024-07-31,icn_airline_cargo_tons_depBaggage,258.0,ODP_B551177,airline,AA,아메리칸항공,
2024-07-31,icn_airline_cargo_tons_depBaggage,55513.0,ODP_B551177,airline,KE,대한항공,
2024-07-31,icn_airline_cargo_tons_depBaggage,24505.0,ODP_B551177,airline,OZ,아시아나항공,
2024-07-31,icn_airline_pax_arrPassenger,273380.0,ODP_B551177,airline,7C,제주항공,
2024-07-31,icn_airline_pax_arrPassenger,6448.0,ODP_B551177,airline,AA,아메리칸항공,
2024-07-31,icn_airline_pax_arrPassenger,667711.0,ODP_B551177,airline,KE,대한항공,
2024-07-31,icn_airline_pax_arrPassenger,443396.0,ODP_B551177,airline,OZ,아시아나항공,
2024-07-31,icn_airline_pax_depPassenger,287648.0,ODP_B551177,airline,7C,제주항공,
2024-07-31,icn_airline_pax_depPassenger,8789.0,ODP_B551177,airline,AA,아메리칸항공,
2024-07-31,icn_airline_pax_depPassenger,705165.0,ODP_B551177,airline,KE,대한항공,
2024-07-31,icn_airline_pax_depPassenger,479550.0,ODP_B551177,airline,OZ,아시아나항공,
2024-07-31,icn_airline_pax_passenger,561028.0,ODP_B551177,airline,7C,제주항공,
2024-07-31,icn_airline_pax_passenger,15237.0,ODP_B551177,airline,AA,아메리칸항공,
2024-07-31,icn_airline_pax_passenger,1372876.0,ODP_B551177,airline,KE,대한항공,
2024-07-31,icn_airline_pax_passenger,922946.0,ODP_B551177,airline,OZ,아시아나항공,
2024-08-31,icn_airline_cargo_tons_arrBaggage,1048.0,ODP_B551177,airline,7C,제주항공,
2024-08-31,icn_airline_cargo_tons_arrBaggage,84.0,ODP_B551177,airline,AA,아메리칸항공,
2024-08-31,icn_airline_cargo_tons_arrBaggage,52796.0,ODP_B551177,airline,KE,대한항공,
2024-08-31,icn_airline_cargo_tons_arrBaggage,23073.0,ODP_B551177,airline,OZ,아시아나항공,
2024-08-31,icn_airline_cargo_tons_baggage,1886.0,ODP_B551177,airline,7C,제주항공,
2024-08-31,icn_airline_cargo_tons_baggage,344.0,ODP_B551177,airline,AA,아메리칸항공,
2024-08-31,icn_airline_cargo_tons_baggage,106923.0,ODP_B551177,airline,KE,대한항공,
2024-08-31,icn_airline_cargo_tons_baggage,46640.0,ODP_B551177,airline,OZ,아시아나항공,
2024-08-31,icn_airline_cargo_tons_depBaggage,838.0,ODP_B551177,airline,7C,제주항공,
2024-08-31,icn_airline_cargo_tons_depBaggage,259.0,ODP_B551177,airline,AA,아메리칸항공,
2024-08-31,icn_airline_cargo_tons_depBaggage,54127.0,ODP_B551177,airline,KE,대한항공,
2024-08-31,icn_airline_cargo_tons_depBaggage,23567.0,ODP_B551177,airline,OZ,아시아나항공,
2024-08-31,icn_airline_pax_arrPassenger,280453.0,ODP_B551177,airline,7C,제주항공,
2024-08-31,icn_airline_pax_arrPassenger,6257.0,ODP_B551177,airline,AA,아메리칸항공,
2024-08-31,icn_airline_pax_arrPassenger,741307.0,ODP_B551177,airline,KE,대한항공,
2024-08-31,icn_airline_pax_arrPassenger,506308.0,ODP_B551177,airline,OZ,아시아나항공,
2024-08-31,icn_airline_pax_depPassenger,265052.0,ODP_B551177,airline,7C,제주항공,
2024-08-31,icn_airline_pax_depPassenger,8637.0,ODP_B551177,airline,AA,아메리칸항공,
2024-08-31,icn_airline_pax_depPassenger,693269.0,ODP_B551177,airline,KE,대한항공,
2024-08-31,icn_airline_pax_depPassenger,479131.0,ODP_B551177,airline,OZ,아시아나항공,
2024-08-31,icn_airline_pax_passenger,545505.0,ODP_B551177,airline,7C,제주항공,
2024-08-31,icn_airline_pax_passenger,14894.0,ODP_B551177,airline,AA,아메리칸항공,
2024-08-31,icn_airline_pax_passenger,1434576.0,ODP_B551177,airline,KE,대한항공,
2024-08-31,icn_airline_pax_passenger,985439.0,ODP_B551177,airline,OZ,아시아나항공,
2024-09-30,icn_airline_cargo_tons_arrBaggage,886.0,ODP_B551177,airline,7C,제주항공,
2024-09-30,icn_airline_cargo_tons_arrBaggage,100.0,ODP_B551177,airline,AA,아메리칸항공,
2024-09-30,icn_airline_cargo_tons_arrBaggage,50713.0,ODP_B551177,airline,KE,대한항공,
2024-09-30,icn_airline_cargo_tons_arrBaggage,23418.0,ODP_B551177,airline,OZ,아시아나항공,
2024-09-30,icn_airline_cargo_tons_baggage,1649.0,ODP_B551177,airline,7C,제주항공,
2024-09-30,icn_airline_cargo_tons_baggage,383.0,ODP_B551177,airline,AA,아메리칸항공,
2024-09-30,icn_airline_cargo_tons_baggage,103165.0,ODP_B551177,airline,KE,대한항공,
2024-09-30,icn_airline_cargo_tons_baggage,47741.0,ODP_B551177,airline,OZ,아시아나항공,
2024-09-30,icn_airline_cargo_tons_depBaggage,762.0,ODP_B551177,airline,7C,제주항공,
2024-09-30,icn_airline_cargo_tons_depBaggage,283.0,ODP_B551177,airline,AA,아메리칸항공,
2024-09-30,icn_airline_cargo_tons_depBaggage,52452.0,ODP_B551177,airline,KE,대한항공,
2024-09-30,icn_airline_cargo_tons_depBaggage,24322.0,ODP_B551177,airline,OZ,아시아나항공,
2024-09-30,icn_airline_pax_arrPassenger,244180.0,ODP_B551177,airline,7C,제주항공,
2024-09-30,icn_airline_pax_arrPassenger,7092.0,ODP_B551177,airline,AA,아메리칸항공,
2024-09-30,icn_airline_pax_arrPassenger,664113.0,ODP_B551177,airline,KE,대한항공,
2024-09-30,icn_airline_pax_arrPassenger,454701.0,ODP_B551177,airline,OZ,아시아나항공,
2024-09-30,icn_airline_pax_depPassenger,248871.0,ODP_B551177,airline,7C,제주항공,
2024-09-30,icn_airline_pax_depPassenger,8159.0,ODP_B551177,airline,AA,아메리칸항공,
2024-09-30,icn_airline_pax_depPassenger,673719.0,ODP_B551177,airline,KE,대한항공,
2024-09-30,icn_airline_pax_depPassenger,469888.0,ODP_B551177,airline,OZ,아시아나항공,
2024-09-30,icn_airline_pax_passenger,493051.0,ODP_B551177,airline,7C,제주항공,
2024-09-30,icn_airline_pax_passenger,15251.0,ODP_B551177,airline,AA,아메리칸항공,
2024-09-30,icn_airline_pax_passenger,1337832.0,ODP_B551177,airline,KE,대한항공,
2024-09-30,icn_airline_pax_passenger,924589.0,ODP_B551177,airline,OZ,아시아나항공,
2024-10-31,icn_airline_cargo_tons_arrBaggage,1084.0,ODP_B551177,airline,7C,제주항공,
2024-10-31,icn_airline_cargo_tons_arrBaggage,109.0,ODP_B551177,airline,AA,아메리칸항공,
2024-10-31,icn_airline_cargo_tons_arrBaggage,54342.0,ODP_B551177,airline,KE,대한항공,
2024-10-31,icn_airline_cargo_tons_arrBaggage,25263.0,ODP_B551177,airline,OZ,아시아나항공,
2024-10-31,icn_airline_cargo_tons_baggage,2034.0,ODP_B551177,airline,7C,제주항공,
2024-10-31,icn_airline_cargo_tons_baggage,431.0,ODP_B551177,airline,AA,아메리칸항공,
2024-10-31,icn_airline_cargo_tons_baggage,110242.0,ODP_B551177,airline,KE,대한항공,
2024-10-31,icn_airline_cargo_tons_baggage,51399.0,ODP_B551177,airline,OZ,아시아나항공,
2024-10-31,icn_airline_cargo_tons_depBaggage,951.0,ODP_B551177,airline,7C,제주항공,
2024-10-31,icn_airline_cargo_tons_depBaggage,322.0,ODP_B551177,airline,AA,아메리칸항공,
2024-10-31,icn_airline_cargo_tons_depBaggage,55900.0,ODP_B551177,airline,KE,대한항공,
2024-10-31,icn_airline_cargo_tons_depBaggage,26136.0,ODP_B551177,airline,OZ,아시아나항공,
2024-10-31,icn_airline_pax_arrPassenger,265115.0,ODP_B551177,airline,7C,제주항공,
2024-10-31,icn_airline_pax_arrPassenger,8312.0,ODP_B551177,airline,AA,아메리칸항공,
2024-10-31,icn_airline_pax_arrPassenger,718163.0,ODP_B551177,airline,KE,대한항공,
2024-10-31,icn_airline_pax_arrPassenger,504314.0,ODP_B551177,airline,OZ,아시아나항공,
2024-10-31,icn_airline_pax_depPassenger,258503.0,ODP_B551177,airline,7C,제주항공,
2024-10-31,icn_airline_pax_depPassenger,8649.0,ODP_B551177,airline,AA,아메리칸항공,
2024-10-31,icn_airline_pax_depPassenger,705121.0,ODP_B551177,airline,KE,대한항공,
2024-10-31,icn_airline_pax_depPassenger,503383.0,ODP_B551177,airline,OZ,아시아나항공,
2024-10-31,icn_airline_pax_passenger,523618.0,ODP_B551177,airline,7C,제주항공,
2024-10-31,icn_airline_pax_passenger,16961.0,ODP_B551177,airline,AA,아메리칸항공,
2024-10-31,icn_airline_pax_passenger,1423284.0,ODP_B551177,airline,KE,대한항공,
2024-10-31,icn_airline_pax_passenger,1007697.0,ODP_B551177,airline,OZ,아시아나항공,
2024-11-30,icn_airline_cargo_tons_arrBaggage,1044.0,ODP_B551177,airline,7C,제주항공,
2024-11-30,icn_airline_cargo_tons_arrBaggage,82.0,ODP_B551177,airline,AA,아메리칸항공,
2024-11-30,icn_airline_cargo_tons_arrBaggage,52396.0,ODP_B551177,airline,KE,대한항공,
2024-11-30,icn_airline_cargo_tons_arrBaggage,26907.0,ODP_B551177,airline,OZ,아시아나항공,
2024-11-30,icn_airline_cargo_tons_baggage,1948.0,ODP_B551177,airline,7C,제주항공,
2024-11-30,icn_airline_cargo_tons_baggage,350.0,ODP_B551177,airline,AA,아메리칸항공,
2024-11-30,icn_airline_cargo_tons_baggage,107769.0,ODP_B551177,airline,KE,대한항공,
2024-11-30,icn_airline_cargo_tons_baggage,56384.0,ODP_B551177,airline,OZ,아시아나항공,
2024-11-30,icn_airline_cargo_tons_depBaggage,905.0,ODP_B551177,airline,7C,제주항공,
2024-11-30,icn_airline_cargo_tons_depBaggage,269.0,ODP_B551177,airline,AA,아메리칸항공,
2024-11-30,icn_airline_cargo_tons_depBaggage,55373.0,ODP_B551177,airline,KE,대한항공,
2024-11-30,icn_airline_cargo_tons_depBaggage,29477.0,ODP_B551177,airline,OZ,아시아나항공,
2024-11-30,icn_airline_pax_arrPassenger,244468.0,ODP_B551177,airline,7C,제주항공,
2024-11-30,icn_airline_pax_arrPassenger,6868.0,ODP_B551177,airline,AA,아메리칸항공,
2024-11-30,icn_airline_pax_arrPassenger,683019.0,ODP_B551177,airline,KE,대한항공,
2024-11-30,icn_airline_pax_arrPassenger,478255.0,ODP_B551177,airline,OZ,아시아나항공,
2024-11-30,icn_airline_pax_depPassenger,253548.0,ODP_B551177,airline,7C,제주항공,
2024-11-30,icn_airline_pax_depPassenger,7882.0,ODP_B551177,airline,AA,아메리칸항공,
2024-11-30,icn_airline_pax_depPassenger,701614.0,ODP_B551177,airline,KE,대한항공,
2024-11-30,icn_airline_pax_depPassenger,500044.0,ODP_B551177,airline,OZ,아시아나항공,
2024-11-30,icn_airline_pax_passenger,498016.0,ODP_B551177,airline,7C,제주항공,
2024-11-30,icn_airline_pax_passenger,14750.0,ODP_B551177,airline,AA,아메리칸항공,
2024-11-30,icn_airline_pax_passenger,1384633.0,ODP_B551177,airline,KE,대한항공,
2024-11-30,icn_airline_pax_passenger,978299.0,ODP_B551177,airline,OZ,아시아나항공,
2024-12-31,icn_airline_cargo_tons_arrBaggage,1027.0,ODP_B551177,airline,7C,제주항공,
2024-12-31,icn_airline_cargo_tons_arrBaggage,51.0,ODP_B551177,airline,AA,아메리칸항공,
2024-12-31,icn_airline_cargo_tons_arrBaggage,53493.0,ODP_B551177,airline,KE,대한항공,
2024-12-31,icn_airline_cargo_tons_arrBaggage,26544.0,ODP_B551177,airline,OZ,아시아나항공,
2024-12-31,icn_airline_cargo_tons_baggage,1958.0,ODP_B551177,airline,7C,제주항공,
2024-12-31,icn_airline_cargo_tons_baggage,352.0,ODP_B551177,airline,AA,아메리칸항공,
2024-12-31,icn_airline_cargo_tons_baggage,108776.0,ODP_B551177,airline,KE,대한항공,
2024-12-31,icn_airline_cargo_tons_baggage,55568.0,ODP_B551177,airline,OZ,아시아나항공,
2024-12-31,icn_airline_cargo_tons_depBaggage,931.0,ODP_B551177,airline,7C,제주항공,
2024-12-31,icn_airline_cargo_tons_depBaggage,301.0,ODP_B551177,airline,AA,아메리칸항공,
2024-12-31,icn_airline_cargo_tons_depBaggage,55283.0,ODP_B551177,airline,KE,대한항공,
2024-12-31,icn_airline_cargo_tons_depBaggage,29024.0,ODP_B551177,airline,OZ,아시아나항공,
2024-12-31,icn_airline_pax_arrPassenger,269946.0,ODP_B551177,airline,7C,제주항공,
2024-12-31,icn_airline_pax_arrPassenger,7545.0,ODP_B551177,airline,AA,아메리칸항공,
2024-12-31,icn_airline_pax_arrPassenger,767011.0,ODP_B551177,airline,KE,대한항공,
2024-12-31,icn_airline_pax_arrPassenger,519275.0,ODP_B551177,airline,OZ,아시아나항공,
2024-12-31,icn_airline_pax_depPassenger,272481.0,ODP_B551177,airline,7C,제주항공,
2024-12-31,icn_airline_pax_depPassenger,7609.0,ODP_B551177,airline,AA,아메리칸항공,
2024-12-31,icn_airline_pax_depPassenger,769750.0,ODP_B551177,airline,KE,대한항공,
2024-12-31,icn_airline_pax_depPassenger,534593.0,ODP_B551177,airline,OZ,아시아나항공,
2024-12-31,icn_airline_pax_passenger,542427.0,ODP_B551177,airline,7C,제주항공,
2024-12-31,icn_airline_pax_passenger,15154.0,ODP_B551177,airline,AA,아메리칸항공,
2024-12-31,icn_airline_pax_passenger,1536761.0,ODP_B551177,airline,KE,대한항공,
2024-12-31,icn_airline_pax_passenger,1053868.0,ODP_B551177,airline,OZ,아시아나항공,
2025-01-31,airportal_SEQ,100.0,AIRPORTAL,airline,,YTO 화물 항공사(HYT),"{""year"": 2025, ""month"": 1, ""yyyymm"": ""202501""}"
2025-01-31,airportal_공급(석),0.0,AIRPORTAL,airline,,YTO 화물 항공사(HYT),"{""year"": 2025, ""month"": 1, ""yyyymm"": ""202501""}"
2025-01-31,airportal_여객(명),0.0,AIRPORTAL,airline,,YTO 화물 항공사(HYT),"{""year"": 2025, ""month"": 1, ""yyyymm"": ""202501""}"
2025-01-31,airportal_운항(편),46.0,AIRPORTAL,airline,,YTO 화물 항공사(HYT),"{""year"": 2025, ""month"": 1, ""yyyymm"": ""202501""}"
2025-01-31,airportal_화물(톤),678.0,AIRPORTAL,airline,,YTO 화물 항공사(HYT),"{""year"": 2025, ""month"": 1, ""yyyymm"": ""202501""}"
2025-01-31,icn_airline_cargo_tons_arrBaggage,914.0,ODP_B551177,airline,7C,제주항공,
2025-01-31,icn_airline_cargo_tons_arrBaggage,28.0,ODP_B551177,airline,AA,아메리칸항공,
2025-01-31,icn_airline_cargo_tons_arrBaggage,48804.0,ODP_B551177,airline,KE,대한항공,
2025-01-31,icn_airline_cargo_tons_arrBaggage,23412.0,ODP_B551177,airline,OZ,아시아나항공,
2025-01-31,icn_airline_cargo_tons_baggage,1614.0,ODP_B551177,airline,7C,제주항공,
2025-01-31,icn_airline_cargo_tons_baggage,275.0,ODP_B551177,airline,AA,아메리칸항공,
2025-01-31,icn_airline_cargo_tons_baggage,99335.0,ODP_B551177,airline,KE,대한항공,
2025-01-31,icn_airline_cargo_tons_baggage,46742.0,ODP_B551177,airline,OZ,아시아나항공,
2025-01-31,icn_airline_cargo_tons_depBaggage,700.0,ODP_B551177,airline,7C,제주항공,
2025-01-31,icn_airline_cargo_tons_depBaggage,247.0,ODP_B551177,airline,AA,아메리칸항공,
2025-01-31,icn_airline_cargo_tons_depBaggage,50531.0,ODP_B551177,airline,KE,대한항공,
2025-01-31,icn_airline_cargo_tons_depBaggage,23330.0,ODP_B551177,airline,OZ,아시아나항공,
2025-01-31,icn_airline_pax_arrPassenger,217303.0,ODP_B551177,airline,7C,제주항공,
2025-01-31,icn_airline_pax_arrPassenger,6348.0,ODP_B551177,airline,AA,아메리칸항공,
2025-01-31,icn_airline_pax_arrPassenger,768281.0,ODP_B551177,airline,KE,대한항공,
2025-01-31,icn_airline_pax_arrPassenger,521898.0,ODP_B551177,airline,OZ,아시아나항공,
2025-01-31,icn_airline_pax_depPassenger,239495.0,ODP_B551177,airline,7C,제주항공,
2025-01-31,icn_airline_pax_depPassenger,7722.0,ODP_B551177,airline,AA,아메리칸항공,
2025-01-31,icn_airline_pax_depPassenger,820529.0,ODP_B551177,airline,KE,대한항공,
2025-01-31,icn_airline_pax_depPassenger,560389.0,ODP_B551177,airline,OZ,아시아나항공,
2025-01-31,icn_airline_pax_passenger,456798.0,ODP_B551177,airline,7C,제주항공,
2025-01-31,icn_airline_pax_passenger,14070.0,ODP_B551177,airline,AA,아메리칸항공,
2025-01-31,icn_airline_pax_passenger,1588810.0,ODP_B551177,airline,KE,대한항공,
2025-01-31,icn_airline_pax_passenger,1082287.0,ODP_B551177,airline,OZ,아시아나항공,
2025-01-31,kac_S_BFI,2554562.0,KAC_AIRPORT,airline,AAR,아시아나항공,"{""yyyymm"": ""202501""}"
2025-01-31,kac_S_BFI,2536735.0,KAC_AIRPORT,airline,ABL,에어부산,"{""yyyymm"": ""202501""}"
2025-01-31,kac_S_BFI,2417.0,KAC_AIRPORT,airline,AMX,아에로멕시코,"{""yyyymm"": ""202501""}"
2025-01-31,kac_S_BFI,181946.0,KAC_AIRPORT,airline,ANA,전일본공수,"{""yyyymm"": ""202501""}"
2025-01-31,kac_S_BFI,209081.0,KAC_AIRPORT,airline,ASV,에어서울,"{""yyyymm"": ""202501""}"
2025-01-31,kac_S_BFI,162022.0,KAC_AIRPORT,airline,CAL,중화항공,"{""yyyymm"": ""202501""}"
2025-01-31,kac_S_BFI,11002.0,KAC_AIRPORT,airline,CBJ,북경수도항공,"{""yyyymm"": ""202501""}"
2025-01-31,kac_S_BFI,71460.0,KAC_AIRPORT,airline,CCA,중국국제항공,"{""yyyymm"": ""202501""}"
2025-01-31,kac_S_BFI,40167.0,KAC_AIRPORT,airline,CDC,룽에어,"{""yyyymm"": ""202501""}"
2025-01-31,kac_S_BFI,269716.0,KAC_AIRPORT,airline,CES,중국동방항공,"{""yyyymm"": ""202501""}"
2025-01-31,kac_S_BFI,257416.0,KAC_AIRPORT,airline,CQH,춘추항공,"{""yyyymm"": ""202501""}"
2025-01-31,kac_S_BFI,177778.0,KAC_AIRPORT,airline,CSH,상해항공,"{""yyyymm"": ""202501""}"
2025-01-31,kac_S_BFI,77849.0,KAC_AIRPORT,airline,CSN,중국남방항공,"{""yyyymm"": ""202501""}"
2025-01-31,kac_S_BFI,18240.0,KAC_AIRPORT,airline,CSZ,중국심천항공,"{""yyyymm"": ""202501""}"
2025-01-31,kac_S_BFI,8207.0,KAC_AIRPORT,airline,CXA,하문항공,"{""yyyymm"": ""202501""}"
2025-01-31,kac_S_BFI,91597.0,KAC_AIRPORT,airline,DKH,길상항공(준야오),"{""yyyymm"": ""202501""}"
2025-01-31,kac_S_BFI,464610.0,KAC_AIRPORT,airline,EOK,에어로케이항공,"{""yyyymm"": ""202501""}"
2025-01-31,kac_S_BFI,1241677.0,KAC_AIRPORT,airline,ESR,이스타항공,"{""yyyymm"": ""202501""}"
2025-01-31,kac_S_BFI,38811.0,KAC_AIRPORT,airline,EVA,에바항공,"{""yyyymm"": ""202501""}"
2025-01-31,kac_S_BFI,151770.0,KAC_AIRPORT,airline,HKE,홍콩익스프레스,"{""yyyymm"": ""202501""}"
2025-01-31,kac_S_BFI,291228.0,KAC_AIRPORT,airline,HVN,베트남항공,"{""yyyymm"": ""202501""}"
2025-01-31,kac_S_BFI,203993.0,KAC_AIRPORT,airline,JAL,일본항공,"{""yyyymm"": ""202501""}"
2025-01-31,kac_S_BFI,1985826.0,KAC_AIRPORT,airline,JJA,제주항공,"{""yyyymm"": ""202501""}"
2025-01-31,kac_S_BFI,2373032.0,KAC_AIRPORT,airline,JNA,진에어,"{""yyyymm"": ""202501""}"
2025-01-31,kac_S_BFI,3925900.0,KAC_AIRPORT,airline,KAL,대한항공,"{""yyyymm"": ""202501""}"
2025-01-31,kac_S_BFI,23063.0,KAC_AIRPORT,airline,MGL,몽골항공,"{""yyyymm"": ""202501""}"
2025-01-31,kac_S_BFI,93069.0,KAC_AIRPORT,airline,PAL,필리핀항공,"{""yyyymm"": ""202501""}"
2025-01-31,kac_S_BFI,4923.0,KAC_AIRPORT,airline,QDA,칭다오항공,"{""yyyymm"": ""202501""}"
2025-01-31,kac_S_BFI,37052.0,KAC_AIRPORT,airline,SIA,싱가포르항공,"{""yyyymm"": ""202501""}"
2025-01-31,kac_S_BFI,6779.0,KAC_AIRPORT,airline,SWM,스카이앙코르항공,"{""yyyymm"": ""202501""}"
2025-01-31,kac_S_BFI,38628.0,KAC_AIRPORT,airline,TGW,스쿠트 항공,"{""yyyymm"": ""202501""}"
2025-01-31,kac_S_BFI,97893.0,KAC_AIRPORT,airline,TTW,타이거에어 타이완,"{""yyyymm"": ""202501""}"
2025-01-31,kac_S_BFI,2495129.0,KAC_AIRPORT,airline,TWB,티웨이항공,"{""yyyymm"": ""202501""}"
2025-01-31,kac_S_BFI,591695.0,KAC_AIRPORT,airline,VJC,비엣젯항공,"{""yyyymm"": ""202501""}"
2025-01-31,kac_S_BFO,2544115.0,KAC_AIRPORT,airline,AAR,아시아나항공,"{""yyyymm"": ""202501""}"
2025-01-31,kac_S_BFO,2376976.0,KAC_AIRPORT,airline,ABL,에어부산,"{""yyyymm"": ""202501""}"
2025-01-31,kac_S_BFO,0.0,KAC_AIRPORT,airline,AMX,아에로멕시코,"{""yyyymm"": ""202501""}"
2025-01-31,kac_S_BFO,223545.0,KAC_AIRPORT,airline,ANA,전일본공수,"{""yyyymm"": ""202501""}"
2025-01-31,kac_S_BFO,209081.0,KAC_AIRPORT,airline,ASV,에어서울,"{""yyyymm"": ""202501""}"
2025-01-31,kac_S_BFO,212335.0,KAC_AIRPORT,airline,CAL,중화항공,"{""yyyymm"": ""202501""}"
2025-01-31,kac_S_BFO,10809.0,KAC_AIRPORT,airline,CBJ,북경수도항공,"{""yyyymm"": ""202501""}"
2025-01-31,kac_S_BFO,92038.0,KAC_AIRPORT,airline,CCA,중국국제항공,"{""yyyymm"": ""202501""}"
2025-01-31,kac_S_BFO,43778.0,KAC_AIRPORT,airline,CDC,룽에어,"{""yyyymm"": ""202501""}"
2025-01-31,kac_S_BFO,291206.0,KAC_AIRPORT,airline,CES,중국동방항공,"{""yyyymm"": ""202501""}"
2025-01-31,kac_S_BFO,314027.0,KAC_AIRPORT,airline,CQH,춘추항공,"{""yyyymm"": ""202501""}"
2025-01-31,kac_S_BFO,154793.0,KAC_AIRPORT,airline,CSH,상해항공,"{""yyyymm"": ""202501""}"
2025-01-31,kac_S_BFO,104818.0,KAC_AIRPORT,airline,CSN,중국남방항공,"{""yyyymm"": ""202501""}"
2025-01-31,kac_S_BFO,15908.0,KAC_AIRPORT,airline,CSZ,중국심천항공,"{""yyyymm"": ""202501""}"
2025-01-31,kac_S_BFO,6841.0,KAC_AIRPORT,airline,CXA,하문항공,"{""yyyymm"": ""202501""}"
2025-01-31,kac_S_BFO,116437.0,KAC_AIRPORT,airline,DKH,길상항공(준야오),"{""yyyymm"": ""202501""}"
2025-01-31,kac_S_BFO,410602.0,KAC_AIRPORT,airline,EOK,에어로케이항공,"{""yyyymm"": ""202501""}"
2025-01-31,kac_S_BFO,1217405.0,KAC_AIRPORT,airline,ESR,이스타항공,"{""yyyymm"": ""202501""}"
2025-01-31,kac_S_BFO,52291.0,KAC_AIRPORT,airline,EVA,에바항공,"{""yyyymm"": ""202501""}"
2025-01-31,kac_S_BFO,157406.0,KAC_AIRPORT,airline,HKE,홍콩익스프레스,"{""yyyymm"": ""202501""}"
2025-01-31,kac_S_BFO,417443.0,KAC_AIRPORT,airline,HVN,베트남항공,"{""yyyymm"": ""202501""}"
2025-01-31,kac_S_BFO,255348.0,KAC_AIRPORT,airline,JAL,일본항공,"{""yyyymm"": ""202501""}"
2025-01-31,kac_S_BFO,1963308.0,KAC_AIRPORT,airline,JJA,제주항공,"{""yyyymm"": ""202501""}"
2025-01-31,kac_S_BFO,2272708.0,KAC_AIRPORT,airline,JNA,진에어,"{""yyyymm"": ""202501""}"
2025-01-31,kac_S_BFO,3877953.0,KAC_AIRPORT,airline,KAL,대한항공,"{""yyyymm"": ""202501""}"
2025-01-31,kac_S_BFO,33207.0,KAC_AIRPORT,airline,MGL,몽골항공,"{""yyyymm"": ""202501""}"
2025-01-31,kac_S_BFO,111441.0,KAC_AIRPORT,airline,PAL,필리핀항공,"{""yyyymm"": ""202501""}"
2025-01-31,kac_S_BFO,4472.0,KAC_AIRPORT,airline,QDA,칭다오항공,"{""yyyymm"": ""202501""}"
2025-01-31,kac_S_BFO,45125.0,KAC_AIRPORT,airline,SIA,싱가포르항공,"{""yyyymm"": ""202501""}"
2025-01-31,kac_S_BFO,6703.0,KAC_AIRPORT,airline,SWM,스카이앙코르항공,"{""yyyymm"": ""202501""}"
2025-01-31,kac_S_BFO,51736.0,KAC_AIRPORT,airline,TGW,스쿠트 항공,"{""yyyymm"": ""202501""}"
2025-01-31,kac_S_BFO,107219.0,KAC_AIRPORT,airline,TTW,타이거에어 타이완,"{""yyyymm"": ""202501""}"
2025-01-31,kac_S_BFO,2372079.0,KAC_AIRPORT,airline,TWB,티웨이항공,"{""yyyymm"": ""202501""}"
2025-01-31,kac_S_BFO,573244.0,KAC_AIRPORT,airline,VJC,비엣젯항공,"{""yyyymm"": ""202501""}"
2025-01-31,kac_S_FFI,1699283.0,KAC_AIRPORT,airline,AAR,아시아나항공,"{""yyyymm"": ""202501""}"
2025-01-31,kac_S_FFI,359361.0,KAC_AIRPORT,airline,ABL,에어부산,"{""yyyymm"": ""202501""}"
2025-01-31,kac_S_FFI,211.0,KAC_AIRPORT,airline,AMX,아에로멕시코,"{""yyyymm"": ""202501""}"
2025-01-31,kac_S_FFI,0.0,KAC_AIRPORT,airline,ANA,전일본공수,"{""yyyymm"": ""202501""}"
2025-01-31,kac_S_FFI,0.0,KAC_AIRPORT,airline,ASV,에어서울,"{""yyyymm"": ""202501""}"
2025-01-31,kac_S_FFI,0.0,KAC_AIRPORT,airline,CAL,중화항공,"{""yyyymm"": ""202501""}"
2025-01-31,kac_S_FFI,0.0,KAC_AIRPORT,airline,CBJ,북경수도항공,"{""yyyymm"": ""202501""}"
2025-01-31,kac_S_FFI,0.0,KAC_AIRPORT,airline,CCA,중국국제항공,"{""yyyymm"": ""202501""}"
2025-01-31,kac_S_FFI,0.0,KAC_AIRPORT,airline,CDC,룽에어,"{""yyyymm"": ""202501""}"
2025-01-31,kac_S_FFI,136598.0,KAC_AIRPORT,airline,CES,중국동방항공,"{""yyyymm"": ""202501""}"
2025-01-31,kac_S_FFI,0.0,KAC_AIRPORT,airline,CQH,춘추항공,"{""yyyymm"": ""202501""}"
2025-01-31,kac_S_FFI,137211.0,KAC_AIRPORT,airline,CSH,상해항공,"{""yyyymm"": ""202501""}"
2025-01-31,kac_S_FFI,0.0,KAC_AIRPORT,airline,CSN,중국남방항공,"{""yyyymm"": ""202501""}"
2025-01-31,kac_S_FFI,0.0,KAC_AIRPORT,airline,CSZ,중국심천항공,"{""yyyymm"": ""202501""}"
2025-01-31,kac_S_FFI,0.0,KAC_AIRPORT,airline,CXA,하문항공,"{""yyyymm"": ""202501""}"
2025-01-31,kac_S_FFI,0.0,KAC_AIRPORT,airline,DKH,길상항공(준야오),"{""yyyymm"": ""202501""}"
2025-01-31,kac_S_FFI,0.0,KAC_AIRPORT,airline,EOK,에어로케이항공,"{""yyyymm"": ""202501""}"
2025-01-31,kac_S_FFI,0.0,KAC_AIRPORT,airline,ESR,이스타항공,"{""yyyymm"": ""202501""}"
2025-01-31,kac_S_FFI,0.0,KAC_AIRPORT,airline,EVA,에바항공,"{""yyyymm"": ""202501""}"
2025-01-31,kac_S_FFI,0.0,KAC_AIRPORT,airline,HKE,홍콩익스프레스,"{""yyyymm"": ""202501""}"
2025-01-31,kac_S_FFI,206431.0,KAC_AIRPORT,airline,HVN,베트남항공,"{""yyyymm"": ""202501""}"
2025-01-31,kac_S_FFI,2108.0,KAC_AIRPORT,airline,JAL,일본항공,"{""yyyymm"": ""202501""}"
2025-01-31,kac_S_FFI,10389.0,KAC_AIRPORT,airline,JJA,제주항공,"{""yyyymm"": ""202501""}"
2025-01-31,kac_S_FFI,73116.0,KAC_AIRPORT,airline,JNA,진에어,"{""yyyymm"": ""202501""}"
2025-01-31,kac_S_FFI,2019301.0,KAC_AIRPORT,airline,KAL,대한항공,"{""yyyymm"": ""202501""}"
2025-01-31,kac_S_FFI,0.0,KAC_AIRPORT,airline,MGL,몽골항공,"{""yyyymm"": ""202501""}"
2025-01-31,kac_S_FFI,489.0,KAC_AIRPORT,airline,PAL,필리핀항공,"{""yyyymm"": ""202501""}"
2025-01-31,kac_S_FFI,0.0,KAC_AIRPORT,airline,QDA,칭다오항공,"{""yyyymm"": ""202501""}"
2025-01-31,kac_S_FFI,2921.0,KAC_AIRPORT,airline,SIA,싱가포르항공,"{""yyyymm"": ""202501""}"
2025-01-31,kac_S_FFI,0.0,KAC_AIRPORT,airline,SWM,스카이앙코르항공,"{""yyyymm"": ""202501""}"
2025-01-31,kac_S_FFI,0.0,KAC_AIRPORT,airline,TGW,스쿠트 항공,"{""yyyymm"": ""202501""}"
2025-01-31,kac_S_FFI,0.0,KAC_AIRPORT,airline,TTW,타이거에어 타이완,"{""yyyymm"": ""202501""}"
2025-01-31,kac_S_FFI,122.0,KAC_AIRPORT,airline,TWB,티웨이항공,"{""yyyymm"": ""202501""}"
2025-01-31,kac_S_FFI,9219.0,KAC_AIRPORT,airline,VJC,비엣젯항공,"{""yyyymm"": ""202501""}"
2025-01-31,kac_S_FFO,2068433.0,KAC_AIRPORT,airline,AAR,아시아나항공,"{""yyyymm"": ""202501""}"
2025-01-31,kac_S_FFO,359361.0,KAC_AIRPORT,airline,ABL,에어부산,"{""yyyymm"": ""202501""}"
2025-01-31,kac_S_FFO,0.0,KAC_AIRPORT,airline,AMX,아에로멕시코,"{""yyyymm"": ""202501""}"
2025-01-31,kac_S_FFO,59590.0,KAC_AIRPORT,airline,ANA,전일본공수,"{""yyyymm"": ""202501""}"
2025-01-31,kac_S_FFO,0.0,KAC_AIRPORT,airline,ASV,에어서울,"{""yyyymm"": ""202501""}"
2025-01-31,kac_S_FFO,0.0,KAC_AIRPORT,airline,CAL,중화항공,"{""yyyymm"": ""202501""}"
2025-01-31,kac_S_FFO,0.0,KAC_AIRPORT,airline,CBJ,북경수도항공,"{""yyyymm"": ""202501""}"
2025-01-31,kac_S_FFO,0.0,KAC_AIRPORT,airline,CCA,중국국제항공,"{""yyyymm"": ""202501""}"
2025-01-31,kac_S_FFO,0.0,KAC_AIRPORT,airline,CDC,룽에어,"{""yyyymm"": ""202501""}"
2025-01-31,kac_S_FFO,12333.0,KAC_AIRPORT,airline,CES,중국동방항공,"{""yyyymm"": ""202501""}"
2025-01-31,kac_S_FFO,0.0,KAC_AIRPORT,airline,CQH,춘추항공,"{""yyyymm"": ""202501""}"
2025-01-31,kac_S_FFO,0.0,KAC_AIRPORT,airline,CSH,상해항공,"{""yyyymm"": ""202501""}"
2025-01-31,kac_S_FFO,0.0,KAC_AIRPORT,airline,CSN,중국남방항공,"{""yyyymm"": ""202501""}"
2025-01-31,kac_S_FFO,0.0,KAC_AIRPORT,airline,CSZ,중국심천항공,"{""yyyymm"": ""202501""}"
2025-01-31,kac_S_FFO,0.0,KAC_AIRPORT,airline,CXA,하문항공,"{""yyyymm"": ""202501""}"
2025-01-31,kac_S_FFO,0.0,KAC_AIRPORT,airline,DKH,길상항공(준야오),"{""yyyymm"": ""202501""}"
2025-01-31,kac_S_FFO,0.0,KAC_AIRPORT,airline,EOK,에어로케이항공,"{""yyyymm"": ""202501""}"
2025-01-31,kac_S_FFO,0.0,KAC_AIRPORT,airline,ESR,이스타항공,"{""yyyymm"": ""202501""}"
2025-01-31,kac_S_FFO,0.0,KAC_AIRPORT,airline,EVA,에바항공,"{""yyyymm"": ""202501""}"
2025-01-31,kac_S_FFO,0.0,KAC_AIRPORT,airline,HKE,홍콩익스프레스,"{""yyyymm"": ""202501""}"
2025-01-31,kac_S_FFO,382752.0,KAC_AIRPORT,airline,HVN,베트남항공,"{""yyyymm"": ""202501""}"
2025-01-31,kac_S_FFO,296967.0,KAC_AIRPORT,airline,JAL,일본항공,"{""yyyymm"": ""202501""}"
2025-01-31,kac_S_FFO,10389.0,KAC_AIRPORT,airline,JJA,제주항공,"{""yyyymm"": ""202501""}"
2025-01-31,kac_S_FFO,73243.0,KAC_AIRPORT,airline,JNA,진에어,"{""yyyymm"": ""202501""}"
2025-01-31,kac_S_FFO,2071542.0,KAC_AIRPORT,airline,KAL,대한항공,"{""yyyymm"": ""202501""}"
2025-01-31,kac_S_FFO,0.0,KAC_AIRPORT,airline,MGL,몽골항공,"{""yyyymm"": ""202501""}"
2025-01-31,kac_S_FFO,5085.0,KAC_AIRPORT,airline,PAL,필리핀항공,"{""yyyymm"": ""202501""}"
2025-01-31,kac_S_FFO,0.0,KAC_AIRPORT,airline,QDA,칭다오항공,"{""yyyymm"": ""202501""}"
2025-01-31,kac_S_FFO,0.0,KAC_AIRPORT,airline,SIA,싱가포르항공,"{""yyyymm"": ""202501""}"
2025-01-31,kac_S_FFO,0.0,KAC_AIRPORT,airline,SWM,스카이앙코르항공,"{""yyyymm"": ""202501""}"
2025-01-31,kac_S_FFO,0.0,KAC_AIRPORT,airline,TGW,스쿠트 항공,"{""yyyymm"": ""202501""}"
2025-01-31,kac_S_FFO,0.0,KAC_AIRPORT,airline,TTW,타이거에어 타이완,"{""yyyymm"": ""202501""}"
2025-01-31,kac_S_FFO,122.0,KAC_AIRPORT,airline,TWB,티웨이항공,"{""yyyymm"": ""202501""}"
2025-01-31,kac_S_FFO,0.0,KAC_AIRPORT,airline,VJC,비엣젯항공,"{""yyyymm"": ""202501""}"
2025-01-31,kac_S_FPI,411332.0,KAC_AIRPORT,airline,AAR,아시아나항공,"{""yyyymm"": ""202501""}"
2025-01-31,kac_S_FPI,388414.0,KAC_AIRPORT,airline,ABL,에어부산,"{""yyyymm"": ""202501""}"
2025-01-31,kac_S_FPI,96.0,KAC_AIRPORT,airline,AMX,아에로멕시코,"{""yyyymm"": ""202501""}"
2025-01-31,kac_S_FPI,15239.0,KAC_AIRPORT,airline,ANA,전일본공수,"{""yyyymm"": ""202501""}"
2025-01-31,kac_S_FPI,47976.0,KAC_AIRPORT,airline,ASV,에어서울,"{""yyyymm"": ""202501""}"
2025-01-31,kac_S_FPI,12631.0,KAC_AIRPORT,airline,CAL,중화항공,"{""yyyymm"": ""202501""}"
2025-01-31,kac_S_FPI,1271.0,KAC_AIRPORT,airline,CBJ,북경수도항공,"{""yyyymm"": ""202501""}"
2025-01-31,kac_S_FPI,5555.0,KAC_AIRPORT,airline,CCA,중국국제항공,"{""yyyymm"": ""202501""}"
2025-01-31,kac_S_FPI,4365.0,KAC_AIRPORT,airline,CDC,룽에어,"{""yyyymm"": ""202501""}"
2025-01-31,kac_S_FPI,21279.0,KAC_AIRPORT,airline,CES,중국동방항공,"{""yyyymm"": ""202501""}"
2025-01-31,kac_S_FPI,38203.0,KAC_AIRPORT,airline,CQH,춘추항공,"{""yyyymm"": ""202501""}"
2025-01-31,kac_S_FPI,12279.0,KAC_AIRPORT,airline,CSH,상해항공,"{""yyyymm"": ""202501""}"
2025-01-31,kac_S_FPI,6153.0,KAC_AIRPORT,airline,CSN,중국남방항공,"{""yyyymm"": ""202501""}"
2025-01-31,kac_S_FPI,1725.0,KAC_AIRPORT,airline,CSZ,중국심천항공,"{""yyyymm"": ""202501""}"
2025-01-31,kac_S_FPI,725.0,KAC_AIRPORT,airline,CXA,하문항공,"{""yyyymm"": ""202501""}"
2025-01-31,kac_S_FPI,10093.0,KAC_AIRPORT,airline,DKH,길상항공(준야오),"{""yyyymm"": ""202501""}"
2025-01-31,kac_S_FPI,43091.0,KAC_AIRPORT,airline,EOK,에어로케이항공,"{""yyyymm"": ""202501""}"
2025-01-31,kac_S_FPI,243031.0,KAC_AIRPORT,airline,ESR,이스타항공,"{""yyyymm"": ""202501""}"
2025-01-31,kac_S_FPI,3022.0,KAC_AIRPORT,airline,EVA,에바항공,"{""yyyymm"": ""202501""}"
2025-01-31,kac_S_FPI,16442.0,KAC_AIRPORT,airline,HKE,홍콩익스프레스,"{""yyyymm"": ""202501""}"
2025-01-31,kac_S_FPI,16916.0,KAC_AIRPORT,airline,HVN,베트남항공,"{""yyyymm"": ""202501""}"
2025-01-31,kac_S_FPI,16875.0,KAC_AIRPORT,airline,JAL,일본항공,"{""yyyymm"": ""202501""}"
2025-01-31,kac_S_FPI,347332.0,KAC_AIRPORT,airline,JJA,제주항공,"{""yyyymm"": ""202501""}"
2025-01-31,kac_S_FPI,378625.0,KAC_AIRPORT,airline,JNA,진에어,"{""yyyymm"": ""202501""}"
2025-01-31,kac_S_FPI,551449.0,KAC_AIRPORT,airline,KAL,대한항공,"{""yyyymm"": ""202501""}"
2025-01-31,kac_S_FPI,1289.0,KAC_AIRPORT,airline,MGL,몽골항공,"{""yyyymm"": ""202501""}"
2025-01-31,kac_S_FPI,6131.0,KAC_AIRPORT,airline,PAL,필리핀항공,"{""yyyymm"": ""202501""}"
2025-01-31,kac_S_FPI,479.0,KAC_AIRPORT,airline,QDA,칭다오항공,"{""yyyymm"": ""202501""}"
2025-01-31,kac_S_FPI,2272.0,KAC_AIRPORT,airline,SIA,싱가포르항공,"{""yyyymm"": ""202501""}"
2025-01-31,kac_S_FPI,460.0,KAC_AIRPORT,airline,SWM,스카이앙코르항공,"{""yyyymm"": ""202501""}"
2025-01-31,kac_S_FPI,3956.0,KAC_AIRPORT,airline,TGW,스쿠트 항공,"{""yyyymm"": ""202501""}"
2025-01-31,kac_S_FPI,10400.0,KAC_AIRPORT,airline,TTW,타이거에어 타이완,"{""yyyymm"": ""202501""}"
2025-01-31,kac_S_FPI,405008.0,KAC_AIRPORT,airline,TWB,티웨이항공,"{""yyyymm"": ""202501""}"
2025-01-31,kac_S_FPI,49674.0,KAC_AIRPORT,airline,VJC,비엣젯항공,"{""yyyymm"": ""202501""}"
2025-01-31,kac_S_FPO,413031.0,KAC_AIRPORT,airline,AAR,아시아나항공,"{""yyyymm"": ""202501""}"
2025-01-31,kac_S_FPO,390663.0,KAC_AIRPORT,airline,ABL,에어부산,"{""yyyymm"": ""202501""}"
2025-01-31,kac_S_FPO,0.0,KAC_AIRPORT,airline,AMX,아에로멕시코,"{""yyyymm"": ""202501""}"
2025-01-31,kac_S_FPO,18379.0,KAC_AIRPORT,airline,ANA,전일본공수,"{""yyyymm"": ""202501""}"
2025-01-31,kac_S_FPO,47976.0,KAC_AIRPORT,airline,ASV,에어서울,"{""yyyymm"": ""202501""}"
2025-01-31,kac_S_FPO,12364.0,KAC_AIRPORT,airline,CAL,중화항공,"{""yyyymm"": ""202501""}"
2025-01-31,kac_S_FPO,1038.0,KAC_AIRPORT,airline,CBJ,북경수도항공,"{""yyyymm"": ""202501""}"
2025-01-31,kac_S_FPO,6386.0,KAC_AIRPORT,airline,CCA,중국국제항공,"{""yyyymm"": ""202501""}"
2025-01-31,kac_S_FPO,3752.0,KAC_AIRPORT,airline,CDC,룽에어,"{""yyyymm"": ""202501""}"
2025-01-31,kac_S_FPO,22801.0,KAC_AIRPORT,airline,CES,중국동방항공,"{""yyyymm"": ""202501""}"
2025-01-31,kac_S_FPO,35487.0,KAC_AIRPORT,airline,CQH,춘추항공,"{""yyyymm"": ""202501""}"
2025-01-31,kac_S_FPO,11162.0,KAC_AIRPORT,airline,CSH,상해항공,"{""yyyymm"": ""202501""}"
2025-01-31,kac_S_FPO,6136.0,KAC_AIRPORT,airline,CSN,중국남방항공,"{""yyyymm"": ""202501""}"
2025-01-31,kac_S_FPO,1348.0,KAC_AIRPORT,airline,CSZ,중국심천항공,"{""yyyymm"": ""202501""}"
2025-01-31,kac_S_FPO,549.0,KAC_AIRPORT,airline,CXA,하문항공,"{""yyyymm"": ""202501""}"
2025-01-31,kac_S_FPO,9640.0,KAC_AIRPORT,airline,DKH,길상항공(준야오),"{""yyyymm"": ""202501""}"
2025-01-31,kac_S_FPO,46059.0,KAC_AIRPORT,airline,EOK,에어로케이항공,"{""yyyymm"": ""202501""}"
2025-01-31,kac_S_FPO,241873.0,KAC_AIRPORT,airline,ESR,이스타항공,"{""yyyymm"": ""202501""}"
2025-01-31,kac_S_FPO,3019.0,KAC_AIRPORT,airline,EVA,에바항공,"{""yyyymm"": ""202501""}"
2025-01-31,kac_S_FPO,16733.0,KAC_AIRPORT,airline,HKE,홍콩익스프레스,"{""yyyymm"": ""202501""}"
2025-01-31,kac_S_FPO,19075.0,KAC_AIRPORT,airline,HVN,베트남항공,"{""yyyymm"": ""202501""}"
2025-01-31,kac_S_FPO,19350.0,KAC_AIRPORT,airline,JAL,일본항공,"{""yyyymm"": ""202501""}"
2025-01-31,kac_S_FPO,352277.0,KAC_AIRPORT,airline,JJA,제주항공,"{""yyyymm"": ""202501""}"
2025-01-31,kac_S_FPO,379585.0,KAC_AIRPORT,airline,JNA,진에어,"{""yyyymm"": ""202501""}"
2025-01-31,kac_S_FPO,555389.0,KAC_AIRPORT,airline,KAL,대한항공,"{""yyyymm"": ""202501""}"
2025-01-31,kac_S_FPO,1332.0,KAC_AIRPORT,airline,MGL,몽골항공,"{""yyyymm"": ""202501""}"
2025-01-31,kac_S_FPO,6667.0,KAC_AIRPORT,airline,PAL,필리핀항공,"{""yyyymm"": ""202501""}"
2025-01-31,kac_S_FPO,374.0,KAC_AIRPORT,airline,QDA,칭다오항공,"{""yyyymm"": ""202501""}"
2025-01-31,kac_S_FPO,2524.0,KAC_AIRPORT,airline,SIA,싱가포르항공,"{""yyyymm"": ""202501""}"
2025-01-31,kac_S_FPO,446.0,KAC_AIRPORT,airline,SWM,스카이앙코르항공,"{""yyyymm"": ""202501""}"
2025-01-31,kac_S_FPO,4190.0,KAC_AIRPORT,airline,TGW,스쿠트 항공,"{""yyyymm"": ""202501""}"
2025-01-31,kac_S_FPO,8153.0,KAC_AIRPORT,airline,TTW,타이거에어 타이완,"{""yyyymm"": ""202501""}"
2025-01-31,kac_S_FPO,408146.0,KAC_AIRPORT,airline,TWB,티웨이항공,"{""yyyymm"": ""202501""}"
2025-01-31,kac_S_FPO,52162.0,KAC_AIRPORT,airline,VJC,비엣젯항공,"{""yyyymm"": ""202501""}"
2025-01-31,kac_S_MFI,0.0,KAC_AIRPORT,airline,AAR,아시아나항공,"{""yyyymm"": ""202501""}"
2025-01-31,kac_S_MFI,0.0,KAC_AIRPORT,airline,ABL,에어부산,"{""yyyymm"": ""202501""}"
2025-01-31,kac_S_MFI,0.0,KAC_AIRPORT,airline,AMX,아에로멕시코,"{""yyyymm"": ""202501""}"
2025-01-31,kac_S_MFI,0.0,KAC_AIRPORT,airline,ANA,전일본공수,"{""yyyymm"": ""202501""}"
2025-01-31,kac_S_MFI,0.0,KAC_AIRPORT,airline,ASV,에어서울,"{""yyyymm"": ""202501""}"
2025-01-31,kac_S_MFI,0.0,KAC_AIRPORT,airline,CAL,중화항공,"{""yyyymm"": ""202501""}"
2025-01-31,kac_S_MFI,0.0,KAC_AIRPORT,airline,CBJ,북경수도항공,"{""yyyymm"": ""202501""}"
2025-01-31,kac_S_MFI,0.0,KAC_AIRPORT,airline,CCA,중국국제항공,"{""yyyymm"": ""202501""}"
2025-01-31,kac_S_MFI,0.0,KAC_AIRPORT,airline,CDC,룽에어,"{""yyyymm"": ""202501""}"
2025-01-31,kac_S_MFI,0.0,KAC_AIRPORT,airline,CES,중국동방항공,"{""yyyymm"": ""202501""}"
2025-01-31,kac_S_MFI,0.0,KAC_AIRPORT,airline,CQH,춘추항공,"{""yyyymm"": ""202501""}"
2025-01-31,kac_S_MFI,0.0,KAC_AIRPORT,airline,CSH,상해항공,"{""yyyymm"": ""202501""}"
2025-01-31,kac_S_MFI,0.0,KAC_AIRPORT,airline,CSN,중국남방항공,"{""yyyymm"": ""202501""}"
2025-01-31,kac_S_MFI,0.0,KAC_AIRPORT,airline,CSZ,중국심천항공,"{""yyyymm"": ""202501""}"
2025-01-31,kac_S_MFI,0.0,KAC_AIRPORT,airline,CXA,하문항공,"{""yyyymm"": ""202501""}"
2025-01-31,kac_S_MFI,0.0,KAC_AIRPORT,airline,DKH,길상항공(준야오),"{""yyyymm"": ""202501""}"
2025-01-31,kac_S_MFI,0.0,KAC_AIRPORT,airline,EOK,에어로케이항공,"{""yyyymm"": ""202501""}"
2025-01-31,kac_S_MFI,0.0,KAC_AIRPORT,airline,ESR,이스타항공,"{""yyyymm"": ""202501""}"
2025-01-31,kac_S_MFI,1.0,KAC_AIRPORT,airline,EVA,에바항공,"{""yyyymm"": ""202501""}"
2025-01-31,kac_S_MFI,0.0,KAC_AIRPORT,airline,HKE,홍콩익스프레스,"{""yyyymm"": ""202501""}"
2025-01-31,kac_S_MFI,0.0,KAC_AIRPORT,airline,HVN,베트남항공,"{""yyyymm"": ""202501""}"
2025-01-31,kac_S_MFI,13808.0,KAC_AIRPORT,airline,JAL,일본항공,"{""yyyymm"": ""202501""}"
2025-01-31,kac_S_MFI,0.0,KAC_AIRPORT,airline,JJA,제주항공,"{""yyyymm"": ""202501""}"
2025-01-31,kac_S_MFI,52.0,KAC_AIRPORT,airline,JNA,진에어,"{""yyyymm"": ""202501""}"
2025-01-31,kac_S_MFI,37713.0,KAC_AIRPORT,airline,KAL,대한항공,"{""yyyymm"": ""202501""}"
2025-01-31,kac_S_MFI,0.0,KAC_AIRPORT,airline,MGL,몽골항공,"{""yyyymm"": ""202501""}"
2025-01-31,kac_S_MFI,0.0,KAC_AIRPORT,airline,PAL,필리핀항공,"{""yyyymm"": ""202501""}"
2025-01-31,kac_S_MFI,0.0,KAC_AIRPORT,airline,QDA,칭다오항공,"{""yyyymm"": ""202501""}"
2025-01-31,kac_S_MFI,0.0,KAC_AIRPORT,airline,SIA,싱가포르항공,"{""yyyymm"": ""202501""}"
2025-01-31,kac_S_MFI,0.0,KAC_AIRPORT,airline,SWM,스카이앙코르항공,"{""yyyymm"": ""202501""}"
2025-01-31,kac_S_MFI,0.0,KAC_AIRPORT,airline,TGW,스쿠트 항공,"{""yyyymm"": ""202501""}"
2025-01-31,kac_S_MFI,0.0,KAC_AIRPORT,airline,TTW,타이거에어 타이완,"{""yyyymm"": ""202501""}"
2025-01-31,kac_S_MFI,0.0,KAC_AIRPORT,airline,TWB,티웨이항공,"{""yyyymm"": ""202501""}"
2025-01-31,kac_S_MFI,59.0,KAC_AIRPORT,airline,VJC,비엣젯항공,"{""yyyymm"": ""202501""}"
2025-01-31,kac_S_MFO,0.0,KAC_AIRPORT,airline,AAR,아시아나항공,"{""yyyymm"": ""202501""}"
2025-01-31,kac_S_MFO,0.0,KAC_AIRPORT,airline,ABL,에어부산,"{""yyyymm"": ""202501""}"
2025-01-31,kac_S_MFO,0.0,KAC_AIRPORT,airline,AMX,아에로멕시코,"{""yyyymm"": ""202501""}"
2025-01-31,kac_S_MFO,0.0,KAC_AIRPORT,airline,ANA,전일본공수,"{""yyyymm"": ""202501""}"
2025-01-31,kac_S_MFO,0.0,KAC_AIRPORT,airline,ASV,에어서울,"{""yyyymm"": ""202501""}"
2025-01-31,kac_S_MFO,0.0,KAC_AIRPORT,airline,CAL,중화항공,"{""yyyymm"": ""202501""}"
2025-01-31,kac_S_MFO,0.0,KAC_AIRPORT,airline,CBJ,북경수도항공,"{""yyyymm"": ""202501""}"
2025-01-31,kac_S_MFO,0.0,KAC_AIRPORT,airline,CCA,중국국제항공,"{""yyyymm"": ""202501""}"
2025-01-31,kac_S_MFO,0.0,KAC_AIRPORT,airline,CDC,룽에어,"{""yyyymm"": ""202501""}"
2025-01-31,kac_S_MFO,0.0,KAC_AIRPORT,airline,CES,중국동방항공,"{""yyyymm"": ""202501""}"
2025-01-31,kac_S_MFO,0.0,KAC_AIRPORT,airline,CQH,춘추항공,"{""yyyymm"": ""202501""}"
2025-01-31,kac_S_MFO,0.0,KAC_AIRPORT,airline,CSH,상해항공,"{""yyyymm"": ""202501""}"
2025-01-31,kac_S_MFO,0.0,KAC_AIRPORT,airline,CSN,중국남방항공,"{""yyyymm"": ""202501""}"
2025-01-31,kac_S_MFO,0.0,KAC_AIRPORT,airline,CSZ,중국심천항공,"{""yyyymm"": ""202501""}"
2025-01-31,kac_S_MFO,0.0,KAC_AIRPORT,airline,CXA,하문항공,"{""yyyymm"": ""202501""}"
2025-01-31,kac_S_MFO,0.0,KAC_AIRPORT,airline,DKH,길상항공(준야오),"{""yyyymm"": ""202501""}"
2025-01-31,kac_S_MFO,0.0,KAC_AIRPORT,airline,EOK,에어로케이항공,"{""yyyymm"": ""202501""}"
2025-01-31,kac_S_MFO,0.0,KAC_AIRPORT,airline,ESR,이스타항공,"{""yyyymm"": ""202501""}"
2025-01-31,kac_S_MFO,0.0,KAC_AIRPORT,airline,EVA,에바항공,"{""yyyymm"": ""202501""}"
2025-01-31,kac_S_MFO,0.0,KAC_AIRPORT,airline,HKE,홍콩익스프레스,"{""yyyymm"": ""202501""}"
2025-01-31,kac_S_MFO,0.0,KAC_AIRPORT,airline,HVN,베트남항공,"{""yyyymm"": ""202501""}"
2025-01-31,kac_S_MFO,0.0,KAC_AIRPORT,airline,JAL,일본항공,"{""yyyymm"": ""202501""}"
2025-01-31,kac_S_MFO,0.0,KAC_AIRPORT,airline,JJA,제주항공,"{""yyyymm"": ""202501""}"
2025-01-31,kac_S_MFO,52.0,KAC_AIRPORT,airline,JNA,진에어,"{""yyyymm"": ""202501""}"
2025-01-31,kac_S_MFO,0.0,KAC_AIRPORT,airline,KAL,대한항공,"{""yyyymm"": ""202501""}"
2025-01-31,kac_S_MFO,0.0,KAC_AIRPORT,airline,MGL,몽골항공,"{""yyyymm"": ""202501""}"
2025-01-31,kac_S_MFO,0.0,KAC_AIRPORT,airline,PAL,필리핀항공,"{""yyyymm"": ""202501""}"
2025-01-31,kac_S_MFO,0.0,KAC_AIRPORT,airline,QDA,칭다오항공,"{""yyyymm"": ""202501""}"
2025-01-31,kac_S_MFO,0.0,KAC_AIRPORT,airline,SIA,싱가포르항공,"{""yyyymm"": ""202501""}"
2025-01-31,kac_S_MFO,0.0,KAC_AIRPORT,airline,SWM,스카이앙코르항공,"{""yyyymm"": ""202501""}"
2025-01-31,kac_S_MFO,0.0,KAC_AIRPORT,airline,TGW,스쿠트 항공,"{""yyyymm"": ""202501""}"
2025-01-31,kac_S_MFO,0.0,KAC_AIRPORT,airline,TTW,타이거에어 타이완,"{""yyyymm"": ""202501""}"
2025-01-31,kac_S_MFO,0.0,KAC_AIRPORT,airline,TWB,티웨이항공,"{""yyyymm"": ""202501""}"
2025-01-31,kac_S_MFO,0.0,KAC_AIRPORT,airline,VJC,비엣젯항공,"{""yyyymm"": ""202501""}"
2025-01-31,kac_S_NPI,3533.0,KAC_AIRPORT,airline,AAR,아시아나항공,"{""yyyymm"": ""202501""}"
2025-01-31,kac_S_NPI,2113.0,KAC_AIRPORT,airline,ABL,에어부산,"{""yyyymm"": ""202501""}"
2025-01-31,kac_S_NPI,0.0,KAC_AIRPORT,airline,AMX,아에로멕시코,"{""yyyymm"": ""202501""}"
2025-01-31,kac_S_NPI,59.0,KAC_AIRPORT,airline,ANA,전일본공수,"{""yyyymm"": ""202501""}"
2025-01-31,kac_S_NPI,298.0,KAC_AIRPORT,airline,ASV,에어서울,"{""yyyymm"": ""202501""}"
2025-01-31,kac_S_NPI,48.0,KAC_AIRPORT,airline,CAL,중화항공,"{""yyyymm"": ""202501""}"
2025-01-31,kac_S_NPI,6.0,KAC_AIRPORT,airline,CBJ,북경수도항공,"{""yyyymm"": ""202501""}"
2025-01-31,kac_S_NPI,24.0,KAC_AIRPORT,airline,CCA,중국국제항공,"{""yyyymm"": ""202501""}"
2025-01-31,kac_S_NPI,20.0,KAC_AIRPORT,airline,CDC,룽에어,"{""yyyymm"": ""202501""}"
2025-01-31,kac_S_NPI,76.0,KAC_AIRPORT,airline,CES,중국동방항공,"{""yyyymm"": ""202501""}"
2025-01-31,kac_S_NPI,36.0,KAC_AIRPORT,airline,CQH,춘추항공,"{""yyyymm"": ""202501""}"
2025-01-31,kac_S_NPI,39.0,KAC_AIRPORT,airline,CSH,상해항공,"{""yyyymm"": ""202501""}"
2025-01-31,kac_S_NPI,24.0,KAC_AIRPORT,airline,CSN,중국남방항공,"{""yyyymm"": ""202501""}"
2025-01-31,kac_S_NPI,5.0,KAC_AIRPORT,airline,CSZ,중국심천항공,"{""yyyymm"": ""202501""}"
2025-01-31,kac_S_NPI,2.0,KAC_AIRPORT,airline,CXA,하문항공,"{""yyyymm"": ""202501""}"
2025-01-31,kac_S_NPI,27.0,KAC_AIRPORT,airline,DKH,길상항공(준야오),"{""yyyymm"": ""202501""}"
2025-01-31,kac_S_NPI,179.0,KAC_AIRPORT,airline,EOK,에어로케이항공,"{""yyyymm"": ""202501""}"
2025-01-31,kac_S_NPI,1334.0,KAC_AIRPORT,airline,ESR,이스타항공,"{""yyyymm"": ""202501""}"
2025-01-31,kac_S_NPI,18.0,KAC_AIRPORT,airline,EVA,에바항공,"{""yyyymm"": ""202501""}"
2025-01-31,kac_S_NPI,47.0,KAC_AIRPORT,airline,HKE,홍콩익스프레스,"{""yyyymm"": ""202501""}"
2025-01-31,kac_S_NPI,106.0,KAC_AIRPORT,airline,HVN,베트남항공,"{""yyyymm"": ""202501""}"
2025-01-31,kac_S_NPI,50.0,KAC_AIRPORT,airline,JAL,일본항공,"{""yyyymm"": ""202501""}"
2025-01-31,kac_S_NPI,1786.0,KAC_AIRPORT,airline,JJA,제주항공,"{""yyyymm"": ""202501""}"
2025-01-31,kac_S_NPI,2964.0,KAC_AIRPORT,airline,JNA,진에어,"{""yyyymm"": ""202501""}"
2025-01-31,kac_S_NPI,4232.0,KAC_AIRPORT,airline,KAL,대한항공,"{""yyyymm"": ""202501""}"
2025-01-31,kac_S_NPI,14.0,KAC_AIRPORT,airline,MGL,몽골항공,"{""yyyymm"": ""202501""}"
2025-01-31,kac_S_NPI,25.0,KAC_AIRPORT,airline,PAL,필리핀항공,"{""yyyymm"": ""202501""}"
2025-01-31,kac_S_NPI,1.0,KAC_AIRPORT,airline,QDA,칭다오항공,"{""yyyymm"": ""202501""}"
2025-01-31,kac_S_NPI,10.0,KAC_AIRPORT,airline,SIA,싱가포르항공,"{""yyyymm"": ""202501""}"
2025-01-31,kac_S_NPI,0.0,KAC_AIRPORT,airline,SWM,스카이앙코르항공,"{""yyyymm"": ""202501""}"
2025-01-31,kac_S_NPI,23.0,KAC_AIRPORT,airline,TGW,스쿠트 항공,"{""yyyymm"": ""202501""}"
2025-01-31,kac_S_NPI,47.0,KAC_AIRPORT,airline,TTW,타이거에어 타이완,"{""yyyymm"": ""202501""}"
2025-01-31,kac_S_NPI,2417.0,KAC_AIRPORT,airline,TWB,티웨이항공,"{""yyyymm"": ""202501""}"
2025-01-31,kac_S_NPI,223.0,KAC_AIRPORT,airline,VJC,비엣젯항공,"{""yyyymm"": ""202501""}"
2025-01-31,kac_S_NPO,3547.0,KAC_AIRPORT,airline,AAR,아시아나항공,"{""yyyymm"": ""202501""}"
2025-01-31,kac_S_NPO,2108.0,KAC_AIRPORT,airline,ABL,에어부산,"{""yyyymm"": ""202501""}"
2025-01-31,kac_S_NPO,0.0,KAC_AIRPORT,airline,AMX,아에로멕시코,"{""yyyymm"": ""202501""}"
2025-01-31,kac_S_NPO,73.0,KAC_AIRPORT,airline,ANA,전일본공수,"{""yyyymm"": ""202501""}"
2025-01-31,kac_S_NPO,298.0,KAC_AIRPORT,airline,ASV,에어서울,"{""yyyymm"": ""202501""}"
2025-01-31,kac_S_NPO,57.0,KAC_AIRPORT,airline,CAL,중화항공,"{""yyyymm"": ""202501""}"
2025-01-31,kac_S_NPO,2.0,KAC_AIRPORT,airline,CBJ,북경수도항공,"{""yyyymm"": ""202501""}"
2025-01-31,kac_S_NPO,21.0,KAC_AIRPORT,airline,CCA,중국국제항공,"{""yyyymm"": ""202501""}"
2025-01-31,kac_S_NPO,17.0,KAC_AIRPORT,airline,CDC,룽에어,"{""yyyymm"": ""202501""}"
2025-01-31,kac_S_NPO,67.0,KAC_AIRPORT,airline,CES,중국동방항공,"{""yyyymm"": ""202501""}"
2025-01-31,kac_S_NPO,27.0,KAC_AIRPORT,airline,CQH,춘추항공,"{""yyyymm"": ""202501""}"
2025-01-31,kac_S_NPO,14.0,KAC_AIRPORT,airline,CSH,상해항공,"{""yyyymm"": ""202501""}"
2025-01-31,kac_S_NPO,19.0,KAC_AIRPORT,airline,CSN,중국남방항공,"{""yyyymm"": ""202501""}"
2025-01-31,kac_S_NPO,1.0,KAC_AIRPORT,airline,CSZ,중국심천항공,"{""yyyymm"": ""202501""}"
2025-01-31,kac_S_NPO,2.0,KAC_AIRPORT,airline,CXA,하문항공,"{""yyyymm"": ""202501""}"
2025-01-31,kac_S_NPO,23.0,KAC_AIRPORT,airline,DKH,길상항공(준야오),"{""yyyymm"": ""202501""}"
2025-01-31,kac_S_NPO,155.0,KAC_AIRPORT,airline,EOK,에어로케이항공,"{""yyyymm"": ""202501""}"
2025-01-31,kac_S_NPO,1342.0,KAC_AIRPORT,airline,ESR,이스타항공,"{""yyyymm"": ""202501""}"
2025-01-31,kac_S_NPO,19.0,KAC_AIRPORT,airline,EVA,에바항공,"{""yyyymm"": ""202501""}"
2025-01-31,kac_S_NPO,42.0,KAC_AIRPORT,airline,HKE,홍콩익스프레스,"{""yyyymm"": ""202501""}"
2025-01-31,kac_S_NPO,284.0,KAC_AIRPORT,airline,HVN,베트남항공,"{""yyyymm"": ""202501""}"
2025-01-31,kac_S_NPO,58.0,KAC_AIRPORT,airline,JAL,일본항공,"{""yyyymm"": ""202501""}"
2025-01-31,kac_S_NPO,1835.0,KAC_AIRPORT,airline,JJA,제주항공,"{""yyyymm"": ""202501""}"
2025-01-31,kac_S_NPO,2928.0,KAC_AIRPORT,airline,JNA,진에어,"{""yyyymm"": ""202501""}"
2025-01-31,kac_S_NPO,4207.0,KAC_AIRPORT,airline,KAL,대한항공,"{""yyyymm"": ""202501""}"
2025-01-31,kac_S_NPO,11.0,KAC_AIRPORT,airline,MGL,몽골항공,"{""yyyymm"": ""202501""}"
2025-01-31,kac_S_NPO,17.0,KAC_AIRPORT,airline,PAL,필리핀항공,"{""yyyymm"": ""202501""}"
2025-01-31,kac_S_NPO,1.0,KAC_AIRPORT,airline,QDA,칭다오항공,"{""yyyymm"": ""202501""}"
2025-01-31,kac_S_NPO,18.0,KAC_AIRPORT,airline,SIA,싱가포르항공,"{""yyyymm"": ""202501""}"
2025-01-31,kac_S_NPO,0.0,KAC_AIRPORT,airline,SWM,스카이앙코르항공,"{""yyyymm"": ""202501""}"
2025-01-31,kac_S_NPO,29.0,KAC_AIRPORT,airline,TGW,스쿠트 항공,"{""yyyymm"": ""202501""}"
2025-01-31,kac_S_NPO,35.0,KAC_AIRPORT,airline,TTW,타이거에어 타이완,"{""yyyymm"": ""202501""}"
2025-01-31,kac_S_NPO,2418.0,KAC_AIRPORT,airline,TWB,티웨이항공,"{""yyyymm"": ""202501""}"
2025-01-31,kac_S_NPO,337.0,KAC_AIRPORT,airline,VJC,비엣젯항공,"{""yyyymm"": ""202501""}"
2025-01-31,kac_S_OCI,2301.0,KAC_AIRPORT,airline,AAR,아시아나항공,"{""yyyymm"": ""202501""}"
2025-01-31,kac_S_OCI,2201.0,KAC_AIRPORT,airline,ABL,에어부산,"{""yyyymm"": ""202501""}"
2025-01-31,kac_S_OCI,1.0,KAC_AIRPORT,airline,AMX,아에로멕시코,"{""yyyymm"": ""202501""}"
2025-01-31,kac_S_OCI,93.0,KAC_AIRPORT,airline,ANA,전일본공수,"{""yyyymm"": ""202501""}"
2025-01-31,kac_S_OCI,236.0,KAC_AIRPORT,airline,ASV,에어서울,"{""yyyymm"": ""202501""}"
2025-01-31,kac_S_OCI,83.0,KAC_AIRPORT,airline,CAL,중화항공,"{""yyyymm"": ""202501""}"
2025-01-31,kac_S_OCI,8.0,KAC_AIRPORT,airline,CBJ,북경수도항공,"{""yyyymm"": ""202501""}"
2025-01-31,kac_S_OCI,56.0,KAC_AIRPORT,airline,CCA,중국국제항공,"{""yyyymm"": ""202501""}"
2025-01-31,kac_S_OCI,27.0,KAC_AIRPORT,airline,CDC,룽에어,"{""yyyymm"": ""202501""}"
2025-01-31,kac_S_OCI,146.0,KAC_AIRPORT,airline,CES,중국동방항공,"{""yyyymm"": ""202501""}"
2025-01-31,kac_S_OCI,218.0,KAC_AIRPORT,airline,CQH,춘추항공,"{""yyyymm"": ""202501""}"
2025-01-31,kac_S_OCI,62.0,KAC_AIRPORT,airline,CSH,상해항공,"{""yyyymm"": ""202501""}"
2025-01-31,kac_S_OCI,40.0,KAC_AIRPORT,airline,CSN,중국남방항공,"{""yyyymm"": ""202501""}"
2025-01-31,kac_S_OCI,13.0,KAC_AIRPORT,airline,CSZ,중국심천항공,"{""yyyymm"": ""202501""}"
2025-01-31,kac_S_OCI,8.0,KAC_AIRPORT,airline,CXA,하문항공,"{""yyyymm"": ""202501""}"
2025-01-31,kac_S_OCI,66.0,KAC_AIRPORT,airline,DKH,길상항공(준야오),"{""yyyymm"": ""202501""}"
2025-01-31,kac_S_OCI,291.0,KAC_AIRPORT,airline,EOK,에어로케이항공,"{""yyyymm"": ""202501""}"
2025-01-31,kac_S_OCI,1433.0,KAC_AIRPORT,airline,ESR,이스타항공,"{""yyyymm"": ""202501""}"
2025-01-31,kac_S_OCI,18.0,KAC_AIRPORT,airline,EVA,에바항공,"{""yyyymm"": ""202501""}"
2025-01-31,kac_S_OCI,93.0,KAC_AIRPORT,airline,HKE,홍콩익스프레스,"{""yyyymm"": ""202501""}"
2025-01-31,kac_S_OCI,63.0,KAC_AIRPORT,airline,HVN,베트남항공,"{""yyyymm"": ""202501""}"
2025-01-31,kac_S_OCI,93.0,KAC_AIRPORT,airline,JAL,일본항공,"{""yyyymm"": ""202501""}"
2025-01-31,kac_S_OCI,2398.0,KAC_AIRPORT,airline,JJA,제주항공,"{""yyyymm"": ""202501""}"
2025-01-31,kac_S_OCI,2506.0,KAC_AIRPORT,airline,JNA,진에어,"{""yyyymm"": ""202501""}"
2025-01-31,kac_S_OCI,3742.0,KAC_AIRPORT,airline,KAL,대한항공,"{""yyyymm"": ""202501""}"
2025-01-31,kac_S_OCI,9.0,KAC_AIRPORT,airline,MGL,몽골항공,"{""yyyymm"": ""202501""}"
2025-01-31,kac_S_OCI,32.0,KAC_AIRPORT,airline,PAL,필리핀항공,"{""yyyymm"": ""202501""}"
2025-01-31,kac_S_OCI,6.0,KAC_AIRPORT,airline,QDA,칭다오항공,"{""yyyymm"": ""202501""}"
2025-01-31,kac_S_OCI,17.0,KAC_AIRPORT,airline,SIA,싱가포르항공,"{""yyyymm"": ""202501""}"
2025-01-31,kac_S_OCI,5.0,KAC_AIRPORT,airline,SWM,스카이앙코르항공,"{""yyyymm"": ""202501""}"
2025-01-31,kac_S_OCI,22.0,KAC_AIRPORT,airline,TGW,스쿠트 항공,"{""yyyymm"": ""202501""}"
2025-01-31,kac_S_OCI,67.0,KAC_AIRPORT,airline,TTW,타이거에어 타이완,"{""yyyymm"": ""202501""}"
2025-01-31,kac_S_OCI,2404.0,KAC_AIRPORT,airline,TWB,티웨이항공,"{""yyyymm"": ""202501""}"
2025-01-31,kac_S_OCI,262.0,KAC_AIRPORT,airline,VJC,비엣젯항공,"{""yyyymm"": ""202501""}"
2025-01-31,kac_S_OCO,2302.0,KAC_AIRPORT,airline,AAR,아시아나항공,"{""yyyymm"": ""202501""}"
2025-01-31,kac_S_OCO,2203.0,KAC_AIRPORT,airline,ABL,에어부산,"{""yyyymm"": ""202501""}"
2025-01-31,kac_S_OCO,0.0,KAC_AIRPORT,airline,AMX,아에로멕시코,"{""yyyymm"": ""202501""}"
2025-01-31,kac_S_OCO,93.0,KAC_AIRPORT,airline,ANA,전일본공수,"{""yyyymm"": ""202501""}"
2025-01-31,kac_S_OCO,236.0,KAC_AIRPORT,airline,ASV,에어서울,"{""yyyymm"": ""202501""}"
2025-01-31,kac_S_OCO,83.0,KAC_AIRPORT,airline,CAL,중화항공,"{""yyyymm"": ""202501""}"
2025-01-31,kac_S_OCO,8.0,KAC_AIRPORT,airline,CBJ,북경수도항공,"{""yyyymm"": ""202501""}"
2025-01-31,kac_S_OCO,56.0,KAC_AIRPORT,airline,CCA,중국국제항공,"{""yyyymm"": ""202501""}"
2025-01-31,kac_S_OCO,27.0,KAC_AIRPORT,airline,CDC,룽에어,"{""yyyymm"": ""202501""}"
2025-01-31,kac_S_OCO,146.0,KAC_AIRPORT,airline,CES,중국동방항공,"{""yyyymm"": ""202501""}"
2025-01-31,kac_S_OCO,218.0,KAC_AIRPORT,airline,CQH,춘추항공,"{""yyyymm"": ""202501""}"
2025-01-31,kac_S_OCO,62.0,KAC_AIRPORT,airline,CSH,상해항공,"{""yyyymm"": ""202501""}"
2025-01-31,kac_S_OCO,40.0,KAC_AIRPORT,airline,CSN,중국남방항공,"{""yyyymm"": ""202501""}"
2025-01-31,kac_S_OCO,13.0,KAC_AIRPORT,airline,CSZ,중국심천항공,"{""yyyymm"": ""202501""}"
2025-01-31,kac_S_OCO,8.0,KAC_AIRPORT,airline,CXA,하문항공,"{""yyyymm"": ""202501""}"
2025-01-31,kac_S_OCO,66.0,KAC_AIRPORT,airline,DKH,길상항공(준야오),"{""yyyymm"": ""202501""}"
2025-01-31,kac_S_OCO,295.0,KAC_AIRPORT,airline,EOK,에어로케이항공,"{""yyyymm"": ""202501""}"
2025-01-31,kac_S_OCO,1437.0,KAC_AIRPORT,airline,ESR,이스타항공,"{""yyyymm"": ""202501""}"
2025-01-31,kac_S_OCO,18.0,KAC_AIRPORT,airline,EVA,에바항공,"{""yyyymm"": ""202501""}"
2025-01-31,kac_S_OCO,93.0,KAC_AIRPORT,airline,HKE,홍콩익스프레스,"{""yyyymm"": ""202501""}"
2025-01-31,kac_S_OCO,62.0,KAC_AIRPORT,airline,HVN,베트남항공,"{""yyyymm"": ""202501""}"
2025-01-31,kac_S_OCO,93.0,KAC_AIRPORT,airline,JAL,일본항공,"{""yyyymm"": ""202501""}"
2025-01-31,kac_S_OCO,2402.0,KAC_AIRPORT,airline,JJA,제주항공,"{""yyyymm"": ""202501""}"
2025-01-31,kac_S_OCO,2507.0,KAC_AIRPORT,airline,JNA,진에어,"{""yyyymm"": ""202501""}"
2025-01-31,kac_S_OCO,3741.0,KAC_AIRPORT,airline,KAL,대한항공,"{""yyyymm"": ""202501""}"
2025-01-31,kac_S_OCO,9.0,KAC_AIRPORT,airline,MGL,몽골항공,"{""yyyymm"": ""202501""}"
2025-01-31,kac_S_OCO,32.0,KAC_AIRPORT,airline,PAL,필리핀항공,"{""yyyymm"": ""202501""}"
2025-01-31,kac_S_OCO,6.0,KAC_AIRPORT,airline,QDA,칭다오항공,"{""yyyymm"": ""202501""}"
2025-01-31,kac_S_OCO,17.0,KAC_AIRPORT,airline,SIA,싱가포르항공,"{""yyyymm"": ""202501""}"
2025-01-31,kac_S_OCO,5.0,KAC_AIRPORT,airline,SWM,스카이앙코르항공,"{""yyyymm"": ""202501""}"
2025-01-31,kac_S_OCO,22.0,KAC_AIRPORT,airline,TGW,스쿠트 항공,"{""yyyymm"": ""202501""}"
2025-01-31,kac_S_OCO,67.0,KAC_AIRPORT,airline,TTW,타이거에어 타이완,"{""yyyymm"": ""202501""}"
2025-01-31,kac_S_OCO,2405.0,KAC_AIRPORT,airline,TWB,티웨이항공,"{""yyyymm"": ""202501""}"
2025-01-31,kac_S_OCO,262.0,KAC_AIRPORT,airline,VJC,비엣젯항공,"{""yyyymm"": ""202501""}"
2025-01-31,kac_S_TSI,478.0,KAC_AIRPORT,airline,AAR,아시아나항공,"{""yyyymm"": ""202501""}"
2025-01-31,kac_S_TSI,191.0,KAC_AIRPORT,airline,ABL,에어부산,"{""yyyymm"": ""202501""}"
2025-01-31,kac_S_TSI,0.0,KAC_AIRPORT,airline,AMX,아에로멕시코,"{""yyyymm"": ""202501""}"
2025-01-31,kac_S_TSI,22.0,KAC_AIRPORT,airline,ANA,전일본공수,"{""yyyymm"": ""202501""}"
2025-01-31,kac_S_TSI,0.0,KAC_AIRPORT,airline,ASV,에어서울,"{""yyyymm"": ""202501""}"
2025-01-31,kac_S_TSI,5.0,KAC_AIRPORT,airline,CAL,중화항공,"{""yyyymm"": ""202501""}"
2025-01-31,kac_S_TSI,0.0,KAC_AIRPORT,airline,CBJ,북경수도항공,"{""yyyymm"": ""202501""}"
2025-01-31,kac_S_TSI,10.0,KAC_AIRPORT,airline,CCA,중국국제항공,"{""yyyymm"": ""202501""}"
2025-01-31,kac_S_TSI,0.0,KAC_AIRPORT,airline,CDC,룽에어,"{""yyyymm"": ""202501""}"
2025-01-31,kac_S_TSI,2.0,KAC_AIRPORT,airline,CES,중국동방항공,"{""yyyymm"": ""202501""}"
2025-01-31,kac_S_TSI,1.0,KAC_AIRPORT,airline,CQH,춘추항공,"{""yyyymm"": ""202501""}"
2025-01-31,kac_S_TSI,1.0,KAC_AIRPORT,airline,CSH,상해항공,"{""yyyymm"": ""202501""}"
2025-01-31,kac_S_TSI,17.0,KAC_AIRPORT,airline,CSN,중국남방항공,"{""yyyymm"": ""202501""}"
2025-01-31,kac_S_TSI,0.0,KAC_AIRPORT,airline,CSZ,중국심천항공,"{""yyyymm"": ""202501""}"
2025-01-31,kac_S_TSI,0.0,KAC_AIRPORT,airline,CXA,하문항공,"{""yyyymm"": ""202501""}"
2025-01-31,kac_S_TSI,0.0,KAC_AIRPORT,airline,DKH,길상항공(준야오),"{""yyyymm"": ""202501""}"
2025-01-31,kac_S_TSI,0.0,KAC_AIRPORT,airline,EOK,에어로케이항공,"{""yyyymm"": ""202501""}"
2025-01-31,kac_S_TSI,0.0,KAC_AIRPORT,airline,ESR,이스타항공,"{""yyyymm"": ""202501""}"
2025-01-31,kac_S_TSI,6.0,KAC_AIRPORT,airline,EVA,에바항공,"{""yyyymm"": ""202501""}"
2025-01-31,kac_S_TSI,0.0,KAC_AIRPORT,airline,HKE,홍콩익스프레스,"{""yyyymm"": ""202501""}"
2025-01-31,kac_S_TSI,15.0,KAC_AIRPORT,airline,HVN,베트남항공,"{""yyyymm"": ""202501""}"
2025-01-31,kac_S_TSI,19.0,KAC_AIRPORT,airline,JAL,일본항공,"{""yyyymm"": ""202501""}"
2025-01-31,kac_S_TSI,168.0,KAC_AIRPORT,airline,JJA,제주항공,"{""yyyymm"": ""202501""}"
2025-01-31,kac_S_TSI,295.0,KAC_AIRPORT,airline,JNA,진에어,"{""yyyymm"": ""202501""}"
2025-01-31,kac_S_TSI,217.0,KAC_AIRPORT,airline,KAL,대한항공,"{""yyyymm"": ""202501""}"
2025-01-31,kac_S_TSI,9.0,KAC_AIRPORT,airline,MGL,몽골항공,"{""yyyymm"": ""202501""}"
2025-01-31,kac_S_TSI,0.0,KAC_AIRPORT,airline,PAL,필리핀항공,"{""yyyymm"": ""202501""}"
2025-01-31,kac_S_TSI,0.0,KAC_AIRPORT,airline,QDA,칭다오항공,"{""yyyymm"": ""202501""}"
2025-01-31,kac_S_TSI,0.0,KAC_AIRPORT,airline,SIA,싱가포르항공,"{""yyyymm"": ""202501""}"
2025-01-31,kac_S_TSI,0.0,KAC_AIRPORT,airline,SWM,스카이앙코르항공,"{""yyyymm"": ""202501""}"
2025-01-31,kac_S_TSI,0.0,KAC_AIRPORT,airline,TGW,스쿠트 항공,"{""yyyymm"": ""202501""}"
2025-01-31,kac_S_TSI,0.0,KAC_AIRPORT,airline,TTW,타이거에어 타이완,"{""yyyymm"": ""202501""}"
2025-01-31,kac_S_TSI,0.0,KAC_AIRPORT,airline,TWB,티웨이항공,"{""yyyymm"": ""202501""}"
2025-01-31,kac_S_TSI,15.0,KAC_AIRPORT,airline,VJC,비엣젯항공,"{""yyyymm"": ""202501""}"
2025-01-31,kac_S_TSO,494.0,KAC_AIRPORT,airline,AAR,아시아나항공,"{""yyyymm"": ""202501""}"
2025-01-31,kac_S_TSO,231.0,KAC_AIRPORT,airline,ABL,에어부산,"{""yyyymm"": ""202501""}"
2025-01-31,kac_S_TSO,0.0,KAC_AIRPORT,airline,AMX,아에로멕시코,"{""yyyymm"": ""202501""}"
2025-01-31,kac_S_TSO,25.0,KAC_AIRPORT,airline,ANA,전일본공수,"{""yyyymm"": ""202501""}"
2025-01-31,kac_S_TSO,0.0,KAC_AIRPORT,airline,ASV,에어서울,"{""yyyymm"": ""202501""}"
2025-01-31,kac_S_TSO,3.0,KAC_AIRPORT,airline,CAL,중화항공,"{""yyyymm"": ""202501""}"
2025-01-31,kac_S_TSO,0.0,KAC_AIRPORT,airline,CBJ,북경수도항공,"{""yyyymm"": ""202501""}"
2025-01-31,kac_S_TSO,0.0,KAC_AIRPORT,airline,CCA,중국국제항공,"{""yyyymm"": ""202501""}"
2025-01-31,kac_S_TSO,0.0,KAC_AIRPORT,airline,CDC,룽에어,"{""yyyymm"": ""202501""}"
2025-01-31,kac_S_TSO,0.0,KAC_AIRPORT,airline,CES,중국동방항공,"{""yyyymm"": ""202501""}"
2025-01-31,kac_S_TSO,0.0,KAC_AIRPORT,airline,CQH,춘추항공,"{""yyyymm"": ""202501""}"
2025-01-31,kac_S_TSO,0.0,KAC_AIRPORT,airline,CSH,상해항공,"{""yyyymm"": ""202501""}"
2025-01-31,kac_S_TSO,0.0,KAC_AIRPORT,airline,CSN,중국남방항공,"{""yyyymm"": ""202501""}"
2025-01-31,kac_S_TSO,0.0,KAC_AIRPORT,airline,CSZ,중국심천항공,"{""yyyymm"": ""202501""}"
2025-01-31,kac_S_TSO,0.0,KAC_AIRPORT,airline,CXA,하문항공,"{""yyyymm"": ""202501""}"
2025-01-31,kac_S_TSO,0.0,KAC_AIRPORT,airline,DKH,길상항공(준야오),"{""yyyymm"": ""202501""}"
2025-01-31,kac_S_TSO,0.0,KAC_AIRPORT,airline,EOK,에어로케이항공,"{""yyyymm"": ""202501""}"
2025-01-31,kac_S_TSO,0.0,KAC_AIRPORT,airline,ESR,이스타항공,"{""yyyymm"": ""202501""}"
2025-01-31,kac_S_TSO,3.0,KAC_AIRPORT,airline,EVA,에바항공,"{""yyyymm"": ""202501""}"
2025-01-31,kac_S_TSO,0.0,KAC_AIRPORT,airline,HKE,홍콩익스프레스,"{""yyyymm"": ""202501""}"
2025-01-31,kac_S_TSO,3.0,KAC_AIRPORT,airline,HVN,베트남항공,"{""yyyymm"": ""202501""}"
2025-01-31,kac_S_TSO,17.0,KAC_AIRPORT,airline,JAL,일본항공,"{""yyyymm"": ""202501""}"
2025-01-31,kac_S_TSO,185.0,KAC_AIRPORT,airline,JJA,제주항공,"{""yyyymm"": ""202501""}"
2025-01-31,kac_S_TSO,287.0,KAC_AIRPORT,airline,JNA,진에어,"{""yyyymm"": ""202501""}"
2025-01-31,kac_S_TSO,188.0,KAC_AIRPORT,airline,KAL,대한항공,"{""yyyymm"": ""202501""}"
2025-01-31,kac_S_TSO,25.0,KAC_AIRPORT,airline,MGL,몽골항공,"{""yyyymm"": ""202501""}"
2025-01-31,kac_S_TSO,6.0,KAC_AIRPORT,airline,PAL,필리핀항공,"{""yyyymm"": ""202501""}"
2025-01-31,kac_S_TSO,0.0,KAC_AIRPORT,airline,QDA,칭다오항공,"{""yyyymm"": ""202501""}"
2025-01-31,kac_S_TSO,0.0,KAC_AIRPORT,airline,SIA,싱가포르항공,"{""yyyymm"": ""202501""}"
2025-01-31,kac_S_TSO,0.0,KAC_AIRPORT,airline,SWM,스카이앙코르항공,"{""yyyymm"": ""202501""}"
2025-01-31,kac_S_TSO,0.0,KAC_AIRPORT,airline,TGW,스쿠트 항공,"{""yyyymm"": ""202501""}"
2025-01-31,kac_S_TSO,0.0,KAC_AIRPORT,airline,TTW,타이거에어 타이완,"{""yyyymm"": ""202501""}"
2025-01-31,kac_S_TSO,0.0,KAC_AIRPORT,airline,TWB,티웨이항공,"{""yyyymm"": ""202501""}"
2025-01-31,kac_S_TSO,16.0,KAC_AIRPORT,airline,VJC,비엣젯항공,"{""yyyymm"": ""202501""}"
2025-02-28,airportal_SEQ,100.0,AIRPORTAL,airline,,Royal Air Philippines(RYL),"{""year"": 2025, ""month"": 2, ""yyyymm"": ""202502""}"
2025-02-28,airportal_공급(석),360.0,AIRPORTAL,airline,,Royal Air Philippines(RYL),"{""year"": 2025, ""month"": 2, ""yyyymm"": ""202502""}"
2025-02-28,airportal_여객(명),351.0,AIRPORTAL,airline,,Royal Air Philippines(RYL),"{""year"": 2025, ""month"": 2, ""yyyymm"": ""202502""}"
2025-02-28,airportal_운항(편),2.0,AIRPORTAL,airline,,Royal Air Philippines(RYL),"{""year"": 2025, ""month"": 2, ""yyyymm"": ""202502""}"
2025-02-28,airportal_화물(톤),5.0,AIRPORTAL,airline,,Royal Air Philippines(RYL),"{""year"": 2025, ""month"": 2, ""yyyymm"": ""202502""}"
2025-02-28,icn_airline_cargo_tons_arrBaggage,219.0,ODP_B551177,airline,7C,제주항공,
2025-02-28,icn_airline_cargo_tons_arrBaggage,22.0,ODP_B551177,airline,AA,아메리칸항공,
2025-02-28,icn_airline_cargo_tons_arrBaggage,46166.0,ODP_B551177,airline,KE,대한항공,
2025-02-28,icn_airline_cargo_tons_arrBaggage,23388.0,ODP_B551177,airline,OZ,아시아나항공,
2025-02-28,icn_airline_cargo_tons_baggage,369.0,ODP_B551177,airline,7C,제주항공,
2025-02-28,icn_airline_cargo_tons_baggage,277.0,ODP_B551177,airline,AA,아메리칸항공,
2025-02-28,icn_airline_cargo_tons_baggage,91362.0,ODP_B551177,airline,KE,대한항공,
2025-02-28,icn_airline_cargo_tons_baggage,44599.0,ODP_B551177,airline,OZ,아시아나항공,
2025-02-28,icn_airline_cargo_tons_depBaggage,150.0,ODP_B551177,airline,7C,제주항공,
2025-02-28,icn_airline_cargo_tons_depBaggage,255.0,ODP_B551177,airline,AA,아메리칸항공,
2025-02-28,icn_airline_cargo_tons_depBaggage,45197.0,ODP_B551177,airline,KE,대한항공,
2025-02-28,icn_airline_cargo_tons_depBaggage,21211.0,ODP_B551177,airline,OZ,아시아나항공,
2025-02-28,icn_airline_pax_arrPassenger,234044.0,ODP_B551177,airline,7C,제주항공,
2025-02-28,icn_airline_pax_arrPassenger,7110.0,ODP_B551177,airline,AA,아메리칸항공,
2025-02-28,icn_airline_pax_arrPassenger,735464.0,ODP_B551177,airline,KE,대한항공,
2025-02-28,icn_airline_pax_arrPassenger,497113.0,ODP_B551177,airline,OZ,아시아나항공,
2025-02-28,icn_airline_pax_depPassenger,216250.0,ODP_B551177,airline,7C,제주항공,
2025-02-28,icn_airline_pax_depPassenger,6924.0,ODP_B551177,airline,AA,아메리칸항공,
2025-02-28,icn_airline_pax_depPassenger,703531.0,ODP_B551177,airline,KE,대한항공,
2025-02-28,icn_airline_pax_depPassenger,471540.0,ODP_B551177,airline,OZ,아시아나항공,
2025-02-28,icn_airline_pax_passenger,450294.0,ODP_B551177,airline,7C,제주항공,
2025-02-28,icn_airline_pax_passenger,14034.0,ODP_B551177,airline,AA,아메리칸항공,
2025-02-28,icn_airline_pax_passenger,1438995.0,ODP_B551177,airline,KE,대한항공,
2025-02-28,icn_airline_pax_passenger,968653.0,ODP_B551177,airline,OZ,아시아나항공,
2025-02-28,kac_S_BFI,2160274.0,KAC_AIRPORT,airline,AAR,아시아나항공,"{""yyyymm"": ""202502""}"
2025-02-28,kac_S_BFI,1859344.0,KAC_AIRPORT,airline,ABL,에어부산,"{""yyyymm"": ""202502""}"
2025-02-28,kac_S_BFI,190367.0,KAC_AIRPORT,airline,ANA,전일본공수,"{""yyyymm"": ""202502""}"
2025-02-28,kac_S_BFI,174213.0,KAC_AIRPORT,airline,ASV,에어서울,"{""yyyymm"": ""202502""}"
2025-02-28,kac_S_BFI,152781.0,KAC_AIRPORT,airline,CAL,중화항공,"{""yyyymm"": ""202502""}"
2025-02-28,kac_S_BFI,8979.0,KAC_AIRPORT,airline,CBJ,북경수도항공,"{""yyyymm"": ""202502""}"
2025-02-28,kac_S_BFI,70371.0,KAC_AIRPORT,airline,CCA,중국국제항공,"{""yyyymm"": ""202502""}"
2025-02-28,kac_S_BFI,35641.0,KAC_AIRPORT,airline,CDC,룽에어,"{""yyyymm"": ""202502""}"
2025-02-28,kac_S_BFI,247835.0,KAC_AIRPORT,airline,CES,중국동방항공,"{""yyyymm"": ""202502""}"
2025-02-28,kac_S_BFI,242342.0,KAC_AIRPORT,airline,CQH,춘추항공,"{""yyyymm"": ""202502""}"
2025-02-28,kac_S_BFI,160004.0,KAC_AIRPORT,airline,CSH,상해항공,"{""yyyymm"": ""202502""}"
2025-02-28,kac_S_BFI,88815.0,KAC_AIRPORT,airline,CSN,중국남방항공,"{""yyyymm"": ""202502""}"
2025-02-28,kac_S_BFI,5658.0,KAC_AIRPORT,airline,CSZ,중국심천항공,"{""yyyymm"": ""202502""}"
2025-02-28,kac_S_BFI,9324.0,KAC_AIRPORT,airline,CXA,하문항공,"{""yyyymm"": ""202502""}"
2025-02-28,kac_S_BFI,75799.0,KAC_AIRPORT,airline,DKH,길상항공(준야오),"{""yyyymm"": ""202502""}"
2025-02-28,kac_S_BFI,448631.0,KAC_AIRPORT,airline,EOK,에어로케이항공,"{""yyyymm"": ""202502""}"
2025-02-28,kac_S_BFI,1071792.0,KAC_AIRPORT,airline,ESR,이스타항공,"{""yyyymm"": ""202502""}"
2025-02-28,kac_S_BFI,34573.0,KAC_AIRPORT,airline,EVA,에바항공,"{""yyyymm"": ""202502""}"
2025-02-28,kac_S_BFI,128641.0,KAC_AIRPORT,airline,HKE,홍콩익스프레스,"{""yyyymm"": ""202502""}"
2025-02-28,kac_S_BFI,405056.0,KAC_AIRPORT,airline,HVN,베트남항공,"{""yyyymm"": ""202502""}"
2025-02-28,kac_S_BFI,210343.0,KAC_AIRPORT,airline,JAL,일본항공,"{""yyyymm"": ""202502""}"
2025-02-28,kac_S_BFI,1988746.0,KAC_AIRPORT,airline,JJA,제주항공,"{""yyyymm"": ""202502""}"
2025-02-28,kac_S_BFI,2146707.0,KAC_AIRPORT,airline,JNA,진에어,"{""yyyymm"": ""202502""}"
2025-02-28,kac_S_BFI,3549198.0,KAC_AIRPORT,airline,KAL,대한항공,"{""yyyymm"": ""202502""}"
2025-02-28,kac_S_BFI,18493.0,KAC_AIRPORT,airline,MGL,몽골항공,"{""yyyymm"": ""202502""}"
2025-02-28,kac_S_BFI,92822.0,KAC_AIRPORT,airline,PAL,필리핀항공,"{""yyyymm"": ""202502""}"
2025-02-28,kac_S_BFI,3363.0,KAC_AIRPORT,airline,QDA,칭다오항공,"{""yyyymm"": ""202502""}"
2025-02-28,kac_S_BFI,2628.0,KAC_AIRPORT,airline,RYL,로얄에어필리핀,"{""yyyymm"": ""202502""}"
2025-02-28,kac_S_BFI,38232.0,KAC_AIRPORT,airline,SIA,싱가포르항공,"{""yyyymm"": ""202502""}"
2025-02-28,kac_S_BFI,36791.0,KAC_AIRPORT,airline,TGW,스쿠트 항공,"{""yyyymm"": ""202502""}"
2025-02-28,kac_S_BFI,80957.0,KAC_AIRPORT,airline,TTW,타이거에어 타이완,"{""yyyymm"": ""202502""}"
2025-02-28,kac_S_BFI,2201987.0,KAC_AIRPORT,airline,TWB,티웨이항공,"{""yyyymm"": ""202502""}"
2025-02-28,kac_S_BFI,696927.0,KAC_AIRPORT,airline,VJC,비엣젯항공,"{""yyyymm"": ""202502""}"
2025-02-28,kac_S_BFO,2121586.0,KAC_AIRPORT,airline,AAR,아시아나항공,"{""yyyymm"": ""202502""}"
2025-02-28,kac_S_BFO,1675401.0,KAC_AIRPORT,airline,ABL,에어부산,"{""yyyymm"": ""202502""}"
2025-02-28,kac_S_BFO,183888.0,KAC_AIRPORT,airline,ANA,전일본공수,"{""yyyymm"": ""202502""}"
2025-02-28,kac_S_BFO,174213.0,KAC_AIRPORT,airline,ASV,에어서울,"{""yyyymm"": ""202502""}"
2025-02-28,kac_S_BFO,200460.0,KAC_AIRPORT,airline,CAL,중화항공,"{""yyyymm"": ""202502""}"
2025-02-28,kac_S_BFO,11469.0,KAC_AIRPORT,airline,CBJ,북경수도항공,"{""yyyymm"": ""202502""}"
2025-02-28,kac_S_BFO,69204.0,KAC_AIRPORT,airline,CCA,중국국제항공,"{""yyyymm"": ""202502""}"
2025-02-28,kac_S_BFO,46220.0,KAC_AIRPORT,airline,CDC,룽에어,"{""yyyymm"": ""202502""}"
2025-02-28,kac_S_BFO,266551.0,KAC_AIRPORT,airline,CES,중국동방항공,"{""yyyymm"": ""202502""}"
2025-02-28,kac_S_BFO,271376.0,KAC_AIRPORT,airline,CQH,춘추항공,"{""yyyymm"": ""202502""}"
2025-02-28,kac_S_BFO,143822.0,KAC_AIRPORT,airline,CSH,상해항공,"{""yyyymm"": ""202502""}"
2025-02-28,kac_S_BFO,82590.0,KAC_AIRPORT,airline,CSN,중국남방항공,"{""yyyymm"": ""202502""}"
2025-02-28,kac_S_BFO,7565.0,KAC_AIRPORT,airline,CSZ,중국심천항공,"{""yyyymm"": ""202502""}"
2025-02-28,kac_S_BFO,7721.0,KAC_AIRPORT,airline,CXA,하문항공,"{""yyyymm"": ""202502""}"
2025-02-28,kac_S_BFO,117742.0,KAC_AIRPORT,airline,DKH,길상항공(준야오),"{""yyyymm"": ""202502""}"
2025-02-28,kac_S_BFO,368473.0,KAC_AIRPORT,airline,EOK,에어로케이항공,"{""yyyymm"": ""202502""}"
2025-02-28,kac_S_BFO,1074285.0,KAC_AIRPORT,airline,ESR,이스타항공,"{""yyyymm"": ""202502""}"
2025-02-28,kac_S_BFO,50628.0,KAC_AIRPORT,airline,EVA,에바항공,"{""yyyymm"": ""202502""}"
2025-02-28,kac_S_BFO,146789.0,KAC_AIRPORT,airline,HKE,홍콩익스프레스,"{""yyyymm"": ""202502""}"
2025-02-28,kac_S_BFO,263532.0,KAC_AIRPORT,airline,HVN,베트남항공,"{""yyyymm"": ""202502""}"
2025-02-28,kac_S_BFO,202437.0,KAC_AIRPORT,airline,JAL,일본항공,"{""yyyymm"": ""202502""}"
2025-02-28,kac_S_BFO,1870577.0,KAC_AIRPORT,airline,JJA,제주항공,"{""yyyymm"": ""202502""}"
2025-02-28,kac_S_BFO,2037744.0,KAC_AIRPORT,airline,JNA,진에어,"{""yyyymm"": ""202502""}"
2025-02-28,kac_S_BFO,3426257.0,KAC_AIRPORT,airline,KAL,대한항공,"{""yyyymm"": ""202502""}"
2025-02-28,kac_S_BFO,29273.0,KAC_AIRPORT,airline,MGL,몽골항공,"{""yyyymm"": ""202502""}"
2025-02-28,kac_S_BFO,95758.0,KAC_AIRPORT,airline,PAL,필리핀항공,"{""yyyymm"": ""202502""}"
2025-02-28,kac_S_BFO,2014.0,KAC_AIRPORT,airline,QDA,칭다오항공,"{""yyyymm"": ""202502""}"
2025-02-28,kac_S_BFO,2241.0,KAC_AIRPORT,airline,RYL,로얄에어필리핀,"{""yyyymm"": ""202502""}"
2025-02-28,kac_S_BFO,39858.0,KAC_AIRPORT,airline,SIA,싱가포르항공,"{""yyyymm"": ""202502""}"
2025-02-28,kac_S_BFO,37889.0,KAC_AIRPORT,airline,TGW,스쿠트 항공,"{""yyyymm"": ""202502""}"
2025-02-28,kac_S_BFO,115099.0,KAC_AIRPORT,airline,TTW,타이거에어 타이완,"{""yyyymm"": ""202502""}"
2025-02-28,kac_S_BFO,2054022.0,KAC_AIRPORT,airline,TWB,티웨이항공,"{""yyyymm"": ""202502""}"
2025-02-28,kac_S_BFO,410103.0,KAC_AIRPORT,airline,VJC,비엣젯항공,"{""yyyymm"": ""202502""}"
2025-02-28,kac_S_FFI,1312767.0,KAC_AIRPORT,airline,AAR,아시아나항공,"{""yyyymm"": ""202502""}"
2025-02-28,kac_S_FFI,224214.0,KAC_AIRPORT,airline,ABL,에어부산,"{""yyyymm"": ""202502""}"
2025-02-28,kac_S_FFI,0.0,KAC_AIRPORT,airline,ANA,전일본공수,"{""yyyymm"": ""202502""}"
2025-02-28,kac_S_FFI,0.0,KAC_AIRPORT,airline,ASV,에어서울,"{""yyyymm"": ""202502""}"
2025-02-28,kac_S_FFI,0.0,KAC_AIRPORT,airline,CAL,중화항공,"{""yyyymm"": ""202502""}"
2025-02-28,kac_S_FFI,0.0,KAC_AIRPORT,airline,CBJ,북경수도항공,"{""yyyymm"": ""202502""}"
2025-02-28,kac_S_FFI,0.0,KAC_AIRPORT,airline,CCA,중국국제항공,"{""yyyymm"": ""202502""}"
2025-02-28,kac_S_FFI,0.0,KAC_AIRPORT,airline,CDC,룽에어,"{""yyyymm"": ""202502""}"
2025-02-28,kac_S_FFI,101113.0,KAC_AIRPORT,airline,CES,중국동방항공,"{""yyyymm"": ""202502""}"
2025-02-28,kac_S_FFI,0.0,KAC_AIRPORT,airline,CQH,춘추항공,"{""yyyymm"": ""202502""}"
2025-02-28,kac_S_FFI,151276.0,KAC_AIRPORT,airline,CSH,상해항공,"{""yyyymm"": ""202502""}"
2025-02-28,kac_S_FFI,0.0,KAC_AIRPORT,airline,CSN,중국남방항공,"{""yyyymm"": ""202502""}"
2025-02-28,kac_S_FFI,0.0,KAC_AIRPORT,airline,CSZ,중국심천항공,"{""yyyymm"": ""202502""}"
2025-02-28,kac_S_FFI,0.0,KAC_AIRPORT,airline,CXA,하문항공,"{""yyyymm"": ""202502""}"
2025-02-28,kac_S_FFI,0.0,KAC_AIRPORT,airline,DKH,길상항공(준야오),"{""yyyymm"": ""202502""}"
2025-02-28,kac_S_FFI,0.0,KAC_AIRPORT,airline,EOK,에어로케이항공,"{""yyyymm"": ""202502""}"
2025-02-28,kac_S_FFI,0.0,KAC_AIRPORT,airline,ESR,이스타항공,"{""yyyymm"": ""202502""}"
2025-02-28,kac_S_FFI,0.0,KAC_AIRPORT,airline,EVA,에바항공,"{""yyyymm"": ""202502""}"
2025-02-28,kac_S_FFI,0.0,KAC_AIRPORT,airline,HKE,홍콩익스프레스,"{""yyyymm"": ""202502""}"
2025-02-28,kac_S_FFI,299922.0,KAC_AIRPORT,airline,HVN,베트남항공,"{""yyyymm"": ""202502""}"
2025-02-28,kac_S_FFI,32559.0,KAC_AIRPORT,airline,JAL,일본항공,"{""yyyymm"": ""202502""}"
2025-02-28,kac_S_FFI,10152.0,KAC_AIRPORT,airline,JJA,제주항공,"{""yyyymm"": ""202502""}"
2025-02-28,kac_S_FFI,83422.0,KAC_AIRPORT,airline,JNA,진에어,"{""yyyymm"": ""202502""}"
2025-02-28,kac_S_FFI,2129464.0,KAC_AIRPORT,airline,KAL,대한항공,"{""yyyymm"": ""202502""}"
2025-02-28,kac_S_FFI,0.0,KAC_AIRPORT,airline,MGL,몽골항공,"{""yyyymm"": ""202502""}"
2025-02-28,kac_S_FFI,1984.0,KAC_AIRPORT,airline,PAL,필리핀항공,"{""yyyymm"": ""202502""}"
2025-02-28,kac_S_FFI,0.0,KAC_AIRPORT,airline,QDA,칭다오항공,"{""yyyymm"": ""202502""}"
2025-02-28,kac_S_FFI,0.0,KAC_AIRPORT,airline,RYL,로얄에어필리핀,"{""yyyymm"": ""202502""}"
2025-02-28,kac_S_FFI,4047.0,KAC_AIRPORT,airline,SIA,싱가포르항공,"{""yyyymm"": ""202502""}"
2025-02-28,kac_S_FFI,0.0,KAC_AIRPORT,airline,TGW,스쿠트 항공,"{""yyyymm"": ""202502""}"
2025-02-28,kac_S_FFI,0.0,KAC_AIRPORT,airline,TTW,타이거에어 타이완,"{""yyyymm"": ""202502""}"
2025-02-28,kac_S_FFI,663.0,KAC_AIRPORT,airline,TWB,티웨이항공,"{""yyyymm"": ""202502""}"
2025-02-28,kac_S_FFI,9295.0,KAC_AIRPORT,airline,VJC,비엣젯항공,"{""yyyymm"": ""202502""}"
2025-02-28,kac_S_FFO,1615903.0,KAC_AIRPORT,airline,AAR,아시아나항공,"{""yyyymm"": ""202502""}"
2025-02-28,kac_S_FFO,223489.0,KAC_AIRPORT,airline,ABL,에어부산,"{""yyyymm"": ""202502""}"
2025-02-28,kac_S_FFO,75754.0,KAC_AIRPORT,airline,ANA,전일본공수,"{""yyyymm"": ""202502""}"
2025-02-28,kac_S_FFO,0.0,KAC_AIRPORT,airline,ASV,에어서울,"{""yyyymm"": ""202502""}"
2025-02-28,kac_S_FFO,0.0,KAC_AIRPORT,airline,CAL,중화항공,"{""yyyymm"": ""202502""}"
2025-02-28,kac_S_FFO,0.0,KAC_AIRPORT,airline,CBJ,북경수도항공,"{""yyyymm"": ""202502""}"
2025-02-28,kac_S_FFO,0.0,KAC_AIRPORT,airline,CCA,중국국제항공,"{""yyyymm"": ""202502""}"
2025-02-28,kac_S_FFO,0.0,KAC_AIRPORT,airline,CDC,룽에어,"{""yyyymm"": ""202502""}"
2025-02-28,kac_S_FFO,14686.0,KAC_AIRPORT,airline,CES,중국동방항공,"{""yyyymm"": ""202502""}"
2025-02-28,kac_S_FFO,0.0,KAC_AIRPORT,airline,CQH,춘추항공,"{""yyyymm"": ""202502""}"
2025-02-28,kac_S_FFO,0.0,KAC_AIRPORT,airline,CSH,상해항공,"{""yyyymm"": ""202502""}"
2025-02-28,kac_S_FFO,0.0,KAC_AIRPORT,airline,CSN,중국남방항공,"{""yyyymm"": ""202502""}"
2025-02-28,kac_S_FFO,0.0,KAC_AIRPORT,airline,CSZ,중국심천항공,"{""yyyymm"": ""202502""}"
2025-02-28,kac_S_FFO,0.0,KAC_AIRPORT,airline,CXA,하문항공,"{""yyyymm"": ""202502""}"
2025-02-28,kac_S_FFO,0.0,KAC_AIRPORT,airline,DKH,길상항공(준야오),"{""yyyymm"": ""202502""}"
2025-02-28,kac_S_FFO,0.0,KAC_AIRPORT,airline,EOK,에어로케이항공,"{""yyyymm"": ""202502""}"
2025-02-28,kac_S_FFO,0.0,KAC_AIRPORT,airline,ESR,이스타항공,"{""yyyymm"": ""202502""}"
2025-02-28,kac_S_FFO,0.0,KAC_AIRPORT,airline,EVA,에바항공,"{""yyyymm"": ""202502""}"
2025-02-28,kac_S_FFO,0.0,KAC_AIRPORT,airline,HKE,홍콩익스프레스,"{""yyyymm"": ""202502""}"
2025-02-28,kac_S_FFO,472256.0,KAC_AIRPORT,airline,HVN,베트남항공,"{""yyyymm"": ""202502""}"
2025-02-28,kac_S_FFO,147835.0,KAC_AIRPORT,airline,JAL,일본항공,"{""yyyymm"": ""202502""}"
2025-02-28,kac_S_FFO,10152.0,KAC_AIRPORT,airline,JJA,제주항공,"{""yyyymm"": ""202502""}"
2025-02-28,kac_S_FFO,83422.0,KAC_AIRPORT,airline,JNA,진에어,"{""yyyymm"": ""202502""}"
2025-02-28,kac_S_FFO,2155680.0,KAC_AIRPORT,airline,KAL,대한항공,"{""yyyymm"": ""202502""}"
2025-02-28,kac_S_FFO,0.0,KAC_AIRPORT,airline,MGL,몽골항공,"{""yyyymm"": ""202502""}"
2025-02-28,kac_S_FFO,6602.0,KAC_AIRPORT,airline,PAL,필리핀항공,"{""yyyymm"": ""202502""}"
2025-02-28,kac_S_FFO,0.0,KAC_AIRPORT,airline,QDA,칭다오항공,"{""yyyymm"": ""202502""}"
2025-02-28,kac_S_FFO,0.0,KAC_AIRPORT,airline,RYL,로얄에어필리핀,"{""yyyymm"": ""202502""}"
2025-02-28,kac_S_FFO,0.0,KAC_AIRPORT,airline,SIA,싱가포르항공,"{""yyyymm"": ""202502""}"
2025-02-28,kac_S_FFO,0.0,KAC_AIRPORT,airline,TGW,스쿠트 항공,"{""yyyymm"": ""202502""}"
2025-02-28,kac_S_FFO,0.0,KAC_AIRPORT,airline,TTW,타이거에어 타이완,"{""yyyymm"": ""202502""}"
2025-02-28,kac_S_FFO,663.0,KAC_AIRPORT,airline,TWB,티웨이항공,"{""yyyymm"": ""202502""}"
2025-02-28,kac_S_FFO,0.0,KAC_AIRPORT,airline,VJC,비엣젯항공,"{""yyyymm"": ""202502""}"
2025-02-28,kac_S_FPI,358003.0,KAC_AIRPORT,airline,AAR,아시아나항공,"{""yyyymm"": ""202502""}"
2025-02-28,kac_S_FPI,241136.0,KAC_AIRPORT,airline,ABL,에어부산,"{""yyyymm"": ""202502""}"
2025-02-28,kac_S_FPI,17582.0,KAC_AIRPORT,airline,ANA,전일본공수,"{""yyyymm"": ""202502""}"
2025-02-28,kac_S_FPI,42265.0,KAC_AIRPORT,airline,ASV,에어서울,"{""yyyymm"": ""202502""}"
2025-02-28,kac_S_FPI,11176.0,KAC_AIRPORT,airline,CAL,중화항공,"{""yyyymm"": ""202502""}"
2025-02-28,kac_S_FPI,1045.0,KAC_AIRPORT,airline,CBJ,북경수도항공,"{""yyyymm"": ""202502""}"
2025-02-28,kac_S_FPI,4564.0,KAC_AIRPORT,airline,CCA,중국국제항공,"{""yyyymm"": ""202502""}"
2025-02-28,kac_S_FPI,3836.0,KAC_AIRPORT,airline,CDC,룽에어,"{""yyyymm"": ""202502""}"
2025-02-28,kac_S_FPI,17864.0,KAC_AIRPORT,airline,CES,중국동방항공,"{""yyyymm"": ""202502""}"
2025-02-28,kac_S_FPI,32331.0,KAC_AIRPORT,airline,CQH,춘추항공,"{""yyyymm"": ""202502""}"
2025-02-28,kac_S_FPI,10568.0,KAC_AIRPORT,airline,CSH,상해항공,"{""yyyymm"": ""202502""}"
2025-02-28,kac_S_FPI,5907.0,KAC_AIRPORT,airline,CSN,중국남방항공,"{""yyyymm"": ""202502""}"
2025-02-28,kac_S_FPI,527.0,KAC_AIRPORT,airline,CSZ,중국심천항공,"{""yyyymm"": ""202502""}"
2025-02-28,kac_S_FPI,850.0,KAC_AIRPORT,airline,CXA,하문항공,"{""yyyymm"": ""202502""}"
2025-02-28,kac_S_FPI,8365.0,KAC_AIRPORT,airline,DKH,길상항공(준야오),"{""yyyymm"": ""202502""}"
2025-02-28,kac_S_FPI,41353.0,KAC_AIRPORT,airline,EOK,에어로케이항공,"{""yyyymm"": ""202502""}"
2025-02-28,kac_S_FPI,222693.0,KAC_AIRPORT,airline,ESR,이스타항공,"{""yyyymm"": ""202502""}"
2025-02-28,kac_S_FPI,2631.0,KAC_AIRPORT,airline,EVA,에바항공,"{""yyyymm"": ""202502""}"
2025-02-28,kac_S_FPI,13820.0,KAC_AIRPORT,airline,HKE,홍콩익스프레스,"{""yyyymm"": ""202502""}"
2025-02-28,kac_S_FPI,16810.0,KAC_AIRPORT,airline,HVN,베트남항공,"{""yyyymm"": ""202502""}"
2025-02-28,kac_S_FPI,17938.0,KAC_AIRPORT,airline,JAL,일본항공,"{""yyyymm"": ""202502""}"
2025-02-28,kac_S_FPI,355784.0,KAC_AIRPORT,airline,JJA,제주항공,"{""yyyymm"": ""202502""}"
2025-02-28,kac_S_FPI,365687.0,KAC_AIRPORT,airline,JNA,진에어,"{""yyyymm"": ""202502""}"
2025-02-28,kac_S_FPI,514577.0,KAC_AIRPORT,airline,KAL,대한항공,"{""yyyymm"": ""202502""}"
2025-02-28,kac_S_FPI,1005.0,KAC_AIRPORT,airline,MGL,몽골항공,"{""yyyymm"": ""202502""}"
2025-02-28,kac_S_FPI,6230.0,KAC_AIRPORT,airline,PAL,필리핀항공,"{""yyyymm"": ""202502""}"
2025-02-28,kac_S_FPI,379.0,KAC_AIRPORT,airline,QDA,칭다오항공,"{""yyyymm"": ""202502""}"
2025-02-28,kac_S_FPI,178.0,KAC_AIRPORT,airline,RYL,로얄에어필리핀,"{""yyyymm"": ""202502""}"
2025-02-28,kac_S_FPI,2301.0,KAC_AIRPORT,airline,SIA,싱가포르항공,"{""yyyymm"": ""202502""}"
2025-02-28,kac_S_FPI,3820.0,KAC_AIRPORT,airline,TGW,스쿠트 항공,"{""yyyymm"": ""202502""}"
2025-02-28,kac_S_FPI,8394.0,KAC_AIRPORT,airline,TTW,타이거에어 타이완,"{""yyyymm"": ""202502""}"
2025-02-28,kac_S_FPI,364505.0,KAC_AIRPORT,airline,TWB,티웨이항공,"{""yyyymm"": ""202502""}"
2025-02-28,kac_S_FPI,50860.0,KAC_AIRPORT,airline,VJC,비엣젯항공,"{""yyyymm"": ""202502""}"
2025-02-28,kac_S_FPO,354787.0,KAC_AIRPORT,airline,AAR,아시아나항공,"{""yyyymm"": ""202502""}"
2025-02-28,kac_S_FPO,240068.0,KAC_AIRPORT,airline,ABL,에어부산,"{""yyyymm"": ""202502""}"
2025-02-28,kac_S_FPO,16612.0,KAC_AIRPORT,airline,ANA,전일본공수,"{""yyyymm"": ""202502""}"
2025-02-28,kac_S_FPO,42265.0,KAC_AIRPORT,airline,ASV,에어서울,"{""yyyymm"": ""202502""}"
2025-02-28,kac_S_FPO,11820.0,KAC_AIRPORT,airline,CAL,중화항공,"{""yyyymm"": ""202502""}"
2025-02-28,kac_S_FPO,1085.0,KAC_AIRPORT,airline,CBJ,북경수도항공,"{""yyyymm"": ""202502""}"
2025-02-28,kac_S_FPO,4967.0,KAC_AIRPORT,airline,CCA,중국국제항공,"{""yyyymm"": ""202502""}"
2025-02-28,kac_S_FPO,4035.0,KAC_AIRPORT,airline,CDC,룽에어,"{""yyyymm"": ""202502""}"
2025-02-28,kac_S_FPO,21286.0,KAC_AIRPORT,airline,CES,중국동방항공,"{""yyyymm"": ""202502""}"
2025-02-28,kac_S_FPO,31955.0,KAC_AIRPORT,airline,CQH,춘추항공,"{""yyyymm"": ""202502""}"
2025-02-28,kac_S_FPO,10900.0,KAC_AIRPORT,airline,CSH,상해항공,"{""yyyymm"": ""202502""}"
2025-02-28,kac_S_FPO,5594.0,KAC_AIRPORT,airline,CSN,중국남방항공,"{""yyyymm"": ""202502""}"
2025-02-28,kac_S_FPO,604.0,KAC_AIRPORT,airline,CSZ,중국심천항공,"{""yyyymm"": ""202502""}"
2025-02-28,kac_S_FPO,610.0,KAC_AIRPORT,airline,CXA,하문항공,"{""yyyymm"": ""202502""}"
2025-02-28,kac_S_FPO,9700.0,KAC_AIRPORT,airline,DKH,길상항공(준야오),"{""yyyymm"": ""202502""}"
2025-02-28,kac_S_FPO,42826.0,KAC_AIRPORT,airline,EOK,에어로케이항공,"{""yyyymm"": ""202502""}"
2025-02-28,kac_S_FPO,223243.0,KAC_AIRPORT,airline,ESR,이스타항공,"{""yyyymm"": ""202502""}"
2025-02-28,kac_S_FPO,2906.0,KAC_AIRPORT,airline,EVA,에바항공,"{""yyyymm"": ""202502""}"
2025-02-28,kac_S_FPO,15428.0,KAC_AIRPORT,airline,HKE,홍콩익스프레스,"{""yyyymm"": ""202502""}"
2025-02-28,kac_S_FPO,15042.0,KAC_AIRPORT,airline,HVN,베트남항공,"{""yyyymm"": ""202502""}"
2025-02-28,kac_S_FPO,17564.0,KAC_AIRPORT,airline,JAL,일본항공,"{""yyyymm"": ""202502""}"
2025-02-28,kac_S_FPO,354360.0,KAC_AIRPORT,airline,JJA,제주항공,"{""yyyymm"": ""202502""}"
2025-02-28,kac_S_FPO,365633.0,KAC_AIRPORT,airline,JNA,진에어,"{""yyyymm"": ""202502""}"
2025-02-28,kac_S_FPO,513983.0,KAC_AIRPORT,airline,KAL,대한항공,"{""yyyymm"": ""202502""}"
2025-02-28,kac_S_FPO,1118.0,KAC_AIRPORT,airline,MGL,몽골항공,"{""yyyymm"": ""202502""}"
2025-02-28,kac_S_FPO,5710.0,KAC_AIRPORT,airline,PAL,필리핀항공,"{""yyyymm"": ""202502""}"
2025-02-28,kac_S_FPO,168.0,KAC_AIRPORT,airline,QDA,칭다오항공,"{""yyyymm"": ""202502""}"
2025-02-28,kac_S_FPO,173.0,KAC_AIRPORT,airline,RYL,로얄에어필리핀,"{""yyyymm"": ""202502""}"
2025-02-28,kac_S_FPO,2321.0,KAC_AIRPORT,airline,SIA,싱가포르항공,"{""yyyymm"": ""202502""}"
2025-02-28,kac_S_FPO,3378.0,KAC_AIRPORT,airline,TGW,스쿠트 항공,"{""yyyymm"": ""202502""}"
2025-02-28,kac_S_FPO,8906.0,KAC_AIRPORT,airline,TTW,타이거에어 타이완,"{""yyyymm"": ""202502""}"
2025-02-28,kac_S_FPO,365239.0,KAC_AIRPORT,airline,TWB,티웨이항공,"{""yyyymm"": ""202502""}"
2025-02-28,kac_S_FPO,43304.0,KAC_AIRPORT,airline,VJC,비엣젯항공,"{""yyyymm"": ""202502""}"
2025-02-28,kac_S_MFI,0.0,KAC_AIRPORT,airline,AAR,아시아나항공,"{""yyyymm"": ""202502""}"
2025-02-28,kac_S_MFI,0.0,KAC_AIRPORT,airline,ABL,에어부산,"{""yyyymm"": ""202502""}"
2025-02-28,kac_S_MFI,0.0,KAC_AIRPORT,airline,ANA,전일본공수,"{""yyyymm"": ""202502""}"
2025-02-28,kac_S_MFI,0.0,KAC_AIRPORT,airline,ASV,에어서울,"{""yyyymm"": ""202502""}"
2025-02-28,kac_S_MFI,0.0,KAC_AIRPORT,airline,CAL,중화항공,"{""yyyymm"": ""202502""}"
2025-02-28,kac_S_MFI,0.0,KAC_AIRPORT,airline,CBJ,북경수도항공,"{""yyyymm"": ""202502""}"
2025-02-28,kac_S_MFI,0.0,KAC_AIRPORT,airline,CCA,중국국제항공,"{""yyyymm"": ""202502""}"
2025-02-28,kac_S_MFI,0.0,KAC_AIRPORT,airline,CDC,룽에어,"{""yyyymm"": ""202502""}"
2025-02-28,kac_S_MFI,0.0,KAC_AIRPORT,airline,CES,중국동방항공,"{""yyyymm"": ""202502""}"
2025-02-28,kac_S_MFI,0.0,KAC_AIRPORT,airline,CQH,춘추항공,"{""yyyymm"": ""202502""}"
2025-02-28,kac_S_MFI,0.0,KAC_AIRPORT,airline,CSH,상해항공,"{""yyyymm"": ""202502""}"
2025-02-28,kac_S_MFI,0.0,KAC_AIRPORT,airline,CSN,중국남방항공,"{""yyyymm"": ""202502""}"
2025-02-28,kac_S_MFI,0.0,KAC_AIRPORT,airline,CSZ,중국심천항공,"{""yyyymm"": ""202502""}"
2025-02-28,kac_S_MFI,0.0,KAC_AIRPORT,airline,CXA,하문항공,"{""yyyymm"": ""202502""}"
2025-02-28,kac_S_MFI,0.0,KAC_AIRPORT,airline,DKH,길상항공(준야오),"{""yyyymm"": ""202502""}"
2025-02-28,kac_S_MFI,0.0,KAC_AIRPORT,airline,EOK,에어로케이항공,"{""yyyymm"": ""202502""}"
2025-02-28,kac_S_MFI,0.0,KAC_AIRPORT,airline,ESR,이스타항공,"{""yyyymm"": ""202502""}"
2025-02-28,kac_S_MFI,0.0,KAC_AIRPORT,airline,EVA,에바항공,"{""yyyymm"": ""202502""}"
2025-02-28,kac_S_MFI,0.0,KAC_AIRPORT,airline,HKE,홍콩익스프레스,"{""yyyymm"": ""202502""}"
2025-02-28,kac_S_MFI,0.0,KAC_AIRPORT,airline,HVN,베트남항공,"{""yyyymm"": ""202502""}"
2025-02-28,kac_S_MFI,15022.0,KAC_AIRPORT,airline,JAL,일본항공,"{""yyyymm"": ""202502""}"
2025-02-28,kac_S_MFI,0.0,KAC_AIRPORT,airline,JJA,제주항공,"{""yyyymm"": ""202502""}"
2025-02-28,kac_S_MFI,0.0,KAC_AIRPORT,airline,JNA,진에어,"{""yyyymm"": ""202502""}"
2025-02-28,kac_S_MFI,39041.0,KAC_AIRPORT,airline,KAL,대한항공,"{""yyyymm"": ""202502""}"
2025-02-28,kac_S_MFI,0.0,KAC_AIRPORT,airline,MGL,몽골항공,"{""yyyymm"": ""202502""}"
2025-02-28,kac_S_MFI,0.0,KAC_AIRPORT,airline,PAL,필리핀항공,"{""yyyymm"": ""202502""}"
2025-02-28,kac_S_MFI,0.0,KAC_AIRPORT,airline,QDA,칭다오항공,"{""yyyymm"": ""202502""}"
2025-02-28,kac_S_MFI,0.0,KAC_AIRPORT,airline,RYL,로얄에어필리핀,"{""yyyymm"": ""202502""}"
2025-02-28,kac_S_MFI,0.0,KAC_AIRPORT,airline,SIA,싱가포르항공,"{""yyyymm"": ""202502""}"
2025-02-28,kac_S_MFI,0.0,KAC_AIRPORT,airline,TGW,스쿠트 항공,"{""yyyymm"": ""202502""}"
2025-02-28,kac_S_MFI,0.0,KAC_AIRPORT,airline,TTW,타이거에어 타이완,"{""yyyymm"": ""202502""}"
2025-02-28,kac_S_MFI,1879.0,KAC_AIRPORT,airline,TWB,티웨이항공,"{""yyyymm"": ""202502""}"
2025-02-28,kac_S_MFI,71.0,KAC_AIRPORT,airline,VJC,비엣젯항공,"{""yyyymm"": ""202502""}"
2025-02-28,kac_S_MFO,0.0,KAC_AIRPORT,airline,AAR,아시아나항공,"{""yyyymm"": ""202502""}"
2025-02-28,kac_S_MFO,0.0,KAC_AIRPORT,airline,ABL,에어부산,"{""yyyymm"": ""202502""}"
2025-02-28,kac_S_MFO,0.0,KAC_AIRPORT,airline,ANA,전일본공수,"{""yyyymm"": ""202502""}"
2025-02-28,kac_S_MFO,0.0,KAC_AIRPORT,airline,ASV,에어서울,"{""yyyymm"": ""202502""}"
2025-02-28,kac_S_MFO,0.0,KAC_AIRPORT,airline,CAL,중화항공,"{""yyyymm"": ""202502""}"
2025-02-28,kac_S_MFO,0.0,KAC_AIRPORT,airline,CBJ,북경수도항공,"{""yyyymm"": ""202502""}"
2025-02-28,kac_S_MFO,0.0,KAC_AIRPORT,airline,CCA,중국국제항공,"{""yyyymm"": ""202502""}"
2025-02-28,kac_S_MFO,0.0,KAC_AIRPORT,airline,CDC,룽에어,"{""yyyymm"": ""202502""}"
2025-02-28,kac_S_MFO,0.0,KAC_AIRPORT,airline,CES,중국동방항공,"{""yyyymm"": ""202502""}"
2025-02-28,kac_S_MFO,0.0,KAC_AIRPORT,airline,CQH,춘추항공,"{""yyyymm"": ""202502""}"
2025-02-28,kac_S_MFO,0.0,KAC_AIRPORT,airline,CSH,상해항공,"{""yyyymm"": ""202502""}"
2025-02-28,kac_S_MFO,0.0,KAC_AIRPORT,airline,CSN,중국남방항공,"{""yyyymm"": ""202502""}"
2025-02-28,kac_S_MFO,0.0,KAC_AIRPORT,airline,CSZ,중국심천항공,"{""yyyymm"": ""202502""}"
2025-02-28,kac_S_MFO,0.0,KAC_AIRPORT,airline,CXA,하문항공,"{""yyyymm"": ""202502""}"
2025-02-28,kac_S_MFO,0.0,KAC_AIRPORT,airline,DKH,길상항공(준야오),"{""yyyymm"": ""202502""}"
2025-02-28,kac_S_MFO,0.0,KAC_AIRPORT,airline,EOK,에어로케이항공,"{""yyyymm"": ""202502""}"
2025-02-28,kac_S_MFO,0.0,KAC_AIRPORT,airline,ESR,이스타항공,"{""yyyymm"": ""202502""}"
2025-02-28,kac_S_MFO,0.0,KAC_AIRPORT,airline,EVA,에바항공,"{""yyyymm"": ""202502""}"
2025-02-28,kac_S_MFO,0.0,KAC_AIRPORT,airline,HKE,홍콩익스프레스,"{""yyyymm"": ""202502""}"
2025-02-28,kac_S_MFO,0.0,KAC_AIRPORT,airline,HVN,베트남항공,"{""yyyymm"": ""202502""}"
2025-02-28,kac_S_MFO,0.0,KAC_AIRPORT,airline,JAL,일본항공,"{""yyyymm"": ""202502""}"
2025-02-28,kac_S_MFO,1724.0,KAC_AIRPORT,airline,JJA,제주항공,"{""yyyymm"": ""202502""}"
2025-02-28,kac_S_MFO,0.0,KAC_AIRPORT,airline,JNA,진에어,"{""yyyymm"": ""202502""}"
2025-02-28,kac_S_MFO,0.0,KAC_AIRPORT,airline,KAL,대한항공,"{""yyyymm"": ""202502""}"
2025-02-28,kac_S_MFO,0.0,KAC_AIRPORT,airline,MGL,몽골항공,"{""yyyymm"": ""202502""}"
2025-02-28,kac_S_MFO,0.0,KAC_AIRPORT,airline,PAL,필리핀항공,"{""yyyymm"": ""202502""}"
2025-02-28,kac_S_MFO,0.0,KAC_AIRPORT,airline,QDA,칭다오항공,"{""yyyymm"": ""202502""}"
2025-02-28,kac_S_MFO,0.0,KAC_AIRPORT,airline,RYL,로얄에어필리핀,"{""yyyymm"": ""202502""}"
2025-02-28,kac_S_MFO,0.0,KAC_AIRPORT,airline,SIA,싱가포르항공,"{""yyyymm"": ""202502""}"
2025-02-28,kac_S_MFO,0.0,KAC_AIRPORT,airline,TGW,스쿠트 항공,"{""yyyymm"": ""202502""}"
2025-02-28,kac_S_MFO,0.0,KAC_AIRPORT,airline,TTW,타이거에어 타이완,"{""yyyymm"": ""202502""}"
2025-02-28,kac_S_MFO,723.0,KAC_AIRPORT,airline,TWB,티웨이항공,"{""yyyymm"": ""202502""}"
2025-02-28,kac_S_MFO,0.0,KAC_AIRPORT,airline,VJC,비엣젯항공,"{""yyyymm"": ""202502""}"
2025-02-28,kac_S_NPI,2958.0,KAC_AIRPORT,airline,AAR,아시아나항공,"{""yyyymm"": ""202502""}"
2025-02-28,kac_S_NPI,946.0,KAC_AIRPORT,airline,ABL,에어부산,"{""yyyymm"": ""202502""}"
2025-02-28,kac_S_NPI,58.0,KAC_AIRPORT,airline,ANA,전일본공수,"{""yyyymm"": ""202502""}"
2025-02-28,kac_S_NPI,247.0,KAC_AIRPORT,airline,ASV,에어서울,"{""yyyymm"": ""202502""}"
2025-02-28,kac_S_NPI,69.0,KAC_AIRPORT,airline,CAL,중화항공,"{""yyyymm"": ""202502""}"
2025-02-28,kac_S_NPI,2.0,KAC_AIRPORT,airline,CBJ,북경수도항공,"{""yyyymm"": ""202502""}"
2025-02-28,kac_S_NPI,11.0,KAC_AIRPORT,airline,CCA,중국국제항공,"{""yyyymm"": ""202502""}"
2025-02-28,kac_S_NPI,4.0,KAC_AIRPORT,airline,CDC,룽에어,"{""yyyymm"": ""202502""}"
2025-02-28,kac_S_NPI,36.0,KAC_AIRPORT,airline,CES,중국동방항공,"{""yyyymm"": ""202502""}"
2025-02-28,kac_S_NPI,21.0,KAC_AIRPORT,airline,CQH,춘추항공,"{""yyyymm"": ""202502""}"
2025-02-28,kac_S_NPI,30.0,KAC_AIRPORT,airline,CSH,상해항공,"{""yyyymm"": ""202502""}"
2025-02-28,kac_S_NPI,29.0,KAC_AIRPORT,airline,CSN,중국남방항공,"{""yyyymm"": ""202502""}"
2025-02-28,kac_S_NPI,3.0,KAC_AIRPORT,airline,CSZ,중국심천항공,"{""yyyymm"": ""202502""}"
2025-02-28,kac_S_NPI,2.0,KAC_AIRPORT,airline,CXA,하문항공,"{""yyyymm"": ""202502""}"
2025-02-28,kac_S_NPI,34.0,KAC_AIRPORT,airline,DKH,길상항공(준야오),"{""yyyymm"": ""202502""}"
2025-02-28,kac_S_NPI,165.0,KAC_AIRPORT,airline,EOK,에어로케이항공,"{""yyyymm"": ""202502""}"
2025-02-28,kac_S_NPI,1033.0,KAC_AIRPORT,airline,ESR,이스타항공,"{""yyyymm"": ""202502""}"
2025-02-28,kac_S_NPI,15.0,KAC_AIRPORT,airline,EVA,에바항공,"{""yyyymm"": ""202502""}"
2025-02-28,kac_S_NPI,28.0,KAC_AIRPORT,airline,HKE,홍콩익스프레스,"{""yyyymm"": ""202502""}"
2025-02-28,kac_S_NPI,256.0,KAC_AIRPORT,airline,HVN,베트남항공,"{""yyyymm"": ""202502""}"
2025-02-28,kac_S_NPI,46.0,KAC_AIRPORT,airline,JAL,일본항공,"{""yyyymm"": ""202502""}"
2025-02-28,kac_S_NPI,1650.0,KAC_AIRPORT,airline,JJA,제주항공,"{""yyyymm"": ""202502""}"
2025-02-28,kac_S_NPI,2462.0,KAC_AIRPORT,airline,JNA,진에어,"{""yyyymm"": ""202502""}"
2025-02-28,kac_S_NPI,3748.0,KAC_AIRPORT,airline,KAL,대한항공,"{""yyyymm"": ""202502""}"
2025-02-28,kac_S_NPI,16.0,KAC_AIRPORT,airline,MGL,몽골항공,"{""yyyymm"": ""202502""}"
2025-02-28,kac_S_NPI,7.0,KAC_AIRPORT,airline,PAL,필리핀항공,"{""yyyymm"": ""202502""}"
2025-02-28,kac_S_NPI,3.0,KAC_AIRPORT,airline,QDA,칭다오항공,"{""yyyymm"": ""202502""}"
2025-02-28,kac_S_NPI,0.0,KAC_AIRPORT,airline,RYL,로얄에어필리핀,"{""yyyymm"": ""202502""}"
2025-02-28,kac_S_NPI,14.0,KAC_AIRPORT,airline,SIA,싱가포르항공,"{""yyyymm"": ""202502""}"
2025-02-28,kac_S_NPI,18.0,KAC_AIRPORT,airline,TGW,스쿠트 항공,"{""yyyymm"": ""202502""}"
2025-02-28,kac_S_NPI,49.0,KAC_AIRPORT,airline,TTW,타이거에어 타이완,"{""yyyymm"": ""202502""}"
2025-02-28,kac_S_NPI,1954.0,KAC_AIRPORT,airline,TWB,티웨이항공,"{""yyyymm"": ""202502""}"
2025-02-28,kac_S_NPI,289.0,KAC_AIRPORT,airline,VJC,비엣젯항공,"{""yyyymm"": ""202502""}"
2025-02-28,kac_S_NPO,2919.0,KAC_AIRPORT,airline,AAR,아시아나항공,"{""yyyymm"": ""202502""}"
2025-02-28,kac_S_NPO,929.0,KAC_AIRPORT,airline,ABL,에어부산,"{""yyyymm"": ""202502""}"
2025-02-28,kac_S_NPO,48.0,KAC_AIRPORT,airline,ANA,전일본공수,"{""yyyymm"": ""202502""}"
2025-02-28,kac_S_NPO,247.0,KAC_AIRPORT,airline,ASV,에어서울,"{""yyyymm"": ""202502""}"
2025-02-28,kac_S_NPO,72.0,KAC_AIRPORT,airline,CAL,중화항공,"{""yyyymm"": ""202502""}"
2025-02-28,kac_S_NPO,2.0,KAC_AIRPORT,airline,CBJ,북경수도항공,"{""yyyymm"": ""202502""}"
2025-02-28,kac_S_NPO,28.0,KAC_AIRPORT,airline,CCA,중국국제항공,"{""yyyymm"": ""202502""}"
2025-02-28,kac_S_NPO,7.0,KAC_AIRPORT,airline,CDC,룽에어,"{""yyyymm"": ""202502""}"
2025-02-28,kac_S_NPO,69.0,KAC_AIRPORT,airline,CES,중국동방항공,"{""yyyymm"": ""202502""}"
2025-02-28,kac_S_NPO,28.0,KAC_AIRPORT,airline,CQH,춘추항공,"{""yyyymm"": ""202502""}"
2025-02-28,kac_S_NPO,21.0,KAC_AIRPORT,airline,CSH,상해항공,"{""yyyymm"": ""202502""}"
2025-02-28,kac_S_NPO,13.0,KAC_AIRPORT,airline,CSN,중국남방항공,"{""yyyymm"": ""202502""}"
2025-02-28,kac_S_NPO,5.0,KAC_AIRPORT,airline,CSZ,중국심천항공,"{""yyyymm"": ""202502""}"
2025-02-28,kac_S_NPO,1.0,KAC_AIRPORT,airline,CXA,하문항공,"{""yyyymm"": ""202502""}"
2025-02-28,kac_S_NPO,31.0,KAC_AIRPORT,airline,DKH,길상항공(준야오),"{""yyyymm"": ""202502""}"
2025-02-28,kac_S_NPO,118.0,KAC_AIRPORT,airline,EOK,에어로케이항공,"{""yyyymm"": ""202502""}"
2025-02-28,kac_S_NPO,1029.0,KAC_AIRPORT,airline,ESR,이스타항공,"{""yyyymm"": ""202502""}"
2025-02-28,kac_S_NPO,13.0,KAC_AIRPORT,airline,EVA,에바항공,"{""yyyymm"": ""202502""}"
2025-02-28,kac_S_NPO,44.0,KAC_AIRPORT,airline,HKE,홍콩익스프레스,"{""yyyymm"": ""202502""}"
2025-02-28,kac_S_NPO,192.0,KAC_AIRPORT,airline,HVN,베트남항공,"{""yyyymm"": ""202502""}"
2025-02-28,kac_S_NPO,58.0,KAC_AIRPORT,airline,JAL,일본항공,"{""yyyymm"": ""202502""}"
2025-02-28,kac_S_NPO,1622.0,KAC_AIRPORT,airline,JJA,제주항공,"{""yyyymm"": ""202502""}"
2025-02-28,kac_S_NPO,2477.0,KAC_AIRPORT,airline,JNA,진에어,"{""yyyymm"": ""202502""}"
2025-02-28,kac_S_NPO,3789.0,KAC_AIRPORT,airline,KAL,대한항공,"{""yyyymm"": ""202502""}"
2025-02-28,kac_S_NPO,16.0,KAC_AIRPORT,airline,MGL,몽골항공,"{""yyyymm"": ""202502""}"
2025-02-28,kac_S_NPO,8.0,KAC_AIRPORT,airline,PAL,필리핀항공,"{""yyyymm"": ""202502""}"
2025-02-28,kac_S_NPO,3.0,KAC_AIRPORT,airline,QDA,칭다오항공,"{""yyyymm"": ""202502""}"
2025-02-28,kac_S_NPO,0.0,KAC_AIRPORT,airline,RYL,로얄에어필리핀,"{""yyyymm"": ""202502""}"
2025-02-28,kac_S_NPO,11.0,KAC_AIRPORT,airline,SIA,싱가포르항공,"{""yyyymm"": ""202502""}"
2025-02-28,kac_S_NPO,16.0,KAC_AIRPORT,airline,TGW,스쿠트 항공,"{""yyyymm"": ""202502""}"
2025-02-28,kac_S_NPO,45.0,KAC_AIRPORT,airline,TTW,타이거에어 타이완,"{""yyyymm"": ""202502""}"
2025-02-28,kac_S_NPO,1971.0,KAC_AIRPORT,airline,TWB,티웨이항공,"{""yyyymm"": ""202502""}"
2025-02-28,kac_S_NPO,213.0,KAC_AIRPORT,airline,VJC,비엣젯항공,"{""yyyymm"": ""202502""}"
2025-02-28,kac_S_OCI,2005.0,KAC_AIRPORT,airline,AAR,아시아나항공,"{""yyyymm"": ""202502""}"
2025-02-28,kac_S_OCI,1384.0,KAC_AIRPORT,airline,ABL,에어부산,"{""yyyymm"": ""202502""}"
2025-02-28,kac_S_OCI,84.0,KAC_AIRPORT,airline,ANA,전일본공수,"{""yyyymm"": ""202502""}"
2025-02-28,kac_S_OCI,206.0,KAC_AIRPORT,airline,ASV,에어서울,"{""yyyymm"": ""202502""}"
2025-02-28,kac_S_OCI,76.0,KAC_AIRPORT,airline,CAL,중화항공,"{""yyyymm"": ""202502""}"
2025-02-28,kac_S_OCI,7.0,KAC_AIRPORT,airline,CBJ,북경수도항공,"{""yyyymm"": ""202502""}"
2025-02-28,kac_S_OCI,43.0,KAC_AIRPORT,airline,CCA,중국국제항공,"{""yyyymm"": ""202502""}"
2025-02-28,kac_S_OCI,26.0,KAC_AIRPORT,airline,CDC,룽에어,"{""yyyymm"": ""202502""}"
2025-02-28,kac_S_OCI,131.0,KAC_AIRPORT,airline,CES,중국동방항공,"{""yyyymm"": ""202502""}"
2025-02-28,kac_S_OCI,188.0,KAC_AIRPORT,airline,CQH,춘추항공,"{""yyyymm"": ""202502""}"
2025-02-28,kac_S_OCI,56.0,KAC_AIRPORT,airline,CSH,상해항공,"{""yyyymm"": ""202502""}"
2025-02-28,kac_S_OCI,36.0,KAC_AIRPORT,airline,CSN,중국남방항공,"{""yyyymm"": ""202502""}"
2025-02-28,kac_S_OCI,4.0,KAC_AIRPORT,airline,CSZ,중국심천항공,"{""yyyymm"": ""202502""}"
2025-02-28,kac_S_OCI,8.0,KAC_AIRPORT,airline,CXA,하문항공,"{""yyyymm"": ""202502""}"
2025-02-28,kac_S_OCI,61.0,KAC_AIRPORT,airline,DKH,길상항공(준야오),"{""yyyymm"": ""202502""}"
2025-02-28,kac_S_OCI,270.0,KAC_AIRPORT,airline,EOK,에어로케이항공,"{""yyyymm"": ""202502""}"
2025-02-28,kac_S_OCI,1298.0,KAC_AIRPORT,airline,ESR,이스타항공,"{""yyyymm"": ""202502""}"
2025-02-28,kac_S_OCI,16.0,KAC_AIRPORT,airline,EVA,에바항공,"{""yyyymm"": ""202502""}"
2025-02-28,kac_S_OCI,84.0,KAC_AIRPORT,airline,HKE,홍콩익스프레스,"{""yyyymm"": ""202502""}"
2025-02-28,kac_S_OCI,56.0,KAC_AIRPORT,airline,HVN,베트남항공,"{""yyyymm"": ""202502""}"
2025-02-28,kac_S_OCI,84.0,KAC_AIRPORT,airline,JAL,일본항공,"{""yyyymm"": ""202502""}"
2025-02-28,kac_S_OCI,2178.0,KAC_AIRPORT,airline,JJA,제주항공,"{""yyyymm"": ""202502""}"
2025-02-28,kac_S_OCI,2343.0,KAC_AIRPORT,airline,JNA,진에어,"{""yyyymm"": ""202502""}"
2025-02-28,kac_S_OCI,3397.0,KAC_AIRPORT,airline,KAL,대한항공,"{""yyyymm"": ""202502""}"
2025-02-28,kac_S_OCI,7.0,KAC_AIRPORT,airline,MGL,몽골항공,"{""yyyymm"": ""202502""}"
2025-02-28,kac_S_OCI,28.0,KAC_AIRPORT,airline,PAL,필리핀항공,"{""yyyymm"": ""202502""}"
2025-02-28,kac_S_OCI,3.0,KAC_AIRPORT,airline,QDA,칭다오항공,"{""yyyymm"": ""202502""}"
2025-02-28,kac_S_OCI,1.0,KAC_AIRPORT,airline,RYL,로얄에어필리핀,"{""yyyymm"": ""202502""}"
2025-02-28,kac_S_OCI,16.0,KAC_AIRPORT,airline,SIA,싱가포르항공,"{""yyyymm"": ""202502""}"
2025-02-28,kac_S_OCI,20.0,KAC_AIRPORT,airline,TGW,스쿠트 항공,"{""yyyymm"": ""202502""}"
2025-02-28,kac_S_OCI,60.0,KAC_AIRPORT,airline,TTW,타이거에어 타이완,"{""yyyymm"": ""202502""}"
2025-02-28,kac_S_OCI,2121.0,KAC_AIRPORT,airline,TWB,티웨이항공,"{""yyyymm"": ""202502""}"
2025-02-28,kac_S_OCI,248.0,KAC_AIRPORT,airline,VJC,비엣젯항공,"{""yyyymm"": ""202502""}"
2025-02-28,kac_S_OCO,2006.0,KAC_AIRPORT,airline,AAR,아시아나항공,"{""yyyymm"": ""202502""}"
2025-02-28,kac_S_OCO,1384.0,KAC_AIRPORT,airline,ABL,에어부산,"{""yyyymm"": ""202502""}"
2025-02-28,kac_S_OCO,84.0,KAC_AIRPORT,airline,ANA,전일본공수,"{""yyyymm"": ""202502""}"
2025-02-28,kac_S_OCO,206.0,KAC_AIRPORT,airline,ASV,에어서울,"{""yyyymm"": ""202502""}"
2025-02-28,kac_S_OCO,76.0,KAC_AIRPORT,airline,CAL,중화항공,"{""yyyymm"": ""202502""}"
2025-02-28,kac_S_OCO,7.0,KAC_AIRPORT,airline,CBJ,북경수도항공,"{""yyyymm"": ""202502""}"
2025-02-28,kac_S_OCO,43.0,KAC_AIRPORT,airline,CCA,중국국제항공,"{""yyyymm"": ""202502""}"
2025-02-28,kac_S_OCO,26.0,KAC_AIRPORT,airline,CDC,룽에어,"{""yyyymm"": ""202502""}"
2025-02-28,kac_S_OCO,131.0,KAC_AIRPORT,airline,CES,중국동방항공,"{""yyyymm"": ""202502""}"
2025-02-28,kac_S_OCO,189.0,KAC_AIRPORT,airline,CQH,춘추항공,"{""yyyymm"": ""202502""}"
2025-02-28,kac_S_OCO,56.0,KAC_AIRPORT,airline,CSH,상해항공,"{""yyyymm"": ""202502""}"
2025-02-28,kac_S_OCO,36.0,KAC_AIRPORT,airline,CSN,중국남방항공,"{""yyyymm"": ""202502""}"
2025-02-28,kac_S_OCO,4.0,KAC_AIRPORT,airline,CSZ,중국심천항공,"{""yyyymm"": ""202502""}"
2025-02-28,kac_S_OCO,8.0,KAC_AIRPORT,airline,CXA,하문항공,"{""yyyymm"": ""202502""}"
2025-02-28,kac_S_OCO,61.0,KAC_AIRPORT,airline,DKH,길상항공(준야오),"{""yyyymm"": ""202502""}"
2025-02-28,kac_S_OCO,276.0,KAC_AIRPORT,airline,EOK,에어로케이항공,"{""yyyymm"": ""202502""}"
2025-02-28,kac_S_OCO,1299.0,KAC_AIRPORT,airline,ESR,이스타항공,"{""yyyymm"": ""202502""}"
2025-02-28,kac_S_OCO,16.0,KAC_AIRPORT,airline,EVA,에바항공,"{""yyyymm"": ""202502""}"
2025-02-28,kac_S_OCO,84.0,KAC_AIRPORT,airline,HKE,홍콩익스프레스,"{""yyyymm"": ""202502""}"
2025-02-28,kac_S_OCO,56.0,KAC_AIRPORT,airline,HVN,베트남항공,"{""yyyymm"": ""202502""}"
2025-02-28,kac_S_OCO,84.0,KAC_AIRPORT,airline,JAL,일본항공,"{""yyyymm"": ""202502""}"
2025-02-28,kac_S_OCO,2183.0,KAC_AIRPORT,airline,JJA,제주항공,"{""yyyymm"": ""202502""}"
2025-02-28,kac_S_OCO,2343.0,KAC_AIRPORT,airline,JNA,진에어,"{""yyyymm"": ""202502""}"
2025-02-28,kac_S_OCO,3402.0,KAC_AIRPORT,airline,KAL,대한항공,"{""yyyymm"": ""202502""}"
2025-02-28,kac_S_OCO,7.0,KAC_AIRPORT,airline,MGL,몽골항공,"{""yyyymm"": ""202502""}"
2025-02-28,kac_S_OCO,28.0,KAC_AIRPORT,airline,PAL,필리핀항공,"{""yyyymm"": ""202502""}"
2025-02-28,kac_S_OCO,3.0,KAC_AIRPORT,airline,QDA,칭다오항공,"{""yyyymm"": ""202502""}"
2025-02-28,kac_S_OCO,1.0,KAC_AIRPORT,airline,RYL,로얄에어필리핀,"{""yyyymm"": ""202502""}"
2025-02-28,kac_S_OCO,16.0,KAC_AIRPORT,airline,SIA,싱가포르항공,"{""yyyymm"": ""202502""}"
2025-02-28,kac_S_OCO,20.0,KAC_AIRPORT,airline,TGW,스쿠트 항공,"{""yyyymm"": ""202502""}"
2025-02-28,kac_S_OCO,60.0,KAC_AIRPORT,airline,TTW,타이거에어 타이완,"{""yyyymm"": ""202502""}"
2025-02-28,kac_S_OCO,2123.0,KAC_AIRPORT,airline,TWB,티웨이항공,"{""yyyymm"": ""202502""}"
2025-02-28,kac_S_OCO,248.0,KAC_AIRPORT,airline,VJC,비엣젯항공,"{""yyyymm"": ""202502""}"
2025-02-28,kac_S_TSI,523.0,KAC_AIRPORT,airline,AAR,아시아나항공,"{""yyyymm"": ""202502""}"
2025-02-28,kac_S_TSI,117.0,KAC_AIRPORT,airline,ABL,에어부산,"{""yyyymm"": ""202502""}"
2025-02-28,kac_S_TSI,28.0,KAC_AIRPORT,airline,ANA,전일본공수,"{""yyyymm"": ""202502""}"
2025-02-28,kac_S_TSI,0.0,KAC_AIRPORT,airline,ASV,에어서울,"{""yyyymm"": ""202502""}"
2025-02-28,kac_S_TSI,1.0,KAC_AIRPORT,airline,CAL,중화항공,"{""yyyymm"": ""202502""}"
2025-02-28,kac_S_TSI,0.0,KAC_AIRPORT,airline,CBJ,북경수도항공,"{""yyyymm"": ""202502""}"
2025-02-28,kac_S_TSI,5.0,KAC_AIRPORT,airline,CCA,중국국제항공,"{""yyyymm"": ""202502""}"
2025-02-28,kac_S_TSI,0.0,KAC_AIRPORT,airline,CDC,룽에어,"{""yyyymm"": ""202502""}"
2025-02-28,kac_S_TSI,0.0,KAC_AIRPORT,airline,CES,중국동방항공,"{""yyyymm"": ""202502""}"
2025-02-28,kac_S_TSI,0.0,KAC_AIRPORT,airline,CQH,춘추항공,"{""yyyymm"": ""202502""}"
2025-02-28,kac_S_TSI,0.0,KAC_AIRPORT,airline,CSH,상해항공,"{""yyyymm"": ""202502""}"
2025-02-28,kac_S_TSI,11.0,KAC_AIRPORT,airline,CSN,중국남방항공,"{""yyyymm"": ""202502""}"
2025-02-28,kac_S_TSI,0.0,KAC_AIRPORT,airline,CSZ,중국심천항공,"{""yyyymm"": ""202502""}"
2025-02-28,kac_S_TSI,0.0,KAC_AIRPORT,airline,CXA,하문항공,"{""yyyymm"": ""202502""}"
2025-02-28,kac_S_TSI,0.0,KAC_AIRPORT,airline,DKH,길상항공(준야오),"{""yyyymm"": ""202502""}"
2025-02-28,kac_S_TSI,2.0,KAC_AIRPORT,airline,EOK,에어로케이항공,"{""yyyymm"": ""202502""}"
2025-02-28,kac_S_TSI,0.0,KAC_AIRPORT,airline,ESR,이스타항공,"{""yyyymm"": ""202502""}"
2025-02-28,kac_S_TSI,5.0,KAC_AIRPORT,airline,EVA,에바항공,"{""yyyymm"": ""202502""}"
2025-02-28,kac_S_TSI,0.0,KAC_AIRPORT,airline,HKE,홍콩익스프레스,"{""yyyymm"": ""202502""}"
2025-02-28,kac_S_TSI,2.0,KAC_AIRPORT,airline,HVN,베트남항공,"{""yyyymm"": ""202502""}"
2025-02-28,kac_S_TSI,28.0,KAC_AIRPORT,airline,JAL,일본항공,"{""yyyymm"": ""202502""}"
2025-02-28,kac_S_TSI,104.0,KAC_AIRPORT,airline,JJA,제주항공,"{""yyyymm"": ""202502""}"
2025-02-28,kac_S_TSI,67.0,KAC_AIRPORT,airline,JNA,진에어,"{""yyyymm"": ""202502""}"
2025-02-28,kac_S_TSI,295.0,KAC_AIRPORT,airline,KAL,대한항공,"{""yyyymm"": ""202502""}"
2025-02-28,kac_S_TSI,12.0,KAC_AIRPORT,airline,MGL,몽골항공,"{""yyyymm"": ""202502""}"
2025-02-28,kac_S_TSI,0.0,KAC_AIRPORT,airline,PAL,필리핀항공,"{""yyyymm"": ""202502""}"
2025-02-28,kac_S_TSI,0.0,KAC_AIRPORT,airline,QDA,칭다오항공,"{""yyyymm"": ""202502""}"
2025-02-28,kac_S_TSI,0.0,KAC_AIRPORT,airline,RYL,로얄에어필리핀,"{""yyyymm"": ""202502""}"
2025-02-28,kac_S_TSI,0.0,KAC_AIRPORT,airline,SIA,싱가포르항공,"{""yyyymm"": ""202502""}"
2025-02-28,kac_S_TSI,0.0,KAC_AIRPORT,airline,TGW,스쿠트 항공,"{""yyyymm"": ""202502""}"
2025-02-28,kac_S_TSI,0.0,KAC_AIRPORT,airline,TTW,타이거에어 타이완,"{""yyyymm"": ""202502""}"
2025-02-28,kac_S_TSI,0.0,KAC_AIRPORT,airline,TWB,티웨이항공,"{""yyyymm"": ""202502""}"
2025-02-28,kac_S_TSI,5.0,KAC_AIRPORT,airline,VJC,비엣젯항공,"{""yyyymm"": ""202502""}"
2025-02-28,kac_S_TSO,512.0,KAC_AIRPORT,airline,AAR,아시아나항공,"{""yyyymm"": ""202502""}"
2025-02-28,kac_S_TSO,117.0,KAC_AIRPORT,airline,ABL,에어부산,"{""yyyymm"": ""202502""}"
2025-02-28,kac_S_TSO,25.0,KAC_AIRPORT,airline,ANA,전일본공수,"{""yyyymm"": ""202502""}"
2025-02-28,kac_S_TSO,0.0,KAC_AIRPORT,airline,ASV,에어서울,"{""yyyymm"": ""202502""}"
2025-02-28,kac_S_TSO,5.0,KAC_AIRPORT,airline,CAL,중화항공,"{""yyyymm"": ""202502""}"
2025-02-28,kac_S_TSO,0.0,KAC_AIRPORT,airline,CBJ,북경수도항공,"{""yyyymm"": ""202502""}"
2025-02-28,kac_S_TSO,2.0,KAC_AIRPORT,airline,CCA,중국국제항공,"{""yyyymm"": ""202502""}"
2025-02-28,kac_S_TSO,0.0,KAC_AIRPORT,airline,CDC,룽에어,"{""yyyymm"": ""202502""}"
2025-02-28,kac_S_TSO,0.0,KAC_AIRPORT,airline,CES,중국동방항공,"{""yyyymm"": ""202502""}"
2025-02-28,kac_S_TSO,0.0,KAC_AIRPORT,airline,CQH,춘추항공,"{""yyyymm"": ""202502""}"
2025-02-28,kac_S_TSO,0.0,KAC_AIRPORT,airline,CSH,상해항공,"{""yyyymm"": ""202502""}"
2025-02-28,kac_S_TSO,2.0,KAC_AIRPORT,airline,CSN,중국남방항공,"{""yyyymm"": ""202502""}"
2025-02-28,kac_S_TSO,0.0,KAC_AIRPORT,airline,CSZ,중국심천항공,"{""yyyymm"": ""202502""}"
2025-02-28,kac_S_TSO,0.0,KAC_AIRPORT,airline,CXA,하문항공,"{""yyyymm"": ""202502""}"
2025-02-28,kac_S_TSO,0.0,KAC_AIRPORT,airline,DKH,길상항공(준야오),"{""yyyymm"": ""202502""}"
2025-02-28,kac_S_TSO,0.0,KAC_AIRPORT,airline,EOK,에어로케이항공,"{""yyyymm"": ""202502""}"
2025-02-28,kac_S_TSO,0.0,KAC_AIRPORT,airline,ESR,이스타항공,"{""yyyymm"": ""202502""}"
2025-02-28,kac_S_TSO,11.0,KAC_AIRPORT,airline,EVA,에바항공,"{""yyyymm"": ""202502""}"
2025-02-28,kac_S_TSO,0.0,KAC_AIRPORT,airline,HKE,홍콩익스프레스,"{""yyyymm"": ""202502""}"
2025-02-28,kac_S_TSO,1.0,KAC_AIRPORT,airline,HVN,베트남항공,"{""yyyymm"": ""202502""}"
2025-02-28,kac_S_TSO,19.0,KAC_AIRPORT,airline,JAL,일본항공,"{""yyyymm"": ""202502""}"
2025-02-28,kac_S_TSO,131.0,KAC_AIRPORT,airline,JJA,제주항공,"{""yyyymm"": ""202502""}"
2025-02-28,kac_S_TSO,69.0,KAC_AIRPORT,airline,JNA,진에어,"{""yyyymm"": ""202502""}"
2025-02-28,kac_S_TSO,289.0,KAC_AIRPORT,airline,KAL,대한항공,"{""yyyymm"": ""202502""}"
2025-02-28,kac_S_TSO,0.0,KAC_AIRPORT,airline,MGL,몽골항공,"{""yyyymm"": ""202502""}"
2025-02-28,kac_S_TSO,1.0,KAC_AIRPORT,airline,PAL,필리핀항공,"{""yyyymm"": ""202502""}"
2025-02-28,kac_S_TSO,0.0,KAC_AIRPORT,airline,QDA,칭다오항공,"{""yyyymm"": ""202502""}"
2025-02-28,kac_S_TSO,0.0,KAC_AIRPORT,airline,RYL,로얄에어필리핀,"{""yyyymm"": ""202502""}"
2025-02-28,kac_S_TSO,0.0,KAC_AIRPORT,airline,SIA,싱가포르항공,"{""yyyymm"": ""202502""}"
2025-02-28,kac_S_TSO,0.0,KAC_AIRPORT,airline,TGW,스쿠트 항공,"{""yyyymm"": ""202502""}"
2025-02-28,kac_S_TSO,0.0,KAC_AIRPORT,airline,TTW,타이거에어 타이완,"{""yyyymm"": ""202502""}"
2025-02-28,kac_S_TSO,0.0,KAC_AIRPORT,airline,TWB,티웨이항공,"{""yyyymm"": ""202502""}"
2025-02-28,kac_S_TSO,4.0,KAC_AIRPORT,airline,VJC,비엣젯항공,"{""yyyymm"": ""202502""}"
2025-03-31,airportal_SEQ,100.0,AIRPORTAL,airline,,DHL AIR LIMITED(DHK),"{""year"": 2025, ""month"": 3, ""yyyymm"": ""202503""}"
2025-03-31,airportal_공급(석),0.0,AIRPORTAL,airline,,DHL AIR LIMITED(DHK),"{""year"": 2025, ""month"": 3, ""yyyymm"": ""202503""}"
2025-03-31,airportal_여객(명),0.0,AIRPORTAL,airline,,DHL AIR LIMITED(DHK),"{""year"": 2025, ""month"": 3, ""yyyymm"": ""202503""}"
2025-03-31,airportal_운항(편),2.0,AIRPORTAL,airline,,DHL AIR LIMITED(DHK),"{""year"": 2025, ""month"": 3, ""yyyymm"": ""202503""}"
2025-03-31,airportal_화물(톤),0.0,AIRPORTAL,airline,,DHL AIR LIMITED(DHK),"{""year"": 2025, ""month"": 3, ""yyyymm"": ""202503""}"
2025-03-31,icn_airline_cargo_tons_arrBaggage,242.0,ODP_B551177,airline,7C,제주항공,
2025-03-31,icn_airline_cargo_tons_arrBaggage,17.0,ODP_B551177,airline,AA,아메리칸항공,
2025-03-31,icn_airline_cargo_tons_arrBaggage,55906.0,ODP_B551177,airline,KE,대한항공,
2025-03-31,icn_airline_cargo_tons_arrBaggage,26071.0,ODP_B551177,airline,OZ,아시아나항공,
2025-03-31,icn_airline_cargo_tons_baggage,418.0,ODP_B551177,airline,7C,제주항공,
2025-03-31,icn_airline_cargo_tons_baggage,281.0,ODP_B551177,airline,AA,아메리칸항공,
2025-03-31,icn_airline_cargo_tons_baggage,111623.0,ODP_B551177,airline,KE,대한항공,
2025-03-31,icn_airline_cargo_tons_baggage,51151.0,ODP_B551177,airline,OZ,아시아나항공,
2025-03-31,icn_airline_cargo_tons_depBaggage,176.0,ODP_B551177,airline,7C,제주항공,
2025-03-31,icn_airline_cargo_tons_depBaggage,265.0,ODP_B551177,airline,AA,아메리칸항공,
2025-03-31,icn_airline_cargo_tons_depBaggage,55717.0,ODP_B551177,airline,KE,대한항공,
2025-03-31,icn_airline_cargo_tons_depBaggage,25080.0,ODP_B551177,airline,OZ,아시아나항공,
2025-03-31,icn_airline_pax_arrPassenger,235759.0,ODP_B551177,airline,7C,제주항공,
2025-03-31,icn_airline_pax_arrPassenger,8055.0,ODP_B551177,airline,AA,아메리칸항공,
2025-03-31,icn_airline_pax_arrPassenger,762250.0,ODP_B551177,airline,KE,대한항공,
2025-03-31,icn_airline_pax_arrPassenger,483129.0,ODP_B551177,airline,OZ,아시아나항공,
2025-03-31,icn_airline_pax_depPassenger,214848.0,ODP_B551177,airline,7C,제주항공,
2025-03-31,icn_airline_pax_depPassenger,7639.0,ODP_B551177,airline,AA,아메리칸항공,
2025-03-31,icn_airline_pax_depPassenger,702773.0,ODP_B551177,airline,KE,대한항공,
2025-03-31,icn_airline_pax_depPassenger,440512.0,ODP_B551177,airline,OZ,아시아나항공,
2025-03-31,icn_airline_pax_passenger,450607.0,ODP_B551177,airline,7C,제주항공,
2025-03-31,icn_airline_pax_passenger,15694.0,ODP_B551177,airline,AA,아메리칸항공,
2025-03-31,icn_airline_pax_passenger,1465023.0,ODP_B551177,airline,KE,대한항공,
2025-03-31,icn_airline_pax_passenger,923641.0,ODP_B551177,airline,OZ,아시아나항공,
2025-03-31,kac_S_BFI,2376773.0,KAC_AIRPORT,airline,AAR,아시아나항공,"{""yyyymm"": ""202503""}"
2025-03-31,kac_S_BFI,2023997.0,KAC_AIRPORT,airline,ABL,에어부산,"{""yyyymm"": ""202503""}"
2025-03-31,kac_S_BFI,186236.0,KAC_AIRPORT,airline,ANA,전일본공수,"{""yyyymm"": ""202503""}"
2025-03-31,kac_S_BFI,171388.0,KAC_AIRPORT,airline,ASV,에어서울,"{""yyyymm"": ""202503""}"
2025-03-31,kac_S_BFI,166655.0,KAC_AIRPORT,airline,CAL,중화항공,"{""yyyymm"": ""202503""}"
2025-03-31,kac_S_BFI,11572.0,KAC_AIRPORT,airline,CBJ,북경수도항공,"{""yyyymm"": ""202503""}"
2025-03-31,kac_S_BFI,74660.0,KAC_AIRPORT,airline,CCA,중국국제항공,"{""yyyymm"": ""202503""}"
2025-03-31,kac_S_BFI,55169.0,KAC_AIRPORT,airline,CDC,룽에어,"{""yyyymm"": ""202503""}"
2025-03-31,kac_S_BFI,274642.0,KAC_AIRPORT,airline,CES,중국동방항공,"{""yyyymm"": ""202503""}"
2025-03-31,kac_S_BFI,257311.0,KAC_AIRPORT,airline,CQH,춘추항공,"{""yyyymm"": ""202503""}"
2025-03-31,kac_S_BFI,32319.0,KAC_AIRPORT,airline,CSC,사천항공,"{""yyyymm"": ""202503""}"
2025-03-31,kac_S_BFI,178112.0,KAC_AIRPORT,airline,CSH,상해항공,"{""yyyymm"": ""202503""}"
2025-03-31,kac_S_BFI,62275.0,KAC_AIRPORT,airline,CSN,중국남방항공,"{""yyyymm"": ""202503""}"
2025-03-31,kac_S_BFI,2793.0,KAC_AIRPORT,airline,CSZ,중국심천항공,"{""yyyymm"": ""202503""}"
2025-03-31,kac_S_BFI,9992.0,KAC_AIRPORT,airline,CXA,하문항공,"{""yyyymm"": ""202503""}"
2025-03-31,kac_S_BFI,96296.0,KAC_AIRPORT,airline,DKH,길상항공(준야오),"{""yyyymm"": ""202503""}"
2025-03-31,kac_S_BFI,372790.0,KAC_AIRPORT,airline,EOK,에어로케이항공,"{""yyyymm"": ""202503""}"
2025-03-31,kac_S_BFI,905012.0,KAC_AIRPORT,airline,ESR,이스타항공,"{""yyyymm"": ""202503""}"
2025-03-31,kac_S_BFI,33769.0,KAC_AIRPORT,airline,EVA,에바항공,"{""yyyymm"": ""202503""}"
2025-03-31,kac_S_BFI,159609.0,KAC_AIRPORT,airline,HKE,홍콩익스프레스,"{""yyyymm"": ""202503""}"
2025-03-31,kac_S_BFI,365693.0,KAC_AIRPORT,airline,HVN,베트남항공,"{""yyyymm"": ""202503""}"
2025-03-31,kac_S_BFI,201556.0,KAC_AIRPORT,airline,JAL,일본항공,"{""yyyymm"": ""202503""}"
2025-03-31,kac_S_BFI,1989726.0,KAC_AIRPORT,airline,JJA,제주항공,"{""yyyymm"": ""202503""}"
2025-03-31,kac_S_BFI,2085468.0,KAC_AIRPORT,airline,JNA,진에어,"{""yyyymm"": ""202503""}"
2025-03-31,kac_S_BFI,3641222.0,KAC_AIRPORT,airline,KAL,대한항공,"{""yyyymm"": ""202503""}"
2025-03-31,kac_S_BFI,28286.0,KAC_AIRPORT,airline,MGL,몽골항공,"{""yyyymm"": ""202503""}"
2025-03-31,kac_S_BFI,75442.0,KAC_AIRPORT,airline,PAL,필리핀항공,"{""yyyymm"": ""202503""}"
2025-03-31,kac_S_BFI,4645.0,KAC_AIRPORT,airline,QDA,칭다오항공,"{""yyyymm"": ""202503""}"
2025-03-31,kac_S_BFI,2049.0,KAC_AIRPORT,airline,RYL,로얄에어필리핀,"{""yyyymm"": ""202503""}"
2025-03-31,kac_S_BFI,40888.0,KAC_AIRPORT,airline,SIA,싱가포르항공,"{""yyyymm"": ""202503""}"
2025-03-31,kac_S_BFI,46783.0,KAC_AIRPORT,airline,TGW,스쿠트 항공,"{""yyyymm"": ""202503""}"
2025-03-31,kac_S_BFI,97490.0,KAC_AIRPORT,airline,TTW,타이거에어 타이완,"{""yyyymm"": ""202503""}"
2025-03-31,kac_S_BFI,2325966.0,KAC_AIRPORT,airline,TWB,티웨이항공,"{""yyyymm"": ""202503""}"
2025-03-31,kac_S_BFI,685032.0,KAC_AIRPORT,airline,VJC,비엣젯항공,"{""yyyymm"": ""202503""}"
2025-03-31,kac_S_BFO,2379295.0,KAC_AIRPORT,airline,AAR,아시아나항공,"{""yyyymm"": ""202503""}"
2025-03-31,kac_S_BFO,1821825.0,KAC_AIRPORT,airline,ABL,에어부산,"{""yyyymm"": ""202503""}"
2025-03-31,kac_S_BFO,217261.0,KAC_AIRPORT,airline,ANA,전일본공수,"{""yyyymm"": ""202503""}"
2025-03-31,kac_S_BFO,171388.0,KAC_AIRPORT,airline,ASV,에어서울,"{""yyyymm"": ""202503""}"
2025-03-31,kac_S_BFO,221935.0,KAC_AIRPORT,airline,CAL,중화항공,"{""yyyymm"": ""202503""}"
2025-03-31,kac_S_BFO,12998.0,KAC_AIRPORT,airline,CBJ,북경수도항공,"{""yyyymm"": ""202503""}"
2025-03-31,kac_S_BFO,72473.0,KAC_AIRPORT,airline,CCA,중국국제항공,"{""yyyymm"": ""202503""}"
2025-03-31,kac_S_BFO,60729.0,KAC_AIRPORT,airline,CDC,룽에어,"{""yyyymm"": ""202503""}"
2025-03-31,kac_S_BFO,258426.0,KAC_AIRPORT,airline,CES,중국동방항공,"{""yyyymm"": ""202503""}"
2025-03-31,kac_S_BFO,270825.0,KAC_AIRPORT,airline,CQH,춘추항공,"{""yyyymm"": ""202503""}"
2025-03-31,kac_S_BFO,27936.0,KAC_AIRPORT,airline,CSC,사천항공,"{""yyyymm"": ""202503""}"
2025-03-31,kac_S_BFO,134855.0,KAC_AIRPORT,airline,CSH,상해항공,"{""yyyymm"": ""202503""}"
2025-03-31,kac_S_BFO,73104.0,KAC_AIRPORT,airline,CSN,중국남방항공,"{""yyyymm"": ""202503""}"
2025-03-31,kac_S_BFO,2853.0,KAC_AIRPORT,airline,CSZ,중국심천항공,"{""yyyymm"": ""202503""}"
2025-03-31,kac_S_BFO,6366.0,KAC_AIRPORT,airline,CXA,하문항공,"{""yyyymm"": ""202503""}"
2025-03-31,kac_S_BFO,123279.0,KAC_AIRPORT,airline,DKH,길상항공(준야오),"{""yyyymm"": ""202503""}"
2025-03-31,kac_S_BFO,266269.0,KAC_AIRPORT,airline,EOK,에어로케이항공,"{""yyyymm"": ""202503""}"
2025-03-31,kac_S_BFO,861321.0,KAC_AIRPORT,airline,ESR,이스타항공,"{""yyyymm"": ""202503""}"
2025-03-31,kac_S_BFO,49069.0,KAC_AIRPORT,airline,EVA,에바항공,"{""yyyymm"": ""202503""}"
2025-03-31,kac_S_BFO,148827.0,KAC_AIRPORT,airline,HKE,홍콩익스프레스,"{""yyyymm"": ""202503""}"
2025-03-31,kac_S_BFO,285522.0,KAC_AIRPORT,airline,HVN,베트남항공,"{""yyyymm"": ""202503""}"
2025-03-31,kac_S_BFO,237119.0,KAC_AIRPORT,airline,JAL,일본항공,"{""yyyymm"": ""202503""}"
2025-03-31,kac_S_BFO,1867640.0,KAC_AIRPORT,airline,JJA,제주항공,"{""yyyymm"": ""202503""}"
2025-03-31,kac_S_BFO,1952918.0,KAC_AIRPORT,airline,JNA,진에어,"{""yyyymm"": ""202503""}"
2025-03-31,kac_S_BFO,3527565.0,KAC_AIRPORT,airline,KAL,대한항공,"{""yyyymm"": ""202503""}"
2025-03-31,kac_S_BFO,23909.0,KAC_AIRPORT,airline,MGL,몽골항공,"{""yyyymm"": ""202503""}"
2025-03-31,kac_S_BFO,88368.0,KAC_AIRPORT,airline,PAL,필리핀항공,"{""yyyymm"": ""202503""}"
2025-03-31,kac_S_BFO,3844.0,KAC_AIRPORT,airline,QDA,칭다오항공,"{""yyyymm"": ""202503""}"
2025-03-31,kac_S_BFO,3301.0,KAC_AIRPORT,airline,RYL,로얄에어필리핀,"{""yyyymm"": ""202503""}"
2025-03-31,kac_S_BFO,39329.0,KAC_AIRPORT,airline,SIA,싱가포르항공,"{""yyyymm"": ""202503""}"
2025-03-31,kac_S_BFO,45960.0,KAC_AIRPORT,airline,TGW,스쿠트 항공,"{""yyyymm"": ""202503""}"
2025-03-31,kac_S_BFO,119968.0,KAC_AIRPORT,airline,TTW,타이거에어 타이완,"{""yyyymm"": ""202503""}"
2025-03-31,kac_S_BFO,2149402.0,KAC_AIRPORT,airline,TWB,티웨이항공,"{""yyyymm"": ""202503""}"
2025-03-31,kac_S_BFO,308480.0,KAC_AIRPORT,airline,VJC,비엣젯항공,"{""yyyymm"": ""202503""}"
2025-03-31,kac_S_FFI,1823339.0,KAC_AIRPORT,airline,AAR,아시아나항공,"{""yyyymm"": ""202503""}"
2025-03-31,kac_S_FFI,395130.0,KAC_AIRPORT,airline,ABL,에어부산,"{""yyyymm"": ""202503""}"
2025-03-31,kac_S_FFI,198.0,KAC_AIRPORT,airline,ANA,전일본공수,"{""yyyymm"": ""202503""}"
2025-03-31,kac_S_FFI,0.0,KAC_AIRPORT,airline,ASV,에어서울,"{""yyyymm"": ""202503""}"
2025-03-31,kac_S_FFI,0.0,KAC_AIRPORT,airline,CAL,중화항공,"{""yyyymm"": ""202503""}"
2025-03-31,kac_S_FFI,0.0,KAC_AIRPORT,airline,CBJ,북경수도항공,"{""yyyymm"": ""202503""}"
2025-03-31,kac_S_FFI,0.0,KAC_AIRPORT,airline,CCA,중국국제항공,"{""yyyymm"": ""202503""}"
2025-03-31,kac_S_FFI,0.0,KAC_AIRPORT,airline,CDC,룽에어,"{""yyyymm"": ""202503""}"
2025-03-31,kac_S_FFI,137585.0,KAC_AIRPORT,airline,CES,중국동방항공,"{""yyyymm"": ""202503""}"
2025-03-31,kac_S_FFI,0.0,KAC_AIRPORT,airline,CQH,춘추항공,"{""yyyymm"": ""202503""}"
2025-03-31,kac_S_FFI,0.0,KAC_AIRPORT,airline,CSC,사천항공,"{""yyyymm"": ""202503""}"
2025-03-31,kac_S_FFI,154918.0,KAC_AIRPORT,airline,CSH,상해항공,"{""yyyymm"": ""202503""}"
2025-03-31,kac_S_FFI,0.0,KAC_AIRPORT,airline,CSN,중국남방항공,"{""yyyymm"": ""202503""}"
2025-03-31,kac_S_FFI,0.0,KAC_AIRPORT,airline,CSZ,중국심천항공,"{""yyyymm"": ""202503""}"
2025-03-31,kac_S_FFI,0.0,KAC_AIRPORT,airline,CXA,하문항공,"{""yyyymm"": ""202503""}"
2025-03-31,kac_S_FFI,0.0,KAC_AIRPORT,airline,DKH,길상항공(준야오),"{""yyyymm"": ""202503""}"
2025-03-31,kac_S_FFI,0.0,KAC_AIRPORT,airline,EOK,에어로케이항공,"{""yyyymm"": ""202503""}"
2025-03-31,kac_S_FFI,0.0,KAC_AIRPORT,airline,ESR,이스타항공,"{""yyyymm"": ""202503""}"
2025-03-31,kac_S_FFI,0.0,KAC_AIRPORT,airline,EVA,에바항공,"{""yyyymm"": ""202503""}"
2025-03-31,kac_S_FFI,0.0,KAC_AIRPORT,airline,HKE,홍콩익스프레스,"{""yyyymm"": ""202503""}"
2025-03-31,kac_S_FFI,518601.0,KAC_AIRPORT,airline,HVN,베트남항공,"{""yyyymm"": ""202503""}"
2025-03-31,kac_S_FFI,10056.0,KAC_AIRPORT,airline,JAL,일본항공,"{""yyyymm"": ""202503""}"
2025-03-31,kac_S_FFI,1902.0,KAC_AIRPORT,airline,JJA,제주항공,"{""yyyymm"": ""202503""}"
2025-03-31,kac_S_FFI,76571.0,KAC_AIRPORT,airline,JNA,진에어,"{""yyyymm"": ""202503""}"
2025-03-31,kac_S_FFI,2870113.0,KAC_AIRPORT,airline,KAL,대한항공,"{""yyyymm"": ""202503""}"
2025-03-31,kac_S_FFI,0.0,KAC_AIRPORT,airline,MGL,몽골항공,"{""yyyymm"": ""202503""}"
2025-03-31,kac_S_FFI,283.0,KAC_AIRPORT,airline,PAL,필리핀항공,"{""yyyymm"": ""202503""}"
2025-03-31,kac_S_FFI,0.0,KAC_AIRPORT,airline,QDA,칭다오항공,"{""yyyymm"": ""202503""}"
2025-03-31,kac_S_FFI,0.0,KAC_AIRPORT,airline,RYL,로얄에어필리핀,"{""yyyymm"": ""202503""}"
2025-03-31,kac_S_FFI,3178.0,KAC_AIRPORT,airline,SIA,싱가포르항공,"{""yyyymm"": ""202503""}"
2025-03-31,kac_S_FFI,0.0,KAC_AIRPORT,airline,TGW,스쿠트 항공,"{""yyyymm"": ""202503""}"
2025-03-31,kac_S_FFI,0.0,KAC_AIRPORT,airline,TTW,타이거에어 타이완,"{""yyyymm"": ""202503""}"
2025-03-31,kac_S_FFI,0.0,KAC_AIRPORT,airline,TWB,티웨이항공,"{""yyyymm"": ""202503""}"
2025-03-31,kac_S_FFI,14982.0,KAC_AIRPORT,airline,VJC,비엣젯항공,"{""yyyymm"": ""202503""}"
2025-03-31,kac_S_FFO,2372271.0,KAC_AIRPORT,airline,AAR,아시아나항공,"{""yyyymm"": ""202503""}"
2025-03-31,kac_S_FFO,388206.0,KAC_AIRPORT,airline,ABL,에어부산,"{""yyyymm"": ""202503""}"
2025-03-31,kac_S_FFO,85041.0,KAC_AIRPORT,airline,ANA,전일본공수,"{""yyyymm"": ""202503""}"
2025-03-31,kac_S_FFO,0.0,KAC_AIRPORT,airline,ASV,에어서울,"{""yyyymm"": ""202503""}"
2025-03-31,kac_S_FFO,0.0,KAC_AIRPORT,airline,CAL,중화항공,"{""yyyymm"": ""202503""}"
2025-03-31,kac_S_FFO,0.0,KAC_AIRPORT,airline,CBJ,북경수도항공,"{""yyyymm"": ""202503""}"
2025-03-31,kac_S_FFO,0.0,KAC_AIRPORT,airline,CCA,중국국제항공,"{""yyyymm"": ""202503""}"
2025-03-31,kac_S_FFO,0.0,KAC_AIRPORT,airline,CDC,룽에어,"{""yyyymm"": ""202503""}"
2025-03-31,kac_S_FFO,19141.0,KAC_AIRPORT,airline,CES,중국동방항공,"{""yyyymm"": ""202503""}"
2025-03-31,kac_S_FFO,0.0,KAC_AIRPORT,airline,CQH,춘추항공,"{""yyyymm"": ""202503""}"
2025-03-31,kac_S_FFO,0.0,KAC_AIRPORT,airline,CSC,사천항공,"{""yyyymm"": ""202503""}"
2025-03-31,kac_S_FFO,0.0,KAC_AIRPORT,airline,CSH,상해항공,"{""yyyymm"": ""202503""}"
2025-03-31,kac_S_FFO,0.0,KAC_AIRPORT,airline,CSN,중국남방항공,"{""yyyymm"": ""202503""}"
2025-03-31,kac_S_FFO,0.0,KAC_AIRPORT,airline,CSZ,중국심천항공,"{""yyyymm"": ""202503""}"
2025-03-31,kac_S_FFO,0.0,KAC_AIRPORT,airline,CXA,하문항공,"{""yyyymm"": ""202503""}"
2025-03-31,kac_S_FFO,0.0,KAC_AIRPORT,airline,DKH,길상항공(준야오),"{""yyyymm"": ""202503""}"
2025-03-31,kac_S_FFO,57.0,KAC_AIRPORT,airline,EOK,에어로케이항공,"{""yyyymm"": ""202503""}"
2025-03-31,kac_S_FFO,0.0,KAC_AIRPORT,airline,ESR,이스타항공,"{""yyyymm"": ""202503""}"
2025-03-31,kac_S_FFO,0.0,KAC_AIRPORT,airline,EVA,에바항공,"{""yyyymm"": ""202503""}"
2025-03-31,kac_S_FFO,0.0,KAC_AIRPORT,airline,HKE,홍콩익스프레스,"{""yyyymm"": ""202503""}"
2025-03-31,kac_S_FFO,531656.0,KAC_AIRPORT,airline,HVN,베트남항공,"{""yyyymm"": ""202503""}"
2025-03-31,kac_S_FFO,473640.0,KAC_AIRPORT,airline,JAL,일본항공,"{""yyyymm"": ""202503""}"
2025-03-31,kac_S_FFO,1858.0,KAC_AIRPORT,airline,JJA,제주항공,"{""yyyymm"": ""202503""}"
2025-03-31,kac_S_FFO,76571.0,KAC_AIRPORT,airline,JNA,진에어,"{""yyyymm"": ""202503""}"
2025-03-31,kac_S_FFO,3153081.0,KAC_AIRPORT,airline,KAL,대한항공,"{""yyyymm"": ""202503""}"
2025-03-31,kac_S_FFO,0.0,KAC_AIRPORT,airline,MGL,몽골항공,"{""yyyymm"": ""202503""}"
2025-03-31,kac_S_FFO,4263.0,KAC_AIRPORT,airline,PAL,필리핀항공,"{""yyyymm"": ""202503""}"
2025-03-31,kac_S_FFO,0.0,KAC_AIRPORT,airline,QDA,칭다오항공,"{""yyyymm"": ""202503""}"
2025-03-31,kac_S_FFO,0.0,KAC_AIRPORT,airline,RYL,로얄에어필리핀,"{""yyyymm"": ""202503""}"
2025-03-31,kac_S_FFO,102.0,KAC_AIRPORT,airline,SIA,싱가포르항공,"{""yyyymm"": ""202503""}"
2025-03-31,kac_S_FFO,0.0,KAC_AIRPORT,airline,TGW,스쿠트 항공,"{""yyyymm"": ""202503""}"
2025-03-31,kac_S_FFO,0.0,KAC_AIRPORT,airline,TTW,타이거에어 타이완,"{""yyyymm"": ""202503""}"
2025-03-31,kac_S_FFO,0.0,KAC_AIRPORT,airline,TWB,티웨이항공,"{""yyyymm"": ""202503""}"
2025-03-31,kac_S_FFO,0.0,KAC_AIRPORT,airline,VJC,비엣젯항공,"{""yyyymm"": ""202503""}"
2025-03-31,kac_S_FPI,416320.0,KAC_AIRPORT,airline,AAR,아시아나항공,"{""yyyymm"": ""202503""}"
2025-03-31,kac_S_FPI,319806.0,KAC_AIRPORT,airline,ABL,에어부산,"{""yyyymm"": ""202503""}"
2025-03-31,kac_S_FPI,18749.0,KAC_AIRPORT,airline,ANA,전일본공수,"{""yyyymm"": ""202503""}"
2025-03-31,kac_S_FPI,47288.0,KAC_AIRPORT,airline,ASV,에어서울,"{""yyyymm"": ""202503""}"
2025-03-31,kac_S_FPI,12539.0,KAC_AIRPORT,airline,CAL,중화항공,"{""yyyymm"": ""202503""}"
2025-03-31,kac_S_FPI,1420.0,KAC_AIRPORT,airline,CBJ,북경수도항공,"{""yyyymm"": ""202503""}"
2025-03-31,kac_S_FPI,6128.0,KAC_AIRPORT,airline,CCA,중국국제항공,"{""yyyymm"": ""202503""}"
2025-03-31,kac_S_FPI,5751.0,KAC_AIRPORT,airline,CDC,룽에어,"{""yyyymm"": ""202503""}"
2025-03-31,kac_S_FPI,22443.0,KAC_AIRPORT,airline,CES,중국동방항공,"{""yyyymm"": ""202503""}"
2025-03-31,kac_S_FPI,35040.0,KAC_AIRPORT,airline,CQH,춘추항공,"{""yyyymm"": ""202503""}"
2025-03-31,kac_S_FPI,2547.0,KAC_AIRPORT,airline,CSC,사천항공,"{""yyyymm"": ""202503""}"
2025-03-31,kac_S_FPI,13055.0,KAC_AIRPORT,airline,CSH,상해항공,"{""yyyymm"": ""202503""}"
2025-03-31,kac_S_FPI,5471.0,KAC_AIRPORT,airline,CSN,중국남방항공,"{""yyyymm"": ""202503""}"
2025-03-31,kac_S_FPI,261.0,KAC_AIRPORT,airline,CSZ,중국심천항공,"{""yyyymm"": ""202503""}"
2025-03-31,kac_S_FPI,907.0,KAC_AIRPORT,airline,CXA,하문항공,"{""yyyymm"": ""202503""}"
2025-03-31,kac_S_FPI,10807.0,KAC_AIRPORT,airline,DKH,길상항공(준야오),"{""yyyymm"": ""202503""}"
2025-03-31,kac_S_FPI,40465.0,KAC_AIRPORT,airline,EOK,에어로케이항공,"{""yyyymm"": ""202503""}"
2025-03-31,kac_S_FPI,206807.0,KAC_AIRPORT,airline,ESR,이스타항공,"{""yyyymm"": ""202503""}"
2025-03-31,kac_S_FPI,2697.0,KAC_AIRPORT,airline,EVA,에바항공,"{""yyyymm"": ""202503""}"
2025-03-31,kac_S_FPI,16217.0,KAC_AIRPORT,airline,HKE,홍콩익스프레스,"{""yyyymm"": ""202503""}"
2025-03-31,kac_S_FPI,18474.0,KAC_AIRPORT,airline,HVN,베트남항공,"{""yyyymm"": ""202503""}"
2025-03-31,kac_S_FPI,19382.0,KAC_AIRPORT,airline,JAL,일본항공,"{""yyyymm"": ""202503""}"
2025-03-31,kac_S_FPI,385925.0,KAC_AIRPORT,airline,JJA,제주항공,"{""yyyymm"": ""202503""}"
2025-03-31,kac_S_FPI,367848.0,KAC_AIRPORT,airline,JNA,진에어,"{""yyyymm"": ""202503""}"
2025-03-31,kac_S_FPI,527492.0,KAC_AIRPORT,airline,KAL,대한항공,"{""yyyymm"": ""202503""}"
2025-03-31,kac_S_FPI,1359.0,KAC_AIRPORT,airline,MGL,몽골항공,"{""yyyymm"": ""202503""}"
2025-03-31,kac_S_FPI,5248.0,KAC_AIRPORT,airline,PAL,필리핀항공,"{""yyyymm"": ""202503""}"
2025-03-31,kac_S_FPI,455.0,KAC_AIRPORT,airline,QDA,칭다오항공,"{""yyyymm"": ""202503""}"
2025-03-31,kac_S_FPI,153.0,KAC_AIRPORT,airline,RYL,로얄에어필리핀,"{""yyyymm"": ""202503""}"
2025-03-31,kac_S_FPI,2637.0,KAC_AIRPORT,airline,SIA,싱가포르항공,"{""yyyymm"": ""202503""}"
2025-03-31,kac_S_FPI,4354.0,KAC_AIRPORT,airline,TGW,스쿠트 항공,"{""yyyymm"": ""202503""}"
2025-03-31,kac_S_FPI,10584.0,KAC_AIRPORT,airline,TTW,타이거에어 타이완,"{""yyyymm"": ""202503""}"
2025-03-31,kac_S_FPI,432528.0,KAC_AIRPORT,airline,TWB,티웨이항공,"{""yyyymm"": ""202503""}"
2025-03-31,kac_S_FPI,47500.0,KAC_AIRPORT,airline,VJC,비엣젯항공,"{""yyyymm"": ""202503""}"
2025-03-31,kac_S_FPO,415486.0,KAC_AIRPORT,airline,AAR,아시아나항공,"{""yyyymm"": ""202503""}"
2025-03-31,kac_S_FPO,313451.0,KAC_AIRPORT,airline,ABL,에어부산,"{""yyyymm"": ""202503""}"
2025-03-31,kac_S_FPO,18756.0,KAC_AIRPORT,airline,ANA,전일본공수,"{""yyyymm"": ""202503""}"
2025-03-31,kac_S_FPO,47288.0,KAC_AIRPORT,airline,ASV,에어서울,"{""yyyymm"": ""202503""}"
2025-03-31,kac_S_FPO,12458.0,KAC_AIRPORT,airline,CAL,중화항공,"{""yyyymm"": ""202503""}"
2025-03-31,kac_S_FPO,1211.0,KAC_AIRPORT,airline,CBJ,북경수도항공,"{""yyyymm"": ""202503""}"
2025-03-31,kac_S_FPO,5631.0,KAC_AIRPORT,airline,CCA,중국국제항공,"{""yyyymm"": ""202503""}"
2025-03-31,kac_S_FPO,5564.0,KAC_AIRPORT,airline,CDC,룽에어,"{""yyyymm"": ""202503""}"
2025-03-31,kac_S_FPO,22596.0,KAC_AIRPORT,airline,CES,중국동방항공,"{""yyyymm"": ""202503""}"
2025-03-31,kac_S_FPO,30667.0,KAC_AIRPORT,airline,CQH,춘추항공,"{""yyyymm"": ""202503""}"
2025-03-31,kac_S_FPO,2811.0,KAC_AIRPORT,airline,CSC,사천항공,"{""yyyymm"": ""202503""}"
2025-03-31,kac_S_FPO,11371.0,KAC_AIRPORT,airline,CSH,상해항공,"{""yyyymm"": ""202503""}"
2025-03-31,kac_S_FPO,5095.0,KAC_AIRPORT,airline,CSN,중국남방항공,"{""yyyymm"": ""202503""}"
2025-03-31,kac_S_FPO,254.0,KAC_AIRPORT,airline,CSZ,중국심천항공,"{""yyyymm"": ""202503""}"
2025-03-31,kac_S_FPO,537.0,KAC_AIRPORT,airline,CXA,하문항공,"{""yyyymm"": ""202503""}"
2025-03-31,kac_S_FPO,9637.0,KAC_AIRPORT,airline,DKH,길상항공(준야오),"{""yyyymm"": ""202503""}"
2025-03-31,kac_S_FPO,37661.0,KAC_AIRPORT,airline,EOK,에어로케이항공,"{""yyyymm"": ""202503""}"
2025-03-31,kac_S_FPO,202621.0,KAC_AIRPORT,airline,ESR,이스타항공,"{""yyyymm"": ""202503""}"
2025-03-31,kac_S_FPO,2850.0,KAC_AIRPORT,airline,EVA,에바항공,"{""yyyymm"": ""202503""}"
2025-03-31,kac_S_FPO,13198.0,KAC_AIRPORT,airline,HKE,홍콩익스프레스,"{""yyyymm"": ""202503""}"
2025-03-31,kac_S_FPO,16850.0,KAC_AIRPORT,airline,HVN,베트남항공,"{""yyyymm"": ""202503""}"
2025-03-31,kac_S_FPO,19181.0,KAC_AIRPORT,airline,JAL,일본항공,"{""yyyymm"": ""202503""}"
2025-03-31,kac_S_FPO,379331.0,KAC_AIRPORT,airline,JJA,제주항공,"{""yyyymm"": ""202503""}"
2025-03-31,kac_S_FPO,363137.0,KAC_AIRPORT,airline,JNA,진에어,"{""yyyymm"": ""202503""}"
2025-03-31,kac_S_FPO,523283.0,KAC_AIRPORT,airline,KAL,대한항공,"{""yyyymm"": ""202503""}"
2025-03-31,kac_S_FPO,923.0,KAC_AIRPORT,airline,MGL,몽골항공,"{""yyyymm"": ""202503""}"
2025-03-31,kac_S_FPO,5096.0,KAC_AIRPORT,airline,PAL,필리핀항공,"{""yyyymm"": ""202503""}"
2025-03-31,kac_S_FPO,364.0,KAC_AIRPORT,airline,QDA,칭다오항공,"{""yyyymm"": ""202503""}"
2025-03-31,kac_S_FPO,179.0,KAC_AIRPORT,airline,RYL,로얄에어필리핀,"{""yyyymm"": ""202503""}"
2025-03-31,kac_S_FPO,2233.0,KAC_AIRPORT,airline,SIA,싱가포르항공,"{""yyyymm"": ""202503""}"
2025-03-31,kac_S_FPO,3499.0,KAC_AIRPORT,airline,TGW,스쿠트 항공,"{""yyyymm"": ""202503""}"
2025-03-31,kac_S_FPO,8189.0,KAC_AIRPORT,airline,TTW,타이거에어 타이완,"{""yyyymm"": ""202503""}"
2025-03-31,kac_S_FPO,428627.0,KAC_AIRPORT,airline,TWB,티웨이항공,"{""yyyymm"": ""202503""}"
2025-03-31,kac_S_FPO,34315.0,KAC_AIRPORT,airline,VJC,비엣젯항공,"{""yyyymm"": ""202503""}"
2025-03-31,kac_S_MFI,0.0,KAC_AIRPORT,airline,AAR,아시아나항공,"{""yyyymm"": ""202503""}"
2025-03-31,kac_S_MFI,0.0,KAC_AIRPORT,airline,ABL,에어부산,"{""yyyymm"": ""202503""}"
2025-03-31,kac_S_MFI,0.0,KAC_AIRPORT,airline,ANA,전일본공수,"{""yyyymm"": ""202503""}"
2025-03-31,kac_S_MFI,0.0,KAC_AIRPORT,airline,ASV,에어서울,"{""yyyymm"": ""202503""}"
2025-03-31,kac_S_MFI,0.0,KAC_AIRPORT,airline,CAL,중화항공,"{""yyyymm"": ""202503""}"
2025-03-31,kac_S_MFI,0.0,KAC_AIRPORT,airline,CBJ,북경수도항공,"{""yyyymm"": ""202503""}"
2025-03-31,kac_S_MFI,0.0,KAC_AIRPORT,airline,CCA,중국국제항공,"{""yyyymm"": ""202503""}"
2025-03-31,kac_S_MFI,0.0,KAC_AIRPORT,airline,CDC,룽에어,"{""yyyymm"": ""202503""}"
2025-03-31,kac_S_MFI,0.0,KAC_AIRPORT,airline,CES,중국동방항공,"{""yyyymm"": ""202503""}"
2025-03-31,kac_S_MFI,0.0,KAC_AIRPORT,airline,CQH,춘추항공,"{""yyyymm"": ""202503""}"
2025-03-31,kac_S_MFI,0.0,KAC_AIRPORT,airline,CSC,사천항공,"{""yyyymm"": ""202503""}"
2025-03-31,kac_S_MFI,0.0,KAC_AIRPORT,airline,CSH,상해항공,"{""yyyymm"": ""202503""}"
2025-03-31,kac_S_MFI,0.0,KAC_AIRPORT,airline,CSN,중국남방항공,"{""yyyymm"": ""202503""}"
2025-03-31,kac_S_MFI,0.0,KAC_AIRPORT,airline,CSZ,중국심천항공,"{""yyyymm"": ""202503""}"
2025-03-31,kac_S_MFI,0.0,KAC_AIRPORT,airline,CXA,하문항공,"{""yyyymm"": ""202503""}"
2025-03-31,kac_S_MFI,0.0,KAC_AIRPORT,airline,DKH,길상항공(준야오),"{""yyyymm"": ""202503""}"
2025-03-31,kac_S_MFI,0.0,KAC_AIRPORT,airline,EOK,에어로케이항공,"{""yyyymm"": ""202503""}"
2025-03-31,kac_S_MFI,0.0,KAC_AIRPORT,airline,ESR,이스타항공,"{""yyyymm"": ""202503""}"
2025-03-31,kac_S_MFI,0.0,KAC_AIRPORT,airline,EVA,에바항공,"{""yyyymm"": ""202503""}"
2025-03-31,kac_S_MFI,0.0,KAC_AIRPORT,airline,HKE,홍콩익스프레스,"{""yyyymm"": ""202503""}"
2025-03-31,kac_S_MFI,0.0,KAC_AIRPORT,airline,HVN,베트남항공,"{""yyyymm"": ""202503""}"
2025-03-31,kac_S_MFI,15564.0,KAC_AIRPORT,airline,JAL,일본항공,"{""yyyymm"": ""202503""}"
2025-03-31,kac_S_MFI,0.0,KAC_AIRPORT,airline,JJA,제주항공,"{""yyyymm"": ""202503""}"
2025-03-31,kac_S_MFI,0.0,KAC_AIRPORT,airline,JNA,진에어,"{""yyyymm"": ""202503""}"
2025-03-31,kac_S_MFI,45951.0,KAC_AIRPORT,airline,KAL,대한항공,"{""yyyymm"": ""202503""}"
2025-03-31,kac_S_MFI,0.0,KAC_AIRPORT,airline,MGL,몽골항공,"{""yyyymm"": ""202503""}"
2025-03-31,kac_S_MFI,0.0,KAC_AIRPORT,airline,PAL,필리핀항공,"{""yyyymm"": ""202503""}"
2025-03-31,kac_S_MFI,0.0,KAC_AIRPORT,airline,QDA,칭다오항공,"{""yyyymm"": ""202503""}"
2025-03-31,kac_S_MFI,0.0,KAC_AIRPORT,airline,RYL,로얄에어필리핀,"{""yyyymm"": ""202503""}"
2025-03-31,kac_S_MFI,0.0,KAC_AIRPORT,airline,SIA,싱가포르항공,"{""yyyymm"": ""202503""}"
2025-03-31,kac_S_MFI,0.0,KAC_AIRPORT,airline,TGW,스쿠트 항공,"{""yyyymm"": ""202503""}"
2025-03-31,kac_S_MFI,0.0,KAC_AIRPORT,airline,TTW,타이거에어 타이완,"{""yyyymm"": ""202503""}"
2025-03-31,kac_S_MFI,0.0,KAC_AIRPORT,airline,TWB,티웨이항공,"{""yyyymm"": ""202503""}"
2025-03-31,kac_S_MFI,55.0,KAC_AIRPORT,airline,VJC,비엣젯항공,"{""yyyymm"": ""202503""}"
2025-03-31,kac_S_MFO,0.0,KAC_AIRPORT,airline,AAR,아시아나항공,"{""yyyymm"": ""202503""}"
2025-03-31,kac_S_MFO,0.0,KAC_AIRPORT,airline,ABL,에어부산,"{""yyyymm"": ""202503""}"
2025-03-31,kac_S_MFO,0.0,KAC_AIRPORT,airline,ANA,전일본공수,"{""yyyymm"": ""202503""}"
2025-03-31,kac_S_MFO,0.0,KAC_AIRPORT,airline,ASV,에어서울,"{""yyyymm"": ""202503""}"
2025-03-31,kac_S_MFO,0.0,KAC_AIRPORT,airline,CAL,중화항공,"{""yyyymm"": ""202503""}"
2025-03-31,kac_S_MFO,0.0,KAC_AIRPORT,airline,CBJ,북경수도항공,"{""yyyymm"": ""202503""}"
2025-03-31,kac_S_MFO,0.0,KAC_AIRPORT,airline,CCA,중국국제항공,"{""yyyymm"": ""202503""}"
2025-03-31,kac_S_MFO,0.0,KAC_AIRPORT,airline,CDC,룽에어,"{""yyyymm"": ""202503""}"
2025-03-31,kac_S_MFO,0.0,KAC_AIRPORT,airline,CES,중국동방항공,"{""yyyymm"": ""202503""}"
2025-03-31,kac_S_MFO,0.0,KAC_AIRPORT,airline,CQH,춘추항공,"{""yyyymm"": ""202503""}"
2025-03-31,kac_S_MFO,0.0,KAC_AIRPORT,airline,CSC,사천항공,"{""yyyymm"": ""202503""}"
2025-03-31,kac_S_MFO,0.0,KAC_AIRPORT,airline,CSH,상해항공,"{""yyyymm"": ""202503""}"
2025-03-31,kac_S_MFO,0.0,KAC_AIRPORT,airline,CSN,중국남방항공,"{""yyyymm"": ""202503""}"
2025-03-31,kac_S_MFO,0.0,KAC_AIRPORT,airline,CSZ,중국심천항공,"{""yyyymm"": ""202503""}"
2025-03-31,kac_S_MFO,0.0,KAC_AIRPORT,airline,CXA,하문항공,"{""yyyymm"": ""202503""}"
2025-03-31,kac_S_MFO,0.0,KAC_AIRPORT,airline,DKH,길상항공(준야오),"{""yyyymm"": ""202503""}"
2025-03-31,kac_S_MFO,0.0,KAC_AIRPORT,airline,EOK,에어로케이항공,"{""yyyymm"": ""202503""}"
2025-03-31,kac_S_MFO,1.0,KAC_AIRPORT,airline,ESR,이스타항공,"{""yyyymm"": ""202503""}"
2025-03-31,kac_S_MFO,0.0,KAC_AIRPORT,airline,EVA,에바항공,"{""yyyymm"": ""202503""}"
2025-03-31,kac_S_MFO,0.0,KAC_AIRPORT,airline,HKE,홍콩익스프레스,"{""yyyymm"": ""202503""}"
2025-03-31,kac_S_MFO,0.0,KAC_AIRPORT,airline,HVN,베트남항공,"{""yyyymm"": ""202503""}"
2025-03-31,kac_S_MFO,0.0,KAC_AIRPORT,airline,JAL,일본항공,"{""yyyymm"": ""202503""}"
2025-03-31,kac_S_MFO,0.0,KAC_AIRPORT,airline,JJA,제주항공,"{""yyyymm"": ""202503""}"
2025-03-31,kac_S_MFO,0.0,KAC_AIRPORT,airline,JNA,진에어,"{""yyyymm"": ""202503""}"
2025-03-31,kac_S_MFO,0.0,KAC_AIRPORT,airline,KAL,대한항공,"{""yyyymm"": ""202503""}"
2025-03-31,kac_S_MFO,0.0,KAC_AIRPORT,airline,MGL,몽골항공,"{""yyyymm"": ""202503""}"
2025-03-31,kac_S_MFO,0.0,KAC_AIRPORT,airline,PAL,필리핀항공,"{""yyyymm"": ""202503""}"
2025-03-31,kac_S_MFO,0.0,KAC_AIRPORT,airline,QDA,칭다오항공,"{""yyyymm"": ""202503""}"
2025-03-31,kac_S_MFO,0.0,KAC_AIRPORT,airline,RYL,로얄에어필리핀,"{""yyyymm"": ""202503""}"
2025-03-31,kac_S_MFO,0.0,KAC_AIRPORT,airline,SIA,싱가포르항공,"{""yyyymm"": ""202503""}"
2025-03-31,kac_S_MFO,0.0,KAC_AIRPORT,airline,TGW,스쿠트 항공,"{""yyyymm"": ""202503""}"
2025-03-31,kac_S_MFO,0.0,KAC_AIRPORT,airline,TTW,타이거에어 타이완,"{""yyyymm"": ""202503""}"
2025-03-31,kac_S_MFO,10.0,KAC_AIRPORT,airline,TWB,티웨이항공,"{""yyyymm"": ""202503""}"
2025-03-31,kac_S_MFO,0.0,KAC_AIRPORT,airline,VJC,비엣젯항공,"{""yyyymm"": ""202503""}"
2025-03-31,kac_S_NPI,4122.0,KAC_AIRPORT,airline,AAR,아시아나항공,"{""yyyymm"": ""202503""}"
2025-03-31,kac_S_NPI,1787.0,KAC_AIRPORT,airline,ABL,에어부산,"{""yyyymm"": ""202503""}"
2025-03-31,kac_S_NPI,66.0,KAC_AIRPORT,airline,ANA,전일본공수,"{""yyyymm"": ""202503""}"
2025-03-31,kac_S_NPI,406.0,KAC_AIRPORT,airline,ASV,에어서울,"{""yyyymm"": ""202503""}"
2025-03-31,kac_S_NPI,105.0,KAC_AIRPORT,airline,CAL,중화항공,"{""yyyymm"": ""202503""}"
2025-03-31,kac_S_NPI,3.0,KAC_AIRPORT,airline,CBJ,북경수도항공,"{""yyyymm"": ""202503""}"
2025-03-31,kac_S_NPI,15.0,KAC_AIRPORT,airline,CCA,중국국제항공,"{""yyyymm"": ""202503""}"
2025-03-31,kac_S_NPI,13.0,KAC_AIRPORT,airline,CDC,룽에어,"{""yyyymm"": ""202503""}"
2025-03-31,kac_S_NPI,65.0,KAC_AIRPORT,airline,CES,중국동방항공,"{""yyyymm"": ""202503""}"
2025-03-31,kac_S_NPI,37.0,KAC_AIRPORT,airline,CQH,춘추항공,"{""yyyymm"": ""202503""}"
2025-03-31,kac_S_NPI,0.0,KAC_AIRPORT,airline,CSC,사천항공,"{""yyyymm"": ""202503""}"
2025-03-31,kac_S_NPI,35.0,KAC_AIRPORT,airline,CSH,상해항공,"{""yyyymm"": ""202503""}"
2025-03-31,kac_S_NPI,12.0,KAC_AIRPORT,airline,CSN,중국남방항공,"{""yyyymm"": ""202503""}"
2025-03-31,kac_S_NPI,0.0,KAC_AIRPORT,airline,CSZ,중국심천항공,"{""yyyymm"": ""202503""}"
2025-03-31,kac_S_NPI,1.0,KAC_AIRPORT,airline,CXA,하문항공,"{""yyyymm"": ""202503""}"
2025-03-31,kac_S_NPI,37.0,KAC_AIRPORT,airline,DKH,길상항공(준야오),"{""yyyymm"": ""202503""}"
2025-03-31,kac_S_NPI,209.0,KAC_AIRPORT,airline,EOK,에어로케이항공,"{""yyyymm"": ""202503""}"
2025-03-31,kac_S_NPI,1146.0,KAC_AIRPORT,airline,ESR,이스타항공,"{""yyyymm"": ""202503""}"
2025-03-31,kac_S_NPI,13.0,KAC_AIRPORT,airline,EVA,에바항공,"{""yyyymm"": ""202503""}"
2025-03-31,kac_S_NPI,42.0,KAC_AIRPORT,airline,HKE,홍콩익스프레스,"{""yyyymm"": ""202503""}"
2025-03-31,kac_S_NPI,195.0,KAC_AIRPORT,airline,HVN,베트남항공,"{""yyyymm"": ""202503""}"
2025-03-31,kac_S_NPI,78.0,KAC_AIRPORT,airline,JAL,일본항공,"{""yyyymm"": ""202503""}"
2025-03-31,kac_S_NPI,2485.0,KAC_AIRPORT,airline,JJA,제주항공,"{""yyyymm"": ""202503""}"
2025-03-31,kac_S_NPI,3201.0,KAC_AIRPORT,airline,JNA,진에어,"{""yyyymm"": ""202503""}"
2025-03-31,kac_S_NPI,4494.0,KAC_AIRPORT,airline,KAL,대한항공,"{""yyyymm"": ""202503""}"
2025-03-31,kac_S_NPI,19.0,KAC_AIRPORT,airline,MGL,몽골항공,"{""yyyymm"": ""202503""}"
2025-03-31,kac_S_NPI,14.0,KAC_AIRPORT,airline,PAL,필리핀항공,"{""yyyymm"": ""202503""}"
2025-03-31,kac_S_NPI,1.0,KAC_AIRPORT,airline,QDA,칭다오항공,"{""yyyymm"": ""202503""}"
2025-03-31,kac_S_NPI,0.0,KAC_AIRPORT,airline,RYL,로얄에어필리핀,"{""yyyymm"": ""202503""}"
2025-03-31,kac_S_NPI,24.0,KAC_AIRPORT,airline,SIA,싱가포르항공,"{""yyyymm"": ""202503""}"
2025-03-31,kac_S_NPI,40.0,KAC_AIRPORT,airline,TGW,스쿠트 항공,"{""yyyymm"": ""202503""}"
2025-03-31,kac_S_NPI,69.0,KAC_AIRPORT,airline,TTW,타이거에어 타이완,"{""yyyymm"": ""202503""}"
2025-03-31,kac_S_NPI,3036.0,KAC_AIRPORT,airline,TWB,티웨이항공,"{""yyyymm"": ""202503""}"
2025-03-31,kac_S_NPI,306.0,KAC_AIRPORT,airline,VJC,비엣젯항공,"{""yyyymm"": ""202503""}"
2025-03-31,kac_S_NPO,4132.0,KAC_AIRPORT,airline,AAR,아시아나항공,"{""yyyymm"": ""202503""}"
2025-03-31,kac_S_NPO,1748.0,KAC_AIRPORT,airline,ABL,에어부산,"{""yyyymm"": ""202503""}"
2025-03-31,kac_S_NPO,77.0,KAC_AIRPORT,airline,ANA,전일본공수,"{""yyyymm"": ""202503""}"
2025-03-31,kac_S_NPO,406.0,KAC_AIRPORT,airline,ASV,에어서울,"{""yyyymm"": ""202503""}"
2025-03-31,kac_S_NPO,100.0,KAC_AIRPORT,airline,CAL,중화항공,"{""yyyymm"": ""202503""}"
2025-03-31,kac_S_NPO,4.0,KAC_AIRPORT,airline,CBJ,북경수도항공,"{""yyyymm"": ""202503""}"
2025-03-31,kac_S_NPO,14.0,KAC_AIRPORT,airline,CCA,중국국제항공,"{""yyyymm"": ""202503""}"
2025-03-31,kac_S_NPO,12.0,KAC_AIRPORT,airline,CDC,룽에어,"{""yyyymm"": ""202503""}"
2025-03-31,kac_S_NPO,70.0,KAC_AIRPORT,airline,CES,중국동방항공,"{""yyyymm"": ""202503""}"
2025-03-31,kac_S_NPO,39.0,KAC_AIRPORT,airline,CQH,춘추항공,"{""yyyymm"": ""202503""}"
2025-03-31,kac_S_NPO,0.0,KAC_AIRPORT,airline,CSC,사천항공,"{""yyyymm"": ""202503""}"
2025-03-31,kac_S_NPO,18.0,KAC_AIRPORT,airline,CSH,상해항공,"{""yyyymm"": ""202503""}"
2025-03-31,kac_S_NPO,2.0,KAC_AIRPORT,airline,CSN,중국남방항공,"{""yyyymm"": ""202503""}"
2025-03-31,kac_S_NPO,0.0,KAC_AIRPORT,airline,CSZ,중국심천항공,"{""yyyymm"": ""202503""}"
2025-03-31,kac_S_NPO,0.0,KAC_AIRPORT,airline,CXA,하문항공,"{""yyyymm"": ""202503""}"
2025-03-31,kac_S_NPO,36.0,KAC_AIRPORT,airline,DKH,길상항공(준야오),"{""yyyymm"": ""202503""}"
2025-03-31,kac_S_NPO,191.0,KAC_AIRPORT,airline,EOK,에어로케이항공,"{""yyyymm"": ""202503""}"
2025-03-31,kac_S_NPO,1130.0,KAC_AIRPORT,airline,ESR,이스타항공,"{""yyyymm"": ""202503""}"
2025-03-31,kac_S_NPO,9.0,KAC_AIRPORT,airline,EVA,에바항공,"{""yyyymm"": ""202503""}"
2025-03-31,kac_S_NPO,32.0,KAC_AIRPORT,airline,HKE,홍콩익스프레스,"{""yyyymm"": ""202503""}"
2025-03-31,kac_S_NPO,252.0,KAC_AIRPORT,airline,HVN,베트남항공,"{""yyyymm"": ""202503""}"
2025-03-31,kac_S_NPO,89.0,KAC_AIRPORT,airline,JAL,일본항공,"{""yyyymm"": ""202503""}"
2025-03-31,kac_S_NPO,2484.0,KAC_AIRPORT,airline,JJA,제주항공,"{""yyyymm"": ""202503""}"
2025-03-31,kac_S_NPO,3235.0,KAC_AIRPORT,airline,JNA,진에어,"{""yyyymm"": ""202503""}"
2025-03-31,kac_S_NPO,4433.0,KAC_AIRPORT,airline,KAL,대한항공,"{""yyyymm"": ""202503""}"
2025-03-31,kac_S_NPO,13.0,KAC_AIRPORT,airline,MGL,몽골항공,"{""yyyymm"": ""202503""}"
2025-03-31,kac_S_NPO,12.0,KAC_AIRPORT,airline,PAL,필리핀항공,"{""yyyymm"": ""202503""}"
2025-03-31,kac_S_NPO,1.0,KAC_AIRPORT,airline,QDA,칭다오항공,"{""yyyymm"": ""202503""}"
2025-03-31,kac_S_NPO,0.0,KAC_AIRPORT,airline,RYL,로얄에어필리핀,"{""yyyymm"": ""202503""}"
2025-03-31,kac_S_NPO,18.0,KAC_AIRPORT,airline,SIA,싱가포르항공,"{""yyyymm"": ""202503""}"
2025-03-31,kac_S_NPO,29.0,KAC_AIRPORT,airline,TGW,스쿠트 항공,"{""yyyymm"": ""202503""}"
2025-03-31,kac_S_NPO,55.0,KAC_AIRPORT,airline,TTW,타이거에어 타이완,"{""yyyymm"": ""202503""}"
2025-03-31,kac_S_NPO,3013.0,KAC_AIRPORT,airline,TWB,티웨이항공,"{""yyyymm"": ""202503""}"
2025-03-31,kac_S_NPO,257.0,KAC_AIRPORT,airline,VJC,비엣젯항공,"{""yyyymm"": ""202503""}"
2025-03-31,kac_S_OCI,2441.0,KAC_AIRPORT,airline,AAR,아시아나항공,"{""yyyymm"": ""202503""}"
2025-03-31,kac_S_OCI,1940.0,KAC_AIRPORT,airline,ABL,에어부산,"{""yyyymm"": ""202503""}"
2025-03-31,kac_S_OCI,93.0,KAC_AIRPORT,airline,ANA,전일본공수,"{""yyyymm"": ""202503""}"
2025-03-31,kac_S_OCI,234.0,KAC_AIRPORT,airline,ASV,에어서울,"{""yyyymm"": ""202503""}"
2025-03-31,kac_S_OCI,85.0,KAC_AIRPORT,airline,CAL,중화항공,"{""yyyymm"": ""202503""}"
2025-03-31,kac_S_OCI,9.0,KAC_AIRPORT,airline,CBJ,북경수도항공,"{""yyyymm"": ""202503""}"
2025-03-31,kac_S_OCI,51.0,KAC_AIRPORT,airline,CCA,중국국제항공,"{""yyyymm"": ""202503""}"
2025-03-31,kac_S_OCI,37.0,KAC_AIRPORT,airline,CDC,룽에어,"{""yyyymm"": ""202503""}"
2025-03-31,kac_S_OCI,146.0,KAC_AIRPORT,airline,CES,중국동방항공,"{""yyyymm"": ""202503""}"
2025-03-31,kac_S_OCI,201.0,KAC_AIRPORT,airline,CQH,춘추항공,"{""yyyymm"": ""202503""}"
2025-03-31,kac_S_OCI,18.0,KAC_AIRPORT,airline,CSC,사천항공,"{""yyyymm"": ""202503""}"
2025-03-31,kac_S_OCI,62.0,KAC_AIRPORT,airline,CSH,상해항공,"{""yyyymm"": ""202503""}"
2025-03-31,kac_S_OCI,32.0,KAC_AIRPORT,airline,CSN,중국남방항공,"{""yyyymm"": ""202503""}"
2025-03-31,kac_S_OCI,2.0,KAC_AIRPORT,airline,CSZ,중국심천항공,"{""yyyymm"": ""202503""}"
2025-03-31,kac_S_OCI,9.0,KAC_AIRPORT,airline,CXA,하문항공,"{""yyyymm"": ""202503""}"
2025-03-31,kac_S_OCI,68.0,KAC_AIRPORT,airline,DKH,길상항공(준야오),"{""yyyymm"": ""202503""}"
2025-03-31,kac_S_OCI,297.0,KAC_AIRPORT,airline,EOK,에어로케이항공,"{""yyyymm"": ""202503""}"
2025-03-31,kac_S_OCI,1270.0,KAC_AIRPORT,airline,ESR,이스타항공,"{""yyyymm"": ""202503""}"
2025-03-31,kac_S_OCI,17.0,KAC_AIRPORT,airline,EVA,에바항공,"{""yyyymm"": ""202503""}"
2025-03-31,kac_S_OCI,92.0,KAC_AIRPORT,airline,HKE,홍콩익스프레스,"{""yyyymm"": ""202503""}"
2025-03-31,kac_S_OCI,63.0,KAC_AIRPORT,airline,HVN,베트남항공,"{""yyyymm"": ""202503""}"
2025-03-31,kac_S_OCI,93.0,KAC_AIRPORT,airline,JAL,일본항공,"{""yyyymm"": ""202503""}"
2025-03-31,kac_S_OCI,2463.0,KAC_AIRPORT,airline,JJA,제주항공,"{""yyyymm"": ""202503""}"
2025-03-31,kac_S_OCI,2413.0,KAC_AIRPORT,airline,JNA,진에어,"{""yyyymm"": ""202503""}"
2025-03-31,kac_S_OCI,3645.0,KAC_AIRPORT,airline,KAL,대한항공,"{""yyyymm"": ""202503""}"
2025-03-31,kac_S_OCI,9.0,KAC_AIRPORT,airline,MGL,몽골항공,"{""yyyymm"": ""202503""}"
2025-03-31,kac_S_OCI,31.0,KAC_AIRPORT,airline,PAL,필리핀항공,"{""yyyymm"": ""202503""}"
2025-03-31,kac_S_OCI,6.0,KAC_AIRPORT,airline,QDA,칭다오항공,"{""yyyymm"": ""202503""}"
2025-03-31,kac_S_OCI,1.0,KAC_AIRPORT,airline,RYL,로얄에어필리핀,"{""yyyymm"": ""202503""}"
2025-03-31,kac_S_OCI,18.0,KAC_AIRPORT,airline,SIA,싱가포르항공,"{""yyyymm"": ""202503""}"
2025-03-31,kac_S_OCI,22.0,KAC_AIRPORT,airline,TGW,스쿠트 항공,"{""yyyymm"": ""202503""}"
2025-03-31,kac_S_OCI,68.0,KAC_AIRPORT,airline,TTW,타이거에어 타이완,"{""yyyymm"": ""202503""}"
2025-03-31,kac_S_OCI,2596.0,KAC_AIRPORT,airline,TWB,티웨이항공,"{""yyyymm"": ""202503""}"
2025-03-31,kac_S_OCI,249.0,KAC_AIRPORT,airline,VJC,비엣젯항공,"{""yyyymm"": ""202503""}"
2025-03-31,kac_S_OCO,2441.0,KAC_AIRPORT,airline,AAR,아시아나항공,"{""yyyymm"": ""202503""}"
2025-03-31,kac_S_OCO,1939.0,KAC_AIRPORT,airline,ABL,에어부산,"{""yyyymm"": ""202503""}"
2025-03-31,kac_S_OCO,93.0,KAC_AIRPORT,airline,ANA,전일본공수,"{""yyyymm"": ""202503""}"
2025-03-31,kac_S_OCO,234.0,KAC_AIRPORT,airline,ASV,에어서울,"{""yyyymm"": ""202503""}"
2025-03-31,kac_S_OCO,86.0,KAC_AIRPORT,airline,CAL,중화항공,"{""yyyymm"": ""202503""}"
2025-03-31,kac_S_OCO,9.0,KAC_AIRPORT,airline,CBJ,북경수도항공,"{""yyyymm"": ""202503""}"
2025-03-31,kac_S_OCO,51.0,KAC_AIRPORT,airline,CCA,중국국제항공,"{""yyyymm"": ""202503""}"
2025-03-31,kac_S_OCO,37.0,KAC_AIRPORT,airline,CDC,룽에어,"{""yyyymm"": ""202503""}"
2025-03-31,kac_S_OCO,146.0,KAC_AIRPORT,airline,CES,중국동방항공,"{""yyyymm"": ""202503""}"
2025-03-31,kac_S_OCO,200.0,KAC_AIRPORT,airline,CQH,춘추항공,"{""yyyymm"": ""202503""}"
2025-03-31,kac_S_OCO,18.0,KAC_AIRPORT,airline,CSC,사천항공,"{""yyyymm"": ""202503""}"
2025-03-31,kac_S_OCO,62.0,KAC_AIRPORT,airline,CSH,상해항공,"{""yyyymm"": ""202503""}"
2025-03-31,kac_S_OCO,32.0,KAC_AIRPORT,airline,CSN,중국남방항공,"{""yyyymm"": ""202503""}"
2025-03-31,kac_S_OCO,2.0,KAC_AIRPORT,airline,CSZ,중국심천항공,"{""yyyymm"": ""202503""}"
2025-03-31,kac_S_OCO,9.0,KAC_AIRPORT,airline,CXA,하문항공,"{""yyyymm"": ""202503""}"
2025-03-31,kac_S_OCO,68.0,KAC_AIRPORT,airline,DKH,길상항공(준야오),"{""yyyymm"": ""202503""}"
2025-03-31,kac_S_OCO,294.0,KAC_AIRPORT,airline,EOK,에어로케이항공,"{""yyyymm"": ""202503""}"
2025-03-31,kac_S_OCO,1269.0,KAC_AIRPORT,airline,ESR,이스타항공,"{""yyyymm"": ""202503""}"
2025-03-31,kac_S_OCO,17.0,KAC_AIRPORT,airline,EVA,에바항공,"{""yyyymm"": ""202503""}"
2025-03-31,kac_S_OCO,92.0,KAC_AIRPORT,airline,HKE,홍콩익스프레스,"{""yyyymm"": ""202503""}"
2025-03-31,kac_S_OCO,62.0,KAC_AIRPORT,airline,HVN,베트남항공,"{""yyyymm"": ""202503""}"
2025-03-31,kac_S_OCO,93.0,KAC_AIRPORT,airline,JAL,일본항공,"{""yyyymm"": ""202503""}"
2025-03-31,kac_S_OCO,2461.0,KAC_AIRPORT,airline,JJA,제주항공,"{""yyyymm"": ""202503""}"
2025-03-31,kac_S_OCO,2411.0,KAC_AIRPORT,airline,JNA,진에어,"{""yyyymm"": ""202503""}"
2025-03-31,kac_S_OCO,3643.0,KAC_AIRPORT,airline,KAL,대한항공,"{""yyyymm"": ""202503""}"
2025-03-31,kac_S_OCO,9.0,KAC_AIRPORT,airline,MGL,몽골항공,"{""yyyymm"": ""202503""}"
2025-03-31,kac_S_OCO,31.0,KAC_AIRPORT,airline,PAL,필리핀항공,"{""yyyymm"": ""202503""}"
2025-03-31,kac_S_OCO,6.0,KAC_AIRPORT,airline,QDA,칭다오항공,"{""yyyymm"": ""202503""}"
2025-03-31,kac_S_OCO,1.0,KAC_AIRPORT,airline,RYL,로얄에어필리핀,"{""yyyymm"": ""202503""}"
2025-03-31,kac_S_OCO,18.0,KAC_AIRPORT,airline,SIA,싱가포르항공,"{""yyyymm"": ""202503""}"
2025-03-31,kac_S_OCO,22.0,KAC_AIRPORT,airline,TGW,스쿠트 항공,"{""yyyymm"": ""202503""}"
2025-03-31,kac_S_OCO,68.0,KAC_AIRPORT,airline,TTW,타이거에어 타이완,"{""yyyymm"": ""202503""}"
2025-03-31,kac_S_OCO,2596.0,KAC_AIRPORT,airline,TWB,티웨이항공,"{""yyyymm"": ""202503""}"
2025-03-31,kac_S_OCO,246.0,KAC_AIRPORT,airline,VJC,비엣젯항공,"{""yyyymm"": ""202503""}"
2025-03-31,kac_S_TSI,37.0,KAC_AIRPORT,airline,AAR,아시아나항공,"{""yyyymm"": ""202503""}"
2025-03-31,kac_S_TSI,54.0,KAC_AIRPORT,airline,ABL,에어부산,"{""yyyymm"": ""202503""}"
2025-03-31,kac_S_TSI,31.0,KAC_AIRPORT,airline,ANA,전일본공수,"{""yyyymm"": ""202503""}"
2025-03-31,kac_S_TSI,0.0,KAC_AIRPORT,airline,ASV,에어서울,"{""yyyymm"": ""202503""}"
2025-03-31,kac_S_TSI,3.0,KAC_AIRPORT,airline,CAL,중화항공,"{""yyyymm"": ""202503""}"
2025-03-31,kac_S_TSI,0.0,KAC_AIRPORT,airline,CBJ,북경수도항공,"{""yyyymm"": ""202503""}"
2025-03-31,kac_S_TSI,4.0,KAC_AIRPORT,airline,CCA,중국국제항공,"{""yyyymm"": ""202503""}"
2025-03-31,kac_S_TSI,0.0,KAC_AIRPORT,airline,CDC,룽에어,"{""yyyymm"": ""202503""}"
2025-03-31,kac_S_TSI,5.0,KAC_AIRPORT,airline,CES,중국동방항공,"{""yyyymm"": ""202503""}"
2025-03-31,kac_S_TSI,0.0,KAC_AIRPORT,airline,CQH,춘추항공,"{""yyyymm"": ""202503""}"
2025-03-31,kac_S_TSI,0.0,KAC_AIRPORT,airline,CSC,사천항공,"{""yyyymm"": ""202503""}"
2025-03-31,kac_S_TSI,0.0,KAC_AIRPORT,airline,CSH,상해항공,"{""yyyymm"": ""202503""}"
2025-03-31,kac_S_TSI,22.0,KAC_AIRPORT,airline,CSN,중국남방항공,"{""yyyymm"": ""202503""}"
2025-03-31,kac_S_TSI,0.0,KAC_AIRPORT,airline,CSZ,중국심천항공,"{""yyyymm"": ""202503""}"
2025-03-31,kac_S_TSI,0.0,KAC_AIRPORT,airline,CXA,하문항공,"{""yyyymm"": ""202503""}"
2025-03-31,kac_S_TSI,0.0,KAC_AIRPORT,airline,DKH,길상항공(준야오),"{""yyyymm"": ""202503""}"
2025-03-31,kac_S_TSI,0.0,KAC_AIRPORT,airline,EOK,에어로케이항공,"{""yyyymm"": ""202503""}"
2025-03-31,kac_S_TSI,0.0,KAC_AIRPORT,airline,ESR,이스타항공,"{""yyyymm"": ""202503""}"
2025-03-31,kac_S_TSI,2.0,KAC_AIRPORT,airline,EVA,에바항공,"{""yyyymm"": ""202503""}"
2025-03-31,kac_S_TSI,0.0,KAC_AIRPORT,airline,HKE,홍콩익스프레스,"{""yyyymm"": ""202503""}"
2025-03-31,kac_S_TSI,9.0,KAC_AIRPORT,airline,HVN,베트남항공,"{""yyyymm"": ""202503""}"
2025-03-31,kac_S_TSI,24.0,KAC_AIRPORT,airline,JAL,일본항공,"{""yyyymm"": ""202503""}"
2025-03-31,kac_S_TSI,310.0,KAC_AIRPORT,airline,JJA,제주항공,"{""yyyymm"": ""202503""}"
2025-03-31,kac_S_TSI,528.0,KAC_AIRPORT,airline,JNA,진에어,"{""yyyymm"": ""202503""}"
2025-03-31,kac_S_TSI,72.0,KAC_AIRPORT,airline,KAL,대한항공,"{""yyyymm"": ""202503""}"
2025-03-31,kac_S_TSI,23.0,KAC_AIRPORT,airline,MGL,몽골항공,"{""yyyymm"": ""202503""}"
2025-03-31,kac_S_TSI,0.0,KAC_AIRPORT,airline,PAL,필리핀항공,"{""yyyymm"": ""202503""}"
2025-03-31,kac_S_TSI,0.0,KAC_AIRPORT,airline,QDA,칭다오항공,"{""yyyymm"": ""202503""}"
2025-03-31,kac_S_TSI,0.0,KAC_AIRPORT,airline,RYL,로얄에어필리핀,"{""yyyymm"": ""202503""}"
2025-03-31,kac_S_TSI,0.0,KAC_AIRPORT,airline,SIA,싱가포르항공,"{""yyyymm"": ""202503""}"
2025-03-31,kac_S_TSI,0.0,KAC_AIRPORT,airline,TGW,스쿠트 항공,"{""yyyymm"": ""202503""}"
2025-03-31,kac_S_TSI,0.0,KAC_AIRPORT,airline,TTW,타이거에어 타이완,"{""yyyymm"": ""202503""}"
2025-03-31,kac_S_TSI,105.0,KAC_AIRPORT,airline,TWB,티웨이항공,"{""yyyymm"": ""202503""}"
2025-03-31,kac_S_TSI,17.0,KAC_AIRPORT,airline,VJC,비엣젯항공,"{""yyyymm"": ""202503""}"
2025-03-31,kac_S_TSO,37.0,KAC_AIRPORT,airline,AAR,아시아나항공,"{""yyyymm"": ""202503""}"
2025-03-31,kac_S_TSO,54.0,KAC_AIRPORT,airline,ABL,에어부산,"{""yyyymm"": ""202503""}"
2025-03-31,kac_S_TSO,30.0,KAC_AIRPORT,airline,ANA,전일본공수,"{""yyyymm"": ""202503""}"
2025-03-31,kac_S_TSO,0.0,KAC_AIRPORT,airline,ASV,에어서울,"{""yyyymm"": ""202503""}"
2025-03-31,kac_S_TSO,1.0,KAC_AIRPORT,airline,CAL,중화항공,"{""yyyymm"": ""202503""}"
2025-03-31,kac_S_TSO,1.0,KAC_AIRPORT,airline,CBJ,북경수도항공,"{""yyyymm"": ""202503""}"
2025-03-31,kac_S_TSO,1.0,KAC_AIRPORT,airline,CCA,중국국제항공,"{""yyyymm"": ""202503""}"
2025-03-31,kac_S_TSO,0.0,KAC_AIRPORT,airline,CDC,룽에어,"{""yyyymm"": ""202503""}"
2025-03-31,kac_S_TSO,0.0,KAC_AIRPORT,airline,CES,중국동방항공,"{""yyyymm"": ""202503""}"
2025-03-31,kac_S_TSO,0.0,KAC_AIRPORT,airline,CQH,춘추항공,"{""yyyymm"": ""202503""}"
2025-03-31,kac_S_TSO,0.0,KAC_AIRPORT,airline,CSC,사천항공,"{""yyyymm"": ""202503""}"
2025-03-31,kac_S_TSO,2.0,KAC_AIRPORT,airline,CSH,상해항공,"{""yyyymm"": ""202503""}"
2025-03-31,kac_S_TSO,0.0,KAC_AIRPORT,airline,CSN,중국남방항공,"{""yyyymm"": ""202503""}"
2025-03-31,kac_S_TSO,0.0,KAC_AIRPORT,airline,CSZ,중국심천항공,"{""yyyymm"": ""202503""}"
2025-03-31,kac_S_TSO,0.0,KAC_AIRPORT,airline,CXA,하문항공,"{""yyyymm"": ""202503""}"
2025-03-31,kac_S_TSO,0.0,KAC_AIRPORT,airline,DKH,길상항공(준야오),"{""yyyymm"": ""202503""}"
2025-03-31,kac_S_TSO,0.0,KAC_AIRPORT,airline,EOK,에어로케이항공,"{""yyyymm"": ""202503""}"
2025-03-31,kac_S_TSO,0.0,KAC_AIRPORT,airline,ESR,이스타항공,"{""yyyymm"": ""202503""}"
2025-03-31,kac_S_TSO,1.0,KAC_AIRPORT,airline,EVA,에바항공,"{""yyyymm"": ""202503""}"
2025-03-31,kac_S_TSO,0.0,KAC_AIRPORT,airline,HKE,홍콩익스프레스,"{""yyyymm"": ""202503""}"
2025-03-31,kac_S_TSO,2.0,KAC_AIRPORT,airline,HVN,베트남항공,"{""yyyymm"": ""202503""}"
2025-03-31,kac_S_TSO,22.0,KAC_AIRPORT,airline,JAL,일본항공,"{""yyyymm"": ""202503""}"
2025-03-31,kac_S_TSO,436.0,KAC_AIRPORT,airline,JJA,제주항공,"{""yyyymm"": ""202503""}"
2025-03-31,kac_S_TSO,525.0,KAC_AIRPORT,airline,JNA,진에어,"{""yyyymm"": ""202503""}"
2025-03-31,kac_S_TSO,79.0,KAC_AIRPORT,airline,KAL,대한항공,"{""yyyymm"": ""202503""}"
2025-03-31,kac_S_TSO,12.0,KAC_AIRPORT,airline,MGL,몽골항공,"{""yyyymm"": ""202503""}"
2025-03-31,kac_S_TSO,0.0,KAC_AIRPORT,airline,PAL,필리핀항공,"{""yyyymm"": ""202503""}"
2025-03-31,kac_S_TSO,2.0,KAC_AIRPORT,airline,QDA,칭다오항공,"{""yyyymm"": ""202503""}"
2025-03-31,kac_S_TSO,0.0,KAC_AIRPORT,airline,RYL,로얄에어필리핀,"{""yyyymm"": ""202503""}"
2025-03-31,kac_S_TSO,0.0,KAC_AIRPORT,airline,SIA,싱가포르항공,"{""yyyymm"": ""202503""}"
2025-03-31,kac_S_TSO,0.0,KAC_AIRPORT,airline,TGW,스쿠트 항공,"{""yyyymm"": ""202503""}"
2025-03-31,kac_S_TSO,0.0,KAC_AIRPORT,airline,TTW,타이거에어 타이완,"{""yyyymm"": ""202503""}"
2025-03-31,kac_S_TSO,105.0,KAC_AIRPORT,airline,TWB,티웨이항공,"{""yyyymm"": ""202503""}"
2025-03-31,kac_S_TSO,18.0,KAC_AIRPORT,airline,VJC,비엣젯항공,"{""yyyymm"": ""202503""}"
2025-04-30,airportal_SEQ,100.0,AIRPORTAL,airline,,DHL AIR LIMITED(DHK),"{""year"": 2025, ""month"": 4, ""yyyymm"": ""202504""}"
2025-04-30,airportal_공급(석),0.0,AIRPORTAL,airline,,DHL AIR LIMITED(DHK),"{""year"": 2025, ""month"": 4, ""yyyymm"": ""202504""}"
2025-04-30,airportal_여객(명),0.0,AIRPORTAL,airline,,DHL AIR LIMITED(DHK),"{""year"": 2025, ""month"": 4, ""yyyymm"": ""202504""}"
2025-04-30,airportal_운항(편),2.0,AIRPORTAL,airline,,DHL AIR LIMITED(DHK),"{""year"": 2025, ""month"": 4, ""yyyymm"": ""202504""}"
2025-04-30,airportal_화물(톤),85.0,AIRPORTAL,airline,,DHL AIR LIMITED(DHK),"{""year"": 2025, ""month"": 4, ""yyyymm"": ""202504""}"
2025-04-30,icn_airline_cargo_tons_arrBaggage,169.0,ODP_B551177,airline,7C,제주항공,
2025-04-30,icn_airline_cargo_tons_arrBaggage,20.0,ODP_B551177,airline,AA,아메리칸항공,
2025-04-30,icn_airline_cargo_tons_arrBaggage,51324.0,ODP_B551177,airline,KE,대한항공,
2025-04-30,icn_airline_cargo_tons_arrBaggage,23798.0,ODP_B551177,airline,OZ,아시아나항공,
2025-04-30,icn_airline_cargo_tons_baggage,320.0,ODP_B551177,airline,7C,제주항공,
2025-04-30,icn_airline_cargo_tons_baggage,284.0,ODP_B551177,airline,AA,아메리칸항공,
2025-04-30,icn_airline_cargo_tons_baggage,103447.0,ODP_B551177,airline,KE,대한항공,
2025-04-30,icn_airline_cargo_tons_baggage,46784.0,ODP_B551177,airline,OZ,아시아나항공,
2025-04-30,icn_airline_cargo_tons_depBaggage,150.0,ODP_B551177,airline,7C,제주항공,
2025-04-30,icn_airline_cargo_tons_depBaggage,264.0,ODP_B551177,airline,AA,아메리칸항공,
2025-04-30,icn_airline_cargo_tons_depBaggage,52124.0,ODP_B551177,airline,KE,대한항공,
2025-04-30,icn_airline_cargo_tons_depBaggage,22986.0,ODP_B551177,airline,OZ,아시아나항공,
2025-04-30,icn_airline_pax_arrPassenger,202490.0,ODP_B551177,airline,7C,제주항공,
2025-04-30,icn_airline_pax_arrPassenger,7285.0,ODP_B551177,airline,AA,아메리칸항공,
2025-04-30,icn_airline_pax_arrPassenger,700083.0,ODP_B551177,airline,KE,대한항공,
2025-04-30,icn_airline_pax_arrPassenger,425312.0,ODP_B551177,airline,OZ,아시아나항공,
2025-04-30,icn_airline_pax_depPassenger,202291.0,ODP_B551177,airline,7C,제주항공,
2025-04-30,icn_airline_pax_depPassenger,7584.0,ODP_B551177,airline,AA,아메리칸항공,
2025-04-30,icn_airline_pax_depPassenger,722345.0,ODP_B551177,airline,KE,대한항공,
2025-04-30,icn_airline_pax_depPassenger,446487.0,ODP_B551177,airline,OZ,아시아나항공,
2025-04-30,icn_airline_pax_passenger,404781.0,ODP_B551177,airline,7C,제주항공,
2025-04-30,icn_airline_pax_passenger,14869.0,ODP_B551177,airline,AA,아메리칸항공,
2025-04-30,icn_airline_pax_passenger,1422428.0,ODP_B551177,airline,KE,대한항공,
2025-04-30,icn_airline_pax_passenger,871799.0,ODP_B551177,airline,OZ,아시아나항공,
2025-04-30,kac_S_BFI,2451222.0,KAC_AIRPORT,airline,AAR,아시아나항공,"{""yyyymm"": ""202504""}"
2025-04-30,kac_S_BFI,1843785.0,KAC_AIRPORT,airline,ABL,에어부산,"{""yyyymm"": ""202504""}"
2025-04-30,kac_S_BFI,165531.0,KAC_AIRPORT,airline,ANA,전일본공수,"{""yyyymm"": ""202504""}"
2025-04-30,kac_S_BFI,49543.0,KAC_AIRPORT,airline,APJ,피치항공,"{""yyyymm"": ""202504""}"
2025-04-30,kac_S_BFI,146356.0,KAC_AIRPORT,airline,ASV,에어서울,"{""yyyymm"": ""202504""}"
2025-04-30,kac_S_BFI,157770.0,KAC_AIRPORT,airline,CAL,중화항공,"{""yyyymm"": ""202504""}"
2025-04-30,kac_S_BFI,18624.0,KAC_AIRPORT,airline,CBJ,북경수도항공,"{""yyyymm"": ""202504""}"
2025-04-30,kac_S_BFI,94580.0,KAC_AIRPORT,airline,CCA,중국국제항공,"{""yyyymm"": ""202504""}"
2025-04-30,kac_S_BFI,67986.0,KAC_AIRPORT,airline,CDC,룽에어,"{""yyyymm"": ""202504""}"
2025-04-30,kac_S_BFI,248821.0,KAC_AIRPORT,airline,CES,중국동방항공,"{""yyyymm"": ""202504""}"
2025-04-30,kac_S_BFI,285571.0,KAC_AIRPORT,airline,CQH,춘추항공,"{""yyyymm"": ""202504""}"
2025-04-30,kac_S_BFI,42430.0,KAC_AIRPORT,airline,CSC,사천항공,"{""yyyymm"": ""202504""}"
2025-04-30,kac_S_BFI,159144.0,KAC_AIRPORT,airline,CSH,상해항공,"{""yyyymm"": ""202504""}"
2025-04-30,kac_S_BFI,54054.0,KAC_AIRPORT,airline,CSN,중국남방항공,"{""yyyymm"": ""202504""}"
2025-04-30,kac_S_BFI,29989.0,KAC_AIRPORT,airline,CSZ,중국심천항공,"{""yyyymm"": ""202504""}"
2025-04-30,kac_S_BFI,99745.0,KAC_AIRPORT,airline,DKH,길상항공(준야오),"{""yyyymm"": ""202504""}"
2025-04-30,kac_S_BFI,385659.0,KAC_AIRPORT,airline,EOK,에어로케이항공,"{""yyyymm"": ""202504""}"
2025-04-30,kac_S_BFI,1096934.0,KAC_AIRPORT,airline,ESR,이스타항공,"{""yyyymm"": ""202504""}"
2025-04-30,kac_S_BFI,31421.0,KAC_AIRPORT,airline,EVA,에바항공,"{""yyyymm"": ""202504""}"
2025-04-30,kac_S_BFI,154723.0,KAC_AIRPORT,airline,HKE,홍콩익스프레스,"{""yyyymm"": ""202504""}"
2025-04-30,kac_S_BFI,326652.0,KAC_AIRPORT,airline,HVN,베트남항공,"{""yyyymm"": ""202504""}"
2025-04-30,kac_S_BFI,188511.0,KAC_AIRPORT,airline,JAL,일본항공,"{""yyyymm"": ""202504""}"
2025-04-30,kac_S_BFI,2390556.0,KAC_AIRPORT,airline,JJA,제주항공,"{""yyyymm"": ""202504""}"
2025-04-30,kac_S_BFI,2481560.0,KAC_AIRPORT,airline,JNA,진에어,"{""yyyymm"": ""202504""}"
2025-04-30,kac_S_BFI,4187374.0,KAC_AIRPORT,airline,KAL,대한항공,"{""yyyymm"": ""202504""}"
2025-04-30,kac_S_BFI,19132.0,KAC_AIRPORT,airline,MGL,몽골항공,"{""yyyymm"": ""202504""}"
2025-04-30,kac_S_BFI,83741.0,KAC_AIRPORT,airline,PAL,필리핀항공,"{""yyyymm"": ""202504""}"
2025-04-30,kac_S_BFI,7104.0,KAC_AIRPORT,airline,QDA,칭다오항공,"{""yyyymm"": ""202504""}"
2025-04-30,kac_S_BFI,39265.0,KAC_AIRPORT,airline,SIA,싱가포르항공,"{""yyyymm"": ""202504""}"
2025-04-30,kac_S_BFI,43880.0,KAC_AIRPORT,airline,TGW,스쿠트 항공,"{""yyyymm"": ""202504""}"
2025-04-30,kac_S_BFI,108776.0,KAC_AIRPORT,airline,TTW,타이거에어 타이완,"{""yyyymm"": ""202504""}"
2025-04-30,kac_S_BFI,2343652.0,KAC_AIRPORT,airline,TWB,티웨이항공,"{""yyyymm"": ""202504""}"
2025-04-30,kac_S_BFI,445049.0,KAC_AIRPORT,airline,VJC,비엣젯항공,"{""yyyymm"": ""202504""}"
2025-04-30,kac_S_BFO,2450816.0,KAC_AIRPORT,airline,AAR,아시아나항공,"{""yyyymm"": ""202504""}"
2025-04-30,kac_S_BFO,1767476.0,KAC_AIRPORT,airline,ABL,에어부산,"{""yyyymm"": ""202504""}"
2025-04-30,kac_S_BFO,206291.0,KAC_AIRPORT,airline,ANA,전일본공수,"{""yyyymm"": ""202504""}"
2025-04-30,kac_S_BFO,59847.0,KAC_AIRPORT,airline,APJ,피치항공,"{""yyyymm"": ""202504""}"
2025-04-30,kac_S_BFO,146356.0,KAC_AIRPORT,airline,ASV,에어서울,"{""yyyymm"": ""202504""}"
2025-04-30,kac_S_BFO,273432.0,KAC_AIRPORT,airline,CAL,중화항공,"{""yyyymm"": ""202504""}"
2025-04-30,kac_S_BFO,19211.0,KAC_AIRPORT,airline,CBJ,북경수도항공,"{""yyyymm"": ""202504""}"
2025-04-30,kac_S_BFO,123855.0,KAC_AIRPORT,airline,CCA,중국국제항공,"{""yyyymm"": ""202504""}"
2025-04-30,kac_S_BFO,70964.0,KAC_AIRPORT,airline,CDC,룽에어,"{""yyyymm"": ""202504""}"
2025-04-30,kac_S_BFO,280421.0,KAC_AIRPORT,airline,CES,중국동방항공,"{""yyyymm"": ""202504""}"
2025-04-30,kac_S_BFO,339997.0,KAC_AIRPORT,airline,CQH,춘추항공,"{""yyyymm"": ""202504""}"
2025-04-30,kac_S_BFO,29052.0,KAC_AIRPORT,airline,CSC,사천항공,"{""yyyymm"": ""202504""}"
2025-04-30,kac_S_BFO,143210.0,KAC_AIRPORT,airline,CSH,상해항공,"{""yyyymm"": ""202504""}"
2025-04-30,kac_S_BFO,77447.0,KAC_AIRPORT,airline,CSN,중국남방항공,"{""yyyymm"": ""202504""}"
2025-04-30,kac_S_BFO,40649.0,KAC_AIRPORT,airline,CSZ,중국심천항공,"{""yyyymm"": ""202504""}"
2025-04-30,kac_S_BFO,136889.0,KAC_AIRPORT,airline,DKH,길상항공(준야오),"{""yyyymm"": ""202504""}"
2025-04-30,kac_S_BFO,334589.0,KAC_AIRPORT,airline,EOK,에어로케이항공,"{""yyyymm"": ""202504""}"
2025-04-30,kac_S_BFO,1112003.0,KAC_AIRPORT,airline,ESR,이스타항공,"{""yyyymm"": ""202504""}"
2025-04-30,kac_S_BFO,56622.0,KAC_AIRPORT,airline,EVA,에바항공,"{""yyyymm"": ""202504""}"
2025-04-30,kac_S_BFO,174485.0,KAC_AIRPORT,airline,HKE,홍콩익스프레스,"{""yyyymm"": ""202504""}"
2025-04-30,kac_S_BFO,300683.0,KAC_AIRPORT,airline,HVN,베트남항공,"{""yyyymm"": ""202504""}"
2025-04-30,kac_S_BFO,223588.0,KAC_AIRPORT,airline,JAL,일본항공,"{""yyyymm"": ""202504""}"
2025-04-30,kac_S_BFO,2344993.0,KAC_AIRPORT,airline,JJA,제주항공,"{""yyyymm"": ""202504""}"
2025-04-30,kac_S_BFO,2423288.0,KAC_AIRPORT,airline,JNA,진에어,"{""yyyymm"": ""202504""}"
2025-04-30,kac_S_BFO,4136140.0,KAC_AIRPORT,airline,KAL,대한항공,"{""yyyymm"": ""202504""}"
2025-04-30,kac_S_BFO,26053.0,KAC_AIRPORT,airline,MGL,몽골항공,"{""yyyymm"": ""202504""}"
2025-04-30,kac_S_BFO,111111.0,KAC_AIRPORT,airline,PAL,필리핀항공,"{""yyyymm"": ""202504""}"
2025-04-30,kac_S_BFO,7578.0,KAC_AIRPORT,airline,QDA,칭다오항공,"{""yyyymm"": ""202504""}"
2025-04-30,kac_S_BFO,48740.0,KAC_AIRPORT,airline,SIA,싱가포르항공,"{""yyyymm"": ""202504""}"
2025-04-30,kac_S_BFO,57434.0,KAC_AIRPORT,airline,TGW,스쿠트 항공,"{""yyyymm"": ""202504""}"
2025-04-30,kac_S_BFO,155566.0,KAC_AIRPORT,airline,TTW,타이거에어 타이완,"{""yyyymm"": ""202504""}"
2025-04-30,kac_S_BFO,2247420.0,KAC_AIRPORT,airline,TWB,티웨이항공,"{""yyyymm"": ""202504""}"
2025-04-30,kac_S_BFO,265409.0,KAC_AIRPORT,airline,VJC,비엣젯항공,"{""yyyymm"": ""202504""}"
2025-04-30,kac_S_FFI,1328451.0,KAC_AIRPORT,airline,AAR,아시아나항공,"{""yyyymm"": ""202504""}"
2025-04-30,kac_S_FFI,288468.0,KAC_AIRPORT,airline,ABL,에어부산,"{""yyyymm"": ""202504""}"
2025-04-30,kac_S_FFI,76.0,KAC_AIRPORT,airline,ANA,전일본공수,"{""yyyymm"": ""202504""}"
2025-04-30,kac_S_FFI,0.0,KAC_AIRPORT,airline,APJ,피치항공,"{""yyyymm"": ""202504""}"
2025-04-30,kac_S_FFI,0.0,KAC_AIRPORT,airline,ASV,에어서울,"{""yyyymm"": ""202504""}"
2025-04-30,kac_S_FFI,0.0,KAC_AIRPORT,airline,CAL,중화항공,"{""yyyymm"": ""202504""}"
2025-04-30,kac_S_FFI,0.0,KAC_AIRPORT,airline,CBJ,북경수도항공,"{""yyyymm"": ""202504""}"
2025-04-30,kac_S_FFI,0.0,KAC_AIRPORT,airline,CCA,중국국제항공,"{""yyyymm"": ""202504""}"
2025-04-30,kac_S_FFI,0.0,KAC_AIRPORT,airline,CDC,룽에어,"{""yyyymm"": ""202504""}"
2025-04-30,kac_S_FFI,184361.0,KAC_AIRPORT,airline,CES,중국동방항공,"{""yyyymm"": ""202504""}"
2025-04-30,kac_S_FFI,0.0,KAC_AIRPORT,airline,CQH,춘추항공,"{""yyyymm"": ""202504""}"
2025-04-30,kac_S_FFI,0.0,KAC_AIRPORT,airline,CSC,사천항공,"{""yyyymm"": ""202504""}"
2025-04-30,kac_S_FFI,123613.0,KAC_AIRPORT,airline,CSH,상해항공,"{""yyyymm"": ""202504""}"
2025-04-30,kac_S_FFI,0.0,KAC_AIRPORT,airline,CSN,중국남방항공,"{""yyyymm"": ""202504""}"
2025-04-30,kac_S_FFI,0.0,KAC_AIRPORT,airline,CSZ,중국심천항공,"{""yyyymm"": ""202504""}"
2025-04-30,kac_S_FFI,0.0,KAC_AIRPORT,airline,DKH,길상항공(준야오),"{""yyyymm"": ""202504""}"
2025-04-30,kac_S_FFI,114.0,KAC_AIRPORT,airline,EOK,에어로케이항공,"{""yyyymm"": ""202504""}"
2025-04-30,kac_S_FFI,0.0,KAC_AIRPORT,airline,ESR,이스타항공,"{""yyyymm"": ""202504""}"
2025-04-30,kac_S_FFI,0.0,KAC_AIRPORT,airline,EVA,에바항공,"{""yyyymm"": ""202504""}"
2025-04-30,kac_S_FFI,0.0,KAC_AIRPORT,airline,HKE,홍콩익스프레스,"{""yyyymm"": ""202504""}"
2025-04-30,kac_S_FFI,446676.0,KAC_AIRPORT,airline,HVN,베트남항공,"{""yyyymm"": ""202504""}"
2025-04-30,kac_S_FFI,1005.0,KAC_AIRPORT,airline,JAL,일본항공,"{""yyyymm"": ""202504""}"
2025-04-30,kac_S_FFI,0.0,KAC_AIRPORT,airline,JJA,제주항공,"{""yyyymm"": ""202504""}"
2025-04-30,kac_S_FFI,35174.0,KAC_AIRPORT,airline,JNA,진에어,"{""yyyymm"": ""202504""}"
2025-04-30,kac_S_FFI,2520589.0,KAC_AIRPORT,airline,KAL,대한항공,"{""yyyymm"": ""202504""}"
2025-04-30,kac_S_FFI,0.0,KAC_AIRPORT,airline,MGL,몽골항공,"{""yyyymm"": ""202504""}"
2025-04-30,kac_S_FFI,1107.0,KAC_AIRPORT,airline,PAL,필리핀항공,"{""yyyymm"": ""202504""}"
2025-04-30,kac_S_FFI,0.0,KAC_AIRPORT,airline,QDA,칭다오항공,"{""yyyymm"": ""202504""}"
2025-04-30,kac_S_FFI,4387.0,KAC_AIRPORT,airline,SIA,싱가포르항공,"{""yyyymm"": ""202504""}"
2025-04-30,kac_S_FFI,0.0,KAC_AIRPORT,airline,TGW,스쿠트 항공,"{""yyyymm"": ""202504""}"
2025-04-30,kac_S_FFI,0.0,KAC_AIRPORT,airline,TTW,타이거에어 타이완,"{""yyyymm"": ""202504""}"
2025-04-30,kac_S_FFI,51.0,KAC_AIRPORT,airline,TWB,티웨이항공,"{""yyyymm"": ""202504""}"
2025-04-30,kac_S_FFI,25136.0,KAC_AIRPORT,airline,VJC,비엣젯항공,"{""yyyymm"": ""202504""}"
2025-04-30,kac_S_FFO,1782540.0,KAC_AIRPORT,airline,AAR,아시아나항공,"{""yyyymm"": ""202504""}"
2025-04-30,kac_S_FFO,285688.0,KAC_AIRPORT,airline,ABL,에어부산,"{""yyyymm"": ""202504""}"
2025-04-30,kac_S_FFO,72685.0,KAC_AIRPORT,airline,ANA,전일본공수,"{""yyyymm"": ""202504""}"
2025-04-30,kac_S_FFO,0.0,KAC_AIRPORT,airline,APJ,피치항공,"{""yyyymm"": ""202504""}"
2025-04-30,kac_S_FFO,0.0,KAC_AIRPORT,airline,ASV,에어서울,"{""yyyymm"": ""202504""}"
2025-04-30,kac_S_FFO,0.0,KAC_AIRPORT,airline,CAL,중화항공,"{""yyyymm"": ""202504""}"
2025-04-30,kac_S_FFO,0.0,KAC_AIRPORT,airline,CBJ,북경수도항공,"{""yyyymm"": ""202504""}"
2025-04-30,kac_S_FFO,0.0,KAC_AIRPORT,airline,CCA,중국국제항공,"{""yyyymm"": ""202504""}"
2025-04-30,kac_S_FFO,0.0,KAC_AIRPORT,airline,CDC,룽에어,"{""yyyymm"": ""202504""}"
2025-04-30,kac_S_FFO,29778.0,KAC_AIRPORT,airline,CES,중국동방항공,"{""yyyymm"": ""202504""}"
2025-04-30,kac_S_FFO,0.0,KAC_AIRPORT,airline,CQH,춘추항공,"{""yyyymm"": ""202504""}"
2025-04-30,kac_S_FFO,0.0,KAC_AIRPORT,airline,CSC,사천항공,"{""yyyymm"": ""202504""}"
2025-04-30,kac_S_FFO,0.0,KAC_AIRPORT,airline,CSH,상해항공,"{""yyyymm"": ""202504""}"
2025-04-30,kac_S_FFO,0.0,KAC_AIRPORT,airline,CSN,중국남방항공,"{""yyyymm"": ""202504""}"
2025-04-30,kac_S_FFO,0.0,KAC_AIRPORT,airline,CSZ,중국심천항공,"{""yyyymm"": ""202504""}"
2025-04-30,kac_S_FFO,0.0,KAC_AIRPORT,airline,DKH,길상항공(준야오),"{""yyyymm"": ""202504""}"
2025-04-30,kac_S_FFO,0.0,KAC_AIRPORT,airline,EOK,에어로케이항공,"{""yyyymm"": ""202504""}"
2025-04-30,kac_S_FFO,0.0,KAC_AIRPORT,airline,ESR,이스타항공,"{""yyyymm"": ""202504""}"
2025-04-30,kac_S_FFO,0.0,KAC_AIRPORT,airline,EVA,에바항공,"{""yyyymm"": ""202504""}"
2025-04-30,kac_S_FFO,0.0,KAC_AIRPORT,airline,HKE,홍콩익스프레스,"{""yyyymm"": ""202504""}"
2025-04-30,kac_S_FFO,483341.0,KAC_AIRPORT,airline,HVN,베트남항공,"{""yyyymm"": ""202504""}"
2025-04-30,kac_S_FFO,311913.0,KAC_AIRPORT,airline,JAL,일본항공,"{""yyyymm"": ""202504""}"
2025-04-30,kac_S_FFO,0.0,KAC_AIRPORT,airline,JJA,제주항공,"{""yyyymm"": ""202504""}"
2025-04-30,kac_S_FFO,35174.0,KAC_AIRPORT,airline,JNA,진에어,"{""yyyymm"": ""202504""}"
2025-04-30,kac_S_FFO,2574769.0,KAC_AIRPORT,airline,KAL,대한항공,"{""yyyymm"": ""202504""}"
2025-04-30,kac_S_FFO,0.0,KAC_AIRPORT,airline,MGL,몽골항공,"{""yyyymm"": ""202504""}"
2025-04-30,kac_S_FFO,3585.0,KAC_AIRPORT,airline,PAL,필리핀항공,"{""yyyymm"": ""202504""}"
2025-04-30,kac_S_FFO,0.0,KAC_AIRPORT,airline,QDA,칭다오항공,"{""yyyymm"": ""202504""}"
2025-04-30,kac_S_FFO,0.0,KAC_AIRPORT,airline,SIA,싱가포르항공,"{""yyyymm"": ""202504""}"
2025-04-30,kac_S_FFO,0.0,KAC_AIRPORT,airline,TGW,스쿠트 항공,"{""yyyymm"": ""202504""}"
2025-04-30,kac_S_FFO,0.0,KAC_AIRPORT,airline,TTW,타이거에어 타이완,"{""yyyymm"": ""202504""}"
2025-04-30,kac_S_FFO,218.0,KAC_AIRPORT,airline,TWB,티웨이항공,"{""yyyymm"": ""202504""}"
2025-04-30,kac_S_FFO,0.0,KAC_AIRPORT,airline,VJC,비엣젯항공,"{""yyyymm"": ""202504""}"
2025-04-30,kac_S_FPI,406900.0,KAC_AIRPORT,airline,AAR,아시아나항공,"{""yyyymm"": ""202504""}"
2025-04-30,kac_S_FPI,290930.0,KAC_AIRPORT,airline,ABL,에어부산,"{""yyyymm"": ""202504""}"
2025-04-30,kac_S_FPI,16805.0,KAC_AIRPORT,airline,ANA,전일본공수,"{""yyyymm"": ""202504""}"
2025-04-30,kac_S_FPI,7118.0,KAC_AIRPORT,airline,APJ,피치항공,"{""yyyymm"": ""202504""}"
2025-04-30,kac_S_FPI,37706.0,KAC_AIRPORT,airline,ASV,에어서울,"{""yyyymm"": ""202504""}"
2025-04-30,kac_S_FPI,12793.0,KAC_AIRPORT,airline,CAL,중화항공,"{""yyyymm"": ""202504""}"
2025-04-30,kac_S_FPI,1962.0,KAC_AIRPORT,airline,CBJ,북경수도항공,"{""yyyymm"": ""202504""}"
2025-04-30,kac_S_FPI,9299.0,KAC_AIRPORT,airline,CCA,중국국제항공,"{""yyyymm"": ""202504""}"
2025-04-30,kac_S_FPI,7028.0,KAC_AIRPORT,airline,CDC,룽에어,"{""yyyymm"": ""202504""}"
2025-04-30,kac_S_FPI,23082.0,KAC_AIRPORT,airline,CES,중국동방항공,"{""yyyymm"": ""202504""}"
2025-04-30,kac_S_FPI,44054.0,KAC_AIRPORT,airline,CQH,춘추항공,"{""yyyymm"": ""202504""}"
2025-04-30,kac_S_FPI,3005.0,KAC_AIRPORT,airline,CSC,사천항공,"{""yyyymm"": ""202504""}"
2025-04-30,kac_S_FPI,12325.0,KAC_AIRPORT,airline,CSH,상해항공,"{""yyyymm"": ""202504""}"
2025-04-30,kac_S_FPI,5251.0,KAC_AIRPORT,airline,CSN,중국남방항공,"{""yyyymm"": ""202504""}"
2025-04-30,kac_S_FPI,3145.0,KAC_AIRPORT,airline,CSZ,중국심천항공,"{""yyyymm"": ""202504""}"
2025-04-30,kac_S_FPI,11425.0,KAC_AIRPORT,airline,DKH,길상항공(준야오),"{""yyyymm"": ""202504""}"
2025-04-30,kac_S_FPI,58480.0,KAC_AIRPORT,airline,EOK,에어로케이항공,"{""yyyymm"": ""202504""}"
2025-04-30,kac_S_FPI,253719.0,KAC_AIRPORT,airline,ESR,이스타항공,"{""yyyymm"": ""202504""}"
2025-04-30,kac_S_FPI,2604.0,KAC_AIRPORT,airline,EVA,에바항공,"{""yyyymm"": ""202504""}"
2025-04-30,kac_S_FPI,15772.0,KAC_AIRPORT,airline,HKE,홍콩익스프레스,"{""yyyymm"": ""202504""}"
2025-04-30,kac_S_FPI,17531.0,KAC_AIRPORT,airline,HVN,베트남항공,"{""yyyymm"": ""202504""}"
2025-04-30,kac_S_FPI,17629.0,KAC_AIRPORT,airline,JAL,일본항공,"{""yyyymm"": ""202504""}"
2025-04-30,kac_S_FPI,459341.0,KAC_AIRPORT,airline,JJA,제주항공,"{""yyyymm"": ""202504""}"
2025-04-30,kac_S_FPI,440646.0,KAC_AIRPORT,airline,JNA,진에어,"{""yyyymm"": ""202504""}"
2025-04-30,kac_S_FPI,580863.0,KAC_AIRPORT,airline,KAL,대한항공,"{""yyyymm"": ""202504""}"
2025-04-30,kac_S_FPI,1084.0,KAC_AIRPORT,airline,MGL,몽골항공,"{""yyyymm"": ""202504""}"
2025-04-30,kac_S_FPI,5852.0,KAC_AIRPORT,airline,PAL,필리핀항공,"{""yyyymm"": ""202504""}"
2025-04-30,kac_S_FPI,872.0,KAC_AIRPORT,airline,QDA,칭다오항공,"{""yyyymm"": ""202504""}"
2025-04-30,kac_S_FPI,2528.0,KAC_AIRPORT,airline,SIA,싱가포르항공,"{""yyyymm"": ""202504""}"
2025-04-30,kac_S_FPI,3883.0,KAC_AIRPORT,airline,TGW,스쿠트 항공,"{""yyyymm"": ""202504""}"
2025-04-30,kac_S_FPI,11671.0,KAC_AIRPORT,airline,TTW,타이거에어 타이완,"{""yyyymm"": ""202504""}"
2025-04-30,kac_S_FPI,419468.0,KAC_AIRPORT,airline,TWB,티웨이항공,"{""yyyymm"": ""202504""}"
2025-04-30,kac_S_FPI,32824.0,KAC_AIRPORT,airline,VJC,비엣젯항공,"{""yyyymm"": ""202504""}"
2025-04-30,kac_S_FPO,406430.0,KAC_AIRPORT,airline,AAR,아시아나항공,"{""yyyymm"": ""202504""}"
2025-04-30,kac_S_FPO,293435.0,KAC_AIRPORT,airline,ABL,에어부산,"{""yyyymm"": ""202504""}"
2025-04-30,kac_S_FPO,17819.0,KAC_AIRPORT,airline,ANA,전일본공수,"{""yyyymm"": ""202504""}"
2025-04-30,kac_S_FPO,6091.0,KAC_AIRPORT,airline,APJ,피치항공,"{""yyyymm"": ""202504""}"
2025-04-30,kac_S_FPO,37706.0,KAC_AIRPORT,airline,ASV,에어서울,"{""yyyymm"": ""202504""}"
2025-04-30,kac_S_FPO,15496.0,KAC_AIRPORT,airline,CAL,중화항공,"{""yyyymm"": ""202504""}"
2025-04-30,kac_S_FPO,1886.0,KAC_AIRPORT,airline,CBJ,북경수도항공,"{""yyyymm"": ""202504""}"
2025-04-30,kac_S_FPO,9740.0,KAC_AIRPORT,airline,CCA,중국국제항공,"{""yyyymm"": ""202504""}"
2025-04-30,kac_S_FPO,6922.0,KAC_AIRPORT,airline,CDC,룽에어,"{""yyyymm"": ""202504""}"
2025-04-30,kac_S_FPO,24685.0,KAC_AIRPORT,airline,CES,중국동방항공,"{""yyyymm"": ""202504""}"
2025-04-30,kac_S_FPO,40236.0,KAC_AIRPORT,airline,CQH,춘추항공,"{""yyyymm"": ""202504""}"
2025-04-30,kac_S_FPO,2987.0,KAC_AIRPORT,airline,CSC,사천항공,"{""yyyymm"": ""202504""}"
2025-04-30,kac_S_FPO,12465.0,KAC_AIRPORT,airline,CSH,상해항공,"{""yyyymm"": ""202504""}"
2025-04-30,kac_S_FPO,5429.0,KAC_AIRPORT,airline,CSN,중국남방항공,"{""yyyymm"": ""202504""}"
2025-04-30,kac_S_FPO,3439.0,KAC_AIRPORT,airline,CSZ,중국심천항공,"{""yyyymm"": ""202504""}"
2025-04-30,kac_S_FPO,11250.0,KAC_AIRPORT,airline,DKH,길상항공(준야오),"{""yyyymm"": ""202504""}"
2025-04-30,kac_S_FPO,59433.0,KAC_AIRPORT,airline,EOK,에어로케이항공,"{""yyyymm"": ""202504""}"
2025-04-30,kac_S_FPO,255512.0,KAC_AIRPORT,airline,ESR,이스타항공,"{""yyyymm"": ""202504""}"
2025-04-30,kac_S_FPO,3212.0,KAC_AIRPORT,airline,EVA,에바항공,"{""yyyymm"": ""202504""}"
2025-04-30,kac_S_FPO,14866.0,KAC_AIRPORT,airline,HKE,홍콩익스프레스,"{""yyyymm"": ""202504""}"
2025-04-30,kac_S_FPO,18014.0,KAC_AIRPORT,airline,HVN,베트남항공,"{""yyyymm"": ""202504""}"
2025-04-30,kac_S_FPO,18534.0,KAC_AIRPORT,airline,JAL,일본항공,"{""yyyymm"": ""202504""}"
2025-04-30,kac_S_FPO,461532.0,KAC_AIRPORT,airline,JJA,제주항공,"{""yyyymm"": ""202504""}"
2025-04-30,kac_S_FPO,442064.0,KAC_AIRPORT,airline,JNA,진에어,"{""yyyymm"": ""202504""}"
2025-04-30,kac_S_FPO,582951.0,KAC_AIRPORT,airline,KAL,대한항공,"{""yyyymm"": ""202504""}"
2025-04-30,kac_S_FPO,1097.0,KAC_AIRPORT,airline,MGL,몽골항공,"{""yyyymm"": ""202504""}"
2025-04-30,kac_S_FPO,6378.0,KAC_AIRPORT,airline,PAL,필리핀항공,"{""yyyymm"": ""202504""}"
2025-04-30,kac_S_FPO,714.0,KAC_AIRPORT,airline,QDA,칭다오항공,"{""yyyymm"": ""202504""}"
2025-04-30,kac_S_FPO,2511.0,KAC_AIRPORT,airline,SIA,싱가포르항공,"{""yyyymm"": ""202504""}"
2025-04-30,kac_S_FPO,3936.0,KAC_AIRPORT,airline,TGW,스쿠트 항공,"{""yyyymm"": ""202504""}"
2025-04-30,kac_S_FPO,11446.0,KAC_AIRPORT,airline,TTW,타이거에어 타이완,"{""yyyymm"": ""202504""}"
2025-04-30,kac_S_FPO,422451.0,KAC_AIRPORT,airline,TWB,티웨이항공,"{""yyyymm"": ""202504""}"
2025-04-30,kac_S_FPO,28131.0,KAC_AIRPORT,airline,VJC,비엣젯항공,"{""yyyymm"": ""202504""}"
2025-04-30,kac_S_MFI,747.0,KAC_AIRPORT,airline,AAR,아시아나항공,"{""yyyymm"": ""202504""}"
2025-04-30,kac_S_MFI,0.0,KAC_AIRPORT,airline,ABL,에어부산,"{""yyyymm"": ""202504""}"
2025-04-30,kac_S_MFI,0.0,KAC_AIRPORT,airline,ANA,전일본공수,"{""yyyymm"": ""202504""}"
2025-04-30,kac_S_MFI,0.0,KAC_AIRPORT,airline,APJ,피치항공,"{""yyyymm"": ""202504""}"
2025-04-30,kac_S_MFI,0.0,KAC_AIRPORT,airline,ASV,에어서울,"{""yyyymm"": ""202504""}"
2025-04-30,kac_S_MFI,0.0,KAC_AIRPORT,airline,CAL,중화항공,"{""yyyymm"": ""202504""}"
2025-04-30,kac_S_MFI,0.0,KAC_AIRPORT,airline,CBJ,북경수도항공,"{""yyyymm"": ""202504""}"
2025-04-30,kac_S_MFI,0.0,KAC_AIRPORT,airline,CCA,중국국제항공,"{""yyyymm"": ""202504""}"
2025-04-30,kac_S_MFI,0.0,KAC_AIRPORT,airline,CDC,룽에어,"{""yyyymm"": ""202504""}"
2025-04-30,kac_S_MFI,0.0,KAC_AIRPORT,airline,CES,중국동방항공,"{""yyyymm"": ""202504""}"
2025-04-30,kac_S_MFI,0.0,KAC_AIRPORT,airline,CQH,춘추항공,"{""yyyymm"": ""202504""}"
2025-04-30,kac_S_MFI,0.0,KAC_AIRPORT,airline,CSC,사천항공,"{""yyyymm"": ""202504""}"
2025-04-30,kac_S_MFI,0.0,KAC_AIRPORT,airline,CSH,상해항공,"{""yyyymm"": ""202504""}"
2025-04-30,kac_S_MFI,0.0,KAC_AIRPORT,airline,CSN,중국남방항공,"{""yyyymm"": ""202504""}"
2025-04-30,kac_S_MFI,0.0,KAC_AIRPORT,airline,CSZ,중국심천항공,"{""yyyymm"": ""202504""}"
2025-04-30,kac_S_MFI,0.0,KAC_AIRPORT,airline,DKH,길상항공(준야오),"{""yyyymm"": ""202504""}"
2025-04-30,kac_S_MFI,0.0,KAC_AIRPORT,airline,EOK,에어로케이항공,"{""yyyymm"": ""202504""}"
2025-04-30,kac_S_MFI,0.0,KAC_AIRPORT,airline,ESR,이스타항공,"{""yyyymm"": ""202504""}"
2025-04-30,kac_S_MFI,0.0,KAC_AIRPORT,airline,EVA,에바항공,"{""yyyymm"": ""202504""}"
2025-04-30,kac_S_MFI,0.0,KAC_AIRPORT,airline,HKE,홍콩익스프레스,"{""yyyymm"": ""202504""}"
2025-04-30,kac_S_MFI,0.0,KAC_AIRPORT,airline,HVN,베트남항공,"{""yyyymm"": ""202504""}"
2025-04-30,kac_S_MFI,15247.0,KAC_AIRPORT,airline,JAL,일본항공,"{""yyyymm"": ""202504""}"
2025-04-30,kac_S_MFI,0.0,KAC_AIRPORT,airline,JJA,제주항공,"{""yyyymm"": ""202504""}"
2025-04-30,kac_S_MFI,0.0,KAC_AIRPORT,airline,JNA,진에어,"{""yyyymm"": ""202504""}"
2025-04-30,kac_S_MFI,44219.0,KAC_AIRPORT,airline,KAL,대한항공,"{""yyyymm"": ""202504""}"
2025-04-30,kac_S_MFI,0.0,KAC_AIRPORT,airline,MGL,몽골항공,"{""yyyymm"": ""202504""}"
2025-04-30,kac_S_MFI,0.0,KAC_AIRPORT,airline,PAL,필리핀항공,"{""yyyymm"": ""202504""}"
2025-04-30,kac_S_MFI,0.0,KAC_AIRPORT,airline,QDA,칭다오항공,"{""yyyymm"": ""202504""}"
2025-04-30,kac_S_MFI,0.0,KAC_AIRPORT,airline,SIA,싱가포르항공,"{""yyyymm"": ""202504""}"
2025-04-30,kac_S_MFI,0.0,KAC_AIRPORT,airline,TGW,스쿠트 항공,"{""yyyymm"": ""202504""}"
2025-04-30,kac_S_MFI,0.0,KAC_AIRPORT,airline,TTW,타이거에어 타이완,"{""yyyymm"": ""202504""}"
2025-04-30,kac_S_MFI,0.0,KAC_AIRPORT,airline,TWB,티웨이항공,"{""yyyymm"": ""202504""}"
2025-04-30,kac_S_MFI,44.0,KAC_AIRPORT,airline,VJC,비엣젯항공,"{""yyyymm"": ""202504""}"
2025-04-30,kac_S_MFO,747.0,KAC_AIRPORT,airline,AAR,아시아나항공,"{""yyyymm"": ""202504""}"
2025-04-30,kac_S_MFO,0.0,KAC_AIRPORT,airline,ABL,에어부산,"{""yyyymm"": ""202504""}"
2025-04-30,kac_S_MFO,0.0,KAC_AIRPORT,airline,ANA,전일본공수,"{""yyyymm"": ""202504""}"
2025-04-30,kac_S_MFO,0.0,KAC_AIRPORT,airline,APJ,피치항공,"{""yyyymm"": ""202504""}"
2025-04-30,kac_S_MFO,0.0,KAC_AIRPORT,airline,ASV,에어서울,"{""yyyymm"": ""202504""}"
2025-04-30,kac_S_MFO,0.0,KAC_AIRPORT,airline,CAL,중화항공,"{""yyyymm"": ""202504""}"
2025-04-30,kac_S_MFO,0.0,KAC_AIRPORT,airline,CBJ,북경수도항공,"{""yyyymm"": ""202504""}"
2025-04-30,kac_S_MFO,0.0,KAC_AIRPORT,airline,CCA,중국국제항공,"{""yyyymm"": ""202504""}"
2025-04-30,kac_S_MFO,0.0,KAC_AIRPORT,airline,CDC,룽에어,"{""yyyymm"": ""202504""}"
2025-04-30,kac_S_MFO,0.0,KAC_AIRPORT,airline,CES,중국동방항공,"{""yyyymm"": ""202504""}"
2025-04-30,kac_S_MFO,0.0,KAC_AIRPORT,airline,CQH,춘추항공,"{""yyyymm"": ""202504""}"
2025-04-30,kac_S_MFO,0.0,KAC_AIRPORT,airline,CSC,사천항공,"{""yyyymm"": ""202504""}"
2025-04-30,kac_S_MFO,0.0,KAC_AIRPORT,airline,CSH,상해항공,"{""yyyymm"": ""202504""}"
2025-04-30,kac_S_MFO,0.0,KAC_AIRPORT,airline,CSN,중국남방항공,"{""yyyymm"": ""202504""}"
2025-04-30,kac_S_MFO,0.0,KAC_AIRPORT,airline,CSZ,중국심천항공,"{""yyyymm"": ""202504""}"
2025-04-30,kac_S_MFO,0.0,KAC_AIRPORT,airline,DKH,길상항공(준야오),"{""yyyymm"": ""202504""}"
2025-04-30,kac_S_MFO,0.0,KAC_AIRPORT,airline,EOK,에어로케이항공,"{""yyyymm"": ""202504""}"
2025-04-30,kac_S_MFO,0.0,KAC_AIRPORT,airline,ESR,이스타항공,"{""yyyymm"": ""202504""}"
2025-04-30,kac_S_MFO,0.0,KAC_AIRPORT,airline,EVA,에바항공,"{""yyyymm"": ""202504""}"
2025-04-30,kac_S_MFO,0.0,KAC_AIRPORT,airline,HKE,홍콩익스프레스,"{""yyyymm"": ""202504""}"
2025-04-30,kac_S_MFO,0.0,KAC_AIRPORT,airline,HVN,베트남항공,"{""yyyymm"": ""202504""}"
2025-04-30,kac_S_MFO,0.0,KAC_AIRPORT,airline,JAL,일본항공,"{""yyyymm"": ""202504""}"
2025-04-30,kac_S_MFO,0.0,KAC_AIRPORT,airline,JJA,제주항공,"{""yyyymm"": ""202504""}"
2025-04-30,kac_S_MFO,0.0,KAC_AIRPORT,airline,JNA,진에어,"{""yyyymm"": ""202504""}"
2025-04-30,kac_S_MFO,0.0,KAC_AIRPORT,airline,KAL,대한항공,"{""yyyymm"": ""202504""}"
2025-04-30,kac_S_MFO,0.0,KAC_AIRPORT,airline,MGL,몽골항공,"{""yyyymm"": ""202504""}"
2025-04-30,kac_S_MFO,0.0,KAC_AIRPORT,airline,PAL,필리핀항공,"{""yyyymm"": ""202504""}"
2025-04-30,kac_S_MFO,0.0,KAC_AIRPORT,airline,QDA,칭다오항공,"{""yyyymm"": ""202504""}"
2025-04-30,kac_S_MFO,0.0,KAC_AIRPORT,airline,SIA,싱가포르항공,"{""yyyymm"": ""202504""}"
2025-04-30,kac_S_MFO,0.0,KAC_AIRPORT,airline,TGW,스쿠트 항공,"{""yyyymm"": ""202504""}"
2025-04-30,kac_S_MFO,0.0,KAC_AIRPORT,airline,TTW,타이거에어 타이완,"{""yyyymm"": ""202504""}"
2025-04-30,kac_S_MFO,0.0,KAC_AIRPORT,airline,TWB,티웨이항공,"{""yyyymm"": ""202504""}"
2025-04-30,kac_S_MFO,0.0,KAC_AIRPORT,airline,VJC,비엣젯항공,"{""yyyymm"": ""202504""}"
2025-04-30,kac_S_NPI,4676.0,KAC_AIRPORT,airline,AAR,아시아나항공,"{""yyyymm"": ""202504""}"
2025-04-30,kac_S_NPI,1830.0,KAC_AIRPORT,airline,ABL,에어부산,"{""yyyymm"": ""202504""}"
2025-04-30,kac_S_NPI,91.0,KAC_AIRPORT,airline,ANA,전일본공수,"{""yyyymm"": ""202504""}"
2025-04-30,kac_S_NPI,44.0,KAC_AIRPORT,airline,APJ,피치항공,"{""yyyymm"": ""202504""}"
2025-04-30,kac_S_NPI,375.0,KAC_AIRPORT,airline,ASV,에어서울,"{""yyyymm"": ""202504""}"
2025-04-30,kac_S_NPI,105.0,KAC_AIRPORT,airline,CAL,중화항공,"{""yyyymm"": ""202504""}"
2025-04-30,kac_S_NPI,1.0,KAC_AIRPORT,airline,CBJ,북경수도항공,"{""yyyymm"": ""202504""}"
2025-04-30,kac_S_NPI,32.0,KAC_AIRPORT,airline,CCA,중국국제항공,"{""yyyymm"": ""202504""}"
2025-04-30,kac_S_NPI,14.0,KAC_AIRPORT,airline,CDC,룽에어,"{""yyyymm"": ""202504""}"
2025-04-30,kac_S_NPI,81.0,KAC_AIRPORT,airline,CES,중국동방항공,"{""yyyymm"": ""202504""}"
2025-04-30,kac_S_NPI,80.0,KAC_AIRPORT,airline,CQH,춘추항공,"{""yyyymm"": ""202504""}"
2025-04-30,kac_S_NPI,0.0,KAC_AIRPORT,airline,CSC,사천항공,"{""yyyymm"": ""202504""}"
2025-04-30,kac_S_NPI,33.0,KAC_AIRPORT,airline,CSH,상해항공,"{""yyyymm"": ""202504""}"
2025-04-30,kac_S_NPI,19.0,KAC_AIRPORT,airline,CSN,중국남방항공,"{""yyyymm"": ""202504""}"
2025-04-30,kac_S_NPI,17.0,KAC_AIRPORT,airline,CSZ,중국심천항공,"{""yyyymm"": ""202504""}"
2025-04-30,kac_S_NPI,43.0,KAC_AIRPORT,airline,DKH,길상항공(준야오),"{""yyyymm"": ""202504""}"
2025-04-30,kac_S_NPI,568.0,KAC_AIRPORT,airline,EOK,에어로케이항공,"{""yyyymm"": ""202504""}"
2025-04-30,kac_S_NPI,1858.0,KAC_AIRPORT,airline,ESR,이스타항공,"{""yyyymm"": ""202504""}"
2025-04-30,kac_S_NPI,8.0,KAC_AIRPORT,airline,EVA,에바항공,"{""yyyymm"": ""202504""}"
2025-04-30,kac_S_NPI,55.0,KAC_AIRPORT,airline,HKE,홍콩익스프레스,"{""yyyymm"": ""202504""}"
2025-04-30,kac_S_NPI,160.0,KAC_AIRPORT,airline,HVN,베트남항공,"{""yyyymm"": ""202504""}"
2025-04-30,kac_S_NPI,69.0,KAC_AIRPORT,airline,JAL,일본항공,"{""yyyymm"": ""202504""}"
2025-04-30,kac_S_NPI,3508.0,KAC_AIRPORT,airline,JJA,제주항공,"{""yyyymm"": ""202504""}"
2025-04-30,kac_S_NPI,4513.0,KAC_AIRPORT,airline,JNA,진에어,"{""yyyymm"": ""202504""}"
2025-04-30,kac_S_NPI,6158.0,KAC_AIRPORT,airline,KAL,대한항공,"{""yyyymm"": ""202504""}"
2025-04-30,kac_S_NPI,8.0,KAC_AIRPORT,airline,MGL,몽골항공,"{""yyyymm"": ""202504""}"
2025-04-30,kac_S_NPI,20.0,KAC_AIRPORT,airline,PAL,필리핀항공,"{""yyyymm"": ""202504""}"
2025-04-30,kac_S_NPI,5.0,KAC_AIRPORT,airline,QDA,칭다오항공,"{""yyyymm"": ""202504""}"
2025-04-30,kac_S_NPI,24.0,KAC_AIRPORT,airline,SIA,싱가포르항공,"{""yyyymm"": ""202504""}"
2025-04-30,kac_S_NPI,70.0,KAC_AIRPORT,airline,TGW,스쿠트 항공,"{""yyyymm"": ""202504""}"
2025-04-30,kac_S_NPI,105.0,KAC_AIRPORT,airline,TTW,타이거에어 타이완,"{""yyyymm"": ""202504""}"
2025-04-30,kac_S_NPI,3689.0,KAC_AIRPORT,airline,TWB,티웨이항공,"{""yyyymm"": ""202504""}"
2025-04-30,kac_S_NPI,221.0,KAC_AIRPORT,airline,VJC,비엣젯항공,"{""yyyymm"": ""202504""}"
2025-04-30,kac_S_NPO,4656.0,KAC_AIRPORT,airline,AAR,아시아나항공,"{""yyyymm"": ""202504""}"
2025-04-30,kac_S_NPO,1844.0,KAC_AIRPORT,airline,ABL,에어부산,"{""yyyymm"": ""202504""}"
2025-04-30,kac_S_NPO,89.0,KAC_AIRPORT,airline,ANA,전일본공수,"{""yyyymm"": ""202504""}"
2025-04-30,kac_S_NPO,32.0,KAC_AIRPORT,airline,APJ,피치항공,"{""yyyymm"": ""202504""}"
2025-04-30,kac_S_NPO,375.0,KAC_AIRPORT,airline,ASV,에어서울,"{""yyyymm"": ""202504""}"
2025-04-30,kac_S_NPO,123.0,KAC_AIRPORT,airline,CAL,중화항공,"{""yyyymm"": ""202504""}"
2025-04-30,kac_S_NPO,4.0,KAC_AIRPORT,airline,CBJ,북경수도항공,"{""yyyymm"": ""202504""}"
2025-04-30,kac_S_NPO,30.0,KAC_AIRPORT,airline,CCA,중국국제항공,"{""yyyymm"": ""202504""}"
2025-04-30,kac_S_NPO,8.0,KAC_AIRPORT,airline,CDC,룽에어,"{""yyyymm"": ""202504""}"
2025-04-30,kac_S_NPO,101.0,KAC_AIRPORT,airline,CES,중국동방항공,"{""yyyymm"": ""202504""}"
2025-04-30,kac_S_NPO,56.0,KAC_AIRPORT,airline,CQH,춘추항공,"{""yyyymm"": ""202504""}"
2025-04-30,kac_S_NPO,0.0,KAC_AIRPORT,airline,CSC,사천항공,"{""yyyymm"": ""202504""}"
2025-04-30,kac_S_NPO,15.0,KAC_AIRPORT,airline,CSH,상해항공,"{""yyyymm"": ""202504""}"
2025-04-30,kac_S_NPO,16.0,KAC_AIRPORT,airline,CSN,중국남방항공,"{""yyyymm"": ""202504""}"
2025-04-30,kac_S_NPO,11.0,KAC_AIRPORT,airline,CSZ,중국심천항공,"{""yyyymm"": ""202504""}"
2025-04-30,kac_S_NPO,48.0,KAC_AIRPORT,airline,DKH,길상항공(준야오),"{""yyyymm"": ""202504""}"
2025-04-30,kac_S_NPO,566.0,KAC_AIRPORT,airline,EOK,에어로케이항공,"{""yyyymm"": ""202504""}"
2025-04-30,kac_S_NPO,1859.0,KAC_AIRPORT,airline,ESR,이스타항공,"{""yyyymm"": ""202504""}"
2025-04-30,kac_S_NPO,18.0,KAC_AIRPORT,airline,EVA,에바항공,"{""yyyymm"": ""202504""}"
2025-04-30,kac_S_NPO,60.0,KAC_AIRPORT,airline,HKE,홍콩익스프레스,"{""yyyymm"": ""202504""}"
2025-04-30,kac_S_NPO,287.0,KAC_AIRPORT,airline,HVN,베트남항공,"{""yyyymm"": ""202504""}"
2025-04-30,kac_S_NPO,62.0,KAC_AIRPORT,airline,JAL,일본항공,"{""yyyymm"": ""202504""}"
2025-04-30,kac_S_NPO,3519.0,KAC_AIRPORT,airline,JJA,제주항공,"{""yyyymm"": ""202504""}"
2025-04-30,kac_S_NPO,4514.0,KAC_AIRPORT,airline,JNA,진에어,"{""yyyymm"": ""202504""}"
2025-04-30,kac_S_NPO,6150.0,KAC_AIRPORT,airline,KAL,대한항공,"{""yyyymm"": ""202504""}"
2025-04-30,kac_S_NPO,16.0,KAC_AIRPORT,airline,MGL,몽골항공,"{""yyyymm"": ""202504""}"
2025-04-30,kac_S_NPO,28.0,KAC_AIRPORT,airline,PAL,필리핀항공,"{""yyyymm"": ""202504""}"
2025-04-30,kac_S_NPO,2.0,KAC_AIRPORT,airline,QDA,칭다오항공,"{""yyyymm"": ""202504""}"
2025-04-30,kac_S_NPO,24.0,KAC_AIRPORT,airline,SIA,싱가포르항공,"{""yyyymm"": ""202504""}"
2025-04-30,kac_S_NPO,59.0,KAC_AIRPORT,airline,TGW,스쿠트 항공,"{""yyyymm"": ""202504""}"
2025-04-30,kac_S_NPO,96.0,KAC_AIRPORT,airline,TTW,타이거에어 타이완,"{""yyyymm"": ""202504""}"
2025-04-30,kac_S_NPO,3735.0,KAC_AIRPORT,airline,TWB,티웨이항공,"{""yyyymm"": ""202504""}"
2025-04-30,kac_S_NPO,221.0,KAC_AIRPORT,airline,VJC,비엣젯항공,"{""yyyymm"": ""202504""}"
2025-04-30,kac_S_OCI,2384.0,KAC_AIRPORT,airline,AAR,아시아나항공,"{""yyyymm"": ""202504""}"
2025-04-30,kac_S_OCI,1720.0,KAC_AIRPORT,airline,ABL,에어부산,"{""yyyymm"": ""202504""}"
2025-04-30,kac_S_OCI,90.0,KAC_AIRPORT,airline,ANA,전일본공수,"{""yyyymm"": ""202504""}"
2025-04-30,kac_S_OCI,42.0,KAC_AIRPORT,airline,APJ,피치항공,"{""yyyymm"": ""202504""}"
2025-04-30,kac_S_OCI,186.0,KAC_AIRPORT,airline,ASV,에어서울,"{""yyyymm"": ""202504""}"
2025-04-30,kac_S_OCI,99.0,KAC_AIRPORT,airline,CAL,중화항공,"{""yyyymm"": ""202504""}"
2025-04-30,kac_S_OCI,13.0,KAC_AIRPORT,airline,CBJ,북경수도항공,"{""yyyymm"": ""202504""}"
2025-04-30,kac_S_OCI,74.0,KAC_AIRPORT,airline,CCA,중국국제항공,"{""yyyymm"": ""202504""}"
2025-04-30,kac_S_OCI,47.0,KAC_AIRPORT,airline,CDC,룽에어,"{""yyyymm"": ""202504""}"
2025-04-30,kac_S_OCI,145.0,KAC_AIRPORT,airline,CES,중국동방항공,"{""yyyymm"": ""202504""}"
2025-04-30,kac_S_OCI,257.0,KAC_AIRPORT,airline,CQH,춘추항공,"{""yyyymm"": ""202504""}"
2025-04-30,kac_S_OCI,17.0,KAC_AIRPORT,airline,CSC,사천항공,"{""yyyymm"": ""202504""}"
2025-04-30,kac_S_OCI,60.0,KAC_AIRPORT,airline,CSH,상해항공,"{""yyyymm"": ""202504""}"
2025-04-30,kac_S_OCI,35.0,KAC_AIRPORT,airline,CSN,중국남방항공,"{""yyyymm"": ""202504""}"
2025-04-30,kac_S_OCI,29.0,KAC_AIRPORT,airline,CSZ,중국심천항공,"{""yyyymm"": ""202504""}"
2025-04-30,kac_S_OCI,73.0,KAC_AIRPORT,airline,DKH,길상항공(준야오),"{""yyyymm"": ""202504""}"
2025-04-30,kac_S_OCI,419.0,KAC_AIRPORT,airline,EOK,에어로케이항공,"{""yyyymm"": ""202504""}"
2025-04-30,kac_S_OCI,1541.0,KAC_AIRPORT,airline,ESR,이스타항공,"{""yyyymm"": ""202504""}"
2025-04-30,kac_S_OCI,18.0,KAC_AIRPORT,airline,EVA,에바항공,"{""yyyymm"": ""202504""}"
2025-04-30,kac_S_OCI,82.0,KAC_AIRPORT,airline,HKE,홍콩익스프레스,"{""yyyymm"": ""202504""}"
2025-04-30,kac_S_OCI,60.0,KAC_AIRPORT,airline,HVN,베트남항공,"{""yyyymm"": ""202504""}"
2025-04-30,kac_S_OCI,90.0,KAC_AIRPORT,airline,JAL,일본항공,"{""yyyymm"": ""202504""}"
2025-04-30,kac_S_OCI,2764.0,KAC_AIRPORT,airline,JJA,제주항공,"{""yyyymm"": ""202504""}"
2025-04-30,kac_S_OCI,2849.0,KAC_AIRPORT,airline,JNA,진에어,"{""yyyymm"": ""202504""}"
2025-04-30,kac_S_OCI,3645.0,KAC_AIRPORT,airline,KAL,대한항공,"{""yyyymm"": ""202504""}"
2025-04-30,kac_S_OCI,8.0,KAC_AIRPORT,airline,MGL,몽골항공,"{""yyyymm"": ""202504""}"
2025-04-30,kac_S_OCI,38.0,KAC_AIRPORT,airline,PAL,필리핀항공,"{""yyyymm"": ""202504""}"
2025-04-30,kac_S_OCI,9.0,KAC_AIRPORT,airline,QDA,칭다오항공,"{""yyyymm"": ""202504""}"
2025-04-30,kac_S_OCI,17.0,KAC_AIRPORT,airline,SIA,싱가포르항공,"{""yyyymm"": ""202504""}"
2025-04-30,kac_S_OCI,22.0,KAC_AIRPORT,airline,TGW,스쿠트 항공,"{""yyyymm"": ""202504""}"
2025-04-30,kac_S_OCI,77.0,KAC_AIRPORT,airline,TTW,타이거에어 타이완,"{""yyyymm"": ""202504""}"
2025-04-30,kac_S_OCI,2462.0,KAC_AIRPORT,airline,TWB,티웨이항공,"{""yyyymm"": ""202504""}"
2025-04-30,kac_S_OCI,210.0,KAC_AIRPORT,airline,VJC,비엣젯항공,"{""yyyymm"": ""202504""}"
2025-04-30,kac_S_OCO,2387.0,KAC_AIRPORT,airline,AAR,아시아나항공,"{""yyyymm"": ""202504""}"
2025-04-30,kac_S_OCO,1723.0,KAC_AIRPORT,airline,ABL,에어부산,"{""yyyymm"": ""202504""}"
2025-04-30,kac_S_OCO,90.0,KAC_AIRPORT,airline,ANA,전일본공수,"{""yyyymm"": ""202504""}"
2025-04-30,kac_S_OCO,42.0,KAC_AIRPORT,airline,APJ,피치항공,"{""yyyymm"": ""202504""}"
2025-04-30,kac_S_OCO,186.0,KAC_AIRPORT,airline,ASV,에어서울,"{""yyyymm"": ""202504""}"
2025-04-30,kac_S_OCO,99.0,KAC_AIRPORT,airline,CAL,중화항공,"{""yyyymm"": ""202504""}"
2025-04-30,kac_S_OCO,13.0,KAC_AIRPORT,airline,CBJ,북경수도항공,"{""yyyymm"": ""202504""}"
2025-04-30,kac_S_OCO,74.0,KAC_AIRPORT,airline,CCA,중국국제항공,"{""yyyymm"": ""202504""}"
2025-04-30,kac_S_OCO,47.0,KAC_AIRPORT,airline,CDC,룽에어,"{""yyyymm"": ""202504""}"
2025-04-30,kac_S_OCO,145.0,KAC_AIRPORT,airline,CES,중국동방항공,"{""yyyymm"": ""202504""}"
2025-04-30,kac_S_OCO,257.0,KAC_AIRPORT,airline,CQH,춘추항공,"{""yyyymm"": ""202504""}"
2025-04-30,kac_S_OCO,17.0,KAC_AIRPORT,airline,CSC,사천항공,"{""yyyymm"": ""202504""}"
2025-04-30,kac_S_OCO,60.0,KAC_AIRPORT,airline,CSH,상해항공,"{""yyyymm"": ""202504""}"
2025-04-30,kac_S_OCO,35.0,KAC_AIRPORT,airline,CSN,중국남방항공,"{""yyyymm"": ""202504""}"
2025-04-30,kac_S_OCO,29.0,KAC_AIRPORT,airline,CSZ,중국심천항공,"{""yyyymm"": ""202504""}"
2025-04-30,kac_S_OCO,73.0,KAC_AIRPORT,airline,DKH,길상항공(준야오),"{""yyyymm"": ""202504""}"
2025-04-30,kac_S_OCO,421.0,KAC_AIRPORT,airline,EOK,에어로케이항공,"{""yyyymm"": ""202504""}"
2025-04-30,kac_S_OCO,1546.0,KAC_AIRPORT,airline,ESR,이스타항공,"{""yyyymm"": ""202504""}"
2025-04-30,kac_S_OCO,18.0,KAC_AIRPORT,airline,EVA,에바항공,"{""yyyymm"": ""202504""}"
2025-04-30,kac_S_OCO,82.0,KAC_AIRPORT,airline,HKE,홍콩익스프레스,"{""yyyymm"": ""202504""}"
2025-04-30,kac_S_OCO,60.0,KAC_AIRPORT,airline,HVN,베트남항공,"{""yyyymm"": ""202504""}"
2025-04-30,kac_S_OCO,90.0,KAC_AIRPORT,airline,JAL,일본항공,"{""yyyymm"": ""202504""}"
2025-04-30,kac_S_OCO,2774.0,KAC_AIRPORT,airline,JJA,제주항공,"{""yyyymm"": ""202504""}"
2025-04-30,kac_S_OCO,2854.0,KAC_AIRPORT,airline,JNA,진에어,"{""yyyymm"": ""202504""}"
2025-04-30,kac_S_OCO,3650.0,KAC_AIRPORT,airline,KAL,대한항공,"{""yyyymm"": ""202504""}"
2025-04-30,kac_S_OCO,8.0,KAC_AIRPORT,airline,MGL,몽골항공,"{""yyyymm"": ""202504""}"
2025-04-30,kac_S_OCO,37.0,KAC_AIRPORT,airline,PAL,필리핀항공,"{""yyyymm"": ""202504""}"
2025-04-30,kac_S_OCO,9.0,KAC_AIRPORT,airline,QDA,칭다오항공,"{""yyyymm"": ""202504""}"
2025-04-30,kac_S_OCO,17.0,KAC_AIRPORT,airline,SIA,싱가포르항공,"{""yyyymm"": ""202504""}"
2025-04-30,kac_S_OCO,22.0,KAC_AIRPORT,airline,TGW,스쿠트 항공,"{""yyyymm"": ""202504""}"
2025-04-30,kac_S_OCO,77.0,KAC_AIRPORT,airline,TTW,타이거에어 타이완,"{""yyyymm"": ""202504""}"
2025-04-30,kac_S_OCO,2463.0,KAC_AIRPORT,airline,TWB,티웨이항공,"{""yyyymm"": ""202504""}"
2025-04-30,kac_S_OCO,210.0,KAC_AIRPORT,airline,VJC,비엣젯항공,"{""yyyymm"": ""202504""}"
2025-04-30,kac_S_TSI,59.0,KAC_AIRPORT,airline,AAR,아시아나항공,"{""yyyymm"": ""202504""}"
2025-04-30,kac_S_TSI,164.0,KAC_AIRPORT,airline,ABL,에어부산,"{""yyyymm"": ""202504""}"
2025-04-30,kac_S_TSI,39.0,KAC_AIRPORT,airline,ANA,전일본공수,"{""yyyymm"": ""202504""}"
2025-04-30,kac_S_TSI,0.0,KAC_AIRPORT,airline,APJ,피치항공,"{""yyyymm"": ""202504""}"
2025-04-30,kac_S_TSI,0.0,KAC_AIRPORT,airline,ASV,에어서울,"{""yyyymm"": ""202504""}"
2025-04-30,kac_S_TSI,3.0,KAC_AIRPORT,airline,CAL,중화항공,"{""yyyymm"": ""202504""}"
2025-04-30,kac_S_TSI,0.0,KAC_AIRPORT,airline,CBJ,북경수도항공,"{""yyyymm"": ""202504""}"
2025-04-30,kac_S_TSI,9.0,KAC_AIRPORT,airline,CCA,중국국제항공,"{""yyyymm"": ""202504""}"
2025-04-30,kac_S_TSI,0.0,KAC_AIRPORT,airline,CDC,룽에어,"{""yyyymm"": ""202504""}"
2025-04-30,kac_S_TSI,1.0,KAC_AIRPORT,airline,CES,중국동방항공,"{""yyyymm"": ""202504""}"
2025-04-30,kac_S_TSI,0.0,KAC_AIRPORT,airline,CQH,춘추항공,"{""yyyymm"": ""202504""}"
2025-04-30,kac_S_TSI,0.0,KAC_AIRPORT,airline,CSC,사천항공,"{""yyyymm"": ""202504""}"
2025-04-30,kac_S_TSI,0.0,KAC_AIRPORT,airline,CSH,상해항공,"{""yyyymm"": ""202504""}"
2025-04-30,kac_S_TSI,25.0,KAC_AIRPORT,airline,CSN,중국남방항공,"{""yyyymm"": ""202504""}"
2025-04-30,kac_S_TSI,0.0,KAC_AIRPORT,airline,CSZ,중국심천항공,"{""yyyymm"": ""202504""}"
2025-04-30,kac_S_TSI,0.0,KAC_AIRPORT,airline,DKH,길상항공(준야오),"{""yyyymm"": ""202504""}"
2025-04-30,kac_S_TSI,1.0,KAC_AIRPORT,airline,EOK,에어로케이항공,"{""yyyymm"": ""202504""}"
2025-04-30,kac_S_TSI,0.0,KAC_AIRPORT,airline,ESR,이스타항공,"{""yyyymm"": ""202504""}"
2025-04-30,kac_S_TSI,1.0,KAC_AIRPORT,airline,EVA,에바항공,"{""yyyymm"": ""202504""}"
2025-04-30,kac_S_TSI,0.0,KAC_AIRPORT,airline,HKE,홍콩익스프레스,"{""yyyymm"": ""202504""}"
2025-04-30,kac_S_TSI,1.0,KAC_AIRPORT,airline,HVN,베트남항공,"{""yyyymm"": ""202504""}"
2025-04-30,kac_S_TSI,20.0,KAC_AIRPORT,airline,JAL,일본항공,"{""yyyymm"": ""202504""}"
2025-04-30,kac_S_TSI,496.0,KAC_AIRPORT,airline,JJA,제주항공,"{""yyyymm"": ""202504""}"
2025-04-30,kac_S_TSI,592.0,KAC_AIRPORT,airline,JNA,진에어,"{""yyyymm"": ""202504""}"
2025-04-30,kac_S_TSI,61.0,KAC_AIRPORT,airline,KAL,대한항공,"{""yyyymm"": ""202504""}"
2025-04-30,kac_S_TSI,8.0,KAC_AIRPORT,airline,MGL,몽골항공,"{""yyyymm"": ""202504""}"
2025-04-30,kac_S_TSI,0.0,KAC_AIRPORT,airline,PAL,필리핀항공,"{""yyyymm"": ""202504""}"
2025-04-30,kac_S_TSI,0.0,KAC_AIRPORT,airline,QDA,칭다오항공,"{""yyyymm"": ""202504""}"
2025-04-30,kac_S_TSI,0.0,KAC_AIRPORT,airline,SIA,싱가포르항공,"{""yyyymm"": ""202504""}"
2025-04-30,kac_S_TSI,0.0,KAC_AIRPORT,airline,TGW,스쿠트 항공,"{""yyyymm"": ""202504""}"
2025-04-30,kac_S_TSI,0.0,KAC_AIRPORT,airline,TTW,타이거에어 타이완,"{""yyyymm"": ""202504""}"
2025-04-30,kac_S_TSI,137.0,KAC_AIRPORT,airline,TWB,티웨이항공,"{""yyyymm"": ""202504""}"
2025-04-30,kac_S_TSI,17.0,KAC_AIRPORT,airline,VJC,비엣젯항공,"{""yyyymm"": ""202504""}"
2025-04-30,kac_S_TSO,63.0,KAC_AIRPORT,airline,AAR,아시아나항공,"{""yyyymm"": ""202504""}"
2025-04-30,kac_S_TSO,183.0,KAC_AIRPORT,airline,ABL,에어부산,"{""yyyymm"": ""202504""}"
2025-04-30,kac_S_TSO,40.0,KAC_AIRPORT,airline,ANA,전일본공수,"{""yyyymm"": ""202504""}"
2025-04-30,kac_S_TSO,0.0,KAC_AIRPORT,airline,APJ,피치항공,"{""yyyymm"": ""202504""}"
2025-04-30,kac_S_TSO,0.0,KAC_AIRPORT,airline,ASV,에어서울,"{""yyyymm"": ""202504""}"
2025-04-30,kac_S_TSO,1.0,KAC_AIRPORT,airline,CAL,중화항공,"{""yyyymm"": ""202504""}"
2025-04-30,kac_S_TSO,0.0,KAC_AIRPORT,airline,CBJ,북경수도항공,"{""yyyymm"": ""202504""}"
2025-04-30,kac_S_TSO,2.0,KAC_AIRPORT,airline,CCA,중국국제항공,"{""yyyymm"": ""202504""}"
2025-04-30,kac_S_TSO,0.0,KAC_AIRPORT,airline,CDC,룽에어,"{""yyyymm"": ""202504""}"
2025-04-30,kac_S_TSO,0.0,KAC_AIRPORT,airline,CES,중국동방항공,"{""yyyymm"": ""202504""}"
2025-04-30,kac_S_TSO,0.0,KAC_AIRPORT,airline,CQH,춘추항공,"{""yyyymm"": ""202504""}"
2025-04-30,kac_S_TSO,0.0,KAC_AIRPORT,airline,CSC,사천항공,"{""yyyymm"": ""202504""}"
2025-04-30,kac_S_TSO,1.0,KAC_AIRPORT,airline,CSH,상해항공,"{""yyyymm"": ""202504""}"
2025-04-30,kac_S_TSO,2.0,KAC_AIRPORT,airline,CSN,중국남방항공,"{""yyyymm"": ""202504""}"
2025-04-30,kac_S_TSO,0.0,KAC_AIRPORT,airline,CSZ,중국심천항공,"{""yyyymm"": ""202504""}"
2025-04-30,kac_S_TSO,0.0,KAC_AIRPORT,airline,DKH,길상항공(준야오),"{""yyyymm"": ""202504""}"
2025-04-30,kac_S_TSO,0.0,KAC_AIRPORT,airline,EOK,에어로케이항공,"{""yyyymm"": ""202504""}"
2025-04-30,kac_S_TSO,0.0,KAC_AIRPORT,airline,ESR,이스타항공,"{""yyyymm"": ""202504""}"
2025-04-30,kac_S_TSO,3.0,KAC_AIRPORT,airline,EVA,에바항공,"{""yyyymm"": ""202504""}"
2025-04-30,kac_S_TSO,0.0,KAC_AIRPORT,airline,HKE,홍콩익스프레스,"{""yyyymm"": ""202504""}"
2025-04-30,kac_S_TSO,1.0,KAC_AIRPORT,airline,HVN,베트남항공,"{""yyyymm"": ""202504""}"
2025-04-30,kac_S_TSO,19.0,KAC_AIRPORT,airline,JAL,일본항공,"{""yyyymm"": ""202504""}"
2025-04-30,kac_S_TSO,551.0,KAC_AIRPORT,airline,JJA,제주항공,"{""yyyymm"": ""202504""}"
2025-04-30,kac_S_TSO,574.0,KAC_AIRPORT,airline,JNA,진에어,"{""yyyymm"": ""202504""}"
2025-04-30,kac_S_TSO,70.0,KAC_AIRPORT,airline,KAL,대한항공,"{""yyyymm"": ""202504""}"
2025-04-30,kac_S_TSO,1.0,KAC_AIRPORT,airline,MGL,몽골항공,"{""yyyymm"": ""202504""}"
2025-04-30,kac_S_TSO,0.0,KAC_AIRPORT,airline,PAL,필리핀항공,"{""yyyymm"": ""202504""}"
2025-04-30,kac_S_TSO,0.0,KAC_AIRPORT,airline,QDA,칭다오항공,"{""yyyymm"": ""202504""}"
2025-04-30,kac_S_TSO,0.0,KAC_AIRPORT,airline,SIA,싱가포르항공,"{""yyyymm"": ""202504""}"
2025-04-30,kac_S_TSO,0.0,KAC_AIRPORT,airline,TGW,스쿠트 항공,"{""yyyymm"": ""202504""}"
2025-04-30,kac_S_TSO,0.0,KAC_AIRPORT,airline,TTW,타이거에어 타이완,"{""yyyymm"": ""202504""}"
2025-04-30,kac_S_TSO,137.0,KAC_AIRPORT,airline,TWB,티웨이항공,"{""yyyymm"": ""202504""}"
2025-04-30,kac_S_TSO,18.0,KAC_AIRPORT,airline,VJC,비엣젯항공,"{""yyyymm"": ""202504""}"
2025-05-31,airportal_SEQ,100.0,AIRPORTAL,airline,,SCAT 항공(VSV),"{""year"": 2025, ""month"": 5, ""yyyymm"": ""202505""}"
2025-05-31,airportal_공급(석),378.0,AIRPORTAL,airline,,SCAT 항공(VSV),"{""year"": 2025, ""month"": 5, ""yyyymm"": ""202505""}"
2025-05-31,airportal_여객(명),209.0,AIRPORTAL,airline,,SCAT 항공(VSV),"{""year"": 2025, ""month"": 5, ""yyyymm"": ""202505""}"
2025-05-31,airportal_운항(편),2.0,AIRPORTAL,airline,,SCAT 항공(VSV),"{""year"": 2025, ""month"": 5, ""yyyymm"": ""202505""}"
2025-05-31,airportal_화물(톤),5.0,AIRPORTAL,airline,,SCAT 항공(VSV),"{""year"": 2025, ""month"": 5, ""yyyymm"": ""202505""}"
2025-05-31,icn_airline_cargo_tons_arrBaggage,157.0,ODP_B551177,airline,7C,제주항공,
2025-05-31,icn_airline_cargo_tons_arrBaggage,22.0,ODP_B551177,airline,AA,아메리칸항공,
2025-05-31,icn_airline_cargo_tons_arrBaggage,54177.0,ODP_B551177,airline,KE,대한항공,
2025-05-31,icn_airline_cargo_tons_arrBaggage,24559.0,ODP_B551177,airline,OZ,아시아나항공,
2025-05-31,icn_airline_cargo_tons_baggage,330.0,ODP_B551177,airline,7C,제주항공,
2025-05-31,icn_airline_cargo_tons_baggage,329.0,ODP_B551177,airline,AA,아메리칸항공,
2025-05-31,icn_airline_cargo_tons_baggage,106052.0,ODP_B551177,airline,KE,대한항공,
2025-05-31,icn_airline_cargo_tons_baggage,48612.0,ODP_B551177,airline,OZ,아시아나항공,
2025-05-31,icn_airline_cargo_tons_depBaggage,173.0,ODP_B551177,airline,7C,제주항공,
2025-05-31,icn_airline_cargo_tons_depBaggage,307.0,ODP_B551177,airline,AA,아메리칸항공,
2025-05-31,icn_airline_cargo_tons_depBaggage,51874.0,ODP_B551177,airline,KE,대한항공,
2025-05-31,icn_airline_cargo_tons_depBaggage,24053.0,ODP_B551177,airline,OZ,아시아나항공,
2025-05-31,icn_airline_pax_arrPassenger,227037.0,ODP_B551177,airline,7C,제주항공,
2025-05-31,icn_airline_pax_arrPassenger,7656.0,ODP_B551177,airline,AA,아메리칸항공,
2025-05-31,icn_airline_pax_arrPassenger,736447.0,ODP_B551177,airline,KE,대한항공,
2025-05-31,icn_airline_pax_arrPassenger,446137.0,ODP_B551177,airline,OZ,아시아나항공,
2025-05-31,icn_airline_pax_depPassenger,225281.0,ODP_B551177,airline,7C,제주항공,
2025-05-31,icn_airline_pax_depPassenger,7688.0,ODP_B551177,airline,AA,아메리칸항공,
2025-05-31,icn_airline_pax_depPassenger,727687.0,ODP_B551177,airline,KE,대한항공,
2025-05-31,icn_airline_pax_depPassenger,445326.0,ODP_B551177,airline,OZ,아시아나항공,
2025-05-31,icn_airline_pax_passenger,452318.0,ODP_B551177,airline,7C,제주항공,
2025-05-31,icn_airline_pax_passenger,15344.0,ODP_B551177,airline,AA,아메리칸항공,
2025-05-31,icn_airline_pax_passenger,1464134.0,ODP_B551177,airline,KE,대한항공,
2025-05-31,icn_airline_pax_passenger,891463.0,ODP_B551177,airline,OZ,아시아나항공,
2025-05-31,kac_S_BFI,2590829.0,KAC_AIRPORT,airline,AAR,아시아나항공,"{""yyyymm"": ""202505""}"
2025-05-31,kac_S_BFI,1982075.0,KAC_AIRPORT,airline,ABL,에어부산,"{""yyyymm"": ""202505""}"
2025-05-31,kac_S_BFI,170819.0,KAC_AIRPORT,airline,ANA,전일본공수,"{""yyyymm"": ""202505""}"
2025-05-31,kac_S_BFI,78048.0,KAC_AIRPORT,airline,APJ,피치항공,"{""yyyymm"": ""202505""}"
2025-05-31,kac_S_BFI,226183.0,KAC_AIRPORT,airline,ASV,에어서울,"{""yyyymm"": ""202505""}"
2025-05-31,kac_S_BFI,172850.0,KAC_AIRPORT,airline,CAL,중화항공,"{""yyyymm"": ""202505""}"
2025-05-31,kac_S_BFI,25897.0,KAC_AIRPORT,airline,CBJ,북경수도항공,"{""yyyymm"": ""202505""}"
2025-05-31,kac_S_BFI,108612.0,KAC_AIRPORT,airline,CCA,중국국제항공,"{""yyyymm"": ""202505""}"
2025-05-31,kac_S_BFI,71138.0,KAC_AIRPORT,airline,CDC,룽에어,"{""yyyymm"": ""202505""}"
2025-05-31,kac_S_BFI,266705.0,KAC_AIRPORT,airline,CES,중국동방항공,"{""yyyymm"": ""202505""}"
2025-05-31,kac_S_BFI,311109.0,KAC_AIRPORT,airline,CQH,춘추항공,"{""yyyymm"": ""202505""}"
2025-05-31,kac_S_BFI,39617.0,KAC_AIRPORT,airline,CSC,사천항공,"{""yyyymm"": ""202505""}"
2025-05-31,kac_S_BFI,160570.0,KAC_AIRPORT,airline,CSH,상해항공,"{""yyyymm"": ""202505""}"
2025-05-31,kac_S_BFI,59977.0,KAC_AIRPORT,airline,CSN,중국남방항공,"{""yyyymm"": ""202505""}"
2025-05-31,kac_S_BFI,36548.0,KAC_AIRPORT,airline,CSZ,중국심천항공,"{""yyyymm"": ""202505""}"
2025-05-31,kac_S_BFI,106629.0,KAC_AIRPORT,airline,DKH,길상항공(준야오),"{""yyyymm"": ""202505""}"
2025-05-31,kac_S_BFI,454660.0,KAC_AIRPORT,airline,EOK,에어로케이항공,"{""yyyymm"": ""202505""}"
2025-05-31,kac_S_BFI,1296668.0,KAC_AIRPORT,airline,ESR,이스타항공,"{""yyyymm"": ""202505""}"
2025-05-31,kac_S_BFI,30686.0,KAC_AIRPORT,airline,EVA,에바항공,"{""yyyymm"": ""202505""}"
2025-05-31,kac_S_BFI,147162.0,KAC_AIRPORT,airline,HKE,홍콩익스프레스,"{""yyyymm"": ""202505""}"
2025-05-31,kac_S_BFI,305198.0,KAC_AIRPORT,airline,HVN,베트남항공,"{""yyyymm"": ""202505""}"
2025-05-31,kac_S_BFI,180531.0,KAC_AIRPORT,airline,JAL,일본항공,"{""yyyymm"": ""202505""}"
2025-05-31,kac_S_BFI,2640291.0,KAC_AIRPORT,airline,JJA,제주항공,"{""yyyymm"": ""202505""}"
2025-05-31,kac_S_BFI,2729893.0,KAC_AIRPORT,airline,JNA,진에어,"{""yyyymm"": ""202505""}"
2025-05-31,kac_S_BFI,4391769.0,KAC_AIRPORT,airline,KAL,대한항공,"{""yyyymm"": ""202505""}"
2025-05-31,kac_S_BFI,12402.0,KAC_AIRPORT,airline,MGL,몽골항공,"{""yyyymm"": ""202505""}"
2025-05-31,kac_S_BFI,73522.0,KAC_AIRPORT,airline,PAL,필리핀항공,"{""yyyymm"": ""202505""}"
2025-05-31,kac_S_BFI,8917.0,KAC_AIRPORT,airline,QDA,칭다오항공,"{""yyyymm"": ""202505""}"
2025-05-31,kac_S_BFI,40727.0,KAC_AIRPORT,airline,SIA,싱가포르항공,"{""yyyymm"": ""202505""}"
2025-05-31,kac_S_BFI,38817.0,KAC_AIRPORT,airline,TGW,스쿠트 항공,"{""yyyymm"": ""202505""}"
2025-05-31,kac_S_BFI,111201.0,KAC_AIRPORT,airline,TTW,타이거에어 타이완,"{""yyyymm"": ""202505""}"
2025-05-31,kac_S_BFI,2503576.0,KAC_AIRPORT,airline,TWB,티웨이항공,"{""yyyymm"": ""202505""}"
2025-05-31,kac_S_BFI,455372.0,KAC_AIRPORT,airline,VJC,비엣젯항공,"{""yyyymm"": ""202505""}"
2025-05-31,kac_S_BFO,2608299.0,KAC_AIRPORT,airline,AAR,아시아나항공,"{""yyyymm"": ""202505""}"
2025-05-31,kac_S_BFO,1867195.0,KAC_AIRPORT,airline,ABL,에어부산,"{""yyyymm"": ""202505""}"
2025-05-31,kac_S_BFO,200889.0,KAC_AIRPORT,airline,ANA,전일본공수,"{""yyyymm"": ""202505""}"
2025-05-31,kac_S_BFO,99053.0,KAC_AIRPORT,airline,APJ,피치항공,"{""yyyymm"": ""202505""}"
2025-05-31,kac_S_BFO,226728.0,KAC_AIRPORT,airline,ASV,에어서울,"{""yyyymm"": ""202505""}"
2025-05-31,kac_S_BFO,254454.0,KAC_AIRPORT,airline,CAL,중화항공,"{""yyyymm"": ""202505""}"
2025-05-31,kac_S_BFO,26679.0,KAC_AIRPORT,airline,CBJ,북경수도항공,"{""yyyymm"": ""202505""}"
2025-05-31,kac_S_BFO,131665.0,KAC_AIRPORT,airline,CCA,중국국제항공,"{""yyyymm"": ""202505""}"
2025-05-31,kac_S_BFO,73377.0,KAC_AIRPORT,airline,CDC,룽에어,"{""yyyymm"": ""202505""}"
2025-05-31,kac_S_BFO,291587.0,KAC_AIRPORT,airline,CES,중국동방항공,"{""yyyymm"": ""202505""}"
2025-05-31,kac_S_BFO,378930.0,KAC_AIRPORT,airline,CQH,춘추항공,"{""yyyymm"": ""202505""}"
2025-05-31,kac_S_BFO,28710.0,KAC_AIRPORT,airline,CSC,사천항공,"{""yyyymm"": ""202505""}"
2025-05-31,kac_S_BFO,147028.0,KAC_AIRPORT,airline,CSH,상해항공,"{""yyyymm"": ""202505""}"
2025-05-31,kac_S_BFO,85493.0,KAC_AIRPORT,airline,CSN,중국남방항공,"{""yyyymm"": ""202505""}"
2025-05-31,kac_S_BFO,48153.0,KAC_AIRPORT,airline,CSZ,중국심천항공,"{""yyyymm"": ""202505""}"
2025-05-31,kac_S_BFO,152640.0,KAC_AIRPORT,airline,DKH,길상항공(준야오),"{""yyyymm"": ""202505""}"
2025-05-31,kac_S_BFO,386707.0,KAC_AIRPORT,airline,EOK,에어로케이항공,"{""yyyymm"": ""202505""}"
2025-05-31,kac_S_BFO,1307868.0,KAC_AIRPORT,airline,ESR,이스타항공,"{""yyyymm"": ""202505""}"
2025-05-31,kac_S_BFO,46141.0,KAC_AIRPORT,airline,EVA,에바항공,"{""yyyymm"": ""202505""}"
2025-05-31,kac_S_BFO,157162.0,KAC_AIRPORT,airline,HKE,홍콩익스프레스,"{""yyyymm"": ""202505""}"
2025-05-31,kac_S_BFO,297208.0,KAC_AIRPORT,airline,HVN,베트남항공,"{""yyyymm"": ""202505""}"
2025-05-31,kac_S_BFO,222025.0,KAC_AIRPORT,airline,JAL,일본항공,"{""yyyymm"": ""202505""}"
2025-05-31,kac_S_BFO,2568847.0,KAC_AIRPORT,airline,JJA,제주항공,"{""yyyymm"": ""202505""}"
2025-05-31,kac_S_BFO,2638475.0,KAC_AIRPORT,airline,JNA,진에어,"{""yyyymm"": ""202505""}"
2025-05-31,kac_S_BFO,4315945.0,KAC_AIRPORT,airline,KAL,대한항공,"{""yyyymm"": ""202505""}"
2025-05-31,kac_S_BFO,17247.0,KAC_AIRPORT,airline,MGL,몽골항공,"{""yyyymm"": ""202505""}"
2025-05-31,kac_S_BFO,90471.0,KAC_AIRPORT,airline,PAL,필리핀항공,"{""yyyymm"": ""202505""}"
2025-05-31,kac_S_BFO,9318.0,KAC_AIRPORT,airline,QDA,칭다오항공,"{""yyyymm"": ""202505""}"
2025-05-31,kac_S_BFO,43695.0,KAC_AIRPORT,airline,SIA,싱가포르항공,"{""yyyymm"": ""202505""}"
2025-05-31,kac_S_BFO,51005.0,KAC_AIRPORT,airline,TGW,스쿠트 항공,"{""yyyymm"": ""202505""}"
2025-05-31,kac_S_BFO,163776.0,KAC_AIRPORT,airline,TTW,타이거에어 타이완,"{""yyyymm"": ""202505""}"
2025-05-31,kac_S_BFO,2361668.0,KAC_AIRPORT,airline,TWB,티웨이항공,"{""yyyymm"": ""202505""}"
2025-05-31,kac_S_BFO,298683.0,KAC_AIRPORT,airline,VJC,비엣젯항공,"{""yyyymm"": ""202505""}"
2025-05-31,kac_S_FFI,1205948.0,KAC_AIRPORT,airline,AAR,아시아나항공,"{""yyyymm"": ""202505""}"
2025-05-31,kac_S_FFI,246796.0,KAC_AIRPORT,airline,ABL,에어부산,"{""yyyymm"": ""202505""}"
2025-05-31,kac_S_FFI,28.0,KAC_AIRPORT,airline,ANA,전일본공수,"{""yyyymm"": ""202505""}"
2025-05-31,kac_S_FFI,0.0,KAC_AIRPORT,airline,APJ,피치항공,"{""yyyymm"": ""202505""}"
2025-05-31,kac_S_FFI,0.0,KAC_AIRPORT,airline,ASV,에어서울,"{""yyyymm"": ""202505""}"
2025-05-31,kac_S_FFI,0.0,KAC_AIRPORT,airline,CAL,중화항공,"{""yyyymm"": ""202505""}"
2025-05-31,kac_S_FFI,0.0,KAC_AIRPORT,airline,CBJ,북경수도항공,"{""yyyymm"": ""202505""}"
2025-05-31,kac_S_FFI,0.0,KAC_AIRPORT,airline,CCA,중국국제항공,"{""yyyymm"": ""202505""}"
2025-05-31,kac_S_FFI,0.0,KAC_AIRPORT,airline,CDC,룽에어,"{""yyyymm"": ""202505""}"
2025-05-31,kac_S_FFI,192941.0,KAC_AIRPORT,airline,CES,중국동방항공,"{""yyyymm"": ""202505""}"
2025-05-31,kac_S_FFI,0.0,KAC_AIRPORT,airline,CQH,춘추항공,"{""yyyymm"": ""202505""}"
2025-05-31,kac_S_FFI,0.0,KAC_AIRPORT,airline,CSC,사천항공,"{""yyyymm"": ""202505""}"
2025-05-31,kac_S_FFI,172342.0,KAC_AIRPORT,airline,CSH,상해항공,"{""yyyymm"": ""202505""}"
2025-05-31,kac_S_FFI,75.0,KAC_AIRPORT,airline,CSN,중국남방항공,"{""yyyymm"": ""202505""}"
2025-05-31,kac_S_FFI,0.0,KAC_AIRPORT,airline,CSZ,중국심천항공,"{""yyyymm"": ""202505""}"
2025-05-31,kac_S_FFI,0.0,KAC_AIRPORT,airline,DKH,길상항공(준야오),"{""yyyymm"": ""202505""}"
2025-05-31,kac_S_FFI,121.0,KAC_AIRPORT,airline,EOK,에어로케이항공,"{""yyyymm"": ""202505""}"
2025-05-31,kac_S_FFI,0.0,KAC_AIRPORT,airline,ESR,이스타항공,"{""yyyymm"": ""202505""}"
2025-05-31,kac_S_FFI,0.0,KAC_AIRPORT,airline,EVA,에바항공,"{""yyyymm"": ""202505""}"
2025-05-31,kac_S_FFI,0.0,KAC_AIRPORT,airline,HKE,홍콩익스프레스,"{""yyyymm"": ""202505""}"
2025-05-31,kac_S_FFI,284227.0,KAC_AIRPORT,airline,HVN,베트남항공,"{""yyyymm"": ""202505""}"
2025-05-31,kac_S_FFI,1105.0,KAC_AIRPORT,airline,JAL,일본항공,"{""yyyymm"": ""202505""}"
2025-05-31,kac_S_FFI,0.0,KAC_AIRPORT,airline,JJA,제주항공,"{""yyyymm"": ""202505""}"
2025-05-31,kac_S_FFI,32935.0,KAC_AIRPORT,airline,JNA,진에어,"{""yyyymm"": ""202505""}"
2025-05-31,kac_S_FFI,2038923.0,KAC_AIRPORT,airline,KAL,대한항공,"{""yyyymm"": ""202505""}"
2025-05-31,kac_S_FFI,0.0,KAC_AIRPORT,airline,MGL,몽골항공,"{""yyyymm"": ""202505""}"
2025-05-31,kac_S_FFI,1173.0,KAC_AIRPORT,airline,PAL,필리핀항공,"{""yyyymm"": ""202505""}"
2025-05-31,kac_S_FFI,0.0,KAC_AIRPORT,airline,QDA,칭다오항공,"{""yyyymm"": ""202505""}"
2025-05-31,kac_S_FFI,2956.0,KAC_AIRPORT,airline,SIA,싱가포르항공,"{""yyyymm"": ""202505""}"
2025-05-31,kac_S_FFI,0.0,KAC_AIRPORT,airline,TGW,스쿠트 항공,"{""yyyymm"": ""202505""}"
2025-05-31,kac_S_FFI,0.0,KAC_AIRPORT,airline,TTW,타이거에어 타이완,"{""yyyymm"": ""202505""}"
2025-05-31,kac_S_FFI,274.0,KAC_AIRPORT,airline,TWB,티웨이항공,"{""yyyymm"": ""202505""}"
2025-05-31,kac_S_FFI,8413.0,KAC_AIRPORT,airline,VJC,비엣젯항공,"{""yyyymm"": ""202505""}"
2025-05-31,kac_S_FFO,1644611.0,KAC_AIRPORT,airline,AAR,아시아나항공,"{""yyyymm"": ""202505""}"
2025-05-31,kac_S_FFO,244847.0,KAC_AIRPORT,airline,ABL,에어부산,"{""yyyymm"": ""202505""}"
2025-05-31,kac_S_FFO,85203.0,KAC_AIRPORT,airline,ANA,전일본공수,"{""yyyymm"": ""202505""}"
2025-05-31,kac_S_FFO,0.0,KAC_AIRPORT,airline,APJ,피치항공,"{""yyyymm"": ""202505""}"
2025-05-31,kac_S_FFO,0.0,KAC_AIRPORT,airline,ASV,에어서울,"{""yyyymm"": ""202505""}"
2025-05-31,kac_S_FFO,0.0,KAC_AIRPORT,airline,CAL,중화항공,"{""yyyymm"": ""202505""}"
2025-05-31,kac_S_FFO,0.0,KAC_AIRPORT,airline,CBJ,북경수도항공,"{""yyyymm"": ""202505""}"
2025-05-31,kac_S_FFO,0.0,KAC_AIRPORT,airline,CCA,중국국제항공,"{""yyyymm"": ""202505""}"
2025-05-31,kac_S_FFO,0.0,KAC_AIRPORT,airline,CDC,룽에어,"{""yyyymm"": ""202505""}"
2025-05-31,kac_S_FFO,25807.0,KAC_AIRPORT,airline,CES,중국동방항공,"{""yyyymm"": ""202505""}"
2025-05-31,kac_S_FFO,0.0,KAC_AIRPORT,airline,CQH,춘추항공,"{""yyyymm"": ""202505""}"
2025-05-31,kac_S_FFO,0.0,KAC_AIRPORT,airline,CSC,사천항공,"{""yyyymm"": ""202505""}"
2025-05-31,kac_S_FFO,0.0,KAC_AIRPORT,airline,CSH,상해항공,"{""yyyymm"": ""202505""}"
2025-05-31,kac_S_FFO,0.0,KAC_AIRPORT,airline,CSN,중국남방항공,"{""yyyymm"": ""202505""}"
2025-05-31,kac_S_FFO,0.0,KAC_AIRPORT,airline,CSZ,중국심천항공,"{""yyyymm"": ""202505""}"
2025-05-31,kac_S_FFO,0.0,KAC_AIRPORT,airline,DKH,길상항공(준야오),"{""yyyymm"": ""202505""}"
2025-05-31,kac_S_FFO,0.0,KAC_AIRPORT,airline,EOK,에어로케이항공,"{""yyyymm"": ""202505""}"
2025-05-31,kac_S_FFO,0.0,KAC_AIRPORT,airline,ESR,이스타항공,"{""yyyymm"": ""202505""}"
2025-05-31,kac_S_FFO,0.0,KAC_AIRPORT,airline,EVA,에바항공,"{""yyyymm"": ""202505""}"
2025-05-31,kac_S_FFO,0.0,KAC_AIRPORT,airline,HKE,홍콩익스프레스,"{""yyyymm"": ""202505""}"
2025-05-31,kac_S_FFO,539697.0,KAC_AIRPORT,airline,HVN,베트남항공,"{""yyyymm"": ""202505""}"
2025-05-31,kac_S_FFO,270532.0,KAC_AIRPORT,airline,JAL,일본항공,"{""yyyymm"": ""202505""}"
2025-05-31,kac_S_FFO,0.0,KAC_AIRPORT,airline,JJA,제주항공,"{""yyyymm"": ""202505""}"
2025-05-31,kac_S_FFO,32935.0,KAC_AIRPORT,airline,JNA,진에어,"{""yyyymm"": ""202505""}"
2025-05-31,kac_S_FFO,2100071.0,KAC_AIRPORT,airline,KAL,대한항공,"{""yyyymm"": ""202505""}"
2025-05-31,kac_S_FFO,0.0,KAC_AIRPORT,airline,MGL,몽골항공,"{""yyyymm"": ""202505""}"
2025-05-31,kac_S_FFO,1762.0,KAC_AIRPORT,airline,PAL,필리핀항공,"{""yyyymm"": ""202505""}"
2025-05-31,kac_S_FFO,0.0,KAC_AIRPORT,airline,QDA,칭다오항공,"{""yyyymm"": ""202505""}"
2025-05-31,kac_S_FFO,146.0,KAC_AIRPORT,airline,SIA,싱가포르항공,"{""yyyymm"": ""202505""}"
2025-05-31,kac_S_FFO,0.0,KAC_AIRPORT,airline,TGW,스쿠트 항공,"{""yyyymm"": ""202505""}"
2025-05-31,kac_S_FFO,0.0,KAC_AIRPORT,airline,TTW,타이거에어 타이완,"{""yyyymm"": ""202505""}"
2025-05-31,kac_S_FFO,274.0,KAC_AIRPORT,airline,TWB,티웨이항공,"{""yyyymm"": ""202505""}"
2025-05-31,kac_S_FFO,0.0,KAC_AIRPORT,airline,VJC,비엣젯항공,"{""yyyymm"": ""202505""}"
2025-05-31,kac_S_FPI,426616.0,KAC_AIRPORT,airline,AAR,아시아나항공,"{""yyyymm"": ""202505""}"
2025-05-31,kac_S_FPI,304332.0,KAC_AIRPORT,airline,ABL,에어부산,"{""yyyymm"": ""202505""}"
2025-05-31,kac_S_FPI,17423.0,KAC_AIRPORT,airline,ANA,전일본공수,"{""yyyymm"": ""202505""}"
2025-05-31,kac_S_FPI,10793.0,KAC_AIRPORT,airline,APJ,피치항공,"{""yyyymm"": ""202505""}"
2025-05-31,kac_S_FPI,49754.0,KAC_AIRPORT,airline,ASV,에어서울,"{""yyyymm"": ""202505""}"
2025-05-31,kac_S_FPI,14380.0,KAC_AIRPORT,airline,CAL,중화항공,"{""yyyymm"": ""202505""}"
2025-05-31,kac_S_FPI,2686.0,KAC_AIRPORT,airline,CBJ,북경수도항공,"{""yyyymm"": ""202505""}"
2025-05-31,kac_S_FPI,10353.0,KAC_AIRPORT,airline,CCA,중국국제항공,"{""yyyymm"": ""202505""}"
2025-05-31,kac_S_FPI,7419.0,KAC_AIRPORT,airline,CDC,룽에어,"{""yyyymm"": ""202505""}"
2025-05-31,kac_S_FPI,24841.0,KAC_AIRPORT,airline,CES,중국동방항공,"{""yyyymm"": ""202505""}"
2025-05-31,kac_S_FPI,48230.0,KAC_AIRPORT,airline,CQH,춘추항공,"{""yyyymm"": ""202505""}"
2025-05-31,kac_S_FPI,2924.0,KAC_AIRPORT,airline,CSC,사천항공,"{""yyyymm"": ""202505""}"
2025-05-31,kac_S_FPI,12584.0,KAC_AIRPORT,airline,CSH,상해항공,"{""yyyymm"": ""202505""}"
2025-05-31,kac_S_FPI,5649.0,KAC_AIRPORT,airline,CSN,중국남방항공,"{""yyyymm"": ""202505""}"
2025-05-31,kac_S_FPI,3984.0,KAC_AIRPORT,airline,CSZ,중국심천항공,"{""yyyymm"": ""202505""}"
2025-05-31,kac_S_FPI,12574.0,KAC_AIRPORT,airline,DKH,길상항공(준야오),"{""yyyymm"": ""202505""}"
2025-05-31,kac_S_FPI,67196.0,KAC_AIRPORT,airline,EOK,에어로케이항공,"{""yyyymm"": ""202505""}"
2025-05-31,kac_S_FPI,280342.0,KAC_AIRPORT,airline,ESR,이스타항공,"{""yyyymm"": ""202505""}"
2025-05-31,kac_S_FPI,2640.0,KAC_AIRPORT,airline,EVA,에바항공,"{""yyyymm"": ""202505""}"
2025-05-31,kac_S_FPI,16149.0,KAC_AIRPORT,airline,HKE,홍콩익스프레스,"{""yyyymm"": ""202505""}"
2025-05-31,kac_S_FPI,16218.0,KAC_AIRPORT,airline,HVN,베트남항공,"{""yyyymm"": ""202505""}"
2025-05-31,kac_S_FPI,17750.0,KAC_AIRPORT,airline,JAL,일본항공,"{""yyyymm"": ""202505""}"
2025-05-31,kac_S_FPI,497139.0,KAC_AIRPORT,airline,JJA,제주항공,"{""yyyymm"": ""202505""}"
2025-05-31,kac_S_FPI,478535.0,KAC_AIRPORT,airline,JNA,진에어,"{""yyyymm"": ""202505""}"
2025-05-31,kac_S_FPI,612861.0,KAC_AIRPORT,airline,KAL,대한항공,"{""yyyymm"": ""202505""}"
2025-05-31,kac_S_FPI,824.0,KAC_AIRPORT,airline,MGL,몽골항공,"{""yyyymm"": ""202505""}"
2025-05-31,kac_S_FPI,5321.0,KAC_AIRPORT,airline,PAL,필리핀항공,"{""yyyymm"": ""202505""}"
2025-05-31,kac_S_FPI,1008.0,KAC_AIRPORT,airline,QDA,칭다오항공,"{""yyyymm"": ""202505""}"
2025-05-31,kac_S_FPI,2675.0,KAC_AIRPORT,airline,SIA,싱가포르항공,"{""yyyymm"": ""202505""}"
2025-05-31,kac_S_FPI,3695.0,KAC_AIRPORT,airline,TGW,스쿠트 항공,"{""yyyymm"": ""202505""}"
2025-05-31,kac_S_FPI,12942.0,KAC_AIRPORT,airline,TTW,타이거에어 타이완,"{""yyyymm"": ""202505""}"
2025-05-31,kac_S_FPI,441721.0,KAC_AIRPORT,airline,TWB,티웨이항공,"{""yyyymm"": ""202505""}"
2025-05-31,kac_S_FPI,34798.0,KAC_AIRPORT,airline,VJC,비엣젯항공,"{""yyyymm"": ""202505""}"
2025-05-31,kac_S_FPO,427646.0,KAC_AIRPORT,airline,AAR,아시아나항공,"{""yyyymm"": ""202505""}"
2025-05-31,kac_S_FPO,304367.0,KAC_AIRPORT,airline,ABL,에어부산,"{""yyyymm"": ""202505""}"
2025-05-31,kac_S_FPO,18136.0,KAC_AIRPORT,airline,ANA,전일본공수,"{""yyyymm"": ""202505""}"
2025-05-31,kac_S_FPO,9576.0,KAC_AIRPORT,airline,APJ,피치항공,"{""yyyymm"": ""202505""}"
2025-05-31,kac_S_FPO,49920.0,KAC_AIRPORT,airline,ASV,에어서울,"{""yyyymm"": ""202505""}"
2025-05-31,kac_S_FPO,14895.0,KAC_AIRPORT,airline,CAL,중화항공,"{""yyyymm"": ""202505""}"
2025-05-31,kac_S_FPO,2670.0,KAC_AIRPORT,airline,CBJ,북경수도항공,"{""yyyymm"": ""202505""}"
2025-05-31,kac_S_FPO,10606.0,KAC_AIRPORT,airline,CCA,중국국제항공,"{""yyyymm"": ""202505""}"
2025-05-31,kac_S_FPO,7279.0,KAC_AIRPORT,airline,CDC,룽에어,"{""yyyymm"": ""202505""}"
2025-05-31,kac_S_FPO,26611.0,KAC_AIRPORT,airline,CES,중국동방항공,"{""yyyymm"": ""202505""}"
2025-05-31,kac_S_FPO,46228.0,KAC_AIRPORT,airline,CQH,춘추항공,"{""yyyymm"": ""202505""}"
2025-05-31,kac_S_FPO,2872.0,KAC_AIRPORT,airline,CSC,사천항공,"{""yyyymm"": ""202505""}"
2025-05-31,kac_S_FPO,12675.0,KAC_AIRPORT,airline,CSH,상해항공,"{""yyyymm"": ""202505""}"
2025-05-31,kac_S_FPO,5935.0,KAC_AIRPORT,airline,CSN,중국남방항공,"{""yyyymm"": ""202505""}"
2025-05-31,kac_S_FPO,4147.0,KAC_AIRPORT,airline,CSZ,중국심천항공,"{""yyyymm"": ""202505""}"
2025-05-31,kac_S_FPO,13079.0,KAC_AIRPORT,airline,DKH,길상항공(준야오),"{""yyyymm"": ""202505""}"
2025-05-31,kac_S_FPO,70060.0,KAC_AIRPORT,airline,EOK,에어로케이항공,"{""yyyymm"": ""202505""}"
2025-05-31,kac_S_FPO,280714.0,KAC_AIRPORT,airline,ESR,이스타항공,"{""yyyymm"": ""202505""}"
2025-05-31,kac_S_FPO,2830.0,KAC_AIRPORT,airline,EVA,에바항공,"{""yyyymm"": ""202505""}"
2025-05-31,kac_S_FPO,14531.0,KAC_AIRPORT,airline,HKE,홍콩익스프레스,"{""yyyymm"": ""202505""}"
2025-05-31,kac_S_FPO,17222.0,KAC_AIRPORT,airline,HVN,베트남항공,"{""yyyymm"": ""202505""}"
2025-05-31,kac_S_FPO,18608.0,KAC_AIRPORT,airline,JAL,일본항공,"{""yyyymm"": ""202505""}"
2025-05-31,kac_S_FPO,497008.0,KAC_AIRPORT,airline,JJA,제주항공,"{""yyyymm"": ""202505""}"
2025-05-31,kac_S_FPO,478501.0,KAC_AIRPORT,airline,JNA,진에어,"{""yyyymm"": ""202505""}"
2025-05-31,kac_S_FPO,613502.0,KAC_AIRPORT,airline,KAL,대한항공,"{""yyyymm"": ""202505""}"
2025-05-31,kac_S_FPO,956.0,KAC_AIRPORT,airline,MGL,몽골항공,"{""yyyymm"": ""202505""}"
2025-05-31,kac_S_FPO,5378.0,KAC_AIRPORT,airline,PAL,필리핀항공,"{""yyyymm"": ""202505""}"
2025-05-31,kac_S_FPO,927.0,KAC_AIRPORT,airline,QDA,칭다오항공,"{""yyyymm"": ""202505""}"
2025-05-31,kac_S_FPO,2318.0,KAC_AIRPORT,airline,SIA,싱가포르항공,"{""yyyymm"": ""202505""}"
2025-05-31,kac_S_FPO,3663.0,KAC_AIRPORT,airline,TGW,스쿠트 항공,"{""yyyymm"": ""202505""}"
2025-05-31,kac_S_FPO,12068.0,KAC_AIRPORT,airline,TTW,타이거에어 타이완,"{""yyyymm"": ""202505""}"
2025-05-31,kac_S_FPO,439923.0,KAC_AIRPORT,airline,TWB,티웨이항공,"{""yyyymm"": ""202505""}"
2025-05-31,kac_S_FPO,32329.0,KAC_AIRPORT,airline,VJC,비엣젯항공,"{""yyyymm"": ""202505""}"
2025-05-31,kac_S_MFI,0.0,KAC_AIRPORT,airline,AAR,아시아나항공,"{""yyyymm"": ""202505""}"
2025-05-31,kac_S_MFI,0.0,KAC_AIRPORT,airline,ABL,에어부산,"{""yyyymm"": ""202505""}"
2025-05-31,kac_S_MFI,0.0,KAC_AIRPORT,airline,ANA,전일본공수,"{""yyyymm"": ""202505""}"
2025-05-31,kac_S_MFI,0.0,KAC_AIRPORT,airline,APJ,피치항공,"{""yyyymm"": ""202505""}"
2025-05-31,kac_S_MFI,0.0,KAC_AIRPORT,airline,ASV,에어서울,"{""yyyymm"": ""202505""}"
2025-05-31,kac_S_MFI,0.0,KAC_AIRPORT,airline,CAL,중화항공,"{""yyyymm"": ""202505""}"
2025-05-31,kac_S_MFI,0.0,KAC_AIRPORT,airline,CBJ,북경수도항공,"{""yyyymm"": ""202505""}"
2025-05-31,kac_S_MFI,0.0,KAC_AIRPORT,airline,CCA,중국국제항공,"{""yyyymm"": ""202505""}"
2025-05-31,kac_S_MFI,0.0,KAC_AIRPORT,airline,CDC,룽에어,"{""yyyymm"": ""202505""}"
2025-05-31,kac_S_MFI,0.0,KAC_AIRPORT,airline,CES,중국동방항공,"{""yyyymm"": ""202505""}"
2025-05-31,kac_S_MFI,0.0,KAC_AIRPORT,airline,CQH,춘추항공,"{""yyyymm"": ""202505""}"
2025-05-31,kac_S_MFI,0.0,KAC_AIRPORT,airline,CSC,사천항공,"{""yyyymm"": ""202505""}"
2025-05-31,kac_S_MFI,0.0,KAC_AIRPORT,airline,CSH,상해항공,"{""yyyymm"": ""202505""}"
2025-05-31,kac_S_MFI,0.0,KAC_AIRPORT,airline,CSN,중국남방항공,"{""yyyymm"": ""202505""}"
2025-05-31,kac_S_MFI,0.0,KAC_AIRPORT,airline,CSZ,중국심천항공,"{""yyyymm"": ""202505""}"
2025-05-31,kac_S_MFI,0.0,KAC_AIRPORT,airline,DKH,길상항공(준야오),"{""yyyymm"": ""202505""}"
2025-05-31,kac_S_MFI,0.0,KAC_AIRPORT,airline,EOK,에어로케이항공,"{""yyyymm"": ""202505""}"
2025-05-31,kac_S_MFI,0.0,KAC_AIRPORT,airline,ESR,이스타항공,"{""yyyymm"": ""202505""}"
2025-05-31,kac_S_MFI,0.0,KAC_AIRPORT,airline,EVA,에바항공,"{""yyyymm"": ""202505""}"
2025-05-31,kac_S_MFI,0.0,KAC_AIRPORT,airline,HKE,홍콩익스프레스,"{""yyyymm"": ""202505""}"
2025-05-31,kac_S_MFI,0.0,KAC_AIRPORT,airline,HVN,베트남항공,"{""yyyymm"": ""202505""}"
2025-05-31,kac_S_MFI,14878.0,KAC_AIRPORT,airline,JAL,일본항공,"{""yyyymm"": ""202505""}"
2025-05-31,kac_S_MFI,5.0,KAC_AIRPORT,airline,JJA,제주항공,"{""yyyymm"": ""202505""}"
2025-05-31,kac_S_MFI,7.0,KAC_AIRPORT,airline,JNA,진에어,"{""yyyymm"": ""202505""}"
2025-05-31,kac_S_MFI,40228.0,KAC_AIRPORT,airline,KAL,대한항공,"{""yyyymm"": ""202505""}"
2025-05-31,kac_S_MFI,0.0,KAC_AIRPORT,airline,MGL,몽골항공,"{""yyyymm"": ""202505""}"
2025-05-31,kac_S_MFI,0.0,KAC_AIRPORT,airline,PAL,필리핀항공,"{""yyyymm"": ""202505""}"
2025-05-31,kac_S_MFI,0.0,KAC_AIRPORT,airline,QDA,칭다오항공,"{""yyyymm"": ""202505""}"
2025-05-31,kac_S_MFI,0.0,KAC_AIRPORT,airline,SIA,싱가포르항공,"{""yyyymm"": ""202505""}"
2025-05-31,kac_S_MFI,0.0,KAC_AIRPORT,airline,TGW,스쿠트 항공,"{""yyyymm"": ""202505""}"
2025-05-31,kac_S_MFI,0.0,KAC_AIRPORT,airline,TTW,타이거에어 타이완,"{""yyyymm"": ""202505""}"
2025-05-31,kac_S_MFI,0.0,KAC_AIRPORT,airline,TWB,티웨이항공,"{""yyyymm"": ""202505""}"
2025-05-31,kac_S_MFI,60.0,KAC_AIRPORT,airline,VJC,비엣젯항공,"{""yyyymm"": ""202505""}"
2025-05-31,kac_S_MFO,0.0,KAC_AIRPORT,airline,AAR,아시아나항공,"{""yyyymm"": ""202505""}"
2025-05-31,kac_S_MFO,0.0,KAC_AIRPORT,airline,ABL,에어부산,"{""yyyymm"": ""202505""}"
2025-05-31,kac_S_MFO,0.0,KAC_AIRPORT,airline,ANA,전일본공수,"{""yyyymm"": ""202505""}"
2025-05-31,kac_S_MFO,0.0,KAC_AIRPORT,airline,APJ,피치항공,"{""yyyymm"": ""202505""}"
2025-05-31,kac_S_MFO,0.0,KAC_AIRPORT,airline,ASV,에어서울,"{""yyyymm"": ""202505""}"
2025-05-31,kac_S_MFO,0.0,KAC_AIRPORT,airline,CAL,중화항공,"{""yyyymm"": ""202505""}"
2025-05-31,kac_S_MFO,0.0,KAC_AIRPORT,airline,CBJ,북경수도항공,"{""yyyymm"": ""202505""}"
2025-05-31,kac_S_MFO,0.0,KAC_AIRPORT,airline,CCA,중국국제항공,"{""yyyymm"": ""202505""}"
2025-05-31,kac_S_MFO,0.0,KAC_AIRPORT,airline,CDC,룽에어,"{""yyyymm"": ""202505""}"
2025-05-31,kac_S_MFO,0.0,KAC_AIRPORT,airline,CES,중국동방항공,"{""yyyymm"": ""202505""}"
2025-05-31,kac_S_MFO,0.0,KAC_AIRPORT,airline,CQH,춘추항공,"{""yyyymm"": ""202505""}"
2025-05-31,kac_S_MFO,0.0,KAC_AIRPORT,airline,CSC,사천항공,"{""yyyymm"": ""202505""}"
2025-05-31,kac_S_MFO,0.0,KAC_AIRPORT,airline,CSH,상해항공,"{""yyyymm"": ""202505""}"
2025-05-31,kac_S_MFO,0.0,KAC_AIRPORT,airline,CSN,중국남방항공,"{""yyyymm"": ""202505""}"
2025-05-31,kac_S_MFO,0.0,KAC_AIRPORT,airline,CSZ,중국심천항공,"{""yyyymm"": ""202505""}"
2025-05-31,kac_S_MFO,0.0,KAC_AIRPORT,airline,DKH,길상항공(준야오),"{""yyyymm"": ""202505""}"
2025-05-31,kac_S_MFO,0.0,KAC_AIRPORT,airline,EOK,에어로케이항공,"{""yyyymm"": ""202505""}"
2025-05-31,kac_S_MFO,0.0,KAC_AIRPORT,airline,ESR,이스타항공,"{""yyyymm"": ""202505""}"
2025-05-31,kac_S_MFO,0.0,KAC_AIRPORT,airline,EVA,에바항공,"{""yyyymm"": ""202505""}"
2025-05-31,kac_S_MFO,0.0,KAC_AIRPORT,airline,HKE,홍콩익스프레스,"{""yyyymm"": ""202505""}"
2025-05-31,kac_S_MFO,0.0,KAC_AIRPORT,airline,HVN,베트남항공,"{""yyyymm"": ""202505""}"
2025-05-31,kac_S_MFO,0.0,KAC_AIRPORT,airline,JAL,일본항공,"{""yyyymm"": ""202505""}"
2025-05-31,kac_S_MFO,5.0,KAC_AIRPORT,airline,JJA,제주항공,"{""yyyymm"": ""202505""}"
2025-05-31,kac_S_MFO,7.0,KAC_AIRPORT,airline,JNA,진에어,"{""yyyymm"": ""202505""}"
2025-05-31,kac_S_MFO,0.0,KAC_AIRPORT,airline,KAL,대한항공,"{""yyyymm"": ""202505""}"
2025-05-31,kac_S_MFO,0.0,KAC_AIRPORT,airline,MGL,몽골항공,"{""yyyymm"": ""202505""}"
2025-05-31,kac_S_MFO,0.0,KAC_AIRPORT,airline,PAL,필리핀항공,"{""yyyymm"": ""202505""}"
2025-05-31,kac_S_MFO,0.0,KAC_AIRPORT,airline,QDA,칭다오항공,"{""yyyymm"": ""202505""}"
2025-05-31,kac_S_MFO,0.0,KAC_AIRPORT,airline,SIA,싱가포르항공,"{""yyyymm"": ""202505""}"
2025-05-31,kac_S_MFO,0.0,KAC_AIRPORT,airline,TGW,스쿠트 항공,"{""yyyymm"": ""202505""}"
2025-05-31,kac_S_MFO,0.0,KAC_AIRPORT,airline,TTW,타이거에어 타이완,"{""yyyymm"": ""202505""}"
2025-05-31,kac_S_MFO,0.0,KAC_AIRPORT,airline,TWB,티웨이항공,"{""yyyymm"": ""202505""}"
2025-05-31,kac_S_MFO,0.0,KAC_AIRPORT,airline,VJC,비엣젯항공,"{""yyyymm"": ""202505""}"
2025-05-31,kac_S_NPI,5172.0,KAC_AIRPORT,airline,AAR,아시아나항공,"{""yyyymm"": ""202505""}"
2025-05-31,kac_S_NPI,2069.0,KAC_AIRPORT,airline,ABL,에어부산,"{""yyyymm"": ""202505""}"
2025-05-31,kac_S_NPI,84.0,KAC_AIRPORT,airline,ANA,전일본공수,"{""yyyymm"": ""202505""}"
2025-05-31,kac_S_NPI,46.0,KAC_AIRPORT,airline,APJ,피치항공,"{""yyyymm"": ""202505""}"
2025-05-31,kac_S_NPI,508.0,KAC_AIRPORT,airline,ASV,에어서울,"{""yyyymm"": ""202505""}"
2025-05-31,kac_S_NPI,132.0,KAC_AIRPORT,airline,CAL,중화항공,"{""yyyymm"": ""202505""}"
2025-05-31,kac_S_NPI,4.0,KAC_AIRPORT,airline,CBJ,북경수도항공,"{""yyyymm"": ""202505""}"
2025-05-31,kac_S_NPI,37.0,KAC_AIRPORT,airline,CCA,중국국제항공,"{""yyyymm"": ""202505""}"
2025-05-31,kac_S_NPI,28.0,KAC_AIRPORT,airline,CDC,룽에어,"{""yyyymm"": ""202505""}"
2025-05-31,kac_S_NPI,116.0,KAC_AIRPORT,airline,CES,중국동방항공,"{""yyyymm"": ""202505""}"
2025-05-31,kac_S_NPI,124.0,KAC_AIRPORT,airline,CQH,춘추항공,"{""yyyymm"": ""202505""}"
2025-05-31,kac_S_NPI,1.0,KAC_AIRPORT,airline,CSC,사천항공,"{""yyyymm"": ""202505""}"
2025-05-31,kac_S_NPI,30.0,KAC_AIRPORT,airline,CSH,상해항공,"{""yyyymm"": ""202505""}"
2025-05-31,kac_S_NPI,15.0,KAC_AIRPORT,airline,CSN,중국남방항공,"{""yyyymm"": ""202505""}"
2025-05-31,kac_S_NPI,10.0,KAC_AIRPORT,airline,CSZ,중국심천항공,"{""yyyymm"": ""202505""}"
2025-05-31,kac_S_NPI,53.0,KAC_AIRPORT,airline,DKH,길상항공(준야오),"{""yyyymm"": ""202505""}"
2025-05-31,kac_S_NPI,620.0,KAC_AIRPORT,airline,EOK,에어로케이항공,"{""yyyymm"": ""202505""}"
2025-05-31,kac_S_NPI,2349.0,KAC_AIRPORT,airline,ESR,이스타항공,"{""yyyymm"": ""202505""}"
2025-05-31,kac_S_NPI,17.0,KAC_AIRPORT,airline,EVA,에바항공,"{""yyyymm"": ""202505""}"
2025-05-31,kac_S_NPI,49.0,KAC_AIRPORT,airline,HKE,홍콩익스프레스,"{""yyyymm"": ""202505""}"
2025-05-31,kac_S_NPI,167.0,KAC_AIRPORT,airline,HVN,베트남항공,"{""yyyymm"": ""202505""}"
2025-05-31,kac_S_NPI,75.0,KAC_AIRPORT,airline,JAL,일본항공,"{""yyyymm"": ""202505""}"
2025-05-31,kac_S_NPI,3915.0,KAC_AIRPORT,airline,JJA,제주항공,"{""yyyymm"": ""202505""}"
2025-05-31,kac_S_NPI,5215.0,KAC_AIRPORT,airline,JNA,진에어,"{""yyyymm"": ""202505""}"
2025-05-31,kac_S_NPI,6651.0,KAC_AIRPORT,airline,KAL,대한항공,"{""yyyymm"": ""202505""}"
2025-05-31,kac_S_NPI,12.0,KAC_AIRPORT,airline,MGL,몽골항공,"{""yyyymm"": ""202505""}"
2025-05-31,kac_S_NPI,22.0,KAC_AIRPORT,airline,PAL,필리핀항공,"{""yyyymm"": ""202505""}"
2025-05-31,kac_S_NPI,6.0,KAC_AIRPORT,airline,QDA,칭다오항공,"{""yyyymm"": ""202505""}"
2025-05-31,kac_S_NPI,20.0,KAC_AIRPORT,airline,SIA,싱가포르항공,"{""yyyymm"": ""202505""}"
2025-05-31,kac_S_NPI,65.0,KAC_AIRPORT,airline,TGW,스쿠트 항공,"{""yyyymm"": ""202505""}"
2025-05-31,kac_S_NPI,123.0,KAC_AIRPORT,airline,TTW,타이거에어 타이완,"{""yyyymm"": ""202505""}"
2025-05-31,kac_S_NPI,4129.0,KAC_AIRPORT,airline,TWB,티웨이항공,"{""yyyymm"": ""202505""}"
2025-05-31,kac_S_NPI,264.0,KAC_AIRPORT,airline,VJC,비엣젯항공,"{""yyyymm"": ""202505""}"
2025-05-31,kac_S_NPO,5165.0,KAC_AIRPORT,airline,AAR,아시아나항공,"{""yyyymm"": ""202505""}"
2025-05-31,kac_S_NPO,2055.0,KAC_AIRPORT,airline,ABL,에어부산,"{""yyyymm"": ""202505""}"
2025-05-31,kac_S_NPO,93.0,KAC_AIRPORT,airline,ANA,전일본공수,"{""yyyymm"": ""202505""}"
2025-05-31,kac_S_NPO,51.0,KAC_AIRPORT,airline,APJ,피치항공,"{""yyyymm"": ""202505""}"
2025-05-31,kac_S_NPO,509.0,KAC_AIRPORT,airline,ASV,에어서울,"{""yyyymm"": ""202505""}"
2025-05-31,kac_S_NPO,149.0,KAC_AIRPORT,airline,CAL,중화항공,"{""yyyymm"": ""202505""}"
2025-05-31,kac_S_NPO,2.0,KAC_AIRPORT,airline,CBJ,북경수도항공,"{""yyyymm"": ""202505""}"
2025-05-31,kac_S_NPO,37.0,KAC_AIRPORT,airline,CCA,중국국제항공,"{""yyyymm"": ""202505""}"
2025-05-31,kac_S_NPO,27.0,KAC_AIRPORT,airline,CDC,룽에어,"{""yyyymm"": ""202505""}"
2025-05-31,kac_S_NPO,114.0,KAC_AIRPORT,airline,CES,중국동방항공,"{""yyyymm"": ""202505""}"
2025-05-31,kac_S_NPO,92.0,KAC_AIRPORT,airline,CQH,춘추항공,"{""yyyymm"": ""202505""}"
2025-05-31,kac_S_NPO,1.0,KAC_AIRPORT,airline,CSC,사천항공,"{""yyyymm"": ""202505""}"
2025-05-31,kac_S_NPO,19.0,KAC_AIRPORT,airline,CSH,상해항공,"{""yyyymm"": ""202505""}"
2025-05-31,kac_S_NPO,14.0,KAC_AIRPORT,airline,CSN,중국남방항공,"{""yyyymm"": ""202505""}"
2025-05-31,kac_S_NPO,12.0,KAC_AIRPORT,airline,CSZ,중국심천항공,"{""yyyymm"": ""202505""}"
2025-05-31,kac_S_NPO,61.0,KAC_AIRPORT,airline,DKH,길상항공(준야오),"{""yyyymm"": ""202505""}"
2025-05-31,kac_S_NPO,621.0,KAC_AIRPORT,airline,EOK,에어로케이항공,"{""yyyymm"": ""202505""}"
2025-05-31,kac_S_NPO,2368.0,KAC_AIRPORT,airline,ESR,이스타항공,"{""yyyymm"": ""202505""}"
2025-05-31,kac_S_NPO,10.0,KAC_AIRPORT,airline,EVA,에바항공,"{""yyyymm"": ""202505""}"
2025-05-31,kac_S_NPO,45.0,KAC_AIRPORT,airline,HKE,홍콩익스프레스,"{""yyyymm"": ""202505""}"
2025-05-31,kac_S_NPO,272.0,KAC_AIRPORT,airline,HVN,베트남항공,"{""yyyymm"": ""202505""}"
2025-05-31,kac_S_NPO,94.0,KAC_AIRPORT,airline,JAL,일본항공,"{""yyyymm"": ""202505""}"
2025-05-31,kac_S_NPO,3921.0,KAC_AIRPORT,airline,JJA,제주항공,"{""yyyymm"": ""202505""}"
2025-05-31,kac_S_NPO,5190.0,KAC_AIRPORT,airline,JNA,진에어,"{""yyyymm"": ""202505""}"
2025-05-31,kac_S_NPO,6695.0,KAC_AIRPORT,airline,KAL,대한항공,"{""yyyymm"": ""202505""}"
2025-05-31,kac_S_NPO,16.0,KAC_AIRPORT,airline,MGL,몽골항공,"{""yyyymm"": ""202505""}"
2025-05-31,kac_S_NPO,24.0,KAC_AIRPORT,airline,PAL,필리핀항공,"{""yyyymm"": ""202505""}"
2025-05-31,kac_S_NPO,6.0,KAC_AIRPORT,airline,QDA,칭다오항공,"{""yyyymm"": ""202505""}"
2025-05-31,kac_S_NPO,33.0,KAC_AIRPORT,airline,SIA,싱가포르항공,"{""yyyymm"": ""202505""}"
2025-05-31,kac_S_NPO,58.0,KAC_AIRPORT,airline,TGW,스쿠트 항공,"{""yyyymm"": ""202505""}"
2025-05-31,kac_S_NPO,104.0,KAC_AIRPORT,airline,TTW,타이거에어 타이완,"{""yyyymm"": ""202505""}"
2025-05-31,kac_S_NPO,4086.0,KAC_AIRPORT,airline,TWB,티웨이항공,"{""yyyymm"": ""202505""}"
2025-05-31,kac_S_NPO,249.0,KAC_AIRPORT,airline,VJC,비엣젯항공,"{""yyyymm"": ""202505""}"
2025-05-31,kac_S_OCI,2485.0,KAC_AIRPORT,airline,AAR,아시아나항공,"{""yyyymm"": ""202505""}"
2025-05-31,kac_S_OCI,1732.0,KAC_AIRPORT,airline,ABL,에어부산,"{""yyyymm"": ""202505""}"
2025-05-31,kac_S_OCI,93.0,KAC_AIRPORT,airline,ANA,전일본공수,"{""yyyymm"": ""202505""}"
2025-05-31,kac_S_OCI,62.0,KAC_AIRPORT,airline,APJ,피치항공,"{""yyyymm"": ""202505""}"
2025-05-31,kac_S_OCI,235.0,KAC_AIRPORT,airline,ASV,에어서울,"{""yyyymm"": ""202505""}"
2025-05-31,kac_S_OCI,100.0,KAC_AIRPORT,airline,CAL,중화항공,"{""yyyymm"": ""202505""}"
2025-05-31,kac_S_OCI,18.0,KAC_AIRPORT,airline,CBJ,북경수도항공,"{""yyyymm"": ""202505""}"
2025-05-31,kac_S_OCI,80.0,KAC_AIRPORT,airline,CCA,중국국제항공,"{""yyyymm"": ""202505""}"
2025-05-31,kac_S_OCI,49.0,KAC_AIRPORT,airline,CDC,룽에어,"{""yyyymm"": ""202505""}"
2025-05-31,kac_S_OCI,155.0,KAC_AIRPORT,airline,CES,중국동방항공,"{""yyyymm"": ""202505""}"
2025-05-31,kac_S_OCI,282.0,KAC_AIRPORT,airline,CQH,춘추항공,"{""yyyymm"": ""202505""}"
2025-05-31,kac_S_OCI,18.0,KAC_AIRPORT,airline,CSC,사천항공,"{""yyyymm"": ""202505""}"
2025-05-31,kac_S_OCI,62.0,KAC_AIRPORT,airline,CSH,상해항공,"{""yyyymm"": ""202505""}"
2025-05-31,kac_S_OCI,38.0,KAC_AIRPORT,airline,CSN,중국남방항공,"{""yyyymm"": ""202505""}"
2025-05-31,kac_S_OCI,31.0,KAC_AIRPORT,airline,CSZ,중국심천항공,"{""yyyymm"": ""202505""}"
2025-05-31,kac_S_OCI,80.0,KAC_AIRPORT,airline,DKH,길상항공(준야오),"{""yyyymm"": ""202505""}"
2025-05-31,kac_S_OCI,514.0,KAC_AIRPORT,airline,EOK,에어로케이항공,"{""yyyymm"": ""202505""}"
2025-05-31,kac_S_OCI,1607.0,KAC_AIRPORT,airline,ESR,이스타항공,"{""yyyymm"": ""202505""}"
2025-05-31,kac_S_OCI,18.0,KAC_AIRPORT,airline,EVA,에바항공,"{""yyyymm"": ""202505""}"
2025-05-31,kac_S_OCI,84.0,KAC_AIRPORT,airline,HKE,홍콩익스프레스,"{""yyyymm"": ""202505""}"
2025-05-31,kac_S_OCI,62.0,KAC_AIRPORT,airline,HVN,베트남항공,"{""yyyymm"": ""202505""}"
2025-05-31,kac_S_OCI,93.0,KAC_AIRPORT,airline,JAL,일본항공,"{""yyyymm"": ""202505""}"
2025-05-31,kac_S_OCI,2884.0,KAC_AIRPORT,airline,JJA,제주항공,"{""yyyymm"": ""202505""}"
2025-05-31,kac_S_OCI,2985.0,KAC_AIRPORT,airline,JNA,진에어,"{""yyyymm"": ""202505""}"
2025-05-31,kac_S_OCI,3807.0,KAC_AIRPORT,airline,KAL,대한항공,"{""yyyymm"": ""202505""}"
2025-05-31,kac_S_OCI,9.0,KAC_AIRPORT,airline,MGL,몽골항공,"{""yyyymm"": ""202505""}"
2025-05-31,kac_S_OCI,31.0,KAC_AIRPORT,airline,PAL,필리핀항공,"{""yyyymm"": ""202505""}"
2025-05-31,kac_S_OCI,9.0,KAC_AIRPORT,airline,QDA,칭다오항공,"{""yyyymm"": ""202505""}"
2025-05-31,kac_S_OCI,18.0,KAC_AIRPORT,airline,SIA,싱가포르항공,"{""yyyymm"": ""202505""}"
2025-05-31,kac_S_OCI,21.0,KAC_AIRPORT,airline,TGW,스쿠트 항공,"{""yyyymm"": ""202505""}"
2025-05-31,kac_S_OCI,79.0,KAC_AIRPORT,airline,TTW,타이거에어 타이완,"{""yyyymm"": ""202505""}"
2025-05-31,kac_S_OCI,2524.0,KAC_AIRPORT,airline,TWB,티웨이항공,"{""yyyymm"": ""202505""}"
2025-05-31,kac_S_OCI,212.0,KAC_AIRPORT,airline,VJC,비엣젯항공,"{""yyyymm"": ""202505""}"
2025-05-31,kac_S_OCO,2487.0,KAC_AIRPORT,airline,AAR,아시아나항공,"{""yyyymm"": ""202505""}"
2025-05-31,kac_S_OCO,1733.0,KAC_AIRPORT,airline,ABL,에어부산,"{""yyyymm"": ""202505""}"
2025-05-31,kac_S_OCO,93.0,KAC_AIRPORT,airline,ANA,전일본공수,"{""yyyymm"": ""202505""}"
2025-05-31,kac_S_OCO,62.0,KAC_AIRPORT,airline,APJ,피치항공,"{""yyyymm"": ""202505""}"
2025-05-31,kac_S_OCO,236.0,KAC_AIRPORT,airline,ASV,에어서울,"{""yyyymm"": ""202505""}"
2025-05-31,kac_S_OCO,100.0,KAC_AIRPORT,airline,CAL,중화항공,"{""yyyymm"": ""202505""}"
2025-05-31,kac_S_OCO,18.0,KAC_AIRPORT,airline,CBJ,북경수도항공,"{""yyyymm"": ""202505""}"
2025-05-31,kac_S_OCO,80.0,KAC_AIRPORT,airline,CCA,중국국제항공,"{""yyyymm"": ""202505""}"
2025-05-31,kac_S_OCO,49.0,KAC_AIRPORT,airline,CDC,룽에어,"{""yyyymm"": ""202505""}"
2025-05-31,kac_S_OCO,155.0,KAC_AIRPORT,airline,CES,중국동방항공,"{""yyyymm"": ""202505""}"
2025-05-31,kac_S_OCO,282.0,KAC_AIRPORT,airline,CQH,춘추항공,"{""yyyymm"": ""202505""}"
2025-05-31,kac_S_OCO,18.0,KAC_AIRPORT,airline,CSC,사천항공,"{""yyyymm"": ""202505""}"
2025-05-31,kac_S_OCO,62.0,KAC_AIRPORT,airline,CSH,상해항공,"{""yyyymm"": ""202505""}"
2025-05-31,kac_S_OCO,38.0,KAC_AIRPORT,airline,CSN,중국남방항공,"{""yyyymm"": ""202505""}"
2025-05-31,kac_S_OCO,31.0,KAC_AIRPORT,airline,CSZ,중국심천항공,"{""yyyymm"": ""202505""}"
2025-05-31,kac_S_OCO,80.0,KAC_AIRPORT,airline,DKH,길상항공(준야오),"{""yyyymm"": ""202505""}"
2025-05-31,kac_S_OCO,516.0,KAC_AIRPORT,airline,EOK,에어로케이항공,"{""yyyymm"": ""202505""}"
2025-05-31,kac_S_OCO,1612.0,KAC_AIRPORT,airline,ESR,이스타항공,"{""yyyymm"": ""202505""}"
2025-05-31,kac_S_OCO,18.0,KAC_AIRPORT,airline,EVA,에바항공,"{""yyyymm"": ""202505""}"
2025-05-31,kac_S_OCO,84.0,KAC_AIRPORT,airline,HKE,홍콩익스프레스,"{""yyyymm"": ""202505""}"
2025-05-31,kac_S_OCO,62.0,KAC_AIRPORT,airline,HVN,베트남항공,"{""yyyymm"": ""202505""}"
2025-05-31,kac_S_OCO,93.0,KAC_AIRPORT,airline,JAL,일본항공,"{""yyyymm"": ""202505""}"
2025-05-31,kac_S_OCO,2887.0,KAC_AIRPORT,airline,JJA,제주항공,"{""yyyymm"": ""202505""}"
2025-05-31,kac_S_OCO,2987.0,KAC_AIRPORT,airline,JNA,진에어,"{""yyyymm"": ""202505""}"
2025-05-31,kac_S_OCO,3809.0,KAC_AIRPORT,airline,KAL,대한항공,"{""yyyymm"": ""202505""}"
2025-05-31,kac_S_OCO,9.0,KAC_AIRPORT,airline,MGL,몽골항공,"{""yyyymm"": ""202505""}"
2025-05-31,kac_S_OCO,31.0,KAC_AIRPORT,airline,PAL,필리핀항공,"{""yyyymm"": ""202505""}"
2025-05-31,kac_S_OCO,9.0,KAC_AIRPORT,airline,QDA,칭다오항공,"{""yyyymm"": ""202505""}"
2025-05-31,kac_S_OCO,18.0,KAC_AIRPORT,airline,SIA,싱가포르항공,"{""yyyymm"": ""202505""}"
2025-05-31,kac_S_OCO,21.0,KAC_AIRPORT,airline,TGW,스쿠트 항공,"{""yyyymm"": ""202505""}"
2025-05-31,kac_S_OCO,79.0,KAC_AIRPORT,airline,TTW,타이거에어 타이완,"{""yyyymm"": ""202505""}"
2025-05-31,kac_S_OCO,2522.0,KAC_AIRPORT,airline,TWB,티웨이항공,"{""yyyymm"": ""202505""}"
2025-05-31,kac_S_OCO,212.0,KAC_AIRPORT,airline,VJC,비엣젯항공,"{""yyyymm"": ""202505""}"
2025-05-31,kac_S_TSI,30.0,KAC_AIRPORT,airline,AAR,아시아나항공,"{""yyyymm"": ""202505""}"
2025-05-31,kac_S_TSI,341.0,KAC_AIRPORT,airline,ABL,에어부산,"{""yyyymm"": ""202505""}"
2025-05-31,kac_S_TSI,23.0,KAC_AIRPORT,airline,ANA,전일본공수,"{""yyyymm"": ""202505""}"
2025-05-31,kac_S_TSI,0.0,KAC_AIRPORT,airline,APJ,피치항공,"{""yyyymm"": ""202505""}"
2025-05-31,kac_S_TSI,0.0,KAC_AIRPORT,airline,ASV,에어서울,"{""yyyymm"": ""202505""}"
2025-05-31,kac_S_TSI,4.0,KAC_AIRPORT,airline,CAL,중화항공,"{""yyyymm"": ""202505""}"
2025-05-31,kac_S_TSI,0.0,KAC_AIRPORT,airline,CBJ,북경수도항공,"{""yyyymm"": ""202505""}"
2025-05-31,kac_S_TSI,4.0,KAC_AIRPORT,airline,CCA,중국국제항공,"{""yyyymm"": ""202505""}"
2025-05-31,kac_S_TSI,0.0,KAC_AIRPORT,airline,CDC,룽에어,"{""yyyymm"": ""202505""}"
2025-05-31,kac_S_TSI,3.0,KAC_AIRPORT,airline,CES,중국동방항공,"{""yyyymm"": ""202505""}"
2025-05-31,kac_S_TSI,0.0,KAC_AIRPORT,airline,CQH,춘추항공,"{""yyyymm"": ""202505""}"
2025-05-31,kac_S_TSI,0.0,KAC_AIRPORT,airline,CSC,사천항공,"{""yyyymm"": ""202505""}"
2025-05-31,kac_S_TSI,2.0,KAC_AIRPORT,airline,CSH,상해항공,"{""yyyymm"": ""202505""}"
2025-05-31,kac_S_TSI,16.0,KAC_AIRPORT,airline,CSN,중국남방항공,"{""yyyymm"": ""202505""}"
2025-05-31,kac_S_TSI,0.0,KAC_AIRPORT,airline,CSZ,중국심천항공,"{""yyyymm"": ""202505""}"
2025-05-31,kac_S_TSI,0.0,KAC_AIRPORT,airline,DKH,길상항공(준야오),"{""yyyymm"": ""202505""}"
2025-05-31,kac_S_TSI,1.0,KAC_AIRPORT,airline,EOK,에어로케이항공,"{""yyyymm"": ""202505""}"
2025-05-31,kac_S_TSI,0.0,KAC_AIRPORT,airline,ESR,이스타항공,"{""yyyymm"": ""202505""}"
2025-05-31,kac_S_TSI,2.0,KAC_AIRPORT,airline,EVA,에바항공,"{""yyyymm"": ""202505""}"
2025-05-31,kac_S_TSI,0.0,KAC_AIRPORT,airline,HKE,홍콩익스프레스,"{""yyyymm"": ""202505""}"
2025-05-31,kac_S_TSI,7.0,KAC_AIRPORT,airline,HVN,베트남항공,"{""yyyymm"": ""202505""}"
2025-05-31,kac_S_TSI,26.0,KAC_AIRPORT,airline,JAL,일본항공,"{""yyyymm"": ""202505""}"
2025-05-31,kac_S_TSI,616.0,KAC_AIRPORT,airline,JJA,제주항공,"{""yyyymm"": ""202505""}"
2025-05-31,kac_S_TSI,148.0,KAC_AIRPORT,airline,JNA,진에어,"{""yyyymm"": ""202505""}"
2025-05-31,kac_S_TSI,50.0,KAC_AIRPORT,airline,KAL,대한항공,"{""yyyymm"": ""202505""}"
2025-05-31,kac_S_TSI,1.0,KAC_AIRPORT,airline,MGL,몽골항공,"{""yyyymm"": ""202505""}"
2025-05-31,kac_S_TSI,0.0,KAC_AIRPORT,airline,PAL,필리핀항공,"{""yyyymm"": ""202505""}"
2025-05-31,kac_S_TSI,0.0,KAC_AIRPORT,airline,QDA,칭다오항공,"{""yyyymm"": ""202505""}"
2025-05-31,kac_S_TSI,0.0,KAC_AIRPORT,airline,SIA,싱가포르항공,"{""yyyymm"": ""202505""}"
2025-05-31,kac_S_TSI,0.0,KAC_AIRPORT,airline,TGW,스쿠트 항공,"{""yyyymm"": ""202505""}"
2025-05-31,kac_S_TSI,0.0,KAC_AIRPORT,airline,TTW,타이거에어 타이완,"{""yyyymm"": ""202505""}"
2025-05-31,kac_S_TSI,114.0,KAC_AIRPORT,airline,TWB,티웨이항공,"{""yyyymm"": ""202505""}"
2025-05-31,kac_S_TSI,19.0,KAC_AIRPORT,airline,VJC,비엣젯항공,"{""yyyymm"": ""202505""}"
2025-05-31,kac_S_TSO,30.0,KAC_AIRPORT,airline,AAR,아시아나항공,"{""yyyymm"": ""202505""}"
2025-05-31,kac_S_TSO,372.0,KAC_AIRPORT,airline,ABL,에어부산,"{""yyyymm"": ""202505""}"
2025-05-31,kac_S_TSO,22.0,KAC_AIRPORT,airline,ANA,전일본공수,"{""yyyymm"": ""202505""}"
2025-05-31,kac_S_TSO,0.0,KAC_AIRPORT,airline,APJ,피치항공,"{""yyyymm"": ""202505""}"
2025-05-31,kac_S_TSO,0.0,KAC_AIRPORT,airline,ASV,에어서울,"{""yyyymm"": ""202505""}"
2025-05-31,kac_S_TSO,0.0,KAC_AIRPORT,airline,CAL,중화항공,"{""yyyymm"": ""202505""}"
2025-05-31,kac_S_TSO,0.0,KAC_AIRPORT,airline,CBJ,북경수도항공,"{""yyyymm"": ""202505""}"
2025-05-31,kac_S_TSO,2.0,KAC_AIRPORT,airline,CCA,중국국제항공,"{""yyyymm"": ""202505""}"
2025-05-31,kac_S_TSO,0.0,KAC_AIRPORT,airline,CDC,룽에어,"{""yyyymm"": ""202505""}"
2025-05-31,kac_S_TSO,2.0,KAC_AIRPORT,airline,CES,중국동방항공,"{""yyyymm"": ""202505""}"
2025-05-31,kac_S_TSO,0.0,KAC_AIRPORT,airline,CQH,춘추항공,"{""yyyymm"": ""202505""}"
2025-05-31,kac_S_TSO,0.0,KAC_AIRPORT,airline,CSC,사천항공,"{""yyyymm"": ""202505""}"
2025-05-31,kac_S_TSO,3.0,KAC_AIRPORT,airline,CSH,상해항공,"{""yyyymm"": ""202505""}"
2025-05-31,kac_S_TSO,0.0,KAC_AIRPORT,airline,CSN,중국남방항공,"{""yyyymm"": ""202505""}"
2025-05-31,kac_S_TSO,0.0,KAC_AIRPORT,airline,CSZ,중국심천항공,"{""yyyymm"": ""202505""}"
2025-05-31,kac_S_TSO,0.0,KAC_AIRPORT,airline,DKH,길상항공(준야오),"{""yyyymm"": ""202505""}"
2025-05-31,kac_S_TSO,0.0,KAC_AIRPORT,airline,EOK,에어로케이항공,"{""yyyymm"": ""202505""}"
2025-05-31,kac_S_TSO,0.0,KAC_AIRPORT,airline,ESR,이스타항공,"{""yyyymm"": ""202505""}"
2025-05-31,kac_S_TSO,0.0,KAC_AIRPORT,airline,EVA,에바항공,"{""yyyymm"": ""202505""}"
2025-05-31,kac_S_TSO,0.0,KAC_AIRPORT,airline,HKE,홍콩익스프레스,"{""yyyymm"": ""202505""}"
2025-05-31,kac_S_TSO,2.0,KAC_AIRPORT,airline,HVN,베트남항공,"{""yyyymm"": ""202505""}"
2025-05-31,kac_S_TSO,26.0,KAC_AIRPORT,airline,JAL,일본항공,"{""yyyymm"": ""202505""}"
2025-05-31,kac_S_TSO,603.0,KAC_AIRPORT,airline,JJA,제주항공,"{""yyyymm"": ""202505""}"
2025-05-31,kac_S_TSO,148.0,KAC_AIRPORT,airline,JNA,진에어,"{""yyyymm"": ""202505""}"
2025-05-31,kac_S_TSO,52.0,KAC_AIRPORT,airline,KAL,대한항공,"{""yyyymm"": ""202505""}"
2025-05-31,kac_S_TSO,18.0,KAC_AIRPORT,airline,MGL,몽골항공,"{""yyyymm"": ""202505""}"
2025-05-31,kac_S_TSO,0.0,KAC_AIRPORT,airline,PAL,필리핀항공,"{""yyyymm"": ""202505""}"
2025-05-31,kac_S_TSO,0.0,KAC_AIRPORT,airline,QDA,칭다오항공,"{""yyyymm"": ""202505""}"
2025-05-31,kac_S_TSO,0.0,KAC_AIRPORT,airline,SIA,싱가포르항공,"{""yyyymm"": ""202505""}"
2025-05-31,kac_S_TSO,0.0,KAC_AIRPORT,airline,TGW,스쿠트 항공,"{""yyyymm"": ""202505""}"
2025-05-31,kac_S_TSO,0.0,KAC_AIRPORT,airline,TTW,타이거에어 타이완,"{""yyyymm"": ""202505""}"
2025-05-31,kac_S_TSO,112.0,KAC_AIRPORT,airline,TWB,티웨이항공,"{""yyyymm"": ""202505""}"
2025-05-31,kac_S_TSO,21.0,KAC_AIRPORT,airline,VJC,비엣젯항공,"{""yyyymm"": ""202505""}"
2025-06-30,airportal_SEQ,100.0,AIRPORTAL,airline,,SCAT 항공(VSV),"{""year"": 2025, ""month"": 6, ""yyyymm"": ""202506""}"
2025-06-30,airportal_공급(석),3024.0,AIRPORTAL,airline,,SCAT 항공(VSV),"{""year"": 2025, ""month"": 6, ""yyyymm"": ""202506""}"
2025-06-30,airportal_여객(명),1380.0,AIRPORTAL,airline,,SCAT 항공(VSV),"{""year"": 2025, ""month"": 6, ""yyyymm"": ""202506""}"
2025-06-30,airportal_운항(편),16.0,AIRPORTAL,airline,,SCAT 항공(VSV),"{""year"": 2025, ""month"": 6, ""yyyymm"": ""202506""}"
2025-06-30,airportal_화물(톤),28.0,AIRPORTAL,airline,,SCAT 항공(VSV),"{""year"": 2025, ""month"": 6, ""yyyymm"": ""202506""}"
2025-06-30,icn_airline_cargo_tons_arrBaggage,146.0,ODP_B551177,airline,7C,제주항공,
2025-06-30,icn_airline_cargo_tons_arrBaggage,19.0,ODP_B551177,airline,AA,아메리칸항공,
2025-06-30,icn_airline_cargo_tons_arrBaggage,53737.0,ODP_B551177,airline,KE,대한항공,
2025-06-30,icn_airline_cargo_tons_arrBaggage,25461.0,ODP_B551177,airline,OZ,아시아나항공,
2025-06-30,icn_airline_cargo_tons_baggage,360.0,ODP_B551177,airline,7C,제주항공,
2025-06-30,icn_airline_cargo_tons_baggage,284.0,ODP_B551177,airline,AA,아메리칸항공,
2025-06-30,icn_airline_cargo_tons_baggage,105790.0,ODP_B551177,airline,KE,대한항공,
2025-06-30,icn_airline_cargo_tons_baggage,49847.0,ODP_B551177,airline,OZ,아시아나항공,
2025-06-30,icn_airline_cargo_tons_depBaggage,214.0,ODP_B551177,airline,7C,제주항공,
2025-06-30,icn_airline_cargo_tons_depBaggage,265.0,ODP_B551177,airline,AA,아메리칸항공,
2025-06-30,icn_airline_cargo_tons_depBaggage,52053.0,ODP_B551177,airline,KE,대한항공,
2025-06-30,icn_airline_cargo_tons_depBaggage,24386.0,ODP_B551177,airline,OZ,아시아나항공,
2025-06-30,icn_airline_pax_arrPassenger,237280.0,ODP_B551177,airline,7C,제주항공,
2025-06-30,icn_airline_pax_arrPassenger,8219.0,ODP_B551177,airline,AA,아메리칸항공,
2025-06-30,icn_airline_pax_arrPassenger,712487.0,ODP_B551177,airline,KE,대한항공,
2025-06-30,icn_airline_pax_arrPassenger,447876.0,ODP_B551177,airline,OZ,아시아나항공,
2025-06-30,icn_airline_pax_depPassenger,233427.0,ODP_B551177,airline,7C,제주항공,
2025-06-30,icn_airline_pax_depPassenger,7827.0,ODP_B551177,airline,AA,아메리칸항공,
2025-06-30,icn_airline_pax_depPassenger,707654.0,ODP_B551177,airline,KE,대한항공,
2025-06-30,icn_airline_pax_depPassenger,439938.0,ODP_B551177,airline,OZ,아시아나항공,
2025-06-30,icn_airline_pax_passenger,470707.0,ODP_B551177,airline,7C,제주항공,
2025-06-30,icn_airline_pax_passenger,16046.0,ODP_B551177,airline,AA,아메리칸항공,
2025-06-30,icn_airline_pax_passenger,1420141.0,ODP_B551177,airline,KE,대한항공,
2025-06-30,icn_airline_pax_passenger,887814.0,ODP_B551177,airline,OZ,아시아나항공,
2025-06-30,kac_S_BFI,2448198.0,KAC_AIRPORT,airline,AAR,아시아나항공,"{""yyyymm"": ""202506""}"
2025-06-30,kac_S_BFI,1902511.0,KAC_AIRPORT,airline,ABL,에어부산,"{""yyyymm"": ""202506""}"
2025-06-30,kac_S_BFI,151636.0,KAC_AIRPORT,airline,ANA,전일본공수,"{""yyyymm"": ""202506""}"
2025-06-30,kac_S_BFI,68357.0,KAC_AIRPORT,airline,APJ,피치항공,"{""yyyymm"": ""202506""}"
2025-06-30,kac_S_BFI,123646.0,KAC_AIRPORT,airline,ASV,에어서울,"{""yyyymm"": ""202506""}"
2025-06-30,kac_S_BFI,161609.0,KAC_AIRPORT,airline,CAL,중화항공,"{""yyyymm"": ""202506""}"
2025-06-30,kac_S_BFI,16658.0,KAC_AIRPORT,airline,CBJ,북경수도항공,"{""yyyymm"": ""202506""}"
2025-06-30,kac_S_BFI,115878.0,KAC_AIRPORT,airline,CCA,중국국제항공,"{""yyyymm"": ""202506""}"
2025-06-30,kac_S_BFI,60624.0,KAC_AIRPORT,airline,CDC,룽에어,"{""yyyymm"": ""202506""}"
2025-06-30,kac_S_BFI,277654.0,KAC_AIRPORT,airline,CES,중국동방항공,"{""yyyymm"": ""202506""}"
2025-06-30,kac_S_BFI,305361.0,KAC_AIRPORT,airline,CQH,춘추항공,"{""yyyymm"": ""202506""}"
2025-06-30,kac_S_BFI,27288.0,KAC_AIRPORT,airline,CSC,사천항공,"{""yyyymm"": ""202506""}"
2025-06-30,kac_S_BFI,155214.0,KAC_AIRPORT,airline,CSH,상해항공,"{""yyyymm"": ""202506""}"
2025-06-30,kac_S_BFI,70335.0,KAC_AIRPORT,airline,CSN,중국남방항공,"{""yyyymm"": ""202506""}"
2025-06-30,kac_S_BFI,35339.0,KAC_AIRPORT,airline,CSZ,중국심천항공,"{""yyyymm"": ""202506""}"
2025-06-30,kac_S_BFI,6309.0,KAC_AIRPORT,airline,CUA,중국연합항공,"{""yyyymm"": ""202506""}"
2025-06-30,kac_S_BFI,118593.0,KAC_AIRPORT,airline,DKH,길상항공(준야오),"{""yyyymm"": ""202506""}"
2025-06-30,kac_S_BFI,484089.0,KAC_AIRPORT,airline,EOK,에어로케이항공,"{""yyyymm"": ""202506""}"
2025-06-30,kac_S_BFI,1236978.0,KAC_AIRPORT,airline,ESR,이스타항공,"{""yyyymm"": ""202506""}"
2025-06-30,kac_S_BFI,27777.0,KAC_AIRPORT,airline,EVA,에바항공,"{""yyyymm"": ""202506""}"
2025-06-30,kac_S_BFI,157763.0,KAC_AIRPORT,airline,HKE,홍콩익스프레스,"{""yyyymm"": ""202506""}"
2025-06-30,kac_S_BFI,379842.0,KAC_AIRPORT,airline,HVN,베트남항공,"{""yyyymm"": ""202506""}"
2025-06-30,kac_S_BFI,153634.0,KAC_AIRPORT,airline,JAL,일본항공,"{""yyyymm"": ""202506""}"
2025-06-30,kac_S_BFI,2470542.0,KAC_AIRPORT,airline,JJA,제주항공,"{""yyyymm"": ""202506""}"
2025-06-30,kac_S_BFI,2572018.0,KAC_AIRPORT,airline,JNA,진에어,"{""yyyymm"": ""202506""}"
2025-06-30,kac_S_BFI,4143302.0,KAC_AIRPORT,airline,KAL,대한항공,"{""yyyymm"": ""202506""}"
2025-06-30,kac_S_BFI,18486.0,KAC_AIRPORT,airline,MGL,몽골항공,"{""yyyymm"": ""202506""}"
2025-06-30,kac_S_BFI,69476.0,KAC_AIRPORT,airline,PAL,필리핀항공,"{""yyyymm"": ""202506""}"
2025-06-30,kac_S_BFI,7871.0,KAC_AIRPORT,airline,QDA,칭다오항공,"{""yyyymm"": ""202506""}"
2025-06-30,kac_S_BFI,8514.0,KAC_AIRPORT,airline,QNT,카놋샤크항공,"{""yyyymm"": ""202506""}"
2025-06-30,kac_S_BFI,38283.0,KAC_AIRPORT,airline,SIA,싱가포르항공,"{""yyyymm"": ""202506""}"
2025-06-30,kac_S_BFI,36903.0,KAC_AIRPORT,airline,TGW,스쿠트 항공,"{""yyyymm"": ""202506""}"
2025-06-30,kac_S_BFI,114111.0,KAC_AIRPORT,airline,TTW,타이거에어 타이완,"{""yyyymm"": ""202506""}"
2025-06-30,kac_S_BFI,2327682.0,KAC_AIRPORT,airline,TWB,티웨이항공,"{""yyyymm"": ""202506""}"
2025-06-30,kac_S_BFI,491452.0,KAC_AIRPORT,airline,VJC,비엣젯항공,"{""yyyymm"": ""202506""}"
2025-06-30,kac_S_BFO,2442753.0,KAC_AIRPORT,airline,AAR,아시아나항공,"{""yyyymm"": ""202506""}"
2025-06-30,kac_S_BFO,1788907.0,KAC_AIRPORT,airline,ABL,에어부산,"{""yyyymm"": ""202506""}"
2025-06-30,kac_S_BFO,187709.0,KAC_AIRPORT,airline,ANA,전일본공수,"{""yyyymm"": ""202506""}"
2025-06-30,kac_S_BFO,86947.0,KAC_AIRPORT,airline,APJ,피치항공,"{""yyyymm"": ""202506""}"
2025-06-30,kac_S_BFO,123646.0,KAC_AIRPORT,airline,ASV,에어서울,"{""yyyymm"": ""202506""}"
2025-06-30,kac_S_BFO,237901.0,KAC_AIRPORT,airline,CAL,중화항공,"{""yyyymm"": ""202506""}"
2025-06-30,kac_S_BFO,27203.0,KAC_AIRPORT,airline,CBJ,북경수도항공,"{""yyyymm"": ""202506""}"
2025-06-30,kac_S_BFO,142297.0,KAC_AIRPORT,airline,CCA,중국국제항공,"{""yyyymm"": ""202506""}"
2025-06-30,kac_S_BFO,65110.0,KAC_AIRPORT,airline,CDC,룽에어,"{""yyyymm"": ""202506""}"
2025-06-30,kac_S_BFO,307659.0,KAC_AIRPORT,airline,CES,중국동방항공,"{""yyyymm"": ""202506""}"
2025-06-30,kac_S_BFO,387835.0,KAC_AIRPORT,airline,CQH,춘추항공,"{""yyyymm"": ""202506""}"
2025-06-30,kac_S_BFO,17229.0,KAC_AIRPORT,airline,CSC,사천항공,"{""yyyymm"": ""202506""}"
2025-06-30,kac_S_BFO,145440.0,KAC_AIRPORT,airline,CSH,상해항공,"{""yyyymm"": ""202506""}"
2025-06-30,kac_S_BFO,95340.0,KAC_AIRPORT,airline,CSN,중국남방항공,"{""yyyymm"": ""202506""}"
2025-06-30,kac_S_BFO,45070.0,KAC_AIRPORT,airline,CSZ,중국심천항공,"{""yyyymm"": ""202506""}"
2025-06-30,kac_S_BFO,6378.0,KAC_AIRPORT,airline,CUA,중국연합항공,"{""yyyymm"": ""202506""}"
2025-06-30,kac_S_BFO,151445.0,KAC_AIRPORT,airline,DKH,길상항공(준야오),"{""yyyymm"": ""202506""}"
2025-06-30,kac_S_BFO,363401.0,KAC_AIRPORT,airline,EOK,에어로케이항공,"{""yyyymm"": ""202506""}"
2025-06-30,kac_S_BFO,1246651.0,KAC_AIRPORT,airline,ESR,이스타항공,"{""yyyymm"": ""202506""}"
2025-06-30,kac_S_BFO,47360.0,KAC_AIRPORT,airline,EVA,에바항공,"{""yyyymm"": ""202506""}"
2025-06-30,kac_S_BFO,167428.0,KAC_AIRPORT,airline,HKE,홍콩익스프레스,"{""yyyymm"": ""202506""}"
2025-06-30,kac_S_BFO,377171.0,KAC_AIRPORT,airline,HVN,베트남항공,"{""yyyymm"": ""202506""}"
2025-06-30,kac_S_BFO,198377.0,KAC_AIRPORT,airline,JAL,일본항공,"{""yyyymm"": ""202506""}"
2025-06-30,kac_S_BFO,2408590.0,KAC_AIRPORT,airline,JJA,제주항공,"{""yyyymm"": ""202506""}"
2025-06-30,kac_S_BFO,2489299.0,KAC_AIRPORT,airline,JNA,진에어,"{""yyyymm"": ""202506""}"
2025-06-30,kac_S_BFO,4120620.0,KAC_AIRPORT,airline,KAL,대한항공,"{""yyyymm"": ""202506""}"
2025-06-30,kac_S_BFO,24107.0,KAC_AIRPORT,airline,MGL,몽골항공,"{""yyyymm"": ""202506""}"
2025-06-30,kac_S_BFO,92626.0,KAC_AIRPORT,airline,PAL,필리핀항공,"{""yyyymm"": ""202506""}"
2025-06-30,kac_S_BFO,8293.0,KAC_AIRPORT,airline,QDA,칭다오항공,"{""yyyymm"": ""202506""}"
2025-06-30,kac_S_BFO,18052.0,KAC_AIRPORT,airline,QNT,카놋샤크항공,"{""yyyymm"": ""202506""}"
2025-06-30,kac_S_BFO,43102.0,KAC_AIRPORT,airline,SIA,싱가포르항공,"{""yyyymm"": ""202506""}"
2025-06-30,kac_S_BFO,48001.0,KAC_AIRPORT,airline,TGW,스쿠트 항공,"{""yyyymm"": ""202506""}"
2025-06-30,kac_S_BFO,177023.0,KAC_AIRPORT,airline,TTW,타이거에어 타이완,"{""yyyymm"": ""202506""}"
2025-06-30,kac_S_BFO,2197615.0,KAC_AIRPORT,airline,TWB,티웨이항공,"{""yyyymm"": ""202506""}"
2025-06-30,kac_S_BFO,342116.0,KAC_AIRPORT,airline,VJC,비엣젯항공,"{""yyyymm"": ""202506""}"
2025-06-30,kac_S_FFI,1062198.0,KAC_AIRPORT,airline,AAR,아시아나항공,"{""yyyymm"": ""202506""}"
2025-06-30,kac_S_FFI,191511.0,KAC_AIRPORT,airline,ABL,에어부산,"{""yyyymm"": ""202506""}"
2025-06-30,kac_S_FFI,48.0,KAC_AIRPORT,airline,ANA,전일본공수,"{""yyyymm"": ""202506""}"
2025-06-30,kac_S_FFI,0.0,KAC_AIRPORT,airline,APJ,피치항공,"{""yyyymm"": ""202506""}"
2025-06-30,kac_S_FFI,0.0,KAC_AIRPORT,airline,ASV,에어서울,"{""yyyymm"": ""202506""}"
2025-06-30,kac_S_FFI,0.0,KAC_AIRPORT,airline,CAL,중화항공,"{""yyyymm"": ""202506""}"
2025-06-30,kac_S_FFI,0.0,KAC_AIRPORT,airline,CBJ,북경수도항공,"{""yyyymm"": ""202506""}"
2025-06-30,kac_S_FFI,0.0,KAC_AIRPORT,airline,CCA,중국국제항공,"{""yyyymm"": ""202506""}"
2025-06-30,kac_S_FFI,0.0,KAC_AIRPORT,airline,CDC,룽에어,"{""yyyymm"": ""202506""}"
2025-06-30,kac_S_FFI,192198.0,KAC_AIRPORT,airline,CES,중국동방항공,"{""yyyymm"": ""202506""}"
2025-06-30,kac_S_FFI,0.0,KAC_AIRPORT,airline,CQH,춘추항공,"{""yyyymm"": ""202506""}"
2025-06-30,kac_S_FFI,0.0,KAC_AIRPORT,airline,CSC,사천항공,"{""yyyymm"": ""202506""}"
2025-06-30,kac_S_FFI,178512.0,KAC_AIRPORT,airline,CSH,상해항공,"{""yyyymm"": ""202506""}"
2025-06-30,kac_S_FFI,753.0,KAC_AIRPORT,airline,CSN,중국남방항공,"{""yyyymm"": ""202506""}"
2025-06-30,kac_S_FFI,0.0,KAC_AIRPORT,airline,CSZ,중국심천항공,"{""yyyymm"": ""202506""}"
2025-06-30,kac_S_FFI,0.0,KAC_AIRPORT,airline,CUA,중국연합항공,"{""yyyymm"": ""202506""}"
2025-06-30,kac_S_FFI,0.0,KAC_AIRPORT,airline,DKH,길상항공(준야오),"{""yyyymm"": ""202506""}"
2025-06-30,kac_S_FFI,48.0,KAC_AIRPORT,airline,EOK,에어로케이항공,"{""yyyymm"": ""202506""}"
2025-06-30,kac_S_FFI,0.0,KAC_AIRPORT,airline,ESR,이스타항공,"{""yyyymm"": ""202506""}"
2025-06-30,kac_S_FFI,328.0,KAC_AIRPORT,airline,EVA,에바항공,"{""yyyymm"": ""202506""}"
2025-06-30,kac_S_FFI,0.0,KAC_AIRPORT,airline,HKE,홍콩익스프레스,"{""yyyymm"": ""202506""}"
2025-06-30,kac_S_FFI,392963.0,KAC_AIRPORT,airline,HVN,베트남항공,"{""yyyymm"": ""202506""}"
2025-06-30,kac_S_FFI,2393.0,KAC_AIRPORT,airline,JAL,일본항공,"{""yyyymm"": ""202506""}"
2025-06-30,kac_S_FFI,0.0,KAC_AIRPORT,airline,JJA,제주항공,"{""yyyymm"": ""202506""}"
2025-06-30,kac_S_FFI,34848.0,KAC_AIRPORT,airline,JNA,진에어,"{""yyyymm"": ""202506""}"
2025-06-30,kac_S_FFI,1788814.0,KAC_AIRPORT,airline,KAL,대한항공,"{""yyyymm"": ""202506""}"
2025-06-30,kac_S_FFI,0.0,KAC_AIRPORT,airline,MGL,몽골항공,"{""yyyymm"": ""202506""}"
2025-06-30,kac_S_FFI,1073.0,KAC_AIRPORT,airline,PAL,필리핀항공,"{""yyyymm"": ""202506""}"
2025-06-30,kac_S_FFI,0.0,KAC_AIRPORT,airline,QDA,칭다오항공,"{""yyyymm"": ""202506""}"
2025-06-30,kac_S_FFI,0.0,KAC_AIRPORT,airline,QNT,카놋샤크항공,"{""yyyymm"": ""202506""}"
2025-06-30,kac_S_FFI,4603.0,KAC_AIRPORT,airline,SIA,싱가포르항공,"{""yyyymm"": ""202506""}"
2025-06-30,kac_S_FFI,0.0,KAC_AIRPORT,airline,TGW,스쿠트 항공,"{""yyyymm"": ""202506""}"
2025-06-30,kac_S_FFI,0.0,KAC_AIRPORT,airline,TTW,타이거에어 타이완,"{""yyyymm"": ""202506""}"
2025-06-30,kac_S_FFI,0.0,KAC_AIRPORT,airline,TWB,티웨이항공,"{""yyyymm"": ""202506""}"
2025-06-30,kac_S_FFI,13857.0,KAC_AIRPORT,airline,VJC,비엣젯항공,"{""yyyymm"": ""202506""}"
2025-06-30,kac_S_FFO,1582760.0,KAC_AIRPORT,airline,AAR,아시아나항공,"{""yyyymm"": ""202506""}"
2025-06-30,kac_S_FFO,189630.0,KAC_AIRPORT,airline,ABL,에어부산,"{""yyyymm"": ""202506""}"
2025-06-30,kac_S_FFO,91273.0,KAC_AIRPORT,airline,ANA,전일본공수,"{""yyyymm"": ""202506""}"
2025-06-30,kac_S_FFO,0.0,KAC_AIRPORT,airline,APJ,피치항공,"{""yyyymm"": ""202506""}"
2025-06-30,kac_S_FFO,0.0,KAC_AIRPORT,airline,ASV,에어서울,"{""yyyymm"": ""202506""}"
2025-06-30,kac_S_FFO,0.0,KAC_AIRPORT,airline,CAL,중화항공,"{""yyyymm"": ""202506""}"
2025-06-30,kac_S_FFO,0.0,KAC_AIRPORT,airline,CBJ,북경수도항공,"{""yyyymm"": ""202506""}"
2025-06-30,kac_S_FFO,0.0,KAC_AIRPORT,airline,CCA,중국국제항공,"{""yyyymm"": ""202506""}"
2025-06-30,kac_S_FFO,0.0,KAC_AIRPORT,airline,CDC,룽에어,"{""yyyymm"": ""202506""}"
2025-06-30,kac_S_FFO,37903.0,KAC_AIRPORT,airline,CES,중국동방항공,"{""yyyymm"": ""202506""}"
2025-06-30,kac_S_FFO,0.0,KAC_AIRPORT,airline,CQH,춘추항공,"{""yyyymm"": ""202506""}"
2025-06-30,kac_S_FFO,0.0,KAC_AIRPORT,airline,CSC,사천항공,"{""yyyymm"": ""202506""}"
2025-06-30,kac_S_FFO,0.0,KAC_AIRPORT,airline,CSH,상해항공,"{""yyyymm"": ""202506""}"
2025-06-30,kac_S_FFO,0.0,KAC_AIRPORT,airline,CSN,중국남방항공,"{""yyyymm"": ""202506""}"
2025-06-30,kac_S_FFO,0.0,KAC_AIRPORT,airline,CSZ,중국심천항공,"{""yyyymm"": ""202506""}"
2025-06-30,kac_S_FFO,0.0,KAC_AIRPORT,airline,CUA,중국연합항공,"{""yyyymm"": ""202506""}"
2025-06-30,kac_S_FFO,0.0,KAC_AIRPORT,airline,DKH,길상항공(준야오),"{""yyyymm"": ""202506""}"
2025-06-30,kac_S_FFO,0.0,KAC_AIRPORT,airline,EOK,에어로케이항공,"{""yyyymm"": ""202506""}"
2025-06-30,kac_S_FFO,0.0,KAC_AIRPORT,airline,ESR,이스타항공,"{""yyyymm"": ""202506""}"
2025-06-30,kac_S_FFO,0.0,KAC_AIRPORT,airline,EVA,에바항공,"{""yyyymm"": ""202506""}"
2025-06-30,kac_S_FFO,0.0,KAC_AIRPORT,airline,HKE,홍콩익스프레스,"{""yyyymm"": ""202506""}"
2025-06-30,kac_S_FFO,464262.0,KAC_AIRPORT,airline,HVN,베트남항공,"{""yyyymm"": ""202506""}"
2025-06-30,kac_S_FFO,375924.0,KAC_AIRPORT,airline,JAL,일본항공,"{""yyyymm"": ""202506""}"
2025-06-30,kac_S_FFO,0.0,KAC_AIRPORT,airline,JJA,제주항공,"{""yyyymm"": ""202506""}"
2025-06-30,kac_S_FFO,34848.0,KAC_AIRPORT,airline,JNA,진에어,"{""yyyymm"": ""202506""}"
2025-06-30,kac_S_FFO,1993652.0,KAC_AIRPORT,airline,KAL,대한항공,"{""yyyymm"": ""202506""}"
2025-06-30,kac_S_FFO,0.0,KAC_AIRPORT,airline,MGL,몽골항공,"{""yyyymm"": ""202506""}"
2025-06-30,kac_S_FFO,4054.0,KAC_AIRPORT,airline,PAL,필리핀항공,"{""yyyymm"": ""202506""}"
2025-06-30,kac_S_FFO,0.0,KAC_AIRPORT,airline,QDA,칭다오항공,"{""yyyymm"": ""202506""}"
2025-06-30,kac_S_FFO,0.0,KAC_AIRPORT,airline,QNT,카놋샤크항공,"{""yyyymm"": ""202506""}"
2025-06-30,kac_S_FFO,0.0,KAC_AIRPORT,airline,SIA,싱가포르항공,"{""yyyymm"": ""202506""}"
2025-06-30,kac_S_FFO,0.0,KAC_AIRPORT,airline,TGW,스쿠트 항공,"{""yyyymm"": ""202506""}"
2025-06-30,kac_S_FFO,0.0,KAC_AIRPORT,airline,TTW,타이거에어 타이완,"{""yyyymm"": ""202506""}"
2025-06-30,kac_S_FFO,0.0,KAC_AIRPORT,airline,TWB,티웨이항공,"{""yyyymm"": ""202506""}"
2025-06-30,kac_S_FFO,0.0,KAC_AIRPORT,airline,VJC,비엣젯항공,"{""yyyymm"": ""202506""}"
2025-06-30,kac_S_FPI,432149.0,KAC_AIRPORT,airline,AAR,아시아나항공,"{""yyyymm"": ""202506""}"
2025-06-30,kac_S_FPI,304565.0,KAC_AIRPORT,airline,ABL,에어부산,"{""yyyymm"": ""202506""}"
2025-06-30,kac_S_FPI,16451.0,KAC_AIRPORT,airline,ANA,전일본공수,"{""yyyymm"": ""202506""}"
2025-06-30,kac_S_FPI,10096.0,KAC_AIRPORT,airline,APJ,피치항공,"{""yyyymm"": ""202506""}"
2025-06-30,kac_S_FPI,31233.0,KAC_AIRPORT,airline,ASV,에어서울,"{""yyyymm"": ""202506""}"
2025-06-30,kac_S_FPI,14285.0,KAC_AIRPORT,airline,CAL,중화항공,"{""yyyymm"": ""202506""}"
2025-06-30,kac_S_FPI,1893.0,KAC_AIRPORT,airline,CBJ,북경수도항공,"{""yyyymm"": ""202506""}"
2025-06-30,kac_S_FPI,10359.0,KAC_AIRPORT,airline,CCA,중국국제항공,"{""yyyymm"": ""202506""}"
2025-06-30,kac_S_FPI,6470.0,KAC_AIRPORT,airline,CDC,룽에어,"{""yyyymm"": ""202506""}"
2025-06-30,kac_S_FPI,25793.0,KAC_AIRPORT,airline,CES,중국동방항공,"{""yyyymm"": ""202506""}"
2025-06-30,kac_S_FPI,47853.0,KAC_AIRPORT,airline,CQH,춘추항공,"{""yyyymm"": ""202506""}"
2025-06-30,kac_S_FPI,2017.0,KAC_AIRPORT,airline,CSC,사천항공,"{""yyyymm"": ""202506""}"
2025-06-30,kac_S_FPI,11911.0,KAC_AIRPORT,airline,CSH,상해항공,"{""yyyymm"": ""202506""}"
2025-06-30,kac_S_FPI,6263.0,KAC_AIRPORT,airline,CSN,중국남방항공,"{""yyyymm"": ""202506""}"
2025-06-30,kac_S_FPI,3831.0,KAC_AIRPORT,airline,CSZ,중국심천항공,"{""yyyymm"": ""202506""}"
2025-06-30,kac_S_FPI,517.0,KAC_AIRPORT,airline,CUA,중국연합항공,"{""yyyymm"": ""202506""}"
2025-06-30,kac_S_FPI,13664.0,KAC_AIRPORT,airline,DKH,길상항공(준야오),"{""yyyymm"": ""202506""}"
2025-06-30,kac_S_FPI,69060.0,KAC_AIRPORT,airline,EOK,에어로케이항공,"{""yyyymm"": ""202506""}"
2025-06-30,kac_S_FPI,271011.0,KAC_AIRPORT,airline,ESR,이스타항공,"{""yyyymm"": ""202506""}"
2025-06-30,kac_S_FPI,2557.0,KAC_AIRPORT,airline,EVA,에바항공,"{""yyyymm"": ""202506""}"
2025-06-30,kac_S_FPI,17961.0,KAC_AIRPORT,airline,HKE,홍콩익스프레스,"{""yyyymm"": ""202506""}"
2025-06-30,kac_S_FPI,21710.0,KAC_AIRPORT,airline,HVN,베트남항공,"{""yyyymm"": ""202506""}"
2025-06-30,kac_S_FPI,16238.0,KAC_AIRPORT,airline,JAL,일본항공,"{""yyyymm"": ""202506""}"
2025-06-30,kac_S_FPI,480698.0,KAC_AIRPORT,airline,JJA,제주항공,"{""yyyymm"": ""202506""}"
2025-06-30,kac_S_FPI,465241.0,KAC_AIRPORT,airline,JNA,진에어,"{""yyyymm"": ""202506""}"
2025-06-30,kac_S_FPI,619990.0,KAC_AIRPORT,airline,KAL,대한항공,"{""yyyymm"": ""202506""}"
2025-06-30,kac_S_FPI,1373.0,KAC_AIRPORT,airline,MGL,몽골항공,"{""yyyymm"": ""202506""}"
2025-06-30,kac_S_FPI,5287.0,KAC_AIRPORT,airline,PAL,필리핀항공,"{""yyyymm"": ""202506""}"
2025-06-30,kac_S_FPI,851.0,KAC_AIRPORT,airline,QDA,칭다오항공,"{""yyyymm"": ""202506""}"
2025-06-30,kac_S_FPI,329.0,KAC_AIRPORT,airline,QNT,카놋샤크항공,"{""yyyymm"": ""202506""}"
2025-06-30,kac_S_FPI,2543.0,KAC_AIRPORT,airline,SIA,싱가포르항공,"{""yyyymm"": ""202506""}"
2025-06-30,kac_S_FPI,3856.0,KAC_AIRPORT,airline,TGW,스쿠트 항공,"{""yyyymm"": ""202506""}"
2025-06-30,kac_S_FPI,13386.0,KAC_AIRPORT,airline,TTW,타이거에어 타이완,"{""yyyymm"": ""202506""}"
2025-06-30,kac_S_FPI,425344.0,KAC_AIRPORT,airline,TWB,티웨이항공,"{""yyyymm"": ""202506""}"
2025-06-30,kac_S_FPI,38107.0,KAC_AIRPORT,airline,VJC,비엣젯항공,"{""yyyymm"": ""202506""}"
2025-06-30,kac_S_FPO,431254.0,KAC_AIRPORT,airline,AAR,아시아나항공,"{""yyyymm"": ""202506""}"
2025-06-30,kac_S_FPO,303467.0,KAC_AIRPORT,airline,ABL,에어부산,"{""yyyymm"": ""202506""}"
2025-06-30,kac_S_FPO,17311.0,KAC_AIRPORT,airline,ANA,전일본공수,"{""yyyymm"": ""202506""}"
2025-06-30,kac_S_FPO,8181.0,KAC_AIRPORT,airline,APJ,피치항공,"{""yyyymm"": ""202506""}"
2025-06-30,kac_S_FPO,31233.0,KAC_AIRPORT,airline,ASV,에어서울,"{""yyyymm"": ""202506""}"
2025-06-30,kac_S_FPO,14206.0,KAC_AIRPORT,airline,CAL,중화항공,"{""yyyymm"": ""202506""}"
2025-06-30,kac_S_FPO,1720.0,KAC_AIRPORT,airline,CBJ,북경수도항공,"{""yyyymm"": ""202506""}"
2025-06-30,kac_S_FPO,10764.0,KAC_AIRPORT,airline,CCA,중국국제항공,"{""yyyymm"": ""202506""}"
2025-06-30,kac_S_FPO,6204.0,KAC_AIRPORT,airline,CDC,룽에어,"{""yyyymm"": ""202506""}"
2025-06-30,kac_S_FPO,27134.0,KAC_AIRPORT,airline,CES,중국동방항공,"{""yyyymm"": ""202506""}"
2025-06-30,kac_S_FPO,46497.0,KAC_AIRPORT,airline,CQH,춘추항공,"{""yyyymm"": ""202506""}"
2025-06-30,kac_S_FPO,1932.0,KAC_AIRPORT,airline,CSC,사천항공,"{""yyyymm"": ""202506""}"
2025-06-30,kac_S_FPO,12176.0,KAC_AIRPORT,airline,CSH,상해항공,"{""yyyymm"": ""202506""}"
2025-06-30,kac_S_FPO,6779.0,KAC_AIRPORT,airline,CSN,중국남방항공,"{""yyyymm"": ""202506""}"
2025-06-30,kac_S_FPO,3831.0,KAC_AIRPORT,airline,CSZ,중국심천항공,"{""yyyymm"": ""202506""}"
2025-06-30,kac_S_FPO,618.0,KAC_AIRPORT,airline,CUA,중국연합항공,"{""yyyymm"": ""202506""}"
2025-06-30,kac_S_FPO,13162.0,KAC_AIRPORT,airline,DKH,길상항공(준야오),"{""yyyymm"": ""202506""}"
2025-06-30,kac_S_FPO,67398.0,KAC_AIRPORT,airline,EOK,에어로케이항공,"{""yyyymm"": ""202506""}"
2025-06-30,kac_S_FPO,270757.0,KAC_AIRPORT,airline,ESR,이스타항공,"{""yyyymm"": ""202506""}"
2025-06-30,kac_S_FPO,2782.0,KAC_AIRPORT,airline,EVA,에바항공,"{""yyyymm"": ""202506""}"
2025-06-30,kac_S_FPO,16061.0,KAC_AIRPORT,airline,HKE,홍콩익스프레스,"{""yyyymm"": ""202506""}"
2025-06-30,kac_S_FPO,23022.0,KAC_AIRPORT,airline,HVN,베트남항공,"{""yyyymm"": ""202506""}"
2025-06-30,kac_S_FPO,16849.0,KAC_AIRPORT,airline,JAL,일본항공,"{""yyyymm"": ""202506""}"
2025-06-30,kac_S_FPO,481275.0,KAC_AIRPORT,airline,JJA,제주항공,"{""yyyymm"": ""202506""}"
2025-06-30,kac_S_FPO,464458.0,KAC_AIRPORT,airline,JNA,진에어,"{""yyyymm"": ""202506""}"
2025-06-30,kac_S_FPO,620827.0,KAC_AIRPORT,airline,KAL,대한항공,"{""yyyymm"": ""202506""}"
2025-06-30,kac_S_FPO,1335.0,KAC_AIRPORT,airline,MGL,몽골항공,"{""yyyymm"": ""202506""}"
2025-06-30,kac_S_FPO,5637.0,KAC_AIRPORT,airline,PAL,필리핀항공,"{""yyyymm"": ""202506""}"
2025-06-30,kac_S_FPO,823.0,KAC_AIRPORT,airline,QDA,칭다오항공,"{""yyyymm"": ""202506""}"
2025-06-30,kac_S_FPO,505.0,KAC_AIRPORT,airline,QNT,카놋샤크항공,"{""yyyymm"": ""202506""}"
2025-06-30,kac_S_FPO,2448.0,KAC_AIRPORT,airline,SIA,싱가포르항공,"{""yyyymm"": ""202506""}"
2025-06-30,kac_S_FPO,3891.0,KAC_AIRPORT,airline,TGW,스쿠트 항공,"{""yyyymm"": ""202506""}"
2025-06-30,kac_S_FPO,12660.0,KAC_AIRPORT,airline,TTW,타이거에어 타이완,"{""yyyymm"": ""202506""}"
2025-06-30,kac_S_FPO,422898.0,KAC_AIRPORT,airline,TWB,티웨이항공,"{""yyyymm"": ""202506""}"
2025-06-30,kac_S_FPO,35464.0,KAC_AIRPORT,airline,VJC,비엣젯항공,"{""yyyymm"": ""202506""}"
2025-06-30,kac_S_MFI,0.0,KAC_AIRPORT,airline,AAR,아시아나항공,"{""yyyymm"": ""202506""}"
2025-06-30,kac_S_MFI,0.0,KAC_AIRPORT,airline,ABL,에어부산,"{""yyyymm"": ""202506""}"
2025-06-30,kac_S_MFI,0.0,KAC_AIRPORT,airline,ANA,전일본공수,"{""yyyymm"": ""202506""}"
2025-06-30,kac_S_MFI,0.0,KAC_AIRPORT,airline,APJ,피치항공,"{""yyyymm"": ""202506""}"
2025-06-30,kac_S_MFI,0.0,KAC_AIRPORT,airline,ASV,에어서울,"{""yyyymm"": ""202506""}"
2025-06-30,kac_S_MFI,0.0,KAC_AIRPORT,airline,CAL,중화항공,"{""yyyymm"": ""202506""}"
2025-06-30,kac_S_MFI,0.0,KAC_AIRPORT,airline,CBJ,북경수도항공,"{""yyyymm"": ""202506""}"
2025-06-30,kac_S_MFI,1433.0,KAC_AIRPORT,airline,CCA,중국국제항공,"{""yyyymm"": ""202506""}"
2025-06-30,kac_S_MFI,0.0,KAC_AIRPORT,airline,CDC,룽에어,"{""yyyymm"": ""202506""}"
2025-06-30,kac_S_MFI,0.0,KAC_AIRPORT,airline,CES,중국동방항공,"{""yyyymm"": ""202506""}"
2025-06-30,kac_S_MFI,0.0,KAC_AIRPORT,airline,CQH,춘추항공,"{""yyyymm"": ""202506""}"
2025-06-30,kac_S_MFI,0.0,KAC_AIRPORT,airline,CSC,사천항공,"{""yyyymm"": ""202506""}"
2025-06-30,kac_S_MFI,0.0,KAC_AIRPORT,airline,CSH,상해항공,"{""yyyymm"": ""202506""}"
2025-06-30,kac_S_MFI,0.0,KAC_AIRPORT,airline,CSN,중국남방항공,"{""yyyymm"": ""202506""}"
2025-06-30,kac_S_MFI,0.0,KAC_AIRPORT,airline,CSZ,중국심천항공,"{""yyyymm"": ""202506""}"
2025-06-30,kac_S_MFI,0.0,KAC_AIRPORT,airline,CUA,중국연합항공,"{""yyyymm"": ""202506""}"
2025-06-30,kac_S_MFI,0.0,KAC_AIRPORT,airline,DKH,길상항공(준야오),"{""yyyymm"": ""202506""}"
2025-06-30,kac_S_MFI,0.0,KAC_AIRPORT,airline,EOK,에어로케이항공,"{""yyyymm"": ""202506""}"
2025-06-30,kac_S_MFI,0.0,KAC_AIRPORT,airline,ESR,이스타항공,"{""yyyymm"": ""202506""}"
2025-06-30,kac_S_MFI,0.0,KAC_AIRPORT,airline,EVA,에바항공,"{""yyyymm"": ""202506""}"
2025-06-30,kac_S_MFI,0.0,KAC_AIRPORT,airline,HKE,홍콩익스프레스,"{""yyyymm"": ""202506""}"
2025-06-30,kac_S_MFI,0.0,KAC_AIRPORT,airline,HVN,베트남항공,"{""yyyymm"": ""202506""}"
2025-06-30,kac_S_MFI,14802.0,KAC_AIRPORT,airline,JAL,일본항공,"{""yyyymm"": ""202506""}"
2025-06-30,kac_S_MFI,0.0,KAC_AIRPORT,airline,JJA,제주항공,"{""yyyymm"": ""202506""}"
2025-06-30,kac_S_MFI,0.0,KAC_AIRPORT,airline,JNA,진에어,"{""yyyymm"": ""202506""}"
2025-06-30,kac_S_MFI,33791.0,KAC_AIRPORT,airline,KAL,대한항공,"{""yyyymm"": ""202506""}"
2025-06-30,kac_S_MFI,0.0,KAC_AIRPORT,airline,MGL,몽골항공,"{""yyyymm"": ""202506""}"
2025-06-30,kac_S_MFI,0.0,KAC_AIRPORT,airline,PAL,필리핀항공,"{""yyyymm"": ""202506""}"
2025-06-30,kac_S_MFI,0.0,KAC_AIRPORT,airline,QDA,칭다오항공,"{""yyyymm"": ""202506""}"
2025-06-30,kac_S_MFI,0.0,KAC_AIRPORT,airline,QNT,카놋샤크항공,"{""yyyymm"": ""202506""}"
2025-06-30,kac_S_MFI,0.0,KAC_AIRPORT,airline,SIA,싱가포르항공,"{""yyyymm"": ""202506""}"
2025-06-30,kac_S_MFI,0.0,KAC_AIRPORT,airline,TGW,스쿠트 항공,"{""yyyymm"": ""202506""}"
2025-06-30,kac_S_MFI,0.0,KAC_AIRPORT,airline,TTW,타이거에어 타이완,"{""yyyymm"": ""202506""}"
2025-06-30,kac_S_MFI,0.0,KAC_AIRPORT,airline,TWB,티웨이항공,"{""yyyymm"": ""202506""}"
2025-06-30,kac_S_MFI,60.0,KAC_AIRPORT,airline,VJC,비엣젯항공,"{""yyyymm"": ""202506""}"
2025-06-30,kac_S_MFO,0.0,KAC_AIRPORT,airline,AAR,아시아나항공,"{""yyyymm"": ""202506""}"
2025-06-30,kac_S_MFO,0.0,KAC_AIRPORT,airline,ABL,에어부산,"{""yyyymm"": ""202506""}"
2025-06-30,kac_S_MFO,0.0,KAC_AIRPORT,airline,ANA,전일본공수,"{""yyyymm"": ""202506""}"
2025-06-30,kac_S_MFO,0.0,KAC_AIRPORT,airline,APJ,피치항공,"{""yyyymm"": ""202506""}"
2025-06-30,kac_S_MFO,0.0,KAC_AIRPORT,airline,ASV,에어서울,"{""yyyymm"": ""202506""}"
2025-06-30,kac_S_MFO,0.0,KAC_AIRPORT,airline,CAL,중화항공,"{""yyyymm"": ""202506""}"
2025-06-30,kac_S_MFO,0.0,KAC_AIRPORT,airline,CBJ,북경수도항공,"{""yyyymm"": ""202506""}"
2025-06-30,kac_S_MFO,0.0,KAC_AIRPORT,airline,CCA,중국국제항공,"{""yyyymm"": ""202506""}"
2025-06-30,kac_S_MFO,0.0,KAC_AIRPORT,airline,CDC,룽에어,"{""yyyymm"": ""202506""}"
2025-06-30,kac_S_MFO,0.0,KAC_AIRPORT,airline,CES,중국동방항공,"{""yyyymm"": ""202506""}"
2025-06-30,kac_S_MFO,0.0,KAC_AIRPORT,airline,CQH,춘추항공,"{""yyyymm"": ""202506""}"
2025-06-30,kac_S_MFO,0.0,KAC_AIRPORT,airline,CSC,사천항공,"{""yyyymm"": ""202506""}"
2025-06-30,kac_S_MFO,0.0,KAC_AIRPORT,airline,CSH,상해항공,"{""yyyymm"": ""202506""}"
2025-06-30,kac_S_MFO,0.0,KAC_AIRPORT,airline,CSN,중국남방항공,"{""yyyymm"": ""202506""}"
2025-06-30,kac_S_MFO,0.0,KAC_AIRPORT,airline,CSZ,중국심천항공,"{""yyyymm"": ""202506""}"
2025-06-30,kac_S_MFO,0.0,KAC_AIRPORT,airline,CUA,중국연합항공,"{""yyyymm"": ""202506""}"
2025-06-30,kac_S_MFO,0.0,KAC_AIRPORT,airline,DKH,길상항공(준야오),"{""yyyymm"": ""202506""}"
2025-06-30,kac_S_MFO,0.0,KAC_AIRPORT,airline,EOK,에어로케이항공,"{""yyyymm"": ""202506""}"
2025-06-30,kac_S_MFO,0.0,KAC_AIRPORT,airline,ESR,이스타항공,"{""yyyymm"": ""202506""}"
2025-06-30,kac_S_MFO,0.0,KAC_AIRPORT,airline,EVA,에바항공,"{""yyyymm"": ""202506""}"
2025-06-30,kac_S_MFO,0.0,KAC_AIRPORT,airline,HKE,홍콩익스프레스,"{""yyyymm"": ""202506""}"
2025-06-30,kac_S_MFO,0.0,KAC_AIRPORT,airline,HVN,베트남항공,"{""yyyymm"": ""202506""}"
2025-06-30,kac_S_MFO,0.0,KAC_AIRPORT,airline,JAL,일본항공,"{""yyyymm"": ""202506""}"
2025-06-30,kac_S_MFO,0.0,KAC_AIRPORT,airline,JJA,제주항공,"{""yyyymm"": ""202506""}"
2025-06-30,kac_S_MFO,0.0,KAC_AIRPORT,airline,JNA,진에어,"{""yyyymm"": ""202506""}"
2025-06-30,kac_S_MFO,0.0,KAC_AIRPORT,airline,KAL,대한항공,"{""yyyymm"": ""202506""}"
2025-06-30,kac_S_MFO,0.0,KAC_AIRPORT,airline,MGL,몽골항공,"{""yyyymm"": ""202506""}"
2025-06-30,kac_S_MFO,0.0,KAC_AIRPORT,airline,PAL,필리핀항공,"{""yyyymm"": ""202506""}"
2025-06-30,kac_S_MFO,0.0,KAC_AIRPORT,airline,QDA,칭다오항공,"{""yyyymm"": ""202506""}"
2025-06-30,kac_S_MFO,0.0,KAC_AIRPORT,airline,QNT,카놋샤크항공,"{""yyyymm"": ""202506""}"
2025-06-30,kac_S_MFO,0.0,KAC_AIRPORT,airline,SIA,싱가포르항공,"{""yyyymm"": ""202506""}"
2025-06-30,kac_S_MFO,0.0,KAC_AIRPORT,airline,TGW,스쿠트 항공,"{""yyyymm"": ""202506""}"
2025-06-30,kac_S_MFO,0.0,KAC_AIRPORT,airline,TTW,타이거에어 타이완,"{""yyyymm"": ""202506""}"
2025-06-30,kac_S_MFO,0.0,KAC_AIRPORT,airline,TWB,티웨이항공,"{""yyyymm"": ""202506""}"
2025-06-30,kac_S_MFO,20.0,KAC_AIRPORT,airline,VJC,비엣젯항공,"{""yyyymm"": ""202506""}"
2025-06-30,kac_S_NPI,5324.0,KAC_AIRPORT,airline,AAR,아시아나항공,"{""yyyymm"": ""202506""}"
2025-06-30,kac_S_NPI,2198.0,KAC_AIRPORT,airline,ABL,에어부산,"{""yyyymm"": ""202506""}"
2025-06-30,kac_S_NPI,52.0,KAC_AIRPORT,airline,ANA,전일본공수,"{""yyyymm"": ""202506""}"
2025-06-30,kac_S_NPI,35.0,KAC_AIRPORT,airline,APJ,피치항공,"{""yyyymm"": ""202506""}"
2025-06-30,kac_S_NPI,289.0,KAC_AIRPORT,airline,ASV,에어서울,"{""yyyymm"": ""202506""}"
2025-06-30,kac_S_NPI,77.0,KAC_AIRPORT,airline,CAL,중화항공,"{""yyyymm"": ""202506""}"
2025-06-30,kac_S_NPI,1.0,KAC_AIRPORT,airline,CBJ,북경수도항공,"{""yyyymm"": ""202506""}"
2025-06-30,kac_S_NPI,35.0,KAC_AIRPORT,airline,CCA,중국국제항공,"{""yyyymm"": ""202506""}"
2025-06-30,kac_S_NPI,30.0,KAC_AIRPORT,airline,CDC,룽에어,"{""yyyymm"": ""202506""}"
2025-06-30,kac_S_NPI,110.0,KAC_AIRPORT,airline,CES,중국동방항공,"{""yyyymm"": ""202506""}"
2025-06-30,kac_S_NPI,112.0,KAC_AIRPORT,airline,CQH,춘추항공,"{""yyyymm"": ""202506""}"
2025-06-30,kac_S_NPI,0.0,KAC_AIRPORT,airline,CSC,사천항공,"{""yyyymm"": ""202506""}"
2025-06-30,kac_S_NPI,33.0,KAC_AIRPORT,airline,CSH,상해항공,"{""yyyymm"": ""202506""}"
2025-06-30,kac_S_NPI,27.0,KAC_AIRPORT,airline,CSN,중국남방항공,"{""yyyymm"": ""202506""}"
2025-06-30,kac_S_NPI,12.0,KAC_AIRPORT,airline,CSZ,중국심천항공,"{""yyyymm"": ""202506""}"
2025-06-30,kac_S_NPI,0.0,KAC_AIRPORT,airline,CUA,중국연합항공,"{""yyyymm"": ""202506""}"
2025-06-30,kac_S_NPI,41.0,KAC_AIRPORT,airline,DKH,길상항공(준야오),"{""yyyymm"": ""202506""}"
2025-06-30,kac_S_NPI,519.0,KAC_AIRPORT,airline,EOK,에어로케이항공,"{""yyyymm"": ""202506""}"
2025-06-30,kac_S_NPI,2089.0,KAC_AIRPORT,airline,ESR,이스타항공,"{""yyyymm"": ""202506""}"
2025-06-30,kac_S_NPI,8.0,KAC_AIRPORT,airline,EVA,에바항공,"{""yyyymm"": ""202506""}"
2025-06-30,kac_S_NPI,42.0,KAC_AIRPORT,airline,HKE,홍콩익스프레스,"{""yyyymm"": ""202506""}"
2025-06-30,kac_S_NPI,227.0,KAC_AIRPORT,airline,HVN,베트남항공,"{""yyyymm"": ""202506""}"
2025-06-30,kac_S_NPI,57.0,KAC_AIRPORT,airline,JAL,일본항공,"{""yyyymm"": ""202506""}"
2025-06-30,kac_S_NPI,3871.0,KAC_AIRPORT,airline,JJA,제주항공,"{""yyyymm"": ""202506""}"
2025-06-30,kac_S_NPI,5017.0,KAC_AIRPORT,airline,JNA,진에어,"{""yyyymm"": ""202506""}"
2025-06-30,kac_S_NPI,6868.0,KAC_AIRPORT,airline,KAL,대한항공,"{""yyyymm"": ""202506""}"
2025-06-30,kac_S_NPI,16.0,KAC_AIRPORT,airline,MGL,몽골항공,"{""yyyymm"": ""202506""}"
2025-06-30,kac_S_NPI,20.0,KAC_AIRPORT,airline,PAL,필리핀항공,"{""yyyymm"": ""202506""}"
2025-06-30,kac_S_NPI,3.0,KAC_AIRPORT,airline,QDA,칭다오항공,"{""yyyymm"": ""202506""}"
2025-06-30,kac_S_NPI,15.0,KAC_AIRPORT,airline,QNT,카놋샤크항공,"{""yyyymm"": ""202506""}"
2025-06-30,kac_S_NPI,19.0,KAC_AIRPORT,airline,SIA,싱가포르항공,"{""yyyymm"": ""202506""}"
2025-06-30,kac_S_NPI,48.0,KAC_AIRPORT,airline,TGW,스쿠트 항공,"{""yyyymm"": ""202506""}"
2025-06-30,kac_S_NPI,82.0,KAC_AIRPORT,airline,TTW,타이거에어 타이완,"{""yyyymm"": ""202506""}"
2025-06-30,kac_S_NPI,3609.0,KAC_AIRPORT,airline,TWB,티웨이항공,"{""yyyymm"": ""202506""}"
2025-06-30,kac_S_NPI,262.0,KAC_AIRPORT,airline,VJC,비엣젯항공,"{""yyyymm"": ""202506""}"
2025-06-30,kac_S_NPO,5319.0,KAC_AIRPORT,airline,AAR,아시아나항공,"{""yyyymm"": ""202506""}"
2025-06-30,kac_S_NPO,2185.0,KAC_AIRPORT,airline,ABL,에어부산,"{""yyyymm"": ""202506""}"
2025-06-30,kac_S_NPO,54.0,KAC_AIRPORT,airline,ANA,전일본공수,"{""yyyymm"": ""202506""}"
2025-06-30,kac_S_NPO,36.0,KAC_AIRPORT,airline,APJ,피치항공,"{""yyyymm"": ""202506""}"
2025-06-30,kac_S_NPO,289.0,KAC_AIRPORT,airline,ASV,에어서울,"{""yyyymm"": ""202506""}"
2025-06-30,kac_S_NPO,79.0,KAC_AIRPORT,airline,CAL,중화항공,"{""yyyymm"": ""202506""}"
2025-06-30,kac_S_NPO,2.0,KAC_AIRPORT,airline,CBJ,북경수도항공,"{""yyyymm"": ""202506""}"
2025-06-30,kac_S_NPO,33.0,KAC_AIRPORT,airline,CCA,중국국제항공,"{""yyyymm"": ""202506""}"
2025-06-30,kac_S_NPO,30.0,KAC_AIRPORT,airline,CDC,룽에어,"{""yyyymm"": ""202506""}"
2025-06-30,kac_S_NPO,107.0,KAC_AIRPORT,airline,CES,중국동방항공,"{""yyyymm"": ""202506""}"
2025-06-30,kac_S_NPO,112.0,KAC_AIRPORT,airline,CQH,춘추항공,"{""yyyymm"": ""202506""}"
2025-06-30,kac_S_NPO,0.0,KAC_AIRPORT,airline,CSC,사천항공,"{""yyyymm"": ""202506""}"
2025-06-30,kac_S_NPO,21.0,KAC_AIRPORT,airline,CSH,상해항공,"{""yyyymm"": ""202506""}"
2025-06-30,kac_S_NPO,28.0,KAC_AIRPORT,airline,CSN,중국남방항공,"{""yyyymm"": ""202506""}"
2025-06-30,kac_S_NPO,7.0,KAC_AIRPORT,airline,CSZ,중국심천항공,"{""yyyymm"": ""202506""}"
2025-06-30,kac_S_NPO,0.0,KAC_AIRPORT,airline,CUA,중국연합항공,"{""yyyymm"": ""202506""}"
2025-06-30,kac_S_NPO,43.0,KAC_AIRPORT,airline,DKH,길상항공(준야오),"{""yyyymm"": ""202506""}"
2025-06-30,kac_S_NPO,521.0,KAC_AIRPORT,airline,EOK,에어로케이항공,"{""yyyymm"": ""202506""}"
2025-06-30,kac_S_NPO,2085.0,KAC_AIRPORT,airline,ESR,이스타항공,"{""yyyymm"": ""202506""}"
2025-06-30,kac_S_NPO,13.0,KAC_AIRPORT,airline,EVA,에바항공,"{""yyyymm"": ""202506""}"
2025-06-30,kac_S_NPO,39.0,KAC_AIRPORT,airline,HKE,홍콩익스프레스,"{""yyyymm"": ""202506""}"
2025-06-30,kac_S_NPO,311.0,KAC_AIRPORT,airline,HVN,베트남항공,"{""yyyymm"": ""202506""}"
2025-06-30,kac_S_NPO,48.0,KAC_AIRPORT,airline,JAL,일본항공,"{""yyyymm"": ""202506""}"
2025-06-30,kac_S_NPO,3882.0,KAC_AIRPORT,airline,JJA,제주항공,"{""yyyymm"": ""202506""}"
2025-06-30,kac_S_NPO,5035.0,KAC_AIRPORT,airline,JNA,진에어,"{""yyyymm"": ""202506""}"
2025-06-30,kac_S_NPO,6880.0,KAC_AIRPORT,airline,KAL,대한항공,"{""yyyymm"": ""202506""}"
2025-06-30,kac_S_NPO,11.0,KAC_AIRPORT,airline,MGL,몽골항공,"{""yyyymm"": ""202506""}"
2025-06-30,kac_S_NPO,19.0,KAC_AIRPORT,airline,PAL,필리핀항공,"{""yyyymm"": ""202506""}"
2025-06-30,kac_S_NPO,1.0,KAC_AIRPORT,airline,QDA,칭다오항공,"{""yyyymm"": ""202506""}"
2025-06-30,kac_S_NPO,21.0,KAC_AIRPORT,airline,QNT,카놋샤크항공,"{""yyyymm"": ""202506""}"
2025-06-30,kac_S_NPO,23.0,KAC_AIRPORT,airline,SIA,싱가포르항공,"{""yyyymm"": ""202506""}"
2025-06-30,kac_S_NPO,46.0,KAC_AIRPORT,airline,TGW,스쿠트 항공,"{""yyyymm"": ""202506""}"
2025-06-30,kac_S_NPO,92.0,KAC_AIRPORT,airline,TTW,타이거에어 타이완,"{""yyyymm"": ""202506""}"
2025-06-30,kac_S_NPO,3620.0,KAC_AIRPORT,airline,TWB,티웨이항공,"{""yyyymm"": ""202506""}"
2025-06-30,kac_S_NPO,286.0,KAC_AIRPORT,airline,VJC,비엣젯항공,"{""yyyymm"": ""202506""}"
2025-06-30,kac_S_OCI,2519.0,KAC_AIRPORT,airline,AAR,아시아나항공,"{""yyyymm"": ""202506""}"
2025-06-30,kac_S_OCI,1763.0,KAC_AIRPORT,airline,ABL,에어부산,"{""yyyymm"": ""202506""}"
2025-06-30,kac_S_OCI,90.0,KAC_AIRPORT,airline,ANA,전일본공수,"{""yyyymm"": ""202506""}"
2025-06-30,kac_S_OCI,60.0,KAC_AIRPORT,airline,APJ,피치항공,"{""yyyymm"": ""202506""}"
2025-06-30,kac_S_OCI,152.0,KAC_AIRPORT,airline,ASV,에어서울,"{""yyyymm"": ""202506""}"
2025-06-30,kac_S_OCI,91.0,KAC_AIRPORT,airline,CAL,중화항공,"{""yyyymm"": ""202506""}"
2025-06-30,kac_S_OCI,12.0,KAC_AIRPORT,airline,CBJ,북경수도항공,"{""yyyymm"": ""202506""}"
2025-06-30,kac_S_OCI,78.0,KAC_AIRPORT,airline,CCA,중국국제항공,"{""yyyymm"": ""202506""}"
2025-06-30,kac_S_OCI,44.0,KAC_AIRPORT,airline,CDC,룽에어,"{""yyyymm"": ""202506""}"
2025-06-30,kac_S_OCI,154.0,KAC_AIRPORT,airline,CES,중국동방항공,"{""yyyymm"": ""202506""}"
2025-06-30,kac_S_OCI,274.0,KAC_AIRPORT,airline,CQH,춘추항공,"{""yyyymm"": ""202506""}"
2025-06-30,kac_S_OCI,17.0,KAC_AIRPORT,airline,CSC,사천항공,"{""yyyymm"": ""202506""}"
2025-06-30,kac_S_OCI,59.0,KAC_AIRPORT,airline,CSH,상해항공,"{""yyyymm"": ""202506""}"
2025-06-30,kac_S_OCI,45.0,KAC_AIRPORT,airline,CSN,중국남방항공,"{""yyyymm"": ""202506""}"
2025-06-30,kac_S_OCI,30.0,KAC_AIRPORT,airline,CSZ,중국심천항공,"{""yyyymm"": ""202506""}"
2025-06-30,kac_S_OCI,5.0,KAC_AIRPORT,airline,CUA,중국연합항공,"{""yyyymm"": ""202506""}"
2025-06-30,kac_S_OCI,82.0,KAC_AIRPORT,airline,DKH,길상항공(준야오),"{""yyyymm"": ""202506""}"
2025-06-30,kac_S_OCI,524.0,KAC_AIRPORT,airline,EOK,에어로케이항공,"{""yyyymm"": ""202506""}"
2025-06-30,kac_S_OCI,1551.0,KAC_AIRPORT,airline,ESR,이스타항공,"{""yyyymm"": ""202506""}"
2025-06-30,kac_S_OCI,16.0,KAC_AIRPORT,airline,EVA,에바항공,"{""yyyymm"": ""202506""}"
2025-06-30,kac_S_OCI,107.0,KAC_AIRPORT,airline,HKE,홍콩익스프레스,"{""yyyymm"": ""202506""}"
2025-06-30,kac_S_OCI,90.0,KAC_AIRPORT,airline,HVN,베트남항공,"{""yyyymm"": ""202506""}"
2025-06-30,kac_S_OCI,90.0,KAC_AIRPORT,airline,JAL,일본항공,"{""yyyymm"": ""202506""}"
2025-06-30,kac_S_OCI,2794.0,KAC_AIRPORT,airline,JJA,제주항공,"{""yyyymm"": ""202506""}"
2025-06-30,kac_S_OCI,2878.0,KAC_AIRPORT,airline,JNA,진에어,"{""yyyymm"": ""202506""}"
2025-06-30,kac_S_OCI,3765.0,KAC_AIRPORT,airline,KAL,대한항공,"{""yyyymm"": ""202506""}"
2025-06-30,kac_S_OCI,10.0,KAC_AIRPORT,airline,MGL,몽골항공,"{""yyyymm"": ""202506""}"
2025-06-30,kac_S_OCI,30.0,KAC_AIRPORT,airline,PAL,필리핀항공,"{""yyyymm"": ""202506""}"
2025-06-30,kac_S_OCI,7.0,KAC_AIRPORT,airline,QDA,칭다오항공,"{""yyyymm"": ""202506""}"
2025-06-30,kac_S_OCI,5.0,KAC_AIRPORT,airline,QNT,카놋샤크항공,"{""yyyymm"": ""202506""}"
2025-06-30,kac_S_OCI,17.0,KAC_AIRPORT,airline,SIA,싱가포르항공,"{""yyyymm"": ""202506""}"
2025-06-30,kac_S_OCI,22.0,KAC_AIRPORT,airline,TGW,스쿠트 항공,"{""yyyymm"": ""202506""}"
2025-06-30,kac_S_OCI,79.0,KAC_AIRPORT,airline,TTW,타이거에어 타이완,"{""yyyymm"": ""202506""}"
2025-06-30,kac_S_OCI,2452.0,KAC_AIRPORT,airline,TWB,티웨이항공,"{""yyyymm"": ""202506""}"
2025-06-30,kac_S_OCI,189.0,KAC_AIRPORT,airline,VJC,비엣젯항공,"{""yyyymm"": ""202506""}"
2025-06-30,kac_S_OCO,2522.0,KAC_AIRPORT,airline,AAR,아시아나항공,"{""yyyymm"": ""202506""}"
2025-06-30,kac_S_OCO,1760.0,KAC_AIRPORT,airline,ABL,에어부산,"{""yyyymm"": ""202506""}"
2025-06-30,kac_S_OCO,90.0,KAC_AIRPORT,airline,ANA,전일본공수,"{""yyyymm"": ""202506""}"
2025-06-30,kac_S_OCO,60.0,KAC_AIRPORT,airline,APJ,피치항공,"{""yyyymm"": ""202506""}"
2025-06-30,kac_S_OCO,152.0,KAC_AIRPORT,airline,ASV,에어서울,"{""yyyymm"": ""202506""}"
2025-06-30,kac_S_OCO,91.0,KAC_AIRPORT,airline,CAL,중화항공,"{""yyyymm"": ""202506""}"
2025-06-30,kac_S_OCO,11.0,KAC_AIRPORT,airline,CBJ,북경수도항공,"{""yyyymm"": ""202506""}"
2025-06-30,kac_S_OCO,78.0,KAC_AIRPORT,airline,CCA,중국국제항공,"{""yyyymm"": ""202506""}"
2025-06-30,kac_S_OCO,43.0,KAC_AIRPORT,airline,CDC,룽에어,"{""yyyymm"": ""202506""}"
2025-06-30,kac_S_OCO,154.0,KAC_AIRPORT,airline,CES,중국동방항공,"{""yyyymm"": ""202506""}"
2025-06-30,kac_S_OCO,274.0,KAC_AIRPORT,airline,CQH,춘추항공,"{""yyyymm"": ""202506""}"
2025-06-30,kac_S_OCO,17.0,KAC_AIRPORT,airline,CSC,사천항공,"{""yyyymm"": ""202506""}"
2025-06-30,kac_S_OCO,59.0,KAC_AIRPORT,airline,CSH,상해항공,"{""yyyymm"": ""202506""}"
2025-06-30,kac_S_OCO,45.0,KAC_AIRPORT,airline,CSN,중국남방항공,"{""yyyymm"": ""202506""}"
2025-06-30,kac_S_OCO,30.0,KAC_AIRPORT,airline,CSZ,중국심천항공,"{""yyyymm"": ""202506""}"
2025-06-30,kac_S_OCO,6.0,KAC_AIRPORT,airline,CUA,중국연합항공,"{""yyyymm"": ""202506""}"
2025-06-30,kac_S_OCO,82.0,KAC_AIRPORT,airline,DKH,길상항공(준야오),"{""yyyymm"": ""202506""}"
2025-06-30,kac_S_OCO,521.0,KAC_AIRPORT,airline,EOK,에어로케이항공,"{""yyyymm"": ""202506""}"
2025-06-30,kac_S_OCO,1552.0,KAC_AIRPORT,airline,ESR,이스타항공,"{""yyyymm"": ""202506""}"
2025-06-30,kac_S_OCO,16.0,KAC_AIRPORT,airline,EVA,에바항공,"{""yyyymm"": ""202506""}"
2025-06-30,kac_S_OCO,107.0,KAC_AIRPORT,airline,HKE,홍콩익스프레스,"{""yyyymm"": ""202506""}"
2025-06-30,kac_S_OCO,90.0,KAC_AIRPORT,airline,HVN,베트남항공,"{""yyyymm"": ""202506""}"
2025-06-30,kac_S_OCO,90.0,KAC_AIRPORT,airline,JAL,일본항공,"{""yyyymm"": ""202506""}"
2025-06-30,kac_S_OCO,2797.0,KAC_AIRPORT,airline,JJA,제주항공,"{""yyyymm"": ""202506""}"
2025-06-30,kac_S_OCO,2880.0,KAC_AIRPORT,airline,JNA,진에어,"{""yyyymm"": ""202506""}"
2025-06-30,kac_S_OCO,3767.0,KAC_AIRPORT,airline,KAL,대한항공,"{""yyyymm"": ""202506""}"
2025-06-30,kac_S_OCO,10.0,KAC_AIRPORT,airline,MGL,몽골항공,"{""yyyymm"": ""202506""}"
2025-06-30,kac_S_OCO,30.0,KAC_AIRPORT,airline,PAL,필리핀항공,"{""yyyymm"": ""202506""}"
2025-06-30,kac_S_OCO,7.0,KAC_AIRPORT,airline,QDA,칭다오항공,"{""yyyymm"": ""202506""}"
2025-06-30,kac_S_OCO,5.0,KAC_AIRPORT,airline,QNT,카놋샤크항공,"{""yyyymm"": ""202506""}"
2025-06-30,kac_S_OCO,17.0,KAC_AIRPORT,airline,SIA,싱가포르항공,"{""yyyymm"": ""202506""}"
2025-06-30,kac_S_OCO,22.0,KAC_AIRPORT,airline,TGW,스쿠트 항공,"{""yyyymm"": ""202506""}"
2025-06-30,kac_S_OCO,79.0,KAC_AIRPORT,airline,TTW,타이거에어 타이완,"{""yyyymm"": ""202506""}"
2025-06-30,kac_S_OCO,2450.0,KAC_AIRPORT,airline,TWB,티웨이항공,"{""yyyymm"": ""202506""}"
2025-06-30,kac_S_OCO,189.0,KAC_AIRPORT,airline,VJC,비엣젯항공,"{""yyyymm"": ""202506""}"
2025-06-30,kac_S_TSI,22.0,KAC_AIRPORT,airline,AAR,아시아나항공,"{""yyyymm"": ""202506""}"
2025-06-30,kac_S_TSI,251.0,KAC_AIRPORT,airline,ABL,에어부산,"{""yyyymm"": ""202506""}"
2025-06-30,kac_S_TSI,36.0,KAC_AIRPORT,airline,ANA,전일본공수,"{""yyyymm"": ""202506""}"
2025-06-30,kac_S_TSI,0.0,KAC_AIRPORT,airline,APJ,피치항공,"{""yyyymm"": ""202506""}"
2025-06-30,kac_S_TSI,0.0,KAC_AIRPORT,airline,ASV,에어서울,"{""yyyymm"": ""202506""}"
2025-06-30,kac_S_TSI,6.0,KAC_AIRPORT,airline,CAL,중화항공,"{""yyyymm"": ""202506""}"
2025-06-30,kac_S_TSI,0.0,KAC_AIRPORT,airline,CBJ,북경수도항공,"{""yyyymm"": ""202506""}"
2025-06-30,kac_S_TSI,10.0,KAC_AIRPORT,airline,CCA,중국국제항공,"{""yyyymm"": ""202506""}"
2025-06-30,kac_S_TSI,0.0,KAC_AIRPORT,airline,CDC,룽에어,"{""yyyymm"": ""202506""}"
2025-06-30,kac_S_TSI,2.0,KAC_AIRPORT,airline,CES,중국동방항공,"{""yyyymm"": ""202506""}"
2025-06-30,kac_S_TSI,0.0,KAC_AIRPORT,airline,CQH,춘추항공,"{""yyyymm"": ""202506""}"
2025-06-30,kac_S_TSI,0.0,KAC_AIRPORT,airline,CSC,사천항공,"{""yyyymm"": ""202506""}"
2025-06-30,kac_S_TSI,1.0,KAC_AIRPORT,airline,CSH,상해항공,"{""yyyymm"": ""202506""}"
2025-06-30,kac_S_TSI,15.0,KAC_AIRPORT,airline,CSN,중국남방항공,"{""yyyymm"": ""202506""}"
2025-06-30,kac_S_TSI,0.0,KAC_AIRPORT,airline,CSZ,중국심천항공,"{""yyyymm"": ""202506""}"
2025-06-30,kac_S_TSI,0.0,KAC_AIRPORT,airline,CUA,중국연합항공,"{""yyyymm"": ""202506""}"
2025-06-30,kac_S_TSI,0.0,KAC_AIRPORT,airline,DKH,길상항공(준야오),"{""yyyymm"": ""202506""}"
2025-06-30,kac_S_TSI,0.0,KAC_AIRPORT,airline,EOK,에어로케이항공,"{""yyyymm"": ""202506""}"
2025-06-30,kac_S_TSI,0.0,KAC_AIRPORT,airline,ESR,이스타항공,"{""yyyymm"": ""202506""}"
2025-06-30,kac_S_TSI,1.0,KAC_AIRPORT,airline,EVA,에바항공,"{""yyyymm"": ""202506""}"
2025-06-30,kac_S_TSI,0.0,KAC_AIRPORT,airline,HKE,홍콩익스프레스,"{""yyyymm"": ""202506""}"
2025-06-30,kac_S_TSI,10.0,KAC_AIRPORT,airline,HVN,베트남항공,"{""yyyymm"": ""202506""}"
2025-06-30,kac_S_TSI,23.0,KAC_AIRPORT,airline,JAL,일본항공,"{""yyyymm"": ""202506""}"
2025-06-30,kac_S_TSI,308.0,KAC_AIRPORT,airline,JJA,제주항공,"{""yyyymm"": ""202506""}"
2025-06-30,kac_S_TSI,250.0,KAC_AIRPORT,airline,JNA,진에어,"{""yyyymm"": ""202506""}"
2025-06-30,kac_S_TSI,53.0,KAC_AIRPORT,airline,KAL,대한항공,"{""yyyymm"": ""202506""}"
2025-06-30,kac_S_TSI,4.0,KAC_AIRPORT,airline,MGL,몽골항공,"{""yyyymm"": ""202506""}"
2025-06-30,kac_S_TSI,0.0,KAC_AIRPORT,airline,PAL,필리핀항공,"{""yyyymm"": ""202506""}"
2025-06-30,kac_S_TSI,0.0,KAC_AIRPORT,airline,QDA,칭다오항공,"{""yyyymm"": ""202506""}"
2025-06-30,kac_S_TSI,7.0,KAC_AIRPORT,airline,QNT,카놋샤크항공,"{""yyyymm"": ""202506""}"
2025-06-30,kac_S_TSI,0.0,KAC_AIRPORT,airline,SIA,싱가포르항공,"{""yyyymm"": ""202506""}"
2025-06-30,kac_S_TSI,0.0,KAC_AIRPORT,airline,TGW,스쿠트 항공,"{""yyyymm"": ""202506""}"
2025-06-30,kac_S_TSI,0.0,KAC_AIRPORT,airline,TTW,타이거에어 타이완,"{""yyyymm"": ""202506""}"
2025-06-30,kac_S_TSI,231.0,KAC_AIRPORT,airline,TWB,티웨이항공,"{""yyyymm"": ""202506""}"
2025-06-30,kac_S_TSI,17.0,KAC_AIRPORT,airline,VJC,비엣젯항공,"{""yyyymm"": ""202506""}"
2025-06-30,kac_S_TSO,30.0,KAC_AIRPORT,airline,AAR,아시아나항공,"{""yyyymm"": ""202506""}"
2025-06-30,kac_S_TSO,254.0,KAC_AIRPORT,airline,ABL,에어부산,"{""yyyymm"": ""202506""}"
2025-06-30,kac_S_TSO,40.0,KAC_AIRPORT,airline,ANA,전일본공수,"{""yyyymm"": ""202506""}"
2025-06-30,kac_S_TSO,0.0,KAC_AIRPORT,airline,APJ,피치항공,"{""yyyymm"": ""202506""}"
2025-06-30,kac_S_TSO,0.0,KAC_AIRPORT,airline,ASV,에어서울,"{""yyyymm"": ""202506""}"
2025-06-30,kac_S_TSO,3.0,KAC_AIRPORT,airline,CAL,중화항공,"{""yyyymm"": ""202506""}"
2025-06-30,kac_S_TSO,0.0,KAC_AIRPORT,airline,CBJ,북경수도항공,"{""yyyymm"": ""202506""}"
2025-06-30,kac_S_TSO,0.0,KAC_AIRPORT,airline,CCA,중국국제항공,"{""yyyymm"": ""202506""}"
2025-06-30,kac_S_TSO,0.0,KAC_AIRPORT,airline,CDC,룽에어,"{""yyyymm"": ""202506""}"
2025-06-30,kac_S_TSO,1.0,KAC_AIRPORT,airline,CES,중국동방항공,"{""yyyymm"": ""202506""}"
2025-06-30,kac_S_TSO,0.0,KAC_AIRPORT,airline,CQH,춘추항공,"{""yyyymm"": ""202506""}"
2025-06-30,kac_S_TSO,0.0,KAC_AIRPORT,airline,CSC,사천항공,"{""yyyymm"": ""202506""}"
2025-06-30,kac_S_TSO,2.0,KAC_AIRPORT,airline,CSH,상해항공,"{""yyyymm"": ""202506""}"
2025-06-30,kac_S_TSO,0.0,KAC_AIRPORT,airline,CSN,중국남방항공,"{""yyyymm"": ""202506""}"
2025-06-30,kac_S_TSO,0.0,KAC_AIRPORT,airline,CSZ,중국심천항공,"{""yyyymm"": ""202506""}"
2025-06-30,kac_S_TSO,0.0,KAC_AIRPORT,airline,CUA,중국연합항공,"{""yyyymm"": ""202506""}"
2025-06-30,kac_S_TSO,0.0,KAC_AIRPORT,airline,DKH,길상항공(준야오),"{""yyyymm"": ""202506""}"
2025-06-30,kac_S_TSO,0.0,KAC_AIRPORT,airline,EOK,에어로케이항공,"{""yyyymm"": ""202506""}"
2025-06-30,kac_S_TSO,0.0,KAC_AIRPORT,airline,ESR,이스타항공,"{""yyyymm"": ""202506""}"
2025-06-30,kac_S_TSO,0.0,KAC_AIRPORT,airline,EVA,에바항공,"{""yyyymm"": ""202506""}"
2025-06-30,kac_S_TSO,0.0,KAC_AIRPORT,airline,HKE,홍콩익스프레스,"{""yyyymm"": ""202506""}"
2025-06-30,kac_S_TSO,5.0,KAC_AIRPORT,airline,HVN,베트남항공,"{""yyyymm"": ""202506""}"
2025-06-30,kac_S_TSO,16.0,KAC_AIRPORT,airline,JAL,일본항공,"{""yyyymm"": ""202506""}"
2025-06-30,kac_S_TSO,351.0,KAC_AIRPORT,airline,JJA,제주항공,"{""yyyymm"": ""202506""}"
2025-06-30,kac_S_TSO,249.0,KAC_AIRPORT,airline,JNA,진에어,"{""yyyymm"": ""202506""}"
2025-06-30,kac_S_TSO,69.0,KAC_AIRPORT,airline,KAL,대한항공,"{""yyyymm"": ""202506""}"
2025-06-30,kac_S_TSO,14.0,KAC_AIRPORT,airline,MGL,몽골항공,"{""yyyymm"": ""202506""}"
2025-06-30,kac_S_TSO,2.0,KAC_AIRPORT,airline,PAL,필리핀항공,"{""yyyymm"": ""202506""}"
2025-06-30,kac_S_TSO,0.0,KAC_AIRPORT,airline,QDA,칭다오항공,"{""yyyymm"": ""202506""}"
2025-06-30,kac_S_TSO,7.0,KAC_AIRPORT,airline,QNT,카놋샤크항공,"{""yyyymm"": ""202506""}"
2025-06-30,kac_S_TSO,0.0,KAC_AIRPORT,airline,SIA,싱가포르항공,"{""yyyymm"": ""202506""}"
2025-06-30,kac_S_TSO,0.0,KAC_AIRPORT,airline,TGW,스쿠트 항공,"{""yyyymm"": ""202506""}"
2025-06-30,kac_S_TSO,0.0,KAC_AIRPORT,airline,TTW,타이거에어 타이완,"{""yyyymm"": ""202506""}"
2025-06-30,kac_S_TSO,231.0,KAC_AIRPORT,airline,TWB,티웨이항공,"{""yyyymm"": ""202506""}"
2025-06-30,kac_S_TSO,17.0,KAC_AIRPORT,airline,VJC,비엣젯항공,"{""yyyymm"": ""202506""}"
2025-07-31,airportal_SEQ,100.0,AIRPORTAL,airline,,SCAT 항공(VSV),"{""year"": 2025, ""month"": 7, ""yyyymm"": ""202507""}"
2025-07-31,airportal_공급(석),3390.0,AIRPORTAL,airline,,SCAT 항공(VSV),"{""year"": 2025, ""month"": 7, ""yyyymm"": ""202507""}"
2025-07-31,airportal_여객(명),2066.0,AIRPORTAL,airline,,SCAT 항공(VSV),"{""year"": 2025, ""month"": 7, ""yyyymm"": ""202507""}"
2025-07-31,airportal_운항(편),18.0,AIRPORTAL,airline,,SCAT 항공(VSV),"{""year"": 2025, ""month"": 7, ""yyyymm"": ""202507""}"
2025-07-31,airportal_화물(톤),41.0,AIRPORTAL,airline,,SCAT 항공(VSV),"{""year"": 2025, ""month"": 7, ""yyyymm"": ""202507""}"
2025-07-31,icn_airline_cargo_tons_arrBaggage,268.0,ODP_B551177,airline,7C,제주항공,
2025-07-31,icn_airline_cargo_tons_arrBaggage,39.0,ODP_B551177,airline,AA,아메리칸항공,
2025-07-31,icn_airline_cargo_tons_arrBaggage,56823.0,ODP_B551177,airline,KE,대한항공,
2025-07-31,icn_airline_cargo_tons_arrBaggage,24261.0,ODP_B551177,airline,OZ,아시아나항공,
2025-07-31,icn_airline_cargo_tons_baggage,527.0,ODP_B551177,airline,7C,제주항공,
2025-07-31,icn_airline_cargo_tons_baggage,294.0,ODP_B551177,airline,AA,아메리칸항공,
2025-07-31,icn_airline_cargo_tons_baggage,110617.0,ODP_B551177,airline,KE,대한항공,
2025-07-31,icn_airline_cargo_tons_baggage,46650.0,ODP_B551177,airline,OZ,아시아나항공,
2025-07-31,icn_airline_cargo_tons_depBaggage,259.0,ODP_B551177,airline,7C,제주항공,
2025-07-31,icn_airline_cargo_tons_depBaggage,254.0,ODP_B551177,airline,AA,아메리칸항공,
2025-07-31,icn_airline_cargo_tons_depBaggage,53795.0,ODP_B551177,airline,KE,대한항공,
2025-07-31,icn_airline_cargo_tons_depBaggage,22389.0,ODP_B551177,airline,OZ,아시아나항공,
2025-07-31,icn_airline_pax_arrPassenger,255739.0,ODP_B551177,airline,7C,제주항공,
2025-07-31,icn_airline_pax_arrPassenger,6620.0,ODP_B551177,airline,AA,아메리칸항공,
2025-07-31,icn_airline_pax_arrPassenger,694129.0,ODP_B551177,airline,KE,대한항공,
2025-07-31,icn_airline_pax_arrPassenger,441755.0,ODP_B551177,airline,OZ,아시아나항공,
2025-07-31,icn_airline_pax_depPassenger,267003.0,ODP_B551177,airline,7C,제주항공,
2025-07-31,icn_airline_pax_depPassenger,8132.0,ODP_B551177,airline,AA,아메리칸항공,
2025-07-31,icn_airline_pax_depPassenger,735287.0,ODP_B551177,airline,KE,대한항공,
2025-07-31,icn_airline_pax_depPassenger,483200.0,ODP_B551177,airline,OZ,아시아나항공,
2025-07-31,icn_airline_pax_passenger,522742.0,ODP_B551177,airline,7C,제주항공,
2025-07-31,icn_airline_pax_passenger,14752.0,ODP_B551177,airline,AA,아메리칸항공,
2025-07-31,icn_airline_pax_passenger,1429416.0,ODP_B551177,airline,KE,대한항공,
2025-07-31,icn_airline_pax_passenger,924955.0,ODP_B551177,airline,OZ,아시아나항공,
2025-07-31,kac_S_BFI,2441257.0,KAC_AIRPORT,airline,AAR,아시아나항공,"{""yyyymm"": ""202507""}"
2025-07-31,kac_S_BFI,1871324.0,KAC_AIRPORT,airline,ABL,에어부산,"{""yyyymm"": ""202507""}"
2025-07-31,kac_S_BFI,148133.0,KAC_AIRPORT,airline,ANA,전일본공수,"{""yyyymm"": ""202507""}"
2025-07-31,kac_S_BFI,60397.0,KAC_AIRPORT,airline,APJ,피치항공,"{""yyyymm"": ""202507""}"
2025-07-31,kac_S_BFI,206197.0,KAC_AIRPORT,airline,ASV,에어서울,"{""yyyymm"": ""202507""}"
2025-07-31,kac_S_BFI,1995.0,KAC_AIRPORT,airline,BAV,벰부항공,"{""yyyymm"": ""202507""}"
2025-07-31,kac_S_BFI,151006.0,KAC_AIRPORT,airline,CAL,중화항공,"{""yyyymm"": ""202507""}"
2025-07-31,kac_S_BFI,10889.0,KAC_AIRPORT,airline,CBJ,북경수도항공,"{""yyyymm"": ""202507""}"
2025-07-31,kac_S_BFI,121948.0,KAC_AIRPORT,airline,CCA,중국국제항공,"{""yyyymm"": ""202507""}"
2025-07-31,kac_S_BFI,42203.0,KAC_AIRPORT,airline,CDC,룽에어,"{""yyyymm"": ""202507""}"
2025-07-31,kac_S_BFI,274770.0,KAC_AIRPORT,airline,CES,중국동방항공,"{""yyyymm"": ""202507""}"
2025-07-31,kac_S_BFI,295716.0,KAC_AIRPORT,airline,CQH,춘추항공,"{""yyyymm"": ""202507""}"
2025-07-31,kac_S_BFI,17050.0,KAC_AIRPORT,airline,CSC,사천항공,"{""yyyymm"": ""202507""}"
2025-07-31,kac_S_BFI,146350.0,KAC_AIRPORT,airline,CSH,상해항공,"{""yyyymm"": ""202507""}"
2025-07-31,kac_S_BFI,97038.0,KAC_AIRPORT,airline,CSN,중국남방항공,"{""yyyymm"": ""202507""}"
2025-07-31,kac_S_BFI,32593.0,KAC_AIRPORT,airline,CSZ,중국심천항공,"{""yyyymm"": ""202507""}"
2025-07-31,kac_S_BFI,11644.0,KAC_AIRPORT,airline,CUA,중국연합항공,"{""yyyymm"": ""202507""}"
2025-07-31,kac_S_BFI,166896.0,KAC_AIRPORT,airline,DKH,길상항공(준야오),"{""yyyymm"": ""202507""}"
2025-07-31,kac_S_BFI,484755.0,KAC_AIRPORT,airline,EOK,에어로케이항공,"{""yyyymm"": ""202507""}"
2025-07-31,kac_S_BFI,1273287.0,KAC_AIRPORT,airline,ESR,이스타항공,"{""yyyymm"": ""202507""}"
2025-07-31,kac_S_BFI,25470.0,KAC_AIRPORT,airline,EVA,에바항공,"{""yyyymm"": ""202507""}"
2025-07-31,kac_S_BFI,189273.0,KAC_AIRPORT,airline,HKE,홍콩익스프레스,"{""yyyymm"": ""202507""}"
2025-07-31,kac_S_BFI,370869.0,KAC_AIRPORT,airline,HVN,베트남항공,"{""yyyymm"": ""202507""}"
2025-07-31,kac_S_BFI,124982.0,KAC_AIRPORT,airline,JAL,일본항공,"{""yyyymm"": ""202507""}"
2025-07-31,kac_S_BFI,2728310.0,KAC_AIRPORT,airline,JJA,제주항공,"{""yyyymm"": ""202507""}"
2025-07-31,kac_S_BFI,2585524.0,KAC_AIRPORT,airline,JNA,진에어,"{""yyyymm"": ""202507""}"
2025-07-31,kac_S_BFI,4077426.0,KAC_AIRPORT,airline,KAL,대한항공,"{""yyyymm"": ""202507""}"
2025-07-31,kac_S_BFI,31112.0,KAC_AIRPORT,airline,MGL,몽골항공,"{""yyyymm"": ""202507""}"
2025-07-31,kac_S_BFI,7475.0,KAC_AIRPORT,airline,MML,훈누항공,"{""yyyymm"": ""202507""}"
2025-07-31,kac_S_BFI,2518.0,KAC_AIRPORT,airline,MNG,에어로 몽골리아,"{""yyyymm"": ""202507""}"
2025-07-31,kac_S_BFI,65034.0,KAC_AIRPORT,airline,PAL,필리핀항공,"{""yyyymm"": ""202507""}"
2025-07-31,kac_S_BFI,12613.0,KAC_AIRPORT,airline,QDA,칭다오항공,"{""yyyymm"": ""202507""}"
2025-07-31,kac_S_BFI,14384.0,KAC_AIRPORT,airline,QNT,카놋샤크항공,"{""yyyymm"": ""202507""}"
2025-07-31,kac_S_BFI,39529.0,KAC_AIRPORT,airline,SIA,싱가포르항공,"{""yyyymm"": ""202507""}"
2025-07-31,kac_S_BFI,29512.0,KAC_AIRPORT,airline,TGW,스쿠트 항공,"{""yyyymm"": ""202507""}"
2025-07-31,kac_S_BFI,138157.0,KAC_AIRPORT,airline,TTW,타이거에어 타이완,"{""yyyymm"": ""202507""}"
2025-07-31,kac_S_BFI,2442739.0,KAC_AIRPORT,airline,TWB,티웨이항공,"{""yyyymm"": ""202507""}"
2025-07-31,kac_S_BFI,466375.0,KAC_AIRPORT,airline,VJC,비엣젯항공,"{""yyyymm"": ""202507""}"
2025-07-31,kac_S_BFO,2498323.0,KAC_AIRPORT,airline,AAR,아시아나항공,"{""yyyymm"": ""202507""}"
2025-07-31,kac_S_BFO,1849214.0,KAC_AIRPORT,airline,ABL,에어부산,"{""yyyymm"": ""202507""}"
2025-07-31,kac_S_BFO,189483.0,KAC_AIRPORT,airline,ANA,전일본공수,"{""yyyymm"": ""202507""}"
2025-07-31,kac_S_BFO,69386.0,KAC_AIRPORT,airline,APJ,피치항공,"{""yyyymm"": ""202507""}"
2025-07-31,kac_S_BFO,206197.0,KAC_AIRPORT,airline,ASV,에어서울,"{""yyyymm"": ""202507""}"
2025-07-31,kac_S_BFO,1130.0,KAC_AIRPORT,airline,BAV,벰부항공,"{""yyyymm"": ""202507""}"
2025-07-31,kac_S_BFO,242843.0,KAC_AIRPORT,airline,CAL,중화항공,"{""yyyymm"": ""202507""}"
2025-07-31,kac_S_BFO,14100.0,KAC_AIRPORT,airline,CBJ,북경수도항공,"{""yyyymm"": ""202507""}"
2025-07-31,kac_S_BFO,163902.0,KAC_AIRPORT,airline,CCA,중국국제항공,"{""yyyymm"": ""202507""}"
2025-07-31,kac_S_BFO,53242.0,KAC_AIRPORT,airline,CDC,룽에어,"{""yyyymm"": ""202507""}"
2025-07-31,kac_S_BFO,317425.0,KAC_AIRPORT,airline,CES,중국동방항공,"{""yyyymm"": ""202507""}"
2025-07-31,kac_S_BFO,373519.0,KAC_AIRPORT,airline,CQH,춘추항공,"{""yyyymm"": ""202507""}"
2025-07-31,kac_S_BFO,12315.0,KAC_AIRPORT,airline,CSC,사천항공,"{""yyyymm"": ""202507""}"
2025-07-31,kac_S_BFO,141284.0,KAC_AIRPORT,airline,CSH,상해항공,"{""yyyymm"": ""202507""}"
2025-07-31,kac_S_BFO,110669.0,KAC_AIRPORT,airline,CSN,중국남방항공,"{""yyyymm"": ""202507""}"
2025-07-31,kac_S_BFO,41400.0,KAC_AIRPORT,airline,CSZ,중국심천항공,"{""yyyymm"": ""202507""}"
2025-07-31,kac_S_BFO,10881.0,KAC_AIRPORT,airline,CUA,중국연합항공,"{""yyyymm"": ""202507""}"
2025-07-31,kac_S_BFO,205162.0,KAC_AIRPORT,airline,DKH,길상항공(준야오),"{""yyyymm"": ""202507""}"
2025-07-31,kac_S_BFO,427280.0,KAC_AIRPORT,airline,EOK,에어로케이항공,"{""yyyymm"": ""202507""}"
2025-07-31,kac_S_BFO,1317883.0,KAC_AIRPORT,airline,ESR,이스타항공,"{""yyyymm"": ""202507""}"
2025-07-31,kac_S_BFO,51054.0,KAC_AIRPORT,airline,EVA,에바항공,"{""yyyymm"": ""202507""}"
2025-07-31,kac_S_BFO,217804.0,KAC_AIRPORT,airline,HKE,홍콩익스프레스,"{""yyyymm"": ""202507""}"
2025-07-31,kac_S_BFO,405723.0,KAC_AIRPORT,airline,HVN,베트남항공,"{""yyyymm"": ""202507""}"
2025-07-31,kac_S_BFO,189064.0,KAC_AIRPORT,airline,JAL,일본항공,"{""yyyymm"": ""202507""}"
2025-07-31,kac_S_BFO,2694833.0,KAC_AIRPORT,airline,JJA,제주항공,"{""yyyymm"": ""202507""}"
2025-07-31,kac_S_BFO,2541950.0,KAC_AIRPORT,airline,JNA,진에어,"{""yyyymm"": ""202507""}"
2025-07-31,kac_S_BFO,4161176.0,KAC_AIRPORT,airline,KAL,대한항공,"{""yyyymm"": ""202507""}"
2025-07-31,kac_S_BFO,43526.0,KAC_AIRPORT,airline,MGL,몽골항공,"{""yyyymm"": ""202507""}"
2025-07-31,kac_S_BFO,8891.0,KAC_AIRPORT,airline,MML,훈누항공,"{""yyyymm"": ""202507""}"
2025-07-31,kac_S_BFO,2675.0,KAC_AIRPORT,airline,MNG,에어로 몽골리아,"{""yyyymm"": ""202507""}"
2025-07-31,kac_S_BFO,94268.0,KAC_AIRPORT,airline,PAL,필리핀항공,"{""yyyymm"": ""202507""}"
2025-07-31,kac_S_BFO,12702.0,KAC_AIRPORT,airline,QDA,칭다오항공,"{""yyyymm"": ""202507""}"
2025-07-31,kac_S_BFO,21963.0,KAC_AIRPORT,airline,QNT,카놋샤크항공,"{""yyyymm"": ""202507""}"
2025-07-31,kac_S_BFO,47976.0,KAC_AIRPORT,airline,SIA,싱가포르항공,"{""yyyymm"": ""202507""}"
2025-07-31,kac_S_BFO,42484.0,KAC_AIRPORT,airline,TGW,스쿠트 항공,"{""yyyymm"": ""202507""}"
2025-07-31,kac_S_BFO,201629.0,KAC_AIRPORT,airline,TTW,타이거에어 타이완,"{""yyyymm"": ""202507""}"
2025-07-31,kac_S_BFO,2424694.0,KAC_AIRPORT,airline,TWB,티웨이항공,"{""yyyymm"": ""202507""}"
2025-07-31,kac_S_BFO,398121.0,KAC_AIRPORT,airline,VJC,비엣젯항공,"{""yyyymm"": ""202507""}"
2025-07-31,kac_S_FFI,604383.0,KAC_AIRPORT,airline,AAR,아시아나항공,"{""yyyymm"": ""202507""}"
2025-07-31,kac_S_FFI,185337.0,KAC_AIRPORT,airline,ABL,에어부산,"{""yyyymm"": ""202507""}"
2025-07-31,kac_S_FFI,0.0,KAC_AIRPORT,airline,ANA,전일본공수,"{""yyyymm"": ""202507""}"
2025-07-31,kac_S_FFI,0.0,KAC_AIRPORT,airline,APJ,피치항공,"{""yyyymm"": ""202507""}"
2025-07-31,kac_S_FFI,0.0,KAC_AIRPORT,airline,ASV,에어서울,"{""yyyymm"": ""202507""}"
2025-07-31,kac_S_FFI,0.0,KAC_AIRPORT,airline,BAV,벰부항공,"{""yyyymm"": ""202507""}"
2025-07-31,kac_S_FFI,0.0,KAC_AIRPORT,airline,CAL,중화항공,"{""yyyymm"": ""202507""}"
2025-07-31,kac_S_FFI,0.0,KAC_AIRPORT,airline,CBJ,북경수도항공,"{""yyyymm"": ""202507""}"
2025-07-31,kac_S_FFI,0.0,KAC_AIRPORT,airline,CCA,중국국제항공,"{""yyyymm"": ""202507""}"
2025-07-31,kac_S_FFI,0.0,KAC_AIRPORT,airline,CDC,룽에어,"{""yyyymm"": ""202507""}"
2025-07-31,kac_S_FFI,189101.0,KAC_AIRPORT,airline,CES,중국동방항공,"{""yyyymm"": ""202507""}"
2025-07-31,kac_S_FFI,0.0,KAC_AIRPORT,airline,CQH,춘추항공,"{""yyyymm"": ""202507""}"
2025-07-31,kac_S_FFI,0.0,KAC_AIRPORT,airline,CSC,사천항공,"{""yyyymm"": ""202507""}"
2025-07-31,kac_S_FFI,157192.0,KAC_AIRPORT,airline,CSH,상해항공,"{""yyyymm"": ""202507""}"
2025-07-31,kac_S_FFI,215.0,KAC_AIRPORT,airline,CSN,중국남방항공,"{""yyyymm"": ""202507""}"
2025-07-31,kac_S_FFI,0.0,KAC_AIRPORT,airline,CSZ,중국심천항공,"{""yyyymm"": ""202507""}"
2025-07-31,kac_S_FFI,0.0,KAC_AIRPORT,airline,CUA,중국연합항공,"{""yyyymm"": ""202507""}"
2025-07-31,kac_S_FFI,0.0,KAC_AIRPORT,airline,DKH,길상항공(준야오),"{""yyyymm"": ""202507""}"
2025-07-31,kac_S_FFI,344.0,KAC_AIRPORT,airline,EOK,에어로케이항공,"{""yyyymm"": ""202507""}"
2025-07-31,kac_S_FFI,177.0,KAC_AIRPORT,airline,ESR,이스타항공,"{""yyyymm"": ""202507""}"
2025-07-31,kac_S_FFI,0.0,KAC_AIRPORT,airline,EVA,에바항공,"{""yyyymm"": ""202507""}"
2025-07-31,kac_S_FFI,0.0,KAC_AIRPORT,airline,HKE,홍콩익스프레스,"{""yyyymm"": ""202507""}"
2025-07-31,kac_S_FFI,293584.0,KAC_AIRPORT,airline,HVN,베트남항공,"{""yyyymm"": ""202507""}"
2025-07-31,kac_S_FFI,1646.0,KAC_AIRPORT,airline,JAL,일본항공,"{""yyyymm"": ""202507""}"
2025-07-31,kac_S_FFI,0.0,KAC_AIRPORT,airline,JJA,제주항공,"{""yyyymm"": ""202507""}"
2025-07-31,kac_S_FFI,44563.0,KAC_AIRPORT,airline,JNA,진에어,"{""yyyymm"": ""202507""}"
2025-07-31,kac_S_FFI,2216999.0,KAC_AIRPORT,airline,KAL,대한항공,"{""yyyymm"": ""202507""}"
2025-07-31,kac_S_FFI,0.0,KAC_AIRPORT,airline,MGL,몽골항공,"{""yyyymm"": ""202507""}"
2025-07-31,kac_S_FFI,0.0,KAC_AIRPORT,airline,MML,훈누항공,"{""yyyymm"": ""202507""}"
2025-07-31,kac_S_FFI,0.0,KAC_AIRPORT,airline,MNG,에어로 몽골리아,"{""yyyymm"": ""202507""}"
2025-07-31,kac_S_FFI,6642.0,KAC_AIRPORT,airline,PAL,필리핀항공,"{""yyyymm"": ""202507""}"
2025-07-31,kac_S_FFI,0.0,KAC_AIRPORT,airline,QDA,칭다오항공,"{""yyyymm"": ""202507""}"
2025-07-31,kac_S_FFI,0.0,KAC_AIRPORT,airline,QNT,카놋샤크항공,"{""yyyymm"": ""202507""}"
2025-07-31,kac_S_FFI,3091.0,KAC_AIRPORT,airline,SIA,싱가포르항공,"{""yyyymm"": ""202507""}"
2025-07-31,kac_S_FFI,0.0,KAC_AIRPORT,airline,TGW,스쿠트 항공,"{""yyyymm"": ""202507""}"
2025-07-31,kac_S_FFI,0.0,KAC_AIRPORT,airline,TTW,타이거에어 타이완,"{""yyyymm"": ""202507""}"
2025-07-31,kac_S_FFI,36.0,KAC_AIRPORT,airline,TWB,티웨이항공,"{""yyyymm"": ""202507""}"
2025-07-31,kac_S_FFI,7336.0,KAC_AIRPORT,airline,VJC,비엣젯항공,"{""yyyymm"": ""202507""}"
2025-07-31,kac_S_FFO,909376.0,KAC_AIRPORT,airline,AAR,아시아나항공,"{""yyyymm"": ""202507""}"
2025-07-31,kac_S_FFO,183950.0,KAC_AIRPORT,airline,ABL,에어부산,"{""yyyymm"": ""202507""}"
2025-07-31,kac_S_FFO,68091.0,KAC_AIRPORT,airline,ANA,전일본공수,"{""yyyymm"": ""202507""}"
2025-07-31,kac_S_FFO,0.0,KAC_AIRPORT,airline,APJ,피치항공,"{""yyyymm"": ""202507""}"
2025-07-31,kac_S_FFO,0.0,KAC_AIRPORT,airline,ASV,에어서울,"{""yyyymm"": ""202507""}"
2025-07-31,kac_S_FFO,0.0,KAC_AIRPORT,airline,BAV,벰부항공,"{""yyyymm"": ""202507""}"
2025-07-31,kac_S_FFO,0.0,KAC_AIRPORT,airline,CAL,중화항공,"{""yyyymm"": ""202507""}"
2025-07-31,kac_S_FFO,0.0,KAC_AIRPORT,airline,CBJ,북경수도항공,"{""yyyymm"": ""202507""}"
2025-07-31,kac_S_FFO,1536.0,KAC_AIRPORT,airline,CCA,중국국제항공,"{""yyyymm"": ""202507""}"
2025-07-31,kac_S_FFO,0.0,KAC_AIRPORT,airline,CDC,룽에어,"{""yyyymm"": ""202507""}"
2025-07-31,kac_S_FFO,25177.0,KAC_AIRPORT,airline,CES,중국동방항공,"{""yyyymm"": ""202507""}"
2025-07-31,kac_S_FFO,0.0,KAC_AIRPORT,airline,CQH,춘추항공,"{""yyyymm"": ""202507""}"
2025-07-31,kac_S_FFO,0.0,KAC_AIRPORT,airline,CSC,사천항공,"{""yyyymm"": ""202507""}"
2025-07-31,kac_S_FFO,0.0,KAC_AIRPORT,airline,CSH,상해항공,"{""yyyymm"": ""202507""}"
2025-07-31,kac_S_FFO,0.0,KAC_AIRPORT,airline,CSN,중국남방항공,"{""yyyymm"": ""202507""}"
2025-07-31,kac_S_FFO,0.0,KAC_AIRPORT,airline,CSZ,중국심천항공,"{""yyyymm"": ""202507""}"
2025-07-31,kac_S_FFO,0.0,KAC_AIRPORT,airline,CUA,중국연합항공,"{""yyyymm"": ""202507""}"
2025-07-31,kac_S_FFO,0.0,KAC_AIRPORT,airline,DKH,길상항공(준야오),"{""yyyymm"": ""202507""}"
2025-07-31,kac_S_FFO,0.0,KAC_AIRPORT,airline,EOK,에어로케이항공,"{""yyyymm"": ""202507""}"
2025-07-31,kac_S_FFO,0.0,KAC_AIRPORT,airline,ESR,이스타항공,"{""yyyymm"": ""202507""}"
2025-07-31,kac_S_FFO,0.0,KAC_AIRPORT,airline,EVA,에바항공,"{""yyyymm"": ""202507""}"
2025-07-31,kac_S_FFO,0.0,KAC_AIRPORT,airline,HKE,홍콩익스프레스,"{""yyyymm"": ""202507""}"
2025-07-31,kac_S_FFO,502679.0,KAC_AIRPORT,airline,HVN,베트남항공,"{""yyyymm"": ""202507""}"
2025-07-31,kac_S_FFO,223235.0,KAC_AIRPORT,airline,JAL,일본항공,"{""yyyymm"": ""202507""}"
2025-07-31,kac_S_FFO,0.0,KAC_AIRPORT,airline,JJA,제주항공,"{""yyyymm"": ""202507""}"
2025-07-31,kac_S_FFO,44563.0,KAC_AIRPORT,airline,JNA,진에어,"{""yyyymm"": ""202507""}"
2025-07-31,kac_S_FFO,2262467.0,KAC_AIRPORT,airline,KAL,대한항공,"{""yyyymm"": ""202507""}"
2025-07-31,kac_S_FFO,0.0,KAC_AIRPORT,airline,MGL,몽골항공,"{""yyyymm"": ""202507""}"
2025-07-31,kac_S_FFO,0.0,KAC_AIRPORT,airline,MML,훈누항공,"{""yyyymm"": ""202507""}"
2025-07-31,kac_S_FFO,0.0,KAC_AIRPORT,airline,MNG,에어로 몽골리아,"{""yyyymm"": ""202507""}"
2025-07-31,kac_S_FFO,9882.0,KAC_AIRPORT,airline,PAL,필리핀항공,"{""yyyymm"": ""202507""}"
2025-07-31,kac_S_FFO,0.0,KAC_AIRPORT,airline,QDA,칭다오항공,"{""yyyymm"": ""202507""}"
2025-07-31,kac_S_FFO,0.0,KAC_AIRPORT,airline,QNT,카놋샤크항공,"{""yyyymm"": ""202507""}"
2025-07-31,kac_S_FFO,0.0,KAC_AIRPORT,airline,SIA,싱가포르항공,"{""yyyymm"": ""202507""}"
2025-07-31,kac_S_FFO,0.0,KAC_AIRPORT,airline,TGW,스쿠트 항공,"{""yyyymm"": ""202507""}"
2025-07-31,kac_S_FFO,0.0,KAC_AIRPORT,airline,TTW,타이거에어 타이완,"{""yyyymm"": ""202507""}"
2025-07-31,kac_S_FFO,36.0,KAC_AIRPORT,airline,TWB,티웨이항공,"{""yyyymm"": ""202507""}"
2025-07-31,kac_S_FFO,0.0,KAC_AIRPORT,airline,VJC,비엣젯항공,"{""yyyymm"": ""202507""}"
2025-07-31,kac_S_FPI,434672.0,KAC_AIRPORT,airline,AAR,아시아나항공,"{""yyyymm"": ""202507""}"
2025-07-31,kac_S_FPI,311260.0,KAC_AIRPORT,airline,ABL,에어부산,"{""yyyymm"": ""202507""}"
2025-07-31,kac_S_FPI,16025.0,KAC_AIRPORT,airline,ANA,전일본공수,"{""yyyymm"": ""202507""}"
2025-07-31,kac_S_FPI,9814.0,KAC_AIRPORT,airline,APJ,피치항공,"{""yyyymm"": ""202507""}"
2025-07-31,kac_S_FPI,50334.0,KAC_AIRPORT,airline,ASV,에어서울,"{""yyyymm"": ""202507""}"
2025-07-31,kac_S_FPI,188.0,KAC_AIRPORT,airline,BAV,벰부항공,"{""yyyymm"": ""202507""}"
2025-07-31,kac_S_FPI,14634.0,KAC_AIRPORT,airline,CAL,중화항공,"{""yyyymm"": ""202507""}"
2025-07-31,kac_S_FPI,1344.0,KAC_AIRPORT,airline,CBJ,북경수도항공,"{""yyyymm"": ""202507""}"
2025-07-31,kac_S_FPI,12751.0,KAC_AIRPORT,airline,CCA,중국국제항공,"{""yyyymm"": ""202507""}"
2025-07-31,kac_S_FPI,5064.0,KAC_AIRPORT,airline,CDC,룽에어,"{""yyyymm"": ""202507""}"
2025-07-31,kac_S_FPI,26268.0,KAC_AIRPORT,airline,CES,중국동방항공,"{""yyyymm"": ""202507""}"
2025-07-31,kac_S_FPI,51129.0,KAC_AIRPORT,airline,CQH,춘추항공,"{""yyyymm"": ""202507""}"
2025-07-31,kac_S_FPI,1280.0,KAC_AIRPORT,airline,CSC,사천항공,"{""yyyymm"": ""202507""}"
2025-07-31,kac_S_FPI,11689.0,KAC_AIRPORT,airline,CSH,상해항공,"{""yyyymm"": ""202507""}"
2025-07-31,kac_S_FPI,8703.0,KAC_AIRPORT,airline,CSN,중국남방항공,"{""yyyymm"": ""202507""}"
2025-07-31,kac_S_FPI,3685.0,KAC_AIRPORT,airline,CSZ,중국심천항공,"{""yyyymm"": ""202507""}"
2025-07-31,kac_S_FPI,995.0,KAC_AIRPORT,airline,CUA,중국연합항공,"{""yyyymm"": ""202507""}"
2025-07-31,kac_S_FPI,19742.0,KAC_AIRPORT,airline,DKH,길상항공(준야오),"{""yyyymm"": ""202507""}"
2025-07-31,kac_S_FPI,70177.0,KAC_AIRPORT,airline,EOK,에어로케이항공,"{""yyyymm"": ""202507""}"
2025-07-31,kac_S_FPI,255691.0,KAC_AIRPORT,airline,ESR,이스타항공,"{""yyyymm"": ""202507""}"
2025-07-31,kac_S_FPI,2415.0,KAC_AIRPORT,airline,EVA,에바항공,"{""yyyymm"": ""202507""}"
2025-07-31,kac_S_FPI,23143.0,KAC_AIRPORT,airline,HKE,홍콩익스프레스,"{""yyyymm"": ""202507""}"
2025-07-31,kac_S_FPI,21372.0,KAC_AIRPORT,airline,HVN,베트남항공,"{""yyyymm"": ""202507""}"
2025-07-31,kac_S_FPI,14406.0,KAC_AIRPORT,airline,JAL,일본항공,"{""yyyymm"": ""202507""}"
2025-07-31,kac_S_FPI,494035.0,KAC_AIRPORT,airline,JJA,제주항공,"{""yyyymm"": ""202507""}"
2025-07-31,kac_S_FPI,455309.0,KAC_AIRPORT,airline,JNA,진에어,"{""yyyymm"": ""202507""}"
2025-07-31,kac_S_FPI,621369.0,KAC_AIRPORT,airline,KAL,대한항공,"{""yyyymm"": ""202507""}"
2025-07-31,kac_S_FPI,2162.0,KAC_AIRPORT,airline,MGL,몽골항공,"{""yyyymm"": ""202507""}"
2025-07-31,kac_S_FPI,662.0,KAC_AIRPORT,airline,MML,훈누항공,"{""yyyymm"": ""202507""}"
2025-07-31,kac_S_FPI,228.0,KAC_AIRPORT,airline,MNG,에어로 몽골리아,"{""yyyymm"": ""202507""}"
2025-07-31,kac_S_FPI,4613.0,KAC_AIRPORT,airline,PAL,필리핀항공,"{""yyyymm"": ""202507""}"
2025-07-31,kac_S_FPI,1460.0,KAC_AIRPORT,airline,QDA,칭다오항공,"{""yyyymm"": ""202507""}"
2025-07-31,kac_S_FPI,496.0,KAC_AIRPORT,airline,QNT,카놋샤크항공,"{""yyyymm"": ""202507""}"
2025-07-31,kac_S_FPI,2368.0,KAC_AIRPORT,airline,SIA,싱가포르항공,"{""yyyymm"": ""202507""}"
2025-07-31,kac_S_FPI,3550.0,KAC_AIRPORT,airline,TGW,스쿠트 항공,"{""yyyymm"": ""202507""}"
2025-07-31,kac_S_FPI,17103.0,KAC_AIRPORT,airline,TTW,타이거에어 타이완,"{""yyyymm"": ""202507""}"
2025-07-31,kac_S_FPI,447666.0,KAC_AIRPORT,airline,TWB,티웨이항공,"{""yyyymm"": ""202507""}"
2025-07-31,kac_S_FPI,38925.0,KAC_AIRPORT,airline,VJC,비엣젯항공,"{""yyyymm"": ""202507""}"
2025-07-31,kac_S_FPO,436162.0,KAC_AIRPORT,airline,AAR,아시아나항공,"{""yyyymm"": ""202507""}"
2025-07-31,kac_S_FPO,316878.0,KAC_AIRPORT,airline,ABL,에어부산,"{""yyyymm"": ""202507""}"
2025-07-31,kac_S_FPO,17841.0,KAC_AIRPORT,airline,ANA,전일본공수,"{""yyyymm"": ""202507""}"
2025-07-31,kac_S_FPO,6960.0,KAC_AIRPORT,airline,APJ,피치항공,"{""yyyymm"": ""202507""}"
2025-07-31,kac_S_FPO,50334.0,KAC_AIRPORT,airline,ASV,에어서울,"{""yyyymm"": ""202507""}"
2025-07-31,kac_S_FPO,122.0,KAC_AIRPORT,airline,BAV,벰부항공,"{""yyyymm"": ""202507""}"
2025-07-31,kac_S_FPO,15625.0,KAC_AIRPORT,airline,CAL,중화항공,"{""yyyymm"": ""202507""}"
2025-07-31,kac_S_FPO,1339.0,KAC_AIRPORT,airline,CBJ,북경수도항공,"{""yyyymm"": ""202507""}"
2025-07-31,kac_S_FPO,13268.0,KAC_AIRPORT,airline,CCA,중국국제항공,"{""yyyymm"": ""202507""}"
2025-07-31,kac_S_FPO,5031.0,KAC_AIRPORT,airline,CDC,룽에어,"{""yyyymm"": ""202507""}"
2025-07-31,kac_S_FPO,27819.0,KAC_AIRPORT,airline,CES,중국동방항공,"{""yyyymm"": ""202507""}"
2025-07-31,kac_S_FPO,49192.0,KAC_AIRPORT,airline,CQH,춘추항공,"{""yyyymm"": ""202507""}"
2025-07-31,kac_S_FPO,1372.0,KAC_AIRPORT,airline,CSC,사천항공,"{""yyyymm"": ""202507""}"
2025-07-31,kac_S_FPO,11942.0,KAC_AIRPORT,airline,CSH,상해항공,"{""yyyymm"": ""202507""}"
2025-07-31,kac_S_FPO,8391.0,KAC_AIRPORT,airline,CSN,중국남방항공,"{""yyyymm"": ""202507""}"
2025-07-31,kac_S_FPO,3643.0,KAC_AIRPORT,airline,CSZ,중국심천항공,"{""yyyymm"": ""202507""}"
2025-07-31,kac_S_FPO,1081.0,KAC_AIRPORT,airline,CUA,중국연합항공,"{""yyyymm"": ""202507""}"
2025-07-31,kac_S_FPO,18999.0,KAC_AIRPORT,airline,DKH,길상항공(준야오),"{""yyyymm"": ""202507""}"
2025-07-31,kac_S_FPO,75126.0,KAC_AIRPORT,airline,EOK,에어로케이항공,"{""yyyymm"": ""202507""}"
2025-07-31,kac_S_FPO,256473.0,KAC_AIRPORT,airline,ESR,이스타항공,"{""yyyymm"": ""202507""}"
2025-07-31,kac_S_FPO,3133.0,KAC_AIRPORT,airline,EVA,에바항공,"{""yyyymm"": ""202507""}"
2025-07-31,kac_S_FPO,22079.0,KAC_AIRPORT,airline,HKE,홍콩익스프레스,"{""yyyymm"": ""202507""}"
2025-07-31,kac_S_FPO,24000.0,KAC_AIRPORT,airline,HVN,베트남항공,"{""yyyymm"": ""202507""}"
2025-07-31,kac_S_FPO,16329.0,KAC_AIRPORT,airline,JAL,일본항공,"{""yyyymm"": ""202507""}"
2025-07-31,kac_S_FPO,498966.0,KAC_AIRPORT,airline,JJA,제주항공,"{""yyyymm"": ""202507""}"
2025-07-31,kac_S_FPO,458775.0,KAC_AIRPORT,airline,JNA,진에어,"{""yyyymm"": ""202507""}"
2025-07-31,kac_S_FPO,627767.0,KAC_AIRPORT,airline,KAL,대한항공,"{""yyyymm"": ""202507""}"
2025-07-31,kac_S_FPO,2625.0,KAC_AIRPORT,airline,MGL,몽골항공,"{""yyyymm"": ""202507""}"
2025-07-31,kac_S_FPO,744.0,KAC_AIRPORT,airline,MML,훈누항공,"{""yyyymm"": ""202507""}"
2025-07-31,kac_S_FPO,222.0,KAC_AIRPORT,airline,MNG,에어로 몽골리아,"{""yyyymm"": ""202507""}"
2025-07-31,kac_S_FPO,5672.0,KAC_AIRPORT,airline,PAL,필리핀항공,"{""yyyymm"": ""202507""}"
2025-07-31,kac_S_FPO,1238.0,KAC_AIRPORT,airline,QDA,칭다오항공,"{""yyyymm"": ""202507""}"
2025-07-31,kac_S_FPO,641.0,KAC_AIRPORT,airline,QNT,카놋샤크항공,"{""yyyymm"": ""202507""}"
2025-07-31,kac_S_FPO,2578.0,KAC_AIRPORT,airline,SIA,싱가포르항공,"{""yyyymm"": ""202507""}"
2025-07-31,kac_S_FPO,3858.0,KAC_AIRPORT,airline,TGW,스쿠트 항공,"{""yyyymm"": ""202507""}"
2025-07-31,kac_S_FPO,16271.0,KAC_AIRPORT,airline,TTW,타이거에어 타이완,"{""yyyymm"": ""202507""}"
2025-07-31,kac_S_FPO,453927.0,KAC_AIRPORT,airline,TWB,티웨이항공,"{""yyyymm"": ""202507""}"
2025-07-31,kac_S_FPO,41539.0,KAC_AIRPORT,airline,VJC,비엣젯항공,"{""yyyymm"": ""202507""}"
2025-07-31,kac_S_MFI,0.0,KAC_AIRPORT,airline,AAR,아시아나항공,"{""yyyymm"": ""202507""}"
2025-07-31,kac_S_MFI,0.0,KAC_AIRPORT,airline,ABL,에어부산,"{""yyyymm"": ""202507""}"
2025-07-31,kac_S_MFI,0.0,KAC_AIRPORT,airline,ANA,전일본공수,"{""yyyymm"": ""202507""}"
2025-07-31,kac_S_MFI,0.0,KAC_AIRPORT,airline,APJ,피치항공,"{""yyyymm"": ""202507""}"
2025-07-31,kac_S_MFI,0.0,KAC_AIRPORT,airline,ASV,에어서울,"{""yyyymm"": ""202507""}"
2025-07-31,kac_S_MFI,0.0,KAC_AIRPORT,airline,BAV,벰부항공,"{""yyyymm"": ""202507""}"
2025-07-31,kac_S_MFI,0.0,KAC_AIRPORT,airline,CAL,중화항공,"{""yyyymm"": ""202507""}"
2025-07-31,kac_S_MFI,0.0,KAC_AIRPORT,airline,CBJ,북경수도항공,"{""yyyymm"": ""202507""}"
2025-07-31,kac_S_MFI,0.0,KAC_AIRPORT,airline,CCA,중국국제항공,"{""yyyymm"": ""202507""}"
2025-07-31,kac_S_MFI,0.0,KAC_AIRPORT,airline,CDC,룽에어,"{""yyyymm"": ""202507""}"
2025-07-31,kac_S_MFI,0.0,KAC_AIRPORT,airline,CES,중국동방항공,"{""yyyymm"": ""202507""}"
2025-07-31,kac_S_MFI,0.0,KAC_AIRPORT,airline,CQH,춘추항공,"{""yyyymm"": ""202507""}"
2025-07-31,kac_S_MFI,0.0,KAC_AIRPORT,airline,CSC,사천항공,"{""yyyymm"": ""202507""}"
2025-07-31,kac_S_MFI,0.0,KAC_AIRPORT,airline,CSH,상해항공,"{""yyyymm"": ""202507""}"
2025-07-31,kac_S_MFI,0.0,KAC_AIRPORT,airline,CSN,중국남방항공,"{""yyyymm"": ""202507""}"
2025-07-31,kac_S_MFI,0.0,KAC_AIRPORT,airline,CSZ,중국심천항공,"{""yyyymm"": ""202507""}"
2025-07-31,kac_S_MFI,0.0,KAC_AIRPORT,airline,CUA,중국연합항공,"{""yyyymm"": ""202507""}"
2025-07-31,kac_S_MFI,0.0,KAC_AIRPORT,airline,DKH,길상항공(준야오),"{""yyyymm"": ""202507""}"
2025-07-31,kac_S_MFI,0.0,KAC_AIRPORT,airline,EOK,에어로케이항공,"{""yyyymm"": ""202507""}"
2025-07-31,kac_S_MFI,0.0,KAC_AIRPORT,airline,ESR,이스타항공,"{""yyyymm"": ""202507""}"
2025-07-31,kac_S_MFI,0.0,KAC_AIRPORT,airline,EVA,에바항공,"{""yyyymm"": ""202507""}"
2025-07-31,kac_S_MFI,0.0,KAC_AIRPORT,airline,HKE,홍콩익스프레스,"{""yyyymm"": ""202507""}"
2025-07-31,kac_S_MFI,0.0,KAC_AIRPORT,airline,HVN,베트남항공,"{""yyyymm"": ""202507""}"
2025-07-31,kac_S_MFI,14922.0,KAC_AIRPORT,airline,JAL,일본항공,"{""yyyymm"": ""202507""}"
2025-07-31,kac_S_MFI,0.0,KAC_AIRPORT,airline,JJA,제주항공,"{""yyyymm"": ""202507""}"
2025-07-31,kac_S_MFI,5.0,KAC_AIRPORT,airline,JNA,진에어,"{""yyyymm"": ""202507""}"
2025-07-31,kac_S_MFI,34256.0,KAC_AIRPORT,airline,KAL,대한항공,"{""yyyymm"": ""202507""}"
2025-07-31,kac_S_MFI,0.0,KAC_AIRPORT,airline,MGL,몽골항공,"{""yyyymm"": ""202507""}"
2025-07-31,kac_S_MFI,0.0,KAC_AIRPORT,airline,MML,훈누항공,"{""yyyymm"": ""202507""}"
2025-07-31,kac_S_MFI,0.0,KAC_AIRPORT,airline,MNG,에어로 몽골리아,"{""yyyymm"": ""202507""}"
2025-07-31,kac_S_MFI,0.0,KAC_AIRPORT,airline,PAL,필리핀항공,"{""yyyymm"": ""202507""}"
2025-07-31,kac_S_MFI,0.0,KAC_AIRPORT,airline,QDA,칭다오항공,"{""yyyymm"": ""202507""}"
2025-07-31,kac_S_MFI,0.0,KAC_AIRPORT,airline,QNT,카놋샤크항공,"{""yyyymm"": ""202507""}"
2025-07-31,kac_S_MFI,0.0,KAC_AIRPORT,airline,SIA,싱가포르항공,"{""yyyymm"": ""202507""}"
2025-07-31,kac_S_MFI,0.0,KAC_AIRPORT,airline,TGW,스쿠트 항공,"{""yyyymm"": ""202507""}"
2025-07-31,kac_S_MFI,0.0,KAC_AIRPORT,airline,TTW,타이거에어 타이완,"{""yyyymm"": ""202507""}"
2025-07-31,kac_S_MFI,0.0,KAC_AIRPORT,airline,TWB,티웨이항공,"{""yyyymm"": ""202507""}"
2025-07-31,kac_S_MFI,2.0,KAC_AIRPORT,airline,VJC,비엣젯항공,"{""yyyymm"": ""202507""}"
2025-07-31,kac_S_MFO,0.0,KAC_AIRPORT,airline,AAR,아시아나항공,"{""yyyymm"": ""202507""}"
2025-07-31,kac_S_MFO,0.0,KAC_AIRPORT,airline,ABL,에어부산,"{""yyyymm"": ""202507""}"
2025-07-31,kac_S_MFO,0.0,KAC_AIRPORT,airline,ANA,전일본공수,"{""yyyymm"": ""202507""}"
2025-07-31,kac_S_MFO,0.0,KAC_AIRPORT,airline,APJ,피치항공,"{""yyyymm"": ""202507""}"
2025-07-31,kac_S_MFO,0.0,KAC_AIRPORT,airline,ASV,에어서울,"{""yyyymm"": ""202507""}"
2025-07-31,kac_S_MFO,0.0,KAC_AIRPORT,airline,BAV,벰부항공,"{""yyyymm"": ""202507""}"
2025-07-31,kac_S_MFO,0.0,KAC_AIRPORT,airline,CAL,중화항공,"{""yyyymm"": ""202507""}"
2025-07-31,kac_S_MFO,0.0,KAC_AIRPORT,airline,CBJ,북경수도항공,"{""yyyymm"": ""202507""}"
2025-07-31,kac_S_MFO,0.0,KAC_AIRPORT,airline,CCA,중국국제항공,"{""yyyymm"": ""202507""}"
2025-07-31,kac_S_MFO,0.0,KAC_AIRPORT,airline,CDC,룽에어,"{""yyyymm"": ""202507""}"
2025-07-31,kac_S_MFO,0.0,KAC_AIRPORT,airline,CES,중국동방항공,"{""yyyymm"": ""202507""}"
2025-07-31,kac_S_MFO,0.0,KAC_AIRPORT,airline,CQH,춘추항공,"{""yyyymm"": ""202507""}"
2025-07-31,kac_S_MFO,0.0,KAC_AIRPORT,airline,CSC,사천항공,"{""yyyymm"": ""202507""}"
2025-07-31,kac_S_MFO,0.0,KAC_AIRPORT,airline,CSH,상해항공,"{""yyyymm"": ""202507""}"
2025-07-31,kac_S_MFO,0.0,KAC_AIRPORT,airline,CSN,중국남방항공,"{""yyyymm"": ""202507""}"
2025-07-31,kac_S_MFO,0.0,KAC_AIRPORT,airline,CSZ,중국심천항공,"{""yyyymm"": ""202507""}"
2025-07-31,kac_S_MFO,0.0,KAC_AIRPORT,airline,CUA,중국연합항공,"{""yyyymm"": ""202507""}"
2025-07-31,kac_S_MFO,0.0,KAC_AIRPORT,airline,DKH,길상항공(준야오),"{""yyyymm"": ""202507""}"
2025-07-31,kac_S_MFO,0.0,KAC_AIRPORT,airline,EOK,에어로케이항공,"{""yyyymm"": ""202507""}"
2025-07-31,kac_S_MFO,0.0,KAC_AIRPORT,airline,ESR,이스타항공,"{""yyyymm"": ""202507""}"
2025-07-31,kac_S_MFO,0.0,KAC_AIRPORT,airline,EVA,에바항공,"{""yyyymm"": ""202507""}"
2025-07-31,kac_S_MFO,0.0,KAC_AIRPORT,airline,HKE,홍콩익스프레스,"{""yyyymm"": ""202507""}"
2025-07-31,kac_S_MFO,0.0,KAC_AIRPORT,airline,HVN,베트남항공,"{""yyyymm"": ""202507""}"
2025-07-31,kac_S_MFO,0.0,KAC_AIRPORT,airline,JAL,일본항공,"{""yyyymm"": ""202507""}"
2025-07-31,kac_S_MFO,0.0,KAC_AIRPORT,airline,JJA,제주항공,"{""yyyymm"": ""202507""}"
2025-07-31,kac_S_MFO,5.0,KAC_AIRPORT,airline,JNA,진에어,"{""yyyymm"": ""202507""}"
2025-07-31,kac_S_MFO,0.0,KAC_AIRPORT,airline,KAL,대한항공,"{""yyyymm"": ""202507""}"
2025-07-31,kac_S_MFO,0.0,KAC_AIRPORT,airline,MGL,몽골항공,"{""yyyymm"": ""202507""}"
2025-07-31,kac_S_MFO,0.0,KAC_AIRPORT,airline,MML,훈누항공,"{""yyyymm"": ""202507""}"
2025-07-31,kac_S_MFO,0.0,KAC_AIRPORT,airline,MNG,에어로 몽골리아,"{""yyyymm"": ""202507""}"
2025-07-31,kac_S_MFO,0.0,KAC_AIRPORT,airline,PAL,필리핀항공,"{""yyyymm"": ""202507""}"
2025-07-31,kac_S_MFO,0.0,KAC_AIRPORT,airline,QDA,칭다오항공,"{""yyyymm"": ""202507""}"
2025-07-31,kac_S_MFO,0.0,KAC_AIRPORT,airline,QNT,카놋샤크항공,"{""yyyymm"": ""202507""}"
2025-07-31,kac_S_MFO,0.0,KAC_AIRPORT,airline,SIA,싱가포르항공,"{""yyyymm"": ""202507""}"
2025-07-31,kac_S_MFO,0.0,KAC_AIRPORT,airline,TGW,스쿠트 항공,"{""yyyymm"": ""202507""}"
2025-07-31,kac_S_MFO,0.0,KAC_AIRPORT,airline,TTW,타이거에어 타이완,"{""yyyymm"": ""202507""}"
2025-07-31,kac_S_MFO,0.0,KAC_AIRPORT,airline,TWB,티웨이항공,"{""yyyymm"": ""202507""}"
2025-07-31,kac_S_MFO,68.0,KAC_AIRPORT,airline,VJC,비엣젯항공,"{""yyyymm"": ""202507""}"
2025-07-31,kac_S_NPI,4892.0,KAC_AIRPORT,airline,AAR,아시아나항공,"{""yyyymm"": ""202507""}"
2025-07-31,kac_S_NPI,2027.0,KAC_AIRPORT,airline,ABL,에어부산,"{""yyyymm"": ""202507""}"
2025-07-31,kac_S_NPI,59.0,KAC_AIRPORT,airline,ANA,전일본공수,"{""yyyymm"": ""202507""}"
2025-07-31,kac_S_NPI,49.0,KAC_AIRPORT,airline,APJ,피치항공,"{""yyyymm"": ""202507""}"
2025-07-31,kac_S_NPI,346.0,KAC_AIRPORT,airline,ASV,에어서울,"{""yyyymm"": ""202507""}"
2025-07-31,kac_S_NPI,1.0,KAC_AIRPORT,airline,BAV,벰부항공,"{""yyyymm"": ""202507""}"
2025-07-31,kac_S_NPI,77.0,KAC_AIRPORT,airline,CAL,중화항공,"{""yyyymm"": ""202507""}"
2025-07-31,kac_S_NPI,7.0,KAC_AIRPORT,airline,CBJ,북경수도항공,"{""yyyymm"": ""202507""}"
2025-07-31,kac_S_NPI,34.0,KAC_AIRPORT,airline,CCA,중국국제항공,"{""yyyymm"": ""202507""}"
2025-07-31,kac_S_NPI,20.0,KAC_AIRPORT,airline,CDC,룽에어,"{""yyyymm"": ""202507""}"
2025-07-31,kac_S_NPI,98.0,KAC_AIRPORT,airline,CES,중국동방항공,"{""yyyymm"": ""202507""}"
2025-07-31,kac_S_NPI,133.0,KAC_AIRPORT,airline,CQH,춘추항공,"{""yyyymm"": ""202507""}"
2025-07-31,kac_S_NPI,0.0,KAC_AIRPORT,airline,CSC,사천항공,"{""yyyymm"": ""202507""}"
2025-07-31,kac_S_NPI,36.0,KAC_AIRPORT,airline,CSH,상해항공,"{""yyyymm"": ""202507""}"
2025-07-31,kac_S_NPI,36.0,KAC_AIRPORT,airline,CSN,중국남방항공,"{""yyyymm"": ""202507""}"
2025-07-31,kac_S_NPI,20.0,KAC_AIRPORT,airline,CSZ,중국심천항공,"{""yyyymm"": ""202507""}"
2025-07-31,kac_S_NPI,0.0,KAC_AIRPORT,airline,CUA,중국연합항공,"{""yyyymm"": ""202507""}"
2025-07-31,kac_S_NPI,75.0,KAC_AIRPORT,airline,DKH,길상항공(준야오),"{""yyyymm"": ""202507""}"
2025-07-31,kac_S_NPI,423.0,KAC_AIRPORT,airline,EOK,에어로케이항공,"{""yyyymm"": ""202507""}"
2025-07-31,kac_S_NPI,1490.0,KAC_AIRPORT,airline,ESR,이스타항공,"{""yyyymm"": ""202507""}"
2025-07-31,kac_S_NPI,12.0,KAC_AIRPORT,airline,EVA,에바항공,"{""yyyymm"": ""202507""}"
2025-07-31,kac_S_NPI,89.0,KAC_AIRPORT,airline,HKE,홍콩익스프레스,"{""yyyymm"": ""202507""}"
2025-07-31,kac_S_NPI,201.0,KAC_AIRPORT,airline,HVN,베트남항공,"{""yyyymm"": ""202507""}"
2025-07-31,kac_S_NPI,48.0,KAC_AIRPORT,airline,JAL,일본항공,"{""yyyymm"": ""202507""}"
2025-07-31,kac_S_NPI,3512.0,KAC_AIRPORT,airline,JJA,제주항공,"{""yyyymm"": ""202507""}"
2025-07-31,kac_S_NPI,4280.0,KAC_AIRPORT,airline,JNA,진에어,"{""yyyymm"": ""202507""}"
2025-07-31,kac_S_NPI,6153.0,KAC_AIRPORT,airline,KAL,대한항공,"{""yyyymm"": ""202507""}"
2025-07-31,kac_S_NPI,20.0,KAC_AIRPORT,airline,MGL,몽골항공,"{""yyyymm"": ""202507""}"
2025-07-31,kac_S_NPI,3.0,KAC_AIRPORT,airline,MML,훈누항공,"{""yyyymm"": ""202507""}"
2025-07-31,kac_S_NPI,2.0,KAC_AIRPORT,airline,MNG,에어로 몽골리아,"{""yyyymm"": ""202507""}"
2025-07-31,kac_S_NPI,13.0,KAC_AIRPORT,airline,PAL,필리핀항공,"{""yyyymm"": ""202507""}"
2025-07-31,kac_S_NPI,7.0,KAC_AIRPORT,airline,QDA,칭다오항공,"{""yyyymm"": ""202507""}"
2025-07-31,kac_S_NPI,18.0,KAC_AIRPORT,airline,QNT,카놋샤크항공,"{""yyyymm"": ""202507""}"
2025-07-31,kac_S_NPI,13.0,KAC_AIRPORT,airline,SIA,싱가포르항공,"{""yyyymm"": ""202507""}"
2025-07-31,kac_S_NPI,39.0,KAC_AIRPORT,airline,TGW,스쿠트 항공,"{""yyyymm"": ""202507""}"
2025-07-31,kac_S_NPI,141.0,KAC_AIRPORT,airline,TTW,타이거에어 타이완,"{""yyyymm"": ""202507""}"
2025-07-31,kac_S_NPI,3312.0,KAC_AIRPORT,airline,TWB,티웨이항공,"{""yyyymm"": ""202507""}"
2025-07-31,kac_S_NPI,229.0,KAC_AIRPORT,airline,VJC,비엣젯항공,"{""yyyymm"": ""202507""}"
2025-07-31,kac_S_NPO,4886.0,KAC_AIRPORT,airline,AAR,아시아나항공,"{""yyyymm"": ""202507""}"
2025-07-31,kac_S_NPO,2057.0,KAC_AIRPORT,airline,ABL,에어부산,"{""yyyymm"": ""202507""}"
2025-07-31,kac_S_NPO,67.0,KAC_AIRPORT,airline,ANA,전일본공수,"{""yyyymm"": ""202507""}"
2025-07-31,kac_S_NPO,42.0,KAC_AIRPORT,airline,APJ,피치항공,"{""yyyymm"": ""202507""}"
2025-07-31,kac_S_NPO,346.0,KAC_AIRPORT,airline,ASV,에어서울,"{""yyyymm"": ""202507""}"
2025-07-31,kac_S_NPO,1.0,KAC_AIRPORT,airline,BAV,벰부항공,"{""yyyymm"": ""202507""}"
2025-07-31,kac_S_NPO,88.0,KAC_AIRPORT,airline,CAL,중화항공,"{""yyyymm"": ""202507""}"
2025-07-31,kac_S_NPO,3.0,KAC_AIRPORT,airline,CBJ,북경수도항공,"{""yyyymm"": ""202507""}"
2025-07-31,kac_S_NPO,20.0,KAC_AIRPORT,airline,CCA,중국국제항공,"{""yyyymm"": ""202507""}"
2025-07-31,kac_S_NPO,22.0,KAC_AIRPORT,airline,CDC,룽에어,"{""yyyymm"": ""202507""}"
2025-07-31,kac_S_NPO,119.0,KAC_AIRPORT,airline,CES,중국동방항공,"{""yyyymm"": ""202507""}"
2025-07-31,kac_S_NPO,144.0,KAC_AIRPORT,airline,CQH,춘추항공,"{""yyyymm"": ""202507""}"
2025-07-31,kac_S_NPO,0.0,KAC_AIRPORT,airline,CSC,사천항공,"{""yyyymm"": ""202507""}"
2025-07-31,kac_S_NPO,21.0,KAC_AIRPORT,airline,CSH,상해항공,"{""yyyymm"": ""202507""}"
2025-07-31,kac_S_NPO,16.0,KAC_AIRPORT,airline,CSN,중국남방항공,"{""yyyymm"": ""202507""}"
2025-07-31,kac_S_NPO,16.0,KAC_AIRPORT,airline,CSZ,중국심천항공,"{""yyyymm"": ""202507""}"
2025-07-31,kac_S_NPO,0.0,KAC_AIRPORT,airline,CUA,중국연합항공,"{""yyyymm"": ""202507""}"
2025-07-31,kac_S_NPO,67.0,KAC_AIRPORT,airline,DKH,길상항공(준야오),"{""yyyymm"": ""202507""}"
2025-07-31,kac_S_NPO,492.0,KAC_AIRPORT,airline,EOK,에어로케이항공,"{""yyyymm"": ""202507""}"
2025-07-31,kac_S_NPO,1505.0,KAC_AIRPORT,airline,ESR,이스타항공,"{""yyyymm"": ""202507""}"
2025-07-31,kac_S_NPO,15.0,KAC_AIRPORT,airline,EVA,에바항공,"{""yyyymm"": ""202507""}"
2025-07-31,kac_S_NPO,78.0,KAC_AIRPORT,airline,HKE,홍콩익스프레스,"{""yyyymm"": ""202507""}"
2025-07-31,kac_S_NPO,321.0,KAC_AIRPORT,airline,HVN,베트남항공,"{""yyyymm"": ""202507""}"
2025-07-31,kac_S_NPO,61.0,KAC_AIRPORT,airline,JAL,일본항공,"{""yyyymm"": ""202507""}"
2025-07-31,kac_S_NPO,3548.0,KAC_AIRPORT,airline,JJA,제주항공,"{""yyyymm"": ""202507""}"
2025-07-31,kac_S_NPO,4276.0,KAC_AIRPORT,airline,JNA,진에어,"{""yyyymm"": ""202507""}"
2025-07-31,kac_S_NPO,6193.0,KAC_AIRPORT,airline,KAL,대한항공,"{""yyyymm"": ""202507""}"
2025-07-31,kac_S_NPO,31.0,KAC_AIRPORT,airline,MGL,몽골항공,"{""yyyymm"": ""202507""}"
2025-07-31,kac_S_NPO,4.0,KAC_AIRPORT,airline,MML,훈누항공,"{""yyyymm"": ""202507""}"
2025-07-31,kac_S_NPO,3.0,KAC_AIRPORT,airline,MNG,에어로 몽골리아,"{""yyyymm"": ""202507""}"
2025-07-31,kac_S_NPO,21.0,KAC_AIRPORT,airline,PAL,필리핀항공,"{""yyyymm"": ""202507""}"
2025-07-31,kac_S_NPO,9.0,KAC_AIRPORT,airline,QDA,칭다오항공,"{""yyyymm"": ""202507""}"
2025-07-31,kac_S_NPO,23.0,KAC_AIRPORT,airline,QNT,카놋샤크항공,"{""yyyymm"": ""202507""}"
2025-07-31,kac_S_NPO,19.0,KAC_AIRPORT,airline,SIA,싱가포르항공,"{""yyyymm"": ""202507""}"
2025-07-31,kac_S_NPO,39.0,KAC_AIRPORT,airline,TGW,스쿠트 항공,"{""yyyymm"": ""202507""}"
2025-07-31,kac_S_NPO,133.0,KAC_AIRPORT,airline,TTW,타이거에어 타이완,"{""yyyymm"": ""202507""}"
2025-07-31,kac_S_NPO,3325.0,KAC_AIRPORT,airline,TWB,티웨이항공,"{""yyyymm"": ""202507""}"
2025-07-31,kac_S_NPO,260.0,KAC_AIRPORT,airline,VJC,비엣젯항공,"{""yyyymm"": ""202507""}"
2025-07-31,kac_S_OCI,2580.0,KAC_AIRPORT,airline,AAR,아시아나항공,"{""yyyymm"": ""202507""}"
2025-07-31,kac_S_OCI,1897.0,KAC_AIRPORT,airline,ABL,에어부산,"{""yyyymm"": ""202507""}"
2025-07-31,kac_S_OCI,93.0,KAC_AIRPORT,airline,ANA,전일본공수,"{""yyyymm"": ""202507""}"
2025-07-31,kac_S_OCI,62.0,KAC_AIRPORT,airline,APJ,피치항공,"{""yyyymm"": ""202507""}"
2025-07-31,kac_S_OCI,246.0,KAC_AIRPORT,airline,ASV,에어서울,"{""yyyymm"": ""202507""}"
2025-07-31,kac_S_OCI,1.0,KAC_AIRPORT,airline,BAV,벰부항공,"{""yyyymm"": ""202507""}"
2025-07-31,kac_S_OCI,93.0,KAC_AIRPORT,airline,CAL,중화항공,"{""yyyymm"": ""202507""}"
2025-07-31,kac_S_OCI,8.0,KAC_AIRPORT,airline,CBJ,북경수도항공,"{""yyyymm"": ""202507""}"
2025-07-31,kac_S_OCI,93.0,KAC_AIRPORT,airline,CCA,중국국제항공,"{""yyyymm"": ""202507""}"
2025-07-31,kac_S_OCI,31.0,KAC_AIRPORT,airline,CDC,룽에어,"{""yyyymm"": ""202507""}"
2025-07-31,kac_S_OCI,155.0,KAC_AIRPORT,airline,CES,중국동방항공,"{""yyyymm"": ""202507""}"
2025-07-31,kac_S_OCI,290.0,KAC_AIRPORT,airline,CQH,춘추항공,"{""yyyymm"": ""202507""}"
2025-07-31,kac_S_OCI,18.0,KAC_AIRPORT,airline,CSC,사천항공,"{""yyyymm"": ""202507""}"
2025-07-31,kac_S_OCI,60.0,KAC_AIRPORT,airline,CSH,상해항공,"{""yyyymm"": ""202507""}"
2025-07-31,kac_S_OCI,57.0,KAC_AIRPORT,airline,CSN,중국남방항공,"{""yyyymm"": ""202507""}"
2025-07-31,kac_S_OCI,30.0,KAC_AIRPORT,airline,CSZ,중국심천항공,"{""yyyymm"": ""202507""}"
2025-07-31,kac_S_OCI,9.0,KAC_AIRPORT,airline,CUA,중국연합항공,"{""yyyymm"": ""202507""}"
2025-07-31,kac_S_OCI,110.0,KAC_AIRPORT,airline,DKH,길상항공(준야오),"{""yyyymm"": ""202507""}"
2025-07-31,kac_S_OCI,550.0,KAC_AIRPORT,airline,EOK,에어로케이항공,"{""yyyymm"": ""202507""}"
2025-07-31,kac_S_OCI,1495.0,KAC_AIRPORT,airline,ESR,이스타항공,"{""yyyymm"": ""202507""}"
2025-07-31,kac_S_OCI,18.0,KAC_AIRPORT,airline,EVA,에바항공,"{""yyyymm"": ""202507""}"
2025-07-31,kac_S_OCI,137.0,KAC_AIRPORT,airline,HKE,홍콩익스프레스,"{""yyyymm"": ""202507""}"
2025-07-31,kac_S_OCI,93.0,KAC_AIRPORT,airline,HVN,베트남항공,"{""yyyymm"": ""202507""}"
2025-07-31,kac_S_OCI,93.0,KAC_AIRPORT,airline,JAL,일본항공,"{""yyyymm"": ""202507""}"
2025-07-31,kac_S_OCI,2895.0,KAC_AIRPORT,airline,JJA,제주항공,"{""yyyymm"": ""202507""}"
2025-07-31,kac_S_OCI,2904.0,KAC_AIRPORT,airline,JNA,진에어,"{""yyyymm"": ""202507""}"
2025-07-31,kac_S_OCI,3946.0,KAC_AIRPORT,airline,KAL,대한항공,"{""yyyymm"": ""202507""}"
2025-07-31,kac_S_OCI,18.0,KAC_AIRPORT,airline,MGL,몽골항공,"{""yyyymm"": ""202507""}"
2025-07-31,kac_S_OCI,8.0,KAC_AIRPORT,airline,MML,훈누항공,"{""yyyymm"": ""202507""}"
2025-07-31,kac_S_OCI,2.0,KAC_AIRPORT,airline,MNG,에어로 몽골리아,"{""yyyymm"": ""202507""}"
2025-07-31,kac_S_OCI,31.0,KAC_AIRPORT,airline,PAL,필리핀항공,"{""yyyymm"": ""202507""}"
2025-07-31,kac_S_OCI,9.0,KAC_AIRPORT,airline,QDA,칭다오항공,"{""yyyymm"": ""202507""}"
2025-07-31,kac_S_OCI,5.0,KAC_AIRPORT,airline,QNT,카놋샤크항공,"{""yyyymm"": ""202507""}"
2025-07-31,kac_S_OCI,18.0,KAC_AIRPORT,airline,SIA,싱가포르항공,"{""yyyymm"": ""202507""}"
2025-07-31,kac_S_OCI,22.0,KAC_AIRPORT,airline,TGW,스쿠트 항공,"{""yyyymm"": ""202507""}"
2025-07-31,kac_S_OCI,107.0,KAC_AIRPORT,airline,TTW,타이거에어 타이완,"{""yyyymm"": ""202507""}"
2025-07-31,kac_S_OCI,2687.0,KAC_AIRPORT,airline,TWB,티웨이항공,"{""yyyymm"": ""202507""}"
2025-07-31,kac_S_OCI,199.0,KAC_AIRPORT,airline,VJC,비엣젯항공,"{""yyyymm"": ""202507""}"
2025-07-31,kac_S_OCO,2588.0,KAC_AIRPORT,airline,AAR,아시아나항공,"{""yyyymm"": ""202507""}"
2025-07-31,kac_S_OCO,1905.0,KAC_AIRPORT,airline,ABL,에어부산,"{""yyyymm"": ""202507""}"
2025-07-31,kac_S_OCO,92.0,KAC_AIRPORT,airline,ANA,전일본공수,"{""yyyymm"": ""202507""}"
2025-07-31,kac_S_OCO,62.0,KAC_AIRPORT,airline,APJ,피치항공,"{""yyyymm"": ""202507""}"
2025-07-31,kac_S_OCO,246.0,KAC_AIRPORT,airline,ASV,에어서울,"{""yyyymm"": ""202507""}"
2025-07-31,kac_S_OCO,1.0,KAC_AIRPORT,airline,BAV,벰부항공,"{""yyyymm"": ""202507""}"
2025-07-31,kac_S_OCO,93.0,KAC_AIRPORT,airline,CAL,중화항공,"{""yyyymm"": ""202507""}"
2025-07-31,kac_S_OCO,8.0,KAC_AIRPORT,airline,CBJ,북경수도항공,"{""yyyymm"": ""202507""}"
2025-07-31,kac_S_OCO,93.0,KAC_AIRPORT,airline,CCA,중국국제항공,"{""yyyymm"": ""202507""}"
2025-07-31,kac_S_OCO,31.0,KAC_AIRPORT,airline,CDC,룽에어,"{""yyyymm"": ""202507""}"
2025-07-31,kac_S_OCO,155.0,KAC_AIRPORT,airline,CES,중국동방항공,"{""yyyymm"": ""202507""}"
2025-07-31,kac_S_OCO,290.0,KAC_AIRPORT,airline,CQH,춘추항공,"{""yyyymm"": ""202507""}"
2025-07-31,kac_S_OCO,18.0,KAC_AIRPORT,airline,CSC,사천항공,"{""yyyymm"": ""202507""}"
2025-07-31,kac_S_OCO,60.0,KAC_AIRPORT,airline,CSH,상해항공,"{""yyyymm"": ""202507""}"
2025-07-31,kac_S_OCO,57.0,KAC_AIRPORT,airline,CSN,중국남방항공,"{""yyyymm"": ""202507""}"
2025-07-31,kac_S_OCO,30.0,KAC_AIRPORT,airline,CSZ,중국심천항공,"{""yyyymm"": ""202507""}"
2025-07-31,kac_S_OCO,9.0,KAC_AIRPORT,airline,CUA,중국연합항공,"{""yyyymm"": ""202507""}"
2025-07-31,kac_S_OCO,110.0,KAC_AIRPORT,airline,DKH,길상항공(준야오),"{""yyyymm"": ""202507""}"
2025-07-31,kac_S_OCO,551.0,KAC_AIRPORT,airline,EOK,에어로케이항공,"{""yyyymm"": ""202507""}"
2025-07-31,kac_S_OCO,1499.0,KAC_AIRPORT,airline,ESR,이스타항공,"{""yyyymm"": ""202507""}"
2025-07-31,kac_S_OCO,18.0,KAC_AIRPORT,airline,EVA,에바항공,"{""yyyymm"": ""202507""}"
2025-07-31,kac_S_OCO,137.0,KAC_AIRPORT,airline,HKE,홍콩익스프레스,"{""yyyymm"": ""202507""}"
2025-07-31,kac_S_OCO,93.0,KAC_AIRPORT,airline,HVN,베트남항공,"{""yyyymm"": ""202507""}"
2025-07-31,kac_S_OCO,93.0,KAC_AIRPORT,airline,JAL,일본항공,"{""yyyymm"": ""202507""}"
2025-07-31,kac_S_OCO,2902.0,KAC_AIRPORT,airline,JJA,제주항공,"{""yyyymm"": ""202507""}"
2025-07-31,kac_S_OCO,2907.0,KAC_AIRPORT,airline,JNA,진에어,"{""yyyymm"": ""202507""}"
2025-07-31,kac_S_OCO,3947.0,KAC_AIRPORT,airline,KAL,대한항공,"{""yyyymm"": ""202507""}"
2025-07-31,kac_S_OCO,18.0,KAC_AIRPORT,airline,MGL,몽골항공,"{""yyyymm"": ""202507""}"
2025-07-31,kac_S_OCO,8.0,KAC_AIRPORT,airline,MML,훈누항공,"{""yyyymm"": ""202507""}"
2025-07-31,kac_S_OCO,2.0,KAC_AIRPORT,airline,MNG,에어로 몽골리아,"{""yyyymm"": ""202507""}"
2025-07-31,kac_S_OCO,31.0,KAC_AIRPORT,airline,PAL,필리핀항공,"{""yyyymm"": ""202507""}"
2025-07-31,kac_S_OCO,9.0,KAC_AIRPORT,airline,QDA,칭다오항공,"{""yyyymm"": ""202507""}"
2025-07-31,kac_S_OCO,5.0,KAC_AIRPORT,airline,QNT,카놋샤크항공,"{""yyyymm"": ""202507""}"
2025-07-31,kac_S_OCO,18.0,KAC_AIRPORT,airline,SIA,싱가포르항공,"{""yyyymm"": ""202507""}"
2025-07-31,kac_S_OCO,22.0,KAC_AIRPORT,airline,TGW,스쿠트 항공,"{""yyyymm"": ""202507""}"
2025-07-31,kac_S_OCO,107.0,KAC_AIRPORT,airline,TTW,타이거에어 타이완,"{""yyyymm"": ""202507""}"
2025-07-31,kac_S_OCO,2693.0,KAC_AIRPORT,airline,TWB,티웨이항공,"{""yyyymm"": ""202507""}"
2025-07-31,kac_S_OCO,199.0,KAC_AIRPORT,airline,VJC,비엣젯항공,"{""yyyymm"": ""202507""}"
2025-07-31,kac_S_TSI,80.0,KAC_AIRPORT,airline,AAR,아시아나항공,"{""yyyymm"": ""202507""}"
2025-07-31,kac_S_TSI,147.0,KAC_AIRPORT,airline,ABL,에어부산,"{""yyyymm"": ""202507""}"
2025-07-31,kac_S_TSI,41.0,KAC_AIRPORT,airline,ANA,전일본공수,"{""yyyymm"": ""202507""}"
2025-07-31,kac_S_TSI,0.0,KAC_AIRPORT,airline,APJ,피치항공,"{""yyyymm"": ""202507""}"
2025-07-31,kac_S_TSI,0.0,KAC_AIRPORT,airline,ASV,에어서울,"{""yyyymm"": ""202507""}"
2025-07-31,kac_S_TSI,0.0,KAC_AIRPORT,airline,BAV,벰부항공,"{""yyyymm"": ""202507""}"
2025-07-31,kac_S_TSI,9.0,KAC_AIRPORT,airline,CAL,중화항공,"{""yyyymm"": ""202507""}"
2025-07-31,kac_S_TSI,0.0,KAC_AIRPORT,airline,CBJ,북경수도항공,"{""yyyymm"": ""202507""}"
2025-07-31,kac_S_TSI,4.0,KAC_AIRPORT,airline,CCA,중국국제항공,"{""yyyymm"": ""202507""}"
2025-07-31,kac_S_TSI,0.0,KAC_AIRPORT,airline,CDC,룽에어,"{""yyyymm"": ""202507""}"
2025-07-31,kac_S_TSI,1.0,KAC_AIRPORT,airline,CES,중국동방항공,"{""yyyymm"": ""202507""}"
2025-07-31,kac_S_TSI,0.0,KAC_AIRPORT,airline,CQH,춘추항공,"{""yyyymm"": ""202507""}"
2025-07-31,kac_S_TSI,0.0,KAC_AIRPORT,airline,CSC,사천항공,"{""yyyymm"": ""202507""}"
2025-07-31,kac_S_TSI,0.0,KAC_AIRPORT,airline,CSH,상해항공,"{""yyyymm"": ""202507""}"
2025-07-31,kac_S_TSI,15.0,KAC_AIRPORT,airline,CSN,중국남방항공,"{""yyyymm"": ""202507""}"
2025-07-31,kac_S_TSI,0.0,KAC_AIRPORT,airline,CSZ,중국심천항공,"{""yyyymm"": ""202507""}"
2025-07-31,kac_S_TSI,0.0,KAC_AIRPORT,airline,CUA,중국연합항공,"{""yyyymm"": ""202507""}"
2025-07-31,kac_S_TSI,0.0,KAC_AIRPORT,airline,DKH,길상항공(준야오),"{""yyyymm"": ""202507""}"
2025-07-31,kac_S_TSI,0.0,KAC_AIRPORT,airline,EOK,에어로케이항공,"{""yyyymm"": ""202507""}"
2025-07-31,kac_S_TSI,0.0,KAC_AIRPORT,airline,ESR,이스타항공,"{""yyyymm"": ""202507""}"
2025-07-31,kac_S_TSI,2.0,KAC_AIRPORT,airline,EVA,에바항공,"{""yyyymm"": ""202507""}"
2025-07-31,kac_S_TSI,1.0,KAC_AIRPORT,airline,HKE,홍콩익스프레스,"{""yyyymm"": ""202507""}"
2025-07-31,kac_S_TSI,7.0,KAC_AIRPORT,airline,HVN,베트남항공,"{""yyyymm"": ""202507""}"
2025-07-31,kac_S_TSI,18.0,KAC_AIRPORT,airline,JAL,일본항공,"{""yyyymm"": ""202507""}"
2025-07-31,kac_S_TSI,300.0,KAC_AIRPORT,airline,JJA,제주항공,"{""yyyymm"": ""202507""}"
2025-07-31,kac_S_TSI,307.0,KAC_AIRPORT,airline,JNA,진에어,"{""yyyymm"": ""202507""}"
2025-07-31,kac_S_TSI,95.0,KAC_AIRPORT,airline,KAL,대한항공,"{""yyyymm"": ""202507""}"
2025-07-31,kac_S_TSI,7.0,KAC_AIRPORT,airline,MGL,몽골항공,"{""yyyymm"": ""202507""}"
2025-07-31,kac_S_TSI,0.0,KAC_AIRPORT,airline,MML,훈누항공,"{""yyyymm"": ""202507""}"
2025-07-31,kac_S_TSI,0.0,KAC_AIRPORT,airline,MNG,에어로 몽골리아,"{""yyyymm"": ""202507""}"
2025-07-31,kac_S_TSI,0.0,KAC_AIRPORT,airline,PAL,필리핀항공,"{""yyyymm"": ""202507""}"
2025-07-31,kac_S_TSI,0.0,KAC_AIRPORT,airline,QDA,칭다오항공,"{""yyyymm"": ""202507""}"
2025-07-31,kac_S_TSI,9.0,KAC_AIRPORT,airline,QNT,카놋샤크항공,"{""yyyymm"": ""202507""}"
2025-07-31,kac_S_TSI,0.0,KAC_AIRPORT,airline,SIA,싱가포르항공,"{""yyyymm"": ""202507""}"
2025-07-31,kac_S_TSI,0.0,KAC_AIRPORT,airline,TGW,스쿠트 항공,"{""yyyymm"": ""202507""}"
2025-07-31,kac_S_TSI,0.0,KAC_AIRPORT,airline,TTW,타이거에어 타이완,"{""yyyymm"": ""202507""}"
2025-07-31,kac_S_TSI,249.0,KAC_AIRPORT,airline,TWB,티웨이항공,"{""yyyymm"": ""202507""}"
2025-07-31,kac_S_TSI,11.0,KAC_AIRPORT,airline,VJC,비엣젯항공,"{""yyyymm"": ""202507""}"
2025-07-31,kac_S_TSO,81.0,KAC_AIRPORT,airline,AAR,아시아나항공,"{""yyyymm"": ""202507""}"
2025-07-31,kac_S_TSO,163.0,KAC_AIRPORT,airline,ABL,에어부산,"{""yyyymm"": ""202507""}"
2025-07-31,kac_S_TSO,41.0,KAC_AIRPORT,airline,ANA,전일본공수,"{""yyyymm"": ""202507""}"
2025-07-31,kac_S_TSO,0.0,KAC_AIRPORT,airline,APJ,피치항공,"{""yyyymm"": ""202507""}"
2025-07-31,kac_S_TSO,0.0,KAC_AIRPORT,airline,ASV,에어서울,"{""yyyymm"": ""202507""}"
2025-07-31,kac_S_TSO,0.0,KAC_AIRPORT,airline,BAV,벰부항공,"{""yyyymm"": ""202507""}"
2025-07-31,kac_S_TSO,2.0,KAC_AIRPORT,airline,CAL,중화항공,"{""yyyymm"": ""202507""}"
2025-07-31,kac_S_TSO,0.0,KAC_AIRPORT,airline,CBJ,북경수도항공,"{""yyyymm"": ""202507""}"
2025-07-31,kac_S_TSO,0.0,KAC_AIRPORT,airline,CCA,중국국제항공,"{""yyyymm"": ""202507""}"
2025-07-31,kac_S_TSO,0.0,KAC_AIRPORT,airline,CDC,룽에어,"{""yyyymm"": ""202507""}"
2025-07-31,kac_S_TSO,0.0,KAC_AIRPORT,airline,CES,중국동방항공,"{""yyyymm"": ""202507""}"
2025-07-31,kac_S_TSO,0.0,KAC_AIRPORT,airline,CQH,춘추항공,"{""yyyymm"": ""202507""}"
2025-07-31,kac_S_TSO,0.0,KAC_AIRPORT,airline,CSC,사천항공,"{""yyyymm"": ""202507""}"
2025-07-31,kac_S_TSO,1.0,KAC_AIRPORT,airline,CSH,상해항공,"{""yyyymm"": ""202507""}"
2025-07-31,kac_S_TSO,1.0,KAC_AIRPORT,airline,CSN,중국남방항공,"{""yyyymm"": ""202507""}"
2025-07-31,kac_S_TSO,0.0,KAC_AIRPORT,airline,CSZ,중국심천항공,"{""yyyymm"": ""202507""}"
2025-07-31,kac_S_TSO,0.0,KAC_AIRPORT,airline,CUA,중국연합항공,"{""yyyymm"": ""202507""}"
2025-07-31,kac_S_TSO,0.0,KAC_AIRPORT,airline,DKH,길상항공(준야오),"{""yyyymm"": ""202507""}"
2025-07-31,kac_S_TSO,0.0,KAC_AIRPORT,airline,EOK,에어로케이항공,"{""yyyymm"": ""202507""}"
2025-07-31,kac_S_TSO,0.0,KAC_AIRPORT,airline,ESR,이스타항공,"{""yyyymm"": ""202507""}"
2025-07-31,kac_S_TSO,2.0,KAC_AIRPORT,airline,EVA,에바항공,"{""yyyymm"": ""202507""}"
2025-07-31,kac_S_TSO,0.0,KAC_AIRPORT,airline,HKE,홍콩익스프레스,"{""yyyymm"": ""202507""}"
2025-07-31,kac_S_TSO,3.0,KAC_AIRPORT,airline,HVN,베트남항공,"{""yyyymm"": ""202507""}"
2025-07-31,kac_S_TSO,18.0,KAC_AIRPORT,airline,JAL,일본항공,"{""yyyymm"": ""202507""}"
2025-07-31,kac_S_TSO,375.0,KAC_AIRPORT,airline,JJA,제주항공,"{""yyyymm"": ""202507""}"
2025-07-31,kac_S_TSO,295.0,KAC_AIRPORT,airline,JNA,진에어,"{""yyyymm"": ""202507""}"
2025-07-31,kac_S_TSO,94.0,KAC_AIRPORT,airline,KAL,대한항공,"{""yyyymm"": ""202507""}"
2025-07-31,kac_S_TSO,27.0,KAC_AIRPORT,airline,MGL,몽골항공,"{""yyyymm"": ""202507""}"
2025-07-31,kac_S_TSO,12.0,KAC_AIRPORT,airline,MML,훈누항공,"{""yyyymm"": ""202507""}"
2025-07-31,kac_S_TSO,0.0,KAC_AIRPORT,airline,MNG,에어로 몽골리아,"{""yyyymm"": ""202507""}"
2025-07-31,kac_S_TSO,0.0,KAC_AIRPORT,airline,PAL,필리핀항공,"{""yyyymm"": ""202507""}"
2025-07-31,kac_S_TSO,0.0,KAC_AIRPORT,airline,QDA,칭다오항공,"{""yyyymm"": ""202507""}"
2025-07-31,kac_S_TSO,9.0,KAC_AIRPORT,airline,QNT,카놋샤크항공,"{""yyyymm"": ""202507""}"
2025-07-31,kac_S_TSO,0.0,KAC_AIRPORT,airline,SIA,싱가포르항공,"{""yyyymm"": ""202507""}"
2025-07-31,kac_S_TSO,0.0,KAC_AIRPORT,airline,TGW,스쿠트 항공,"{""yyyymm"": ""202507""}"
2025-07-31,kac_S_TSO,0.0,KAC_AIRPORT,airline,TTW,타이거에어 타이완,"{""yyyymm"": ""202507""}"
2025-07-31,kac_S_TSO,251.0,KAC_AIRPORT,airline,TWB,티웨이항공,"{""yyyymm"": ""202507""}"
2025-07-31,kac_S_TSO,11.0,KAC_AIRPORT,airline,VJC,비엣젯항공,"{""yyyymm"": ""202507""}"
2025-08-31,airportal_SEQ,100.0,AIRPORTAL,airline,,SCAT 항공(VSV),"{""year"": 2025, ""month"": 8, ""yyyymm"": ""202508""}"
2025-08-31,airportal_공급(석),3372.0,AIRPORTAL,airline,,SCAT 항공(VSV),"{""year"": 2025, ""month"": 8, ""yyyymm"": ""202508""}"
2025-08-31,airportal_여객(명),2503.0,AIRPORTAL,airline,,SCAT 항공(VSV),"{""year"": 2025, ""month"": 8, ""yyyymm"": ""202508""}"
2025-08-31,airportal_운항(편),18.0,AIRPORTAL,airline,,SCAT 항공(VSV),"{""year"": 2025, ""month"": 8, ""yyyymm"": ""202508""}"
2025-08-31,airportal_화물(톤),53.0,AIRPORTAL,airline,,SCAT 항공(VSV),"{""year"": 2025, ""month"": 8, ""yyyymm"": ""202508""}"
2025-08-31,icn_airline_cargo_tons_arrBaggage,283.0,ODP_B551177,airline,7C,제주항공,
2025-08-31,icn_airline_cargo_tons_arrBaggage,58.0,ODP_B551177,airline,AA,아메리칸항공,
2025-08-31,icn_airline_cargo_tons_arrBaggage,53785.0,ODP_B551177,airline,KE,대한항공,
2025-08-31,icn_airline_cargo_tons_arrBaggage,2748.0,ODP_B551177,airline,OZ,아시아나항공,
2025-08-31,icn_airline_cargo_tons_baggage,472.0,ODP_B551177,airline,7C,제주항공,
2025-08-31,icn_airline_cargo_tons_baggage,355.0,ODP_B551177,airline,AA,아메리칸항공,
2025-08-31,icn_airline_cargo_tons_baggage,106413.0,ODP_B551177,airline,KE,대한항공,
2025-08-31,icn_airline_cargo_tons_baggage,4820.0,ODP_B551177,airline,OZ,아시아나항공,
2025-08-31,icn_airline_cargo_tons_depBaggage,190.0,ODP_B551177,airline,7C,제주항공,
2025-08-31,icn_airline_cargo_tons_depBaggage,298.0,ODP_B551177,airline,AA,아메리칸항공,
2025-08-31,icn_airline_cargo_tons_depBaggage,52628.0,ODP_B551177,airline,KE,대한항공,
2025-08-31,icn_airline_cargo_tons_depBaggage,2072.0,ODP_B551177,airline,OZ,아시아나항공,
2025-08-31,icn_airline_pax_arrPassenger,276837.0,ODP_B551177,airline,7C,제주항공,
2025-08-31,icn_airline_pax_arrPassenger,6453.0,ODP_B551177,airline,AA,아메리칸항공,
2025-08-31,icn_airline_pax_arrPassenger,784656.0,ODP_B551177,airline,KE,대한항공,
2025-08-31,icn_airline_pax_arrPassenger,504358.0,ODP_B551177,airline,OZ,아시아나항공,
2025-08-31,icn_airline_pax_depPassenger,256903.0,ODP_B551177,airline,7C,제주항공,
2025-08-31,icn_airline_pax_depPassenger,8097.0,ODP_B551177,airline,AA,아메리칸항공,
2025-08-31,icn_airline_pax_depPassenger,754106.0,ODP_B551177,airline,KE,대한항공,
2025-08-31,icn_airline_pax_depPassenger,482744.0,ODP_B551177,airline,OZ,아시아나항공,
2025-08-31,icn_airline_pax_passenger,533740.0,ODP_B551177,airline,7C,제주항공,
2025-08-31,icn_airline_pax_passenger,14550.0,ODP_B551177,airline,AA,아메리칸항공,
2025-08-31,icn_airline_pax_passenger,1538762.0,ODP_B551177,airline,KE,대한항공,
2025-08-31,icn_airline_pax_passenger,987102.0,ODP_B551177,airline,OZ,아시아나항공,
2025-08-31,kac_S_BFI,2736322.0,KAC_AIRPORT,airline,AAR,아시아나항공,"{""yyyymm"": ""202508""}"
2025-08-31,kac_S_BFI,2232396.0,KAC_AIRPORT,airline,ABL,에어부산,"{""yyyymm"": ""202508""}"
2025-08-31,kac_S_BFI,170776.0,KAC_AIRPORT,airline,ANA,전일본공수,"{""yyyymm"": ""202508""}"
2025-08-31,kac_S_BFI,86696.0,KAC_AIRPORT,airline,APJ,피치항공,"{""yyyymm"": ""202508""}"
2025-08-31,kac_S_BFI,205531.0,KAC_AIRPORT,airline,ASV,에어서울,"{""yyyymm"": ""202508""}"
2025-08-31,kac_S_BFI,1392.0,KAC_AIRPORT,airline,BAV,벰부항공,"{""yyyymm"": ""202508""}"
2025-08-31,kac_S_BFI,165048.0,KAC_AIRPORT,airline,CAL,중화항공,"{""yyyymm"": ""202508""}"
2025-08-31,kac_S_BFI,11952.0,KAC_AIRPORT,airline,CBJ,북경수도항공,"{""yyyymm"": ""202508""}"
2025-08-31,kac_S_BFI,145686.0,KAC_AIRPORT,airline,CCA,중국국제항공,"{""yyyymm"": ""202508""}"
2025-08-31,kac_S_BFI,41198.0,KAC_AIRPORT,airline,CDC,룽에어,"{""yyyymm"": ""202508""}"
2025-08-31,kac_S_BFI,330126.0,KAC_AIRPORT,airline,CES,중국동방항공,"{""yyyymm"": ""202508""}"
2025-08-31,kac_S_BFI,314953.0,KAC_AIRPORT,airline,CQH,춘추항공,"{""yyyymm"": ""202508""}"
2025-08-31,kac_S_BFI,30721.0,KAC_AIRPORT,airline,CSC,사천항공,"{""yyyymm"": ""202508""}"
2025-08-31,kac_S_BFI,176585.0,KAC_AIRPORT,airline,CSH,상해항공,"{""yyyymm"": ""202508""}"
2025-08-31,kac_S_BFI,94334.0,KAC_AIRPORT,airline,CSN,중국남방항공,"{""yyyymm"": ""202508""}"
2025-08-31,kac_S_BFI,32871.0,KAC_AIRPORT,airline,CSZ,중국심천항공,"{""yyyymm"": ""202508""}"
2025-08-31,kac_S_BFI,15024.0,KAC_AIRPORT,airline,CUA,중국연합항공,"{""yyyymm"": ""202508""}"
2025-08-31,kac_S_BFI,158454.0,KAC_AIRPORT,airline,DKH,길상항공(준야오),"{""yyyymm"": ""202508""}"
2025-08-31,kac_S_BFI,633723.0,KAC_AIRPORT,airline,EOK,에어로케이항공,"{""yyyymm"": ""202508""}"
2025-08-31,kac_S_BFI,1414490.0,KAC_AIRPORT,airline,ESR,이스타항공,"{""yyyymm"": ""202508""}"
2025-08-31,kac_S_BFI,30977.0,KAC_AIRPORT,airline,EVA,에바항공,"{""yyyymm"": ""202508""}"
2025-08-31,kac_S_BFI,198161.0,KAC_AIRPORT,airline,HKE,홍콩익스프레스,"{""yyyymm"": ""202508""}"
2025-08-31,kac_S_BFI,444734.0,KAC_AIRPORT,airline,HVN,베트남항공,"{""yyyymm"": ""202508""}"
2025-08-31,kac_S_BFI,164855.0,KAC_AIRPORT,airline,JAL,일본항공,"{""yyyymm"": ""202508""}"
2025-08-31,kac_S_BFI,2972924.0,KAC_AIRPORT,airline,JJA,제주항공,"{""yyyymm"": ""202508""}"
2025-08-31,kac_S_BFI,2984679.0,KAC_AIRPORT,airline,JNA,진에어,"{""yyyymm"": ""202508""}"
2025-08-31,kac_S_BFI,4723687.0,KAC_AIRPORT,airline,KAL,대한항공,"{""yyyymm"": ""202508""}"
2025-08-31,kac_S_BFI,46065.0,KAC_AIRPORT,airline,MGL,몽골항공,"{""yyyymm"": ""202508""}"
2025-08-31,kac_S_BFI,13259.0,KAC_AIRPORT,airline,MML,훈누항공,"{""yyyymm"": ""202508""}"
2025-08-31,kac_S_BFI,5391.0,KAC_AIRPORT,airline,MNG,에어로 몽골리아,"{""yyyymm"": ""202508""}"
2025-08-31,kac_S_BFI,77777.0,KAC_AIRPORT,airline,PAL,필리핀항공,"{""yyyymm"": ""202508""}"
2025-08-31,kac_S_BFI,11118.0,KAC_AIRPORT,airline,QDA,칭다오항공,"{""yyyymm"": ""202508""}"
2025-08-31,kac_S_BFI,21028.0,KAC_AIRPORT,airline,QNT,카놋샤크항공,"{""yyyymm"": ""202508""}"
2025-08-31,kac_S_BFI,45293.0,KAC_AIRPORT,airline,SIA,싱가포르항공,"{""yyyymm"": ""202508""}"
2025-08-31,kac_S_BFI,32946.0,KAC_AIRPORT,airline,TGW,스쿠트 항공,"{""yyyymm"": ""202508""}"
2025-08-31,kac_S_BFI,147898.0,KAC_AIRPORT,airline,TTW,타이거에어 타이완,"{""yyyymm"": ""202508""}"
2025-08-31,kac_S_BFI,2685548.0,KAC_AIRPORT,airline,TWB,티웨이항공,"{""yyyymm"": ""202508""}"
2025-08-31,kac_S_BFI,524891.0,KAC_AIRPORT,airline,VJC,비엣젯항공,"{""yyyymm"": ""202508""}"
2025-08-31,kac_S_BFO,2737373.0,KAC_AIRPORT,airline,AAR,아시아나항공,"{""yyyymm"": ""202508""}"
2025-08-31,kac_S_BFO,2047815.0,KAC_AIRPORT,airline,ABL,에어부산,"{""yyyymm"": ""202508""}"
2025-08-31,kac_S_BFO,199897.0,KAC_AIRPORT,airline,ANA,전일본공수,"{""yyyymm"": ""202508""}"
2025-08-31,kac_S_BFO,101372.0,KAC_AIRPORT,airline,APJ,피치항공,"{""yyyymm"": ""202508""}"
2025-08-31,kac_S_BFO,206960.0,KAC_AIRPORT,airline,ASV,에어서울,"{""yyyymm"": ""202508""}"
2025-08-31,kac_S_BFO,2266.0,KAC_AIRPORT,airline,BAV,벰부항공,"{""yyyymm"": ""202508""}"
2025-08-31,kac_S_BFO,241568.0,KAC_AIRPORT,airline,CAL,중화항공,"{""yyyymm"": ""202508""}"
2025-08-31,kac_S_BFO,15605.0,KAC_AIRPORT,airline,CBJ,북경수도항공,"{""yyyymm"": ""202508""}"
2025-08-31,kac_S_BFO,163698.0,KAC_AIRPORT,airline,CCA,중국국제항공,"{""yyyymm"": ""202508""}"
2025-08-31,kac_S_BFO,51679.0,KAC_AIRPORT,airline,CDC,룽에어,"{""yyyymm"": ""202508""}"
2025-08-31,kac_S_BFO,311352.0,KAC_AIRPORT,airline,CES,중국동방항공,"{""yyyymm"": ""202508""}"
2025-08-31,kac_S_BFO,392121.0,KAC_AIRPORT,airline,CQH,춘추항공,"{""yyyymm"": ""202508""}"
2025-08-31,kac_S_BFO,20766.0,KAC_AIRPORT,airline,CSC,사천항공,"{""yyyymm"": ""202508""}"
2025-08-31,kac_S_BFO,141913.0,KAC_AIRPORT,airline,CSH,상해항공,"{""yyyymm"": ""202508""}"
2025-08-31,kac_S_BFO,103448.0,KAC_AIRPORT,airline,CSN,중국남방항공,"{""yyyymm"": ""202508""}"
2025-08-31,kac_S_BFO,43827.0,KAC_AIRPORT,airline,CSZ,중국심천항공,"{""yyyymm"": ""202508""}"
2025-08-31,kac_S_BFO,12961.0,KAC_AIRPORT,airline,CUA,중국연합항공,"{""yyyymm"": ""202508""}"
2025-08-31,kac_S_BFO,198160.0,KAC_AIRPORT,airline,DKH,길상항공(준야오),"{""yyyymm"": ""202508""}"
2025-08-31,kac_S_BFO,464565.0,KAC_AIRPORT,airline,EOK,에어로케이항공,"{""yyyymm"": ""202508""}"
2025-08-31,kac_S_BFO,1437610.0,KAC_AIRPORT,airline,ESR,이스타항공,"{""yyyymm"": ""202508""}"
2025-08-31,kac_S_BFO,47906.0,KAC_AIRPORT,airline,EVA,에바항공,"{""yyyymm"": ""202508""}"
2025-08-31,kac_S_BFO,226532.0,KAC_AIRPORT,airline,HKE,홍콩익스프레스,"{""yyyymm"": ""202508""}"
2025-08-31,kac_S_BFO,373795.0,KAC_AIRPORT,airline,HVN,베트남항공,"{""yyyymm"": ""202508""}"
2025-08-31,kac_S_BFO,221359.0,KAC_AIRPORT,airline,JAL,일본항공,"{""yyyymm"": ""202508""}"
2025-08-31,kac_S_BFO,2817251.0,KAC_AIRPORT,airline,JJA,제주항공,"{""yyyymm"": ""202508""}"
2025-08-31,kac_S_BFO,2871780.0,KAC_AIRPORT,airline,JNA,진에어,"{""yyyymm"": ""202508""}"
2025-08-31,kac_S_BFO,4693350.0,KAC_AIRPORT,airline,KAL,대한항공,"{""yyyymm"": ""202508""}"
2025-08-31,kac_S_BFO,39028.0,KAC_AIRPORT,airline,MGL,몽골항공,"{""yyyymm"": ""202508""}"
2025-08-31,kac_S_BFO,11778.0,KAC_AIRPORT,airline,MML,훈누항공,"{""yyyymm"": ""202508""}"
2025-08-31,kac_S_BFO,5866.0,KAC_AIRPORT,airline,MNG,에어로 몽골리아,"{""yyyymm"": ""202508""}"
2025-08-31,kac_S_BFO,80028.0,KAC_AIRPORT,airline,PAL,필리핀항공,"{""yyyymm"": ""202508""}"
2025-08-31,kac_S_BFO,14810.0,KAC_AIRPORT,airline,QDA,칭다오항공,"{""yyyymm"": ""202508""}"
2025-08-31,kac_S_BFO,13481.0,KAC_AIRPORT,airline,QNT,카놋샤크항공,"{""yyyymm"": ""202508""}"
2025-08-31,kac_S_BFO,41644.0,KAC_AIRPORT,airline,SIA,싱가포르항공,"{""yyyymm"": ""202508""}"
2025-08-31,kac_S_BFO,36112.0,KAC_AIRPORT,airline,TGW,스쿠트 항공,"{""yyyymm"": ""202508""}"
2025-08-31,kac_S_BFO,221067.0,KAC_AIRPORT,airline,TTW,타이거에어 타이완,"{""yyyymm"": ""202508""}"
2025-08-31,kac_S_BFO,2499802.0,KAC_AIRPORT,airline,TWB,티웨이항공,"{""yyyymm"": ""202508""}"
2025-08-31,kac_S_BFO,351778.0,KAC_AIRPORT,airline,VJC,비엣젯항공,"{""yyyymm"": ""202508""}"
2025-08-31,kac_S_FFI,1059321.0,KAC_AIRPORT,airline,AAR,아시아나항공,"{""yyyymm"": ""202508""}"
2025-08-31,kac_S_FFI,263031.0,KAC_AIRPORT,airline,ABL,에어부산,"{""yyyymm"": ""202508""}"
2025-08-31,kac_S_FFI,0.0,KAC_AIRPORT,airline,ANA,전일본공수,"{""yyyymm"": ""202508""}"
2025-08-31,kac_S_FFI,0.0,KAC_AIRPORT,airline,APJ,피치항공,"{""yyyymm"": ""202508""}"
2025-08-31,kac_S_FFI,0.0,KAC_AIRPORT,airline,ASV,에어서울,"{""yyyymm"": ""202508""}"
2025-08-31,kac_S_FFI,0.0,KAC_AIRPORT,airline,BAV,벰부항공,"{""yyyymm"": ""202508""}"
2025-08-31,kac_S_FFI,0.0,KAC_AIRPORT,airline,CAL,중화항공,"{""yyyymm"": ""202508""}"
2025-08-31,kac_S_FFI,0.0,KAC_AIRPORT,airline,CBJ,북경수도항공,"{""yyyymm"": ""202508""}"
2025-08-31,kac_S_FFI,0.0,KAC_AIRPORT,airline,CCA,중국국제항공,"{""yyyymm"": ""202508""}"
2025-08-31,kac_S_FFI,0.0,KAC_AIRPORT,airline,CDC,룽에어,"{""yyyymm"": ""202508""}"
2025-08-31,kac_S_FFI,79824.0,KAC_AIRPORT,airline,CES,중국동방항공,"{""yyyymm"": ""202508""}"
2025-08-31,kac_S_FFI,0.0,KAC_AIRPORT,airline,CQH,춘추항공,"{""yyyymm"": ""202508""}"
2025-08-31,kac_S_FFI,0.0,KAC_AIRPORT,airline,CSC,사천항공,"{""yyyymm"": ""202508""}"
2025-08-31,kac_S_FFI,140548.0,KAC_AIRPORT,airline,CSH,상해항공,"{""yyyymm"": ""202508""}"
2025-08-31,kac_S_FFI,142.0,KAC_AIRPORT,airline,CSN,중국남방항공,"{""yyyymm"": ""202508""}"
2025-08-31,kac_S_FFI,0.0,KAC_AIRPORT,airline,CSZ,중국심천항공,"{""yyyymm"": ""202508""}"
2025-08-31,kac_S_FFI,0.0,KAC_AIRPORT,airline,CUA,중국연합항공,"{""yyyymm"": ""202508""}"
2025-08-31,kac_S_FFI,0.0,KAC_AIRPORT,airline,DKH,길상항공(준야오),"{""yyyymm"": ""202508""}"
2025-08-31,kac_S_FFI,160.0,KAC_AIRPORT,airline,EOK,에어로케이항공,"{""yyyymm"": ""202508""}"
2025-08-31,kac_S_FFI,0.0,KAC_AIRPORT,airline,ESR,이스타항공,"{""yyyymm"": ""202508""}"
2025-08-31,kac_S_FFI,0.0,KAC_AIRPORT,airline,EVA,에바항공,"{""yyyymm"": ""202508""}"
2025-08-31,kac_S_FFI,0.0,KAC_AIRPORT,airline,HKE,홍콩익스프레스,"{""yyyymm"": ""202508""}"
2025-08-31,kac_S_FFI,439602.0,KAC_AIRPORT,airline,HVN,베트남항공,"{""yyyymm"": ""202508""}"
2025-08-31,kac_S_FFI,14511.0,KAC_AIRPORT,airline,JAL,일본항공,"{""yyyymm"": ""202508""}"
2025-08-31,kac_S_FFI,0.0,KAC_AIRPORT,airline,JJA,제주항공,"{""yyyymm"": ""202508""}"
2025-08-31,kac_S_FFI,37940.0,KAC_AIRPORT,airline,JNA,진에어,"{""yyyymm"": ""202508""}"
2025-08-31,kac_S_FFI,2001215.0,KAC_AIRPORT,airline,KAL,대한항공,"{""yyyymm"": ""202508""}"
2025-08-31,kac_S_FFI,0.0,KAC_AIRPORT,airline,MGL,몽골항공,"{""yyyymm"": ""202508""}"
2025-08-31,kac_S_FFI,0.0,KAC_AIRPORT,airline,MML,훈누항공,"{""yyyymm"": ""202508""}"
2025-08-31,kac_S_FFI,0.0,KAC_AIRPORT,airline,MNG,에어로 몽골리아,"{""yyyymm"": ""202508""}"
2025-08-31,kac_S_FFI,4312.0,KAC_AIRPORT,airline,PAL,필리핀항공,"{""yyyymm"": ""202508""}"
2025-08-31,kac_S_FFI,0.0,KAC_AIRPORT,airline,QDA,칭다오항공,"{""yyyymm"": ""202508""}"
2025-08-31,kac_S_FFI,0.0,KAC_AIRPORT,airline,QNT,카놋샤크항공,"{""yyyymm"": ""202508""}"
2025-08-31,kac_S_FFI,3684.0,KAC_AIRPORT,airline,SIA,싱가포르항공,"{""yyyymm"": ""202508""}"
2025-08-31,kac_S_FFI,0.0,KAC_AIRPORT,airline,TGW,스쿠트 항공,"{""yyyymm"": ""202508""}"
2025-08-31,kac_S_FFI,0.0,KAC_AIRPORT,airline,TTW,타이거에어 타이완,"{""yyyymm"": ""202508""}"
2025-08-31,kac_S_FFI,0.0,KAC_AIRPORT,airline,TWB,티웨이항공,"{""yyyymm"": ""202508""}"
2025-08-31,kac_S_FFI,3880.0,KAC_AIRPORT,airline,VJC,비엣젯항공,"{""yyyymm"": ""202508""}"
2025-08-31,kac_S_FFO,1104180.0,KAC_AIRPORT,airline,AAR,아시아나항공,"{""yyyymm"": ""202508""}"
2025-08-31,kac_S_FFO,261631.0,KAC_AIRPORT,airline,ABL,에어부산,"{""yyyymm"": ""202508""}"
2025-08-31,kac_S_FFO,50859.0,KAC_AIRPORT,airline,ANA,전일본공수,"{""yyyymm"": ""202508""}"
2025-08-31,kac_S_FFO,0.0,KAC_AIRPORT,airline,APJ,피치항공,"{""yyyymm"": ""202508""}"
2025-08-31,kac_S_FFO,0.0,KAC_AIRPORT,airline,ASV,에어서울,"{""yyyymm"": ""202508""}"
2025-08-31,kac_S_FFO,0.0,KAC_AIRPORT,airline,BAV,벰부항공,"{""yyyymm"": ""202508""}"
2025-08-31,kac_S_FFO,0.0,KAC_AIRPORT,airline,CAL,중화항공,"{""yyyymm"": ""202508""}"
2025-08-31,kac_S_FFO,0.0,KAC_AIRPORT,airline,CBJ,북경수도항공,"{""yyyymm"": ""202508""}"
2025-08-31,kac_S_FFO,0.0,KAC_AIRPORT,airline,CCA,중국국제항공,"{""yyyymm"": ""202508""}"
2025-08-31,kac_S_FFO,0.0,KAC_AIRPORT,airline,CDC,룽에어,"{""yyyymm"": ""202508""}"
2025-08-31,kac_S_FFO,23684.0,KAC_AIRPORT,airline,CES,중국동방항공,"{""yyyymm"": ""202508""}"
2025-08-31,kac_S_FFO,0.0,KAC_AIRPORT,airline,CQH,춘추항공,"{""yyyymm"": ""202508""}"
2025-08-31,kac_S_FFO,0.0,KAC_AIRPORT,airline,CSC,사천항공,"{""yyyymm"": ""202508""}"
2025-08-31,kac_S_FFO,0.0,KAC_AIRPORT,airline,CSH,상해항공,"{""yyyymm"": ""202508""}"
2025-08-31,kac_S_FFO,0.0,KAC_AIRPORT,airline,CSN,중국남방항공,"{""yyyymm"": ""202508""}"
2025-08-31,kac_S_FFO,0.0,KAC_AIRPORT,airline,CSZ,중국심천항공,"{""yyyymm"": ""202508""}"
2025-08-31,kac_S_FFO,0.0,KAC_AIRPORT,airline,CUA,중국연합항공,"{""yyyymm"": ""202508""}"
2025-08-31,kac_S_FFO,168.0,KAC_AIRPORT,airline,DKH,길상항공(준야오),"{""yyyymm"": ""202508""}"
2025-08-31,kac_S_FFO,187.0,KAC_AIRPORT,airline,EOK,에어로케이항공,"{""yyyymm"": ""202508""}"
2025-08-31,kac_S_FFO,0.0,KAC_AIRPORT,airline,ESR,이스타항공,"{""yyyymm"": ""202508""}"
2025-08-31,kac_S_FFO,0.0,KAC_AIRPORT,airline,EVA,에바항공,"{""yyyymm"": ""202508""}"
2025-08-31,kac_S_FFO,0.0,KAC_AIRPORT,airline,HKE,홍콩익스프레스,"{""yyyymm"": ""202508""}"
2025-08-31,kac_S_FFO,420458.0,KAC_AIRPORT,airline,HVN,베트남항공,"{""yyyymm"": ""202508""}"
2025-08-31,kac_S_FFO,251228.0,KAC_AIRPORT,airline,JAL,일본항공,"{""yyyymm"": ""202508""}"
2025-08-31,kac_S_FFO,0.0,KAC_AIRPORT,airline,JJA,제주항공,"{""yyyymm"": ""202508""}"
2025-08-31,kac_S_FFO,37940.0,KAC_AIRPORT,airline,JNA,진에어,"{""yyyymm"": ""202508""}"
2025-08-31,kac_S_FFO,2079545.0,KAC_AIRPORT,airline,KAL,대한항공,"{""yyyymm"": ""202508""}"
2025-08-31,kac_S_FFO,0.0,KAC_AIRPORT,airline,MGL,몽골항공,"{""yyyymm"": ""202508""}"
2025-08-31,kac_S_FFO,0.0,KAC_AIRPORT,airline,MML,훈누항공,"{""yyyymm"": ""202508""}"
2025-08-31,kac_S_FFO,0.0,KAC_AIRPORT,airline,MNG,에어로 몽골리아,"{""yyyymm"": ""202508""}"
2025-08-31,kac_S_FFO,3325.0,KAC_AIRPORT,airline,PAL,필리핀항공,"{""yyyymm"": ""202508""}"
2025-08-31,kac_S_FFO,0.0,KAC_AIRPORT,airline,QDA,칭다오항공,"{""yyyymm"": ""202508""}"
2025-08-31,kac_S_FFO,0.0,KAC_AIRPORT,airline,QNT,카놋샤크항공,"{""yyyymm"": ""202508""}"
2025-08-31,kac_S_FFO,79.0,KAC_AIRPORT,airline,SIA,싱가포르항공,"{""yyyymm"": ""202508""}"
2025-08-31,kac_S_FFO,0.0,KAC_AIRPORT,airline,TGW,스쿠트 항공,"{""yyyymm"": ""202508""}"
2025-08-31,kac_S_FFO,0.0,KAC_AIRPORT,airline,TTW,타이거에어 타이완,"{""yyyymm"": ""202508""}"
2025-08-31,kac_S_FFO,0.0,KAC_AIRPORT,airline,TWB,티웨이항공,"{""yyyymm"": ""202508""}"
2025-08-31,kac_S_FFO,0.0,KAC_AIRPORT,airline,VJC,비엣젯항공,"{""yyyymm"": ""202508""}"
2025-08-31,kac_S_FPI,455928.0,KAC_AIRPORT,airline,AAR,아시아나항공,"{""yyyymm"": ""202508""}"
2025-08-31,kac_S_FPI,362768.0,KAC_AIRPORT,airline,ABL,에어부산,"{""yyyymm"": ""202508""}"
2025-08-31,kac_S_FPI,17664.0,KAC_AIRPORT,airline,ANA,전일본공수,"{""yyyymm"": ""202508""}"
2025-08-31,kac_S_FPI,12767.0,KAC_AIRPORT,airline,APJ,피치항공,"{""yyyymm"": ""202508""}"
2025-08-31,kac_S_FPI,50752.0,KAC_AIRPORT,airline,ASV,에어서울,"{""yyyymm"": ""202508""}"
2025-08-31,kac_S_FPI,122.0,KAC_AIRPORT,airline,BAV,벰부항공,"{""yyyymm"": ""202508""}"
2025-08-31,kac_S_FPI,15417.0,KAC_AIRPORT,airline,CAL,중화항공,"{""yyyymm"": ""202508""}"
2025-08-31,kac_S_FPI,1520.0,KAC_AIRPORT,airline,CBJ,북경수도항공,"{""yyyymm"": ""202508""}"
2025-08-31,kac_S_FPI,13504.0,KAC_AIRPORT,airline,CCA,중국국제항공,"{""yyyymm"": ""202508""}"
2025-08-31,kac_S_FPI,5090.0,KAC_AIRPORT,airline,CDC,룽에어,"{""yyyymm"": ""202508""}"
2025-08-31,kac_S_FPI,28003.0,KAC_AIRPORT,airline,CES,중국동방항공,"{""yyyymm"": ""202508""}"
2025-08-31,kac_S_FPI,52560.0,KAC_AIRPORT,airline,CQH,춘추항공,"{""yyyymm"": ""202508""}"
2025-08-31,kac_S_FPI,2324.0,KAC_AIRPORT,airline,CSC,사천항공,"{""yyyymm"": ""202508""}"
2025-08-31,kac_S_FPI,12854.0,KAC_AIRPORT,airline,CSH,상해항공,"{""yyyymm"": ""202508""}"
2025-08-31,kac_S_FPI,7494.0,KAC_AIRPORT,airline,CSN,중국남방항공,"{""yyyymm"": ""202508""}"
2025-08-31,kac_S_FPI,3797.0,KAC_AIRPORT,airline,CSZ,중국심천항공,"{""yyyymm"": ""202508""}"
2025-08-31,kac_S_FPI,1284.0,KAC_AIRPORT,airline,CUA,중국연합항공,"{""yyyymm"": ""202508""}"
2025-08-31,kac_S_FPI,19149.0,KAC_AIRPORT,airline,DKH,길상항공(준야오),"{""yyyymm"": ""202508""}"
2025-08-31,kac_S_FPI,78046.0,KAC_AIRPORT,airline,EOK,에어로케이항공,"{""yyyymm"": ""202508""}"
2025-08-31,kac_S_FPI,279751.0,KAC_AIRPORT,airline,ESR,이스타항공,"{""yyyymm"": ""202508""}"
2025-08-31,kac_S_FPI,2823.0,KAC_AIRPORT,airline,EVA,에바항공,"{""yyyymm"": ""202508""}"
2025-08-31,kac_S_FPI,24092.0,KAC_AIRPORT,airline,HKE,홍콩익스프레스,"{""yyyymm"": ""202508""}"
2025-08-31,kac_S_FPI,24374.0,KAC_AIRPORT,airline,HVN,베트남항공,"{""yyyymm"": ""202508""}"
2025-08-31,kac_S_FPI,17273.0,KAC_AIRPORT,airline,JAL,일본항공,"{""yyyymm"": ""202508""}"
2025-08-31,kac_S_FPI,514986.0,KAC_AIRPORT,airline,JJA,제주항공,"{""yyyymm"": ""202508""}"
2025-08-31,kac_S_FPI,520798.0,KAC_AIRPORT,airline,JNA,진에어,"{""yyyymm"": ""202508""}"
2025-08-31,kac_S_FPI,652121.0,KAC_AIRPORT,airline,KAL,대한항공,"{""yyyymm"": ""202508""}"
2025-08-31,kac_S_FPI,2922.0,KAC_AIRPORT,airline,MGL,몽골항공,"{""yyyymm"": ""202508""}"
2025-08-31,kac_S_FPI,1152.0,KAC_AIRPORT,airline,MML,훈누항공,"{""yyyymm"": ""202508""}"
2025-08-31,kac_S_FPI,459.0,KAC_AIRPORT,airline,MNG,에어로 몽골리아,"{""yyyymm"": ""202508""}"
2025-08-31,kac_S_FPI,5569.0,KAC_AIRPORT,airline,PAL,필리핀항공,"{""yyyymm"": ""202508""}"
2025-08-31,kac_S_FPI,1393.0,KAC_AIRPORT,airline,QDA,칭다오항공,"{""yyyymm"": ""202508""}"
2025-08-31,kac_S_FPI,666.0,KAC_AIRPORT,airline,QNT,카놋샤크항공,"{""yyyymm"": ""202508""}"
2025-08-31,kac_S_FPI,2707.0,KAC_AIRPORT,airline,SIA,싱가포르항공,"{""yyyymm"": ""202508""}"
2025-08-31,kac_S_FPI,3792.0,KAC_AIRPORT,airline,TGW,스쿠트 항공,"{""yyyymm"": ""202508""}"
2025-08-31,kac_S_FPI,18054.0,KAC_AIRPORT,airline,TTW,타이거에어 타이완,"{""yyyymm"": ""202508""}"
2025-08-31,kac_S_FPI,442949.0,KAC_AIRPORT,airline,TWB,티웨이항공,"{""yyyymm"": ""202508""}"
2025-08-31,kac_S_FPI,42226.0,KAC_AIRPORT,airline,VJC,비엣젯항공,"{""yyyymm"": ""202508""}"
2025-08-31,kac_S_FPO,452889.0,KAC_AIRPORT,airline,AAR,아시아나항공,"{""yyyymm"": ""202508""}"
2025-08-31,kac_S_FPO,356265.0,KAC_AIRPORT,airline,ABL,에어부산,"{""yyyymm"": ""202508""}"
2025-08-31,kac_S_FPO,18111.0,KAC_AIRPORT,airline,ANA,전일본공수,"{""yyyymm"": ""202508""}"
2025-08-31,kac_S_FPO,10315.0,KAC_AIRPORT,airline,APJ,피치항공,"{""yyyymm"": ""202508""}"
2025-08-31,kac_S_FPO,50969.0,KAC_AIRPORT,airline,ASV,에어서울,"{""yyyymm"": ""202508""}"
2025-08-31,kac_S_FPO,188.0,KAC_AIRPORT,airline,BAV,벰부항공,"{""yyyymm"": ""202508""}"
2025-08-31,kac_S_FPO,15598.0,KAC_AIRPORT,airline,CAL,중화항공,"{""yyyymm"": ""202508""}"
2025-08-31,kac_S_FPO,1500.0,KAC_AIRPORT,airline,CBJ,북경수도항공,"{""yyyymm"": ""202508""}"
2025-08-31,kac_S_FPO,13046.0,KAC_AIRPORT,airline,CCA,중국국제항공,"{""yyyymm"": ""202508""}"
2025-08-31,kac_S_FPO,5085.0,KAC_AIRPORT,airline,CDC,룽에어,"{""yyyymm"": ""202508""}"
2025-08-31,kac_S_FPO,27516.0,KAC_AIRPORT,airline,CES,중국동방항공,"{""yyyymm"": ""202508""}"
2025-08-31,kac_S_FPO,51497.0,KAC_AIRPORT,airline,CQH,춘추항공,"{""yyyymm"": ""202508""}"
2025-08-31,kac_S_FPO,2277.0,KAC_AIRPORT,airline,CSC,사천항공,"{""yyyymm"": ""202508""}"
2025-08-31,kac_S_FPO,11757.0,KAC_AIRPORT,airline,CSH,상해항공,"{""yyyymm"": ""202508""}"
2025-08-31,kac_S_FPO,7099.0,KAC_AIRPORT,airline,CSN,중국남방항공,"{""yyyymm"": ""202508""}"
2025-08-31,kac_S_FPO,3922.0,KAC_AIRPORT,airline,CSZ,중국심천항공,"{""yyyymm"": ""202508""}"
2025-08-31,kac_S_FPO,1233.0,KAC_AIRPORT,airline,CUA,중국연합항공,"{""yyyymm"": ""202508""}"
2025-08-31,kac_S_FPO,18640.0,KAC_AIRPORT,airline,DKH,길상항공(준야오),"{""yyyymm"": ""202508""}"
2025-08-31,kac_S_FPO,73998.0,KAC_AIRPORT,airline,EOK,에어로케이항공,"{""yyyymm"": ""202508""}"
2025-08-31,kac_S_FPO,278545.0,KAC_AIRPORT,airline,ESR,이스타항공,"{""yyyymm"": ""202508""}"
2025-08-31,kac_S_FPO,3073.0,KAC_AIRPORT,airline,EVA,에바항공,"{""yyyymm"": ""202508""}"
2025-08-31,kac_S_FPO,23167.0,KAC_AIRPORT,airline,HKE,홍콩익스프레스,"{""yyyymm"": ""202508""}"
2025-08-31,kac_S_FPO,22590.0,KAC_AIRPORT,airline,HVN,베트남항공,"{""yyyymm"": ""202508""}"
2025-08-31,kac_S_FPO,18147.0,KAC_AIRPORT,airline,JAL,일본항공,"{""yyyymm"": ""202508""}"
2025-08-31,kac_S_FPO,507368.0,KAC_AIRPORT,airline,JJA,제주항공,"{""yyyymm"": ""202508""}"
2025-08-31,kac_S_FPO,516847.0,KAC_AIRPORT,airline,JNA,진에어,"{""yyyymm"": ""202508""}"
2025-08-31,kac_S_FPO,649774.0,KAC_AIRPORT,airline,KAL,대한항공,"{""yyyymm"": ""202508""}"
2025-08-31,kac_S_FPO,2380.0,KAC_AIRPORT,airline,MGL,몽골항공,"{""yyyymm"": ""202508""}"
2025-08-31,kac_S_FPO,962.0,KAC_AIRPORT,airline,MML,훈누항공,"{""yyyymm"": ""202508""}"
2025-08-31,kac_S_FPO,449.0,KAC_AIRPORT,airline,MNG,에어로 몽골리아,"{""yyyymm"": ""202508""}"
2025-08-31,kac_S_FPO,4792.0,KAC_AIRPORT,airline,PAL,필리핀항공,"{""yyyymm"": ""202508""}"
2025-08-31,kac_S_FPO,1456.0,KAC_AIRPORT,airline,QDA,칭다오항공,"{""yyyymm"": ""202508""}"
2025-08-31,kac_S_FPO,425.0,KAC_AIRPORT,airline,QNT,카놋샤크항공,"{""yyyymm"": ""202508""}"
2025-08-31,kac_S_FPO,2355.0,KAC_AIRPORT,airline,SIA,싱가포르항공,"{""yyyymm"": ""202508""}"
2025-08-31,kac_S_FPO,3306.0,KAC_AIRPORT,airline,TGW,스쿠트 항공,"{""yyyymm"": ""202508""}"
2025-08-31,kac_S_FPO,17338.0,KAC_AIRPORT,airline,TTW,타이거에어 타이완,"{""yyyymm"": ""202508""}"
2025-08-31,kac_S_FPO,438338.0,KAC_AIRPORT,airline,TWB,티웨이항공,"{""yyyymm"": ""202508""}"
2025-08-31,kac_S_FPO,37292.0,KAC_AIRPORT,airline,VJC,비엣젯항공,"{""yyyymm"": ""202508""}"
2025-08-31,kac_S_MFI,0.0,KAC_AIRPORT,airline,AAR,아시아나항공,"{""yyyymm"": ""202508""}"
2025-08-31,kac_S_MFI,0.0,KAC_AIRPORT,airline,ABL,에어부산,"{""yyyymm"": ""202508""}"
2025-08-31,kac_S_MFI,0.0,KAC_AIRPORT,airline,ANA,전일본공수,"{""yyyymm"": ""202508""}"
2025-08-31,kac_S_MFI,0.0,KAC_AIRPORT,airline,APJ,피치항공,"{""yyyymm"": ""202508""}"
2025-08-31,kac_S_MFI,0.0,KAC_AIRPORT,airline,ASV,에어서울,"{""yyyymm"": ""202508""}"
2025-08-31,kac_S_MFI,0.0,KAC_AIRPORT,airline,BAV,벰부항공,"{""yyyymm"": ""202508""}"
2025-08-31,kac_S_MFI,0.0,KAC_AIRPORT,airline,CAL,중화항공,"{""yyyymm"": ""202508""}"
2025-08-31,kac_S_MFI,0.0,KAC_AIRPORT,airline,CBJ,북경수도항공,"{""yyyymm"": ""202508""}"
2025-08-31,kac_S_MFI,0.0,KAC_AIRPORT,airline,CCA,중국국제항공,"{""yyyymm"": ""202508""}"
2025-08-31,kac_S_MFI,0.0,KAC_AIRPORT,airline,CDC,룽에어,"{""yyyymm"": ""202508""}"
2025-08-31,kac_S_MFI,512.0,KAC_AIRPORT,airline,CES,중국동방항공,"{""yyyymm"": ""202508""}"
2025-08-31,kac_S_MFI,0.0,KAC_AIRPORT,airline,CQH,춘추항공,"{""yyyymm"": ""202508""}"
2025-08-31,kac_S_MFI,0.0,KAC_AIRPORT,airline,CSC,사천항공,"{""yyyymm"": ""202508""}"
2025-08-31,kac_S_MFI,0.0,KAC_AIRPORT,airline,CSH,상해항공,"{""yyyymm"": ""202508""}"
2025-08-31,kac_S_MFI,0.0,KAC_AIRPORT,airline,CSN,중국남방항공,"{""yyyymm"": ""202508""}"
2025-08-31,kac_S_MFI,0.0,KAC_AIRPORT,airline,CSZ,중국심천항공,"{""yyyymm"": ""202508""}"
2025-08-31,kac_S_MFI,0.0,KAC_AIRPORT,airline,CUA,중국연합항공,"{""yyyymm"": ""202508""}"
2025-08-31,kac_S_MFI,0.0,KAC_AIRPORT,airline,DKH,길상항공(준야오),"{""yyyymm"": ""202508""}"
2025-08-31,kac_S_MFI,0.0,KAC_AIRPORT,airline,EOK,에어로케이항공,"{""yyyymm"": ""202508""}"
2025-08-31,kac_S_MFI,0.0,KAC_AIRPORT,airline,ESR,이스타항공,"{""yyyymm"": ""202508""}"
2025-08-31,kac_S_MFI,0.0,KAC_AIRPORT,airline,EVA,에바항공,"{""yyyymm"": ""202508""}"
2025-08-31,kac_S_MFI,0.0,KAC_AIRPORT,airline,HKE,홍콩익스프레스,"{""yyyymm"": ""202508""}"
2025-08-31,kac_S_MFI,0.0,KAC_AIRPORT,airline,HVN,베트남항공,"{""yyyymm"": ""202508""}"
2025-08-31,kac_S_MFI,15392.0,KAC_AIRPORT,airline,JAL,일본항공,"{""yyyymm"": ""202508""}"
2025-08-31,kac_S_MFI,0.0,KAC_AIRPORT,airline,JJA,제주항공,"{""yyyymm"": ""202508""}"
2025-08-31,kac_S_MFI,0.0,KAC_AIRPORT,airline,JNA,진에어,"{""yyyymm"": ""202508""}"
2025-08-31,kac_S_MFI,28054.0,KAC_AIRPORT,airline,KAL,대한항공,"{""yyyymm"": ""202508""}"
2025-08-31,kac_S_MFI,0.0,KAC_AIRPORT,airline,MGL,몽골항공,"{""yyyymm"": ""202508""}"
2025-08-31,kac_S_MFI,0.0,KAC_AIRPORT,airline,MML,훈누항공,"{""yyyymm"": ""202508""}"
2025-08-31,kac_S_MFI,0.0,KAC_AIRPORT,airline,MNG,에어로 몽골리아,"{""yyyymm"": ""202508""}"
2025-08-31,kac_S_MFI,0.0,KAC_AIRPORT,airline,PAL,필리핀항공,"{""yyyymm"": ""202508""}"
2025-08-31,kac_S_MFI,0.0,KAC_AIRPORT,airline,QDA,칭다오항공,"{""yyyymm"": ""202508""}"
2025-08-31,kac_S_MFI,0.0,KAC_AIRPORT,airline,QNT,카놋샤크항공,"{""yyyymm"": ""202508""}"
2025-08-31,kac_S_MFI,0.0,KAC_AIRPORT,airline,SIA,싱가포르항공,"{""yyyymm"": ""202508""}"
2025-08-31,kac_S_MFI,0.0,KAC_AIRPORT,airline,TGW,스쿠트 항공,"{""yyyymm"": ""202508""}"
2025-08-31,kac_S_MFI,0.0,KAC_AIRPORT,airline,TTW,타이거에어 타이완,"{""yyyymm"": ""202508""}"
2025-08-31,kac_S_MFI,0.0,KAC_AIRPORT,airline,TWB,티웨이항공,"{""yyyymm"": ""202508""}"
2025-08-31,kac_S_MFI,30.0,KAC_AIRPORT,airline,VJC,비엣젯항공,"{""yyyymm"": ""202508""}"
2025-08-31,kac_S_MFO,0.0,KAC_AIRPORT,airline,AAR,아시아나항공,"{""yyyymm"": ""202508""}"
2025-08-31,kac_S_MFO,0.0,KAC_AIRPORT,airline,ABL,에어부산,"{""yyyymm"": ""202508""}"
2025-08-31,kac_S_MFO,0.0,KAC_AIRPORT,airline,ANA,전일본공수,"{""yyyymm"": ""202508""}"
2025-08-31,kac_S_MFO,0.0,KAC_AIRPORT,airline,APJ,피치항공,"{""yyyymm"": ""202508""}"
2025-08-31,kac_S_MFO,0.0,KAC_AIRPORT,airline,ASV,에어서울,"{""yyyymm"": ""202508""}"
2025-08-31,kac_S_MFO,0.0,KAC_AIRPORT,airline,BAV,벰부항공,"{""yyyymm"": ""202508""}"
2025-08-31,kac_S_MFO,0.0,KAC_AIRPORT,airline,CAL,중화항공,"{""yyyymm"": ""202508""}"
2025-08-31,kac_S_MFO,0.0,KAC_AIRPORT,airline,CBJ,북경수도항공,"{""yyyymm"": ""202508""}"
2025-08-31,kac_S_MFO,0.0,KAC_AIRPORT,airline,CCA,중국국제항공,"{""yyyymm"": ""202508""}"
2025-08-31,kac_S_MFO,0.0,KAC_AIRPORT,airline,CDC,룽에어,"{""yyyymm"": ""202508""}"
2025-08-31,kac_S_MFO,0.0,KAC_AIRPORT,airline,CES,중국동방항공,"{""yyyymm"": ""202508""}"
2025-08-31,kac_S_MFO,0.0,KAC_AIRPORT,airline,CQH,춘추항공,"{""yyyymm"": ""202508""}"
2025-08-31,kac_S_MFO,0.0,KAC_AIRPORT,airline,CSC,사천항공,"{""yyyymm"": ""202508""}"
2025-08-31,kac_S_MFO,0.0,KAC_AIRPORT,airline,CSH,상해항공,"{""yyyymm"": ""202508""}"
2025-08-31,kac_S_MFO,0.0,KAC_AIRPORT,airline,CSN,중국남방항공,"{""yyyymm"": ""202508""}"
2025-08-31,kac_S_MFO,0.0,KAC_AIRPORT,airline,CSZ,중국심천항공,"{""yyyymm"": ""202508""}"
2025-08-31,kac_S_MFO,0.0,KAC_AIRPORT,airline,CUA,중국연합항공,"{""yyyymm"": ""202508""}"
2025-08-31,kac_S_MFO,0.0,KAC_AIRPORT,airline,DKH,길상항공(준야오),"{""yyyymm"": ""202508""}"
2025-08-31,kac_S_MFO,0.0,KAC_AIRPORT,airline,EOK,에어로케이항공,"{""yyyymm"": ""202508""}"
2025-08-31,kac_S_MFO,0.0,KAC_AIRPORT,airline,ESR,이스타항공,"{""yyyymm"": ""202508""}"
2025-08-31,kac_S_MFO,0.0,KAC_AIRPORT,airline,EVA,에바항공,"{""yyyymm"": ""202508""}"
2025-08-31,kac_S_MFO,0.0,KAC_AIRPORT,airline,HKE,홍콩익스프레스,"{""yyyymm"": ""202508""}"
2025-08-31,kac_S_MFO,0.0,KAC_AIRPORT,airline,HVN,베트남항공,"{""yyyymm"": ""202508""}"
2025-08-31,kac_S_MFO,0.0,KAC_AIRPORT,airline,JAL,일본항공,"{""yyyymm"": ""202508""}"
2025-08-31,kac_S_MFO,0.0,KAC_AIRPORT,airline,JJA,제주항공,"{""yyyymm"": ""202508""}"
2025-08-31,kac_S_MFO,0.0,KAC_AIRPORT,airline,JNA,진에어,"{""yyyymm"": ""202508""}"
2025-08-31,kac_S_MFO,0.0,KAC_AIRPORT,airline,KAL,대한항공,"{""yyyymm"": ""202508""}"
2025-08-31,kac_S_MFO,0.0,KAC_AIRPORT,airline,MGL,몽골항공,"{""yyyymm"": ""202508""}"
2025-08-31,kac_S_MFO,0.0,KAC_AIRPORT,airline,MML,훈누항공,"{""yyyymm"": ""202508""}"
2025-08-31,kac_S_MFO,0.0,KAC_AIRPORT,airline,MNG,에어로 몽골리아,"{""yyyymm"": ""202508""}"
2025-08-31,kac_S_MFO,0.0,KAC_AIRPORT,airline,PAL,필리핀항공,"{""yyyymm"": ""202508""}"
2025-08-31,kac_S_MFO,0.0,KAC_AIRPORT,airline,QDA,칭다오항공,"{""yyyymm"": ""202508""}"
2025-08-31,kac_S_MFO,0.0,KAC_AIRPORT,airline,QNT,카놋샤크항공,"{""yyyymm"": ""202508""}"
2025-08-31,kac_S_MFO,0.0,KAC_AIRPORT,airline,SIA,싱가포르항공,"{""yyyymm"": ""202508""}"
2025-08-31,kac_S_MFO,0.0,KAC_AIRPORT,airline,TGW,스쿠트 항공,"{""yyyymm"": ""202508""}"
2025-08-31,kac_S_MFO,0.0,KAC_AIRPORT,airline,TTW,타이거에어 타이완,"{""yyyymm"": ""202508""}"
2025-08-31,kac_S_MFO,0.0,KAC_AIRPORT,airline,TWB,티웨이항공,"{""yyyymm"": ""202508""}"
2025-08-31,kac_S_MFO,0.0,KAC_AIRPORT,airline,VJC,비엣젯항공,"{""yyyymm"": ""202508""}"
2025-08-31,kac_S_NPI,5241.0,KAC_AIRPORT,airline,AAR,아시아나항공,"{""yyyymm"": ""202508""}"
2025-08-31,kac_S_NPI,2507.0,KAC_AIRPORT,airline,ABL,에어부산,"{""yyyymm"": ""202508""}"
2025-08-31,kac_S_NPI,69.0,KAC_AIRPORT,airline,ANA,전일본공수,"{""yyyymm"": ""202508""}"
2025-08-31,kac_S_NPI,47.0,KAC_AIRPORT,airline,APJ,피치항공,"{""yyyymm"": ""202508""}"
2025-08-31,kac_S_NPI,361.0,KAC_AIRPORT,airline,ASV,에어서울,"{""yyyymm"": ""202508""}"
2025-08-31,kac_S_NPI,1.0,KAC_AIRPORT,airline,BAV,벰부항공,"{""yyyymm"": ""202508""}"
2025-08-31,kac_S_NPI,92.0,KAC_AIRPORT,airline,CAL,중화항공,"{""yyyymm"": ""202508""}"
2025-08-31,kac_S_NPI,5.0,KAC_AIRPORT,airline,CBJ,북경수도항공,"{""yyyymm"": ""202508""}"
2025-08-31,kac_S_NPI,46.0,KAC_AIRPORT,airline,CCA,중국국제항공,"{""yyyymm"": ""202508""}"
2025-08-31,kac_S_NPI,19.0,KAC_AIRPORT,airline,CDC,룽에어,"{""yyyymm"": ""202508""}"
2025-08-31,kac_S_NPI,95.0,KAC_AIRPORT,airline,CES,중국동방항공,"{""yyyymm"": ""202508""}"
2025-08-31,kac_S_NPI,140.0,KAC_AIRPORT,airline,CQH,춘추항공,"{""yyyymm"": ""202508""}"
2025-08-31,kac_S_NPI,0.0,KAC_AIRPORT,airline,CSC,사천항공,"{""yyyymm"": ""202508""}"
2025-08-31,kac_S_NPI,33.0,KAC_AIRPORT,airline,CSH,상해항공,"{""yyyymm"": ""202508""}"
2025-08-31,kac_S_NPI,22.0,KAC_AIRPORT,airline,CSN,중국남방항공,"{""yyyymm"": ""202508""}"
2025-08-31,kac_S_NPI,21.0,KAC_AIRPORT,airline,CSZ,중국심천항공,"{""yyyymm"": ""202508""}"
2025-08-31,kac_S_NPI,0.0,KAC_AIRPORT,airline,CUA,중국연합항공,"{""yyyymm"": ""202508""}"
2025-08-31,kac_S_NPI,76.0,KAC_AIRPORT,airline,DKH,길상항공(준야오),"{""yyyymm"": ""202508""}"
2025-08-31,kac_S_NPI,514.0,KAC_AIRPORT,airline,EOK,에어로케이항공,"{""yyyymm"": ""202508""}"
2025-08-31,kac_S_NPI,1773.0,KAC_AIRPORT,airline,ESR,이스타항공,"{""yyyymm"": ""202508""}"
2025-08-31,kac_S_NPI,11.0,KAC_AIRPORT,airline,EVA,에바항공,"{""yyyymm"": ""202508""}"
2025-08-31,kac_S_NPI,86.0,KAC_AIRPORT,airline,HKE,홍콩익스프레스,"{""yyyymm"": ""202508""}"
2025-08-31,kac_S_NPI,218.0,KAC_AIRPORT,airline,HVN,베트남항공,"{""yyyymm"": ""202508""}"
2025-08-31,kac_S_NPI,73.0,KAC_AIRPORT,airline,JAL,일본항공,"{""yyyymm"": ""202508""}"
2025-08-31,kac_S_NPI,3648.0,KAC_AIRPORT,airline,JJA,제주항공,"{""yyyymm"": ""202508""}"
2025-08-31,kac_S_NPI,4982.0,KAC_AIRPORT,airline,JNA,진에어,"{""yyyymm"": ""202508""}"
2025-08-31,kac_S_NPI,6962.0,KAC_AIRPORT,airline,KAL,대한항공,"{""yyyymm"": ""202508""}"
2025-08-31,kac_S_NPI,29.0,KAC_AIRPORT,airline,MGL,몽골항공,"{""yyyymm"": ""202508""}"
2025-08-31,kac_S_NPI,0.0,KAC_AIRPORT,airline,MML,훈누항공,"{""yyyymm"": ""202508""}"
2025-08-31,kac_S_NPI,3.0,KAC_AIRPORT,airline,MNG,에어로 몽골리아,"{""yyyymm"": ""202508""}"
2025-08-31,kac_S_NPI,33.0,KAC_AIRPORT,airline,PAL,필리핀항공,"{""yyyymm"": ""202508""}"
2025-08-31,kac_S_NPI,8.0,KAC_AIRPORT,airline,QDA,칭다오항공,"{""yyyymm"": ""202508""}"
2025-08-31,kac_S_NPI,19.0,KAC_AIRPORT,airline,QNT,카놋샤크항공,"{""yyyymm"": ""202508""}"
2025-08-31,kac_S_NPI,11.0,KAC_AIRPORT,airline,SIA,싱가포르항공,"{""yyyymm"": ""202508""}"
2025-08-31,kac_S_NPI,32.0,KAC_AIRPORT,airline,TGW,스쿠트 항공,"{""yyyymm"": ""202508""}"
2025-08-31,kac_S_NPI,139.0,KAC_AIRPORT,airline,TTW,타이거에어 타이완,"{""yyyymm"": ""202508""}"
2025-08-31,kac_S_NPI,3362.0,KAC_AIRPORT,airline,TWB,티웨이항공,"{""yyyymm"": ""202508""}"
2025-08-31,kac_S_NPI,236.0,KAC_AIRPORT,airline,VJC,비엣젯항공,"{""yyyymm"": ""202508""}"
2025-08-31,kac_S_NPO,5239.0,KAC_AIRPORT,airline,AAR,아시아나항공,"{""yyyymm"": ""202508""}"
2025-08-31,kac_S_NPO,2453.0,KAC_AIRPORT,airline,ABL,에어부산,"{""yyyymm"": ""202508""}"
2025-08-31,kac_S_NPO,60.0,KAC_AIRPORT,airline,ANA,전일본공수,"{""yyyymm"": ""202508""}"
2025-08-31,kac_S_NPO,43.0,KAC_AIRPORT,airline,APJ,피치항공,"{""yyyymm"": ""202508""}"
2025-08-31,kac_S_NPO,364.0,KAC_AIRPORT,airline,ASV,에어서울,"{""yyyymm"": ""202508""}"
2025-08-31,kac_S_NPO,1.0,KAC_AIRPORT,airline,BAV,벰부항공,"{""yyyymm"": ""202508""}"
2025-08-31,kac_S_NPO,89.0,KAC_AIRPORT,airline,CAL,중화항공,"{""yyyymm"": ""202508""}"
2025-08-31,kac_S_NPO,9.0,KAC_AIRPORT,airline,CBJ,북경수도항공,"{""yyyymm"": ""202508""}"
2025-08-31,kac_S_NPO,46.0,KAC_AIRPORT,airline,CCA,중국국제항공,"{""yyyymm"": ""202508""}"
2025-08-31,kac_S_NPO,17.0,KAC_AIRPORT,airline,CDC,룽에어,"{""yyyymm"": ""202508""}"
2025-08-31,kac_S_NPO,113.0,KAC_AIRPORT,airline,CES,중국동방항공,"{""yyyymm"": ""202508""}"
2025-08-31,kac_S_NPO,138.0,KAC_AIRPORT,airline,CQH,춘추항공,"{""yyyymm"": ""202508""}"
2025-08-31,kac_S_NPO,0.0,KAC_AIRPORT,airline,CSC,사천항공,"{""yyyymm"": ""202508""}"
2025-08-31,kac_S_NPO,27.0,KAC_AIRPORT,airline,CSH,상해항공,"{""yyyymm"": ""202508""}"
2025-08-31,kac_S_NPO,29.0,KAC_AIRPORT,airline,CSN,중국남방항공,"{""yyyymm"": ""202508""}"
2025-08-31,kac_S_NPO,20.0,KAC_AIRPORT,airline,CSZ,중국심천항공,"{""yyyymm"": ""202508""}"
2025-08-31,kac_S_NPO,0.0,KAC_AIRPORT,airline,CUA,중국연합항공,"{""yyyymm"": ""202508""}"
2025-08-31,kac_S_NPO,64.0,KAC_AIRPORT,airline,DKH,길상항공(준야오),"{""yyyymm"": ""202508""}"
2025-08-31,kac_S_NPO,445.0,KAC_AIRPORT,airline,EOK,에어로케이항공,"{""yyyymm"": ""202508""}"
2025-08-31,kac_S_NPO,1772.0,KAC_AIRPORT,airline,ESR,이스타항공,"{""yyyymm"": ""202508""}"
2025-08-31,kac_S_NPO,12.0,KAC_AIRPORT,airline,EVA,에바항공,"{""yyyymm"": ""202508""}"
2025-08-31,kac_S_NPO,93.0,KAC_AIRPORT,airline,HKE,홍콩익스프레스,"{""yyyymm"": ""202508""}"
2025-08-31,kac_S_NPO,261.0,KAC_AIRPORT,airline,HVN,베트남항공,"{""yyyymm"": ""202508""}"
2025-08-31,kac_S_NPO,74.0,KAC_AIRPORT,airline,JAL,일본항공,"{""yyyymm"": ""202508""}"
2025-08-31,kac_S_NPO,3635.0,KAC_AIRPORT,airline,JJA,제주항공,"{""yyyymm"": ""202508""}"
2025-08-31,kac_S_NPO,4967.0,KAC_AIRPORT,airline,JNA,진에어,"{""yyyymm"": ""202508""}"
2025-08-31,kac_S_NPO,6975.0,KAC_AIRPORT,airline,KAL,대한항공,"{""yyyymm"": ""202508""}"
2025-08-31,kac_S_NPO,14.0,KAC_AIRPORT,airline,MGL,몽골항공,"{""yyyymm"": ""202508""}"
2025-08-31,kac_S_NPO,0.0,KAC_AIRPORT,airline,MML,훈누항공,"{""yyyymm"": ""202508""}"
2025-08-31,kac_S_NPO,3.0,KAC_AIRPORT,airline,MNG,에어로 몽골리아,"{""yyyymm"": ""202508""}"
2025-08-31,kac_S_NPO,17.0,KAC_AIRPORT,airline,PAL,필리핀항공,"{""yyyymm"": ""202508""}"
2025-08-31,kac_S_NPO,7.0,KAC_AIRPORT,airline,QDA,칭다오항공,"{""yyyymm"": ""202508""}"
2025-08-31,kac_S_NPO,10.0,KAC_AIRPORT,airline,QNT,카놋샤크항공,"{""yyyymm"": ""202508""}"
2025-08-31,kac_S_NPO,16.0,KAC_AIRPORT,airline,SIA,싱가포르항공,"{""yyyymm"": ""202508""}"
2025-08-31,kac_S_NPO,32.0,KAC_AIRPORT,airline,TGW,스쿠트 항공,"{""yyyymm"": ""202508""}"
2025-08-31,kac_S_NPO,130.0,KAC_AIRPORT,airline,TTW,타이거에어 타이완,"{""yyyymm"": ""202508""}"
2025-08-31,kac_S_NPO,3335.0,KAC_AIRPORT,airline,TWB,티웨이항공,"{""yyyymm"": ""202508""}"
2025-08-31,kac_S_NPO,257.0,KAC_AIRPORT,airline,VJC,비엣젯항공,"{""yyyymm"": ""202508""}"
2025-08-31,kac_S_OCI,2544.0,KAC_AIRPORT,airline,AAR,아시아나항공,"{""yyyymm"": ""202508""}"
2025-08-31,kac_S_OCI,2090.0,KAC_AIRPORT,airline,ABL,에어부산,"{""yyyymm"": ""202508""}"
2025-08-31,kac_S_OCI,93.0,KAC_AIRPORT,airline,ANA,전일본공수,"{""yyyymm"": ""202508""}"
2025-08-31,kac_S_OCI,74.0,KAC_AIRPORT,airline,APJ,피치항공,"{""yyyymm"": ""202508""}"
2025-08-31,kac_S_OCI,247.0,KAC_AIRPORT,airline,ASV,에어서울,"{""yyyymm"": ""202508""}"
2025-08-31,kac_S_OCI,1.0,KAC_AIRPORT,airline,BAV,벰부항공,"{""yyyymm"": ""202508""}"
2025-08-31,kac_S_OCI,92.0,KAC_AIRPORT,airline,CAL,중화항공,"{""yyyymm"": ""202508""}"
2025-08-31,kac_S_OCI,9.0,KAC_AIRPORT,airline,CBJ,북경수도항공,"{""yyyymm"": ""202508""}"
2025-08-31,kac_S_OCI,93.0,KAC_AIRPORT,airline,CCA,중국국제항공,"{""yyyymm"": ""202508""}"
2025-08-31,kac_S_OCI,31.0,KAC_AIRPORT,airline,CDC,룽에어,"{""yyyymm"": ""202508""}"
2025-08-31,kac_S_OCI,159.0,KAC_AIRPORT,airline,CES,중국동방항공,"{""yyyymm"": ""202508""}"
2025-08-31,kac_S_OCI,295.0,KAC_AIRPORT,airline,CQH,춘추항공,"{""yyyymm"": ""202508""}"
2025-08-31,kac_S_OCI,18.0,KAC_AIRPORT,airline,CSC,사천항공,"{""yyyymm"": ""202508""}"
2025-08-31,kac_S_OCI,62.0,KAC_AIRPORT,airline,CSH,상해항공,"{""yyyymm"": ""202508""}"
2025-08-31,kac_S_OCI,40.0,KAC_AIRPORT,airline,CSN,중국남방항공,"{""yyyymm"": ""202508""}"
2025-08-31,kac_S_OCI,31.0,KAC_AIRPORT,airline,CSZ,중국심천항공,"{""yyyymm"": ""202508""}"
2025-08-31,kac_S_OCI,9.0,KAC_AIRPORT,airline,CUA,중국연합항공,"{""yyyymm"": ""202508""}"
2025-08-31,kac_S_OCI,111.0,KAC_AIRPORT,airline,DKH,길상항공(준야오),"{""yyyymm"": ""202508""}"
2025-08-31,kac_S_OCI,536.0,KAC_AIRPORT,airline,EOK,에어로케이항공,"{""yyyymm"": ""202508""}"
2025-08-31,kac_S_OCI,1627.0,KAC_AIRPORT,airline,ESR,이스타항공,"{""yyyymm"": ""202508""}"
2025-08-31,kac_S_OCI,18.0,KAC_AIRPORT,airline,EVA,에바항공,"{""yyyymm"": ""202508""}"
2025-08-31,kac_S_OCI,136.0,KAC_AIRPORT,airline,HKE,홍콩익스프레스,"{""yyyymm"": ""202508""}"
2025-08-31,kac_S_OCI,93.0,KAC_AIRPORT,airline,HVN,베트남항공,"{""yyyymm"": ""202508""}"
2025-08-31,kac_S_OCI,93.0,KAC_AIRPORT,airline,JAL,일본항공,"{""yyyymm"": ""202508""}"
2025-08-31,kac_S_OCI,2931.0,KAC_AIRPORT,airline,JJA,제주항공,"{""yyyymm"": ""202508""}"
2025-08-31,kac_S_OCI,3025.0,KAC_AIRPORT,airline,JNA,진에어,"{""yyyymm"": ""202508""}"
2025-08-31,kac_S_OCI,3998.0,KAC_AIRPORT,airline,KAL,대한항공,"{""yyyymm"": ""202508""}"
2025-08-31,kac_S_OCI,18.0,KAC_AIRPORT,airline,MGL,몽골항공,"{""yyyymm"": ""202508""}"
2025-08-31,kac_S_OCI,12.0,KAC_AIRPORT,airline,MML,훈누항공,"{""yyyymm"": ""202508""}"
2025-08-31,kac_S_OCI,5.0,KAC_AIRPORT,airline,MNG,에어로 몽골리아,"{""yyyymm"": ""202508""}"
2025-08-31,kac_S_OCI,31.0,KAC_AIRPORT,airline,PAL,필리핀항공,"{""yyyymm"": ""202508""}"
2025-08-31,kac_S_OCI,9.0,KAC_AIRPORT,airline,QDA,칭다오항공,"{""yyyymm"": ""202508""}"
2025-08-31,kac_S_OCI,5.0,KAC_AIRPORT,airline,QNT,카놋샤크항공,"{""yyyymm"": ""202508""}"
2025-08-31,kac_S_OCI,18.0,KAC_AIRPORT,airline,SIA,싱가포르항공,"{""yyyymm"": ""202508""}"
2025-08-31,kac_S_OCI,22.0,KAC_AIRPORT,airline,TGW,스쿠트 항공,"{""yyyymm"": ""202508""}"
2025-08-31,kac_S_OCI,109.0,KAC_AIRPORT,airline,TTW,타이거에어 타이완,"{""yyyymm"": ""202508""}"
2025-08-31,kac_S_OCI,2660.0,KAC_AIRPORT,airline,TWB,티웨이항공,"{""yyyymm"": ""202508""}"
2025-08-31,kac_S_OCI,204.0,KAC_AIRPORT,airline,VJC,비엣젯항공,"{""yyyymm"": ""202508""}"
2025-08-31,kac_S_OCO,2550.0,KAC_AIRPORT,airline,AAR,아시아나항공,"{""yyyymm"": ""202508""}"
2025-08-31,kac_S_OCO,2091.0,KAC_AIRPORT,airline,ABL,에어부산,"{""yyyymm"": ""202508""}"
2025-08-31,kac_S_OCO,93.0,KAC_AIRPORT,airline,ANA,전일본공수,"{""yyyymm"": ""202508""}"
2025-08-31,kac_S_OCO,74.0,KAC_AIRPORT,airline,APJ,피치항공,"{""yyyymm"": ""202508""}"
2025-08-31,kac_S_OCO,248.0,KAC_AIRPORT,airline,ASV,에어서울,"{""yyyymm"": ""202508""}"
2025-08-31,kac_S_OCO,1.0,KAC_AIRPORT,airline,BAV,벰부항공,"{""yyyymm"": ""202508""}"
2025-08-31,kac_S_OCO,92.0,KAC_AIRPORT,airline,CAL,중화항공,"{""yyyymm"": ""202508""}"
2025-08-31,kac_S_OCO,9.0,KAC_AIRPORT,airline,CBJ,북경수도항공,"{""yyyymm"": ""202508""}"
2025-08-31,kac_S_OCO,93.0,KAC_AIRPORT,airline,CCA,중국국제항공,"{""yyyymm"": ""202508""}"
2025-08-31,kac_S_OCO,31.0,KAC_AIRPORT,airline,CDC,룽에어,"{""yyyymm"": ""202508""}"
2025-08-31,kac_S_OCO,159.0,KAC_AIRPORT,airline,CES,중국동방항공,"{""yyyymm"": ""202508""}"
2025-08-31,kac_S_OCO,295.0,KAC_AIRPORT,airline,CQH,춘추항공,"{""yyyymm"": ""202508""}"
2025-08-31,kac_S_OCO,18.0,KAC_AIRPORT,airline,CSC,사천항공,"{""yyyymm"": ""202508""}"
2025-08-31,kac_S_OCO,62.0,KAC_AIRPORT,airline,CSH,상해항공,"{""yyyymm"": ""202508""}"
2025-08-31,kac_S_OCO,40.0,KAC_AIRPORT,airline,CSN,중국남방항공,"{""yyyymm"": ""202508""}"
2025-08-31,kac_S_OCO,31.0,KAC_AIRPORT,airline,CSZ,중국심천항공,"{""yyyymm"": ""202508""}"
2025-08-31,kac_S_OCO,9.0,KAC_AIRPORT,airline,CUA,중국연합항공,"{""yyyymm"": ""202508""}"
2025-08-31,kac_S_OCO,111.0,KAC_AIRPORT,airline,DKH,길상항공(준야오),"{""yyyymm"": ""202508""}"
2025-08-31,kac_S_OCO,538.0,KAC_AIRPORT,airline,EOK,에어로케이항공,"{""yyyymm"": ""202508""}"
2025-08-31,kac_S_OCO,1629.0,KAC_AIRPORT,airline,ESR,이스타항공,"{""yyyymm"": ""202508""}"
2025-08-31,kac_S_OCO,18.0,KAC_AIRPORT,airline,EVA,에바항공,"{""yyyymm"": ""202508""}"
2025-08-31,kac_S_OCO,136.0,KAC_AIRPORT,airline,HKE,홍콩익스프레스,"{""yyyymm"": ""202508""}"
2025-08-31,kac_S_OCO,93.0,KAC_AIRPORT,airline,HVN,베트남항공,"{""yyyymm"": ""202508""}"
2025-08-31,kac_S_OCO,93.0,KAC_AIRPORT,airline,JAL,일본항공,"{""yyyymm"": ""202508""}"
2025-08-31,kac_S_OCO,2936.0,KAC_AIRPORT,airline,JJA,제주항공,"{""yyyymm"": ""202508""}"
2025-08-31,kac_S_OCO,3025.0,KAC_AIRPORT,airline,JNA,진에어,"{""yyyymm"": ""202508""}"
2025-08-31,kac_S_OCO,4001.0,KAC_AIRPORT,airline,KAL,대한항공,"{""yyyymm"": ""202508""}"
2025-08-31,kac_S_OCO,18.0,KAC_AIRPORT,airline,MGL,몽골항공,"{""yyyymm"": ""202508""}"
2025-08-31,kac_S_OCO,12.0,KAC_AIRPORT,airline,MML,훈누항공,"{""yyyymm"": ""202508""}"
2025-08-31,kac_S_OCO,5.0,KAC_AIRPORT,airline,MNG,에어로 몽골리아,"{""yyyymm"": ""202508""}"
2025-08-31,kac_S_OCO,31.0,KAC_AIRPORT,airline,PAL,필리핀항공,"{""yyyymm"": ""202508""}"
2025-08-31,kac_S_OCO,9.0,KAC_AIRPORT,airline,QDA,칭다오항공,"{""yyyymm"": ""202508""}"
2025-08-31,kac_S_OCO,5.0,KAC_AIRPORT,airline,QNT,카놋샤크항공,"{""yyyymm"": ""202508""}"
2025-08-31,kac_S_OCO,18.0,KAC_AIRPORT,airline,SIA,싱가포르항공,"{""yyyymm"": ""202508""}"
2025-08-31,kac_S_OCO,22.0,KAC_AIRPORT,airline,TGW,스쿠트 항공,"{""yyyymm"": ""202508""}"
2025-08-31,kac_S_OCO,109.0,KAC_AIRPORT,airline,TTW,타이거에어 타이완,"{""yyyymm"": ""202508""}"
2025-08-31,kac_S_OCO,2660.0,KAC_AIRPORT,airline,TWB,티웨이항공,"{""yyyymm"": ""202508""}"
2025-08-31,kac_S_OCO,204.0,KAC_AIRPORT,airline,VJC,비엣젯항공,"{""yyyymm"": ""202508""}"
2025-08-31,kac_S_TSI,389.0,KAC_AIRPORT,airline,AAR,아시아나항공,"{""yyyymm"": ""202508""}"
2025-08-31,kac_S_TSI,183.0,KAC_AIRPORT,airline,ABL,에어부산,"{""yyyymm"": ""202508""}"
2025-08-31,kac_S_TSI,41.0,KAC_AIRPORT,airline,ANA,전일본공수,"{""yyyymm"": ""202508""}"
2025-08-31,kac_S_TSI,0.0,KAC_AIRPORT,airline,APJ,피치항공,"{""yyyymm"": ""202508""}"
2025-08-31,kac_S_TSI,0.0,KAC_AIRPORT,airline,ASV,에어서울,"{""yyyymm"": ""202508""}"
2025-08-31,kac_S_TSI,0.0,KAC_AIRPORT,airline,BAV,벰부항공,"{""yyyymm"": ""202508""}"
2025-08-31,kac_S_TSI,4.0,KAC_AIRPORT,airline,CAL,중화항공,"{""yyyymm"": ""202508""}"
2025-08-31,kac_S_TSI,0.0,KAC_AIRPORT,airline,CBJ,북경수도항공,"{""yyyymm"": ""202508""}"
2025-08-31,kac_S_TSI,4.0,KAC_AIRPORT,airline,CCA,중국국제항공,"{""yyyymm"": ""202508""}"
2025-08-31,kac_S_TSI,0.0,KAC_AIRPORT,airline,CDC,룽에어,"{""yyyymm"": ""202508""}"
2025-08-31,kac_S_TSI,0.0,KAC_AIRPORT,airline,CES,중국동방항공,"{""yyyymm"": ""202508""}"
2025-08-31,kac_S_TSI,0.0,KAC_AIRPORT,airline,CQH,춘추항공,"{""yyyymm"": ""202508""}"
2025-08-31,kac_S_TSI,0.0,KAC_AIRPORT,airline,CSC,사천항공,"{""yyyymm"": ""202508""}"
2025-08-31,kac_S_TSI,0.0,KAC_AIRPORT,airline,CSH,상해항공,"{""yyyymm"": ""202508""}"
2025-08-31,kac_S_TSI,9.0,KAC_AIRPORT,airline,CSN,중국남방항공,"{""yyyymm"": ""202508""}"
2025-08-31,kac_S_TSI,0.0,KAC_AIRPORT,airline,CSZ,중국심천항공,"{""yyyymm"": ""202508""}"
2025-08-31,kac_S_TSI,0.0,KAC_AIRPORT,airline,CUA,중국연합항공,"{""yyyymm"": ""202508""}"
2025-08-31,kac_S_TSI,0.0,KAC_AIRPORT,airline,DKH,길상항공(준야오),"{""yyyymm"": ""202508""}"
2025-08-31,kac_S_TSI,1.0,KAC_AIRPORT,airline,EOK,에어로케이항공,"{""yyyymm"": ""202508""}"
2025-08-31,kac_S_TSI,0.0,KAC_AIRPORT,airline,ESR,이스타항공,"{""yyyymm"": ""202508""}"
2025-08-31,kac_S_TSI,1.0,KAC_AIRPORT,airline,EVA,에바항공,"{""yyyymm"": ""202508""}"
2025-08-31,kac_S_TSI,0.0,KAC_AIRPORT,airline,HKE,홍콩익스프레스,"{""yyyymm"": ""202508""}"
2025-08-31,kac_S_TSI,5.0,KAC_AIRPORT,airline,HVN,베트남항공,"{""yyyymm"": ""202508""}"
2025-08-31,kac_S_TSI,18.0,KAC_AIRPORT,airline,JAL,일본항공,"{""yyyymm"": ""202508""}"
2025-08-31,kac_S_TSI,407.0,KAC_AIRPORT,airline,JJA,제주항공,"{""yyyymm"": ""202508""}"
2025-08-31,kac_S_TSI,1380.0,KAC_AIRPORT,airline,JNA,진에어,"{""yyyymm"": ""202508""}"
2025-08-31,kac_S_TSI,456.0,KAC_AIRPORT,airline,KAL,대한항공,"{""yyyymm"": ""202508""}"
2025-08-31,kac_S_TSI,11.0,KAC_AIRPORT,airline,MGL,몽골항공,"{""yyyymm"": ""202508""}"
2025-08-31,kac_S_TSI,0.0,KAC_AIRPORT,airline,MML,훈누항공,"{""yyyymm"": ""202508""}"
2025-08-31,kac_S_TSI,0.0,KAC_AIRPORT,airline,MNG,에어로 몽골리아,"{""yyyymm"": ""202508""}"
2025-08-31,kac_S_TSI,0.0,KAC_AIRPORT,airline,PAL,필리핀항공,"{""yyyymm"": ""202508""}"
2025-08-31,kac_S_TSI,0.0,KAC_AIRPORT,airline,QDA,칭다오항공,"{""yyyymm"": ""202508""}"
2025-08-31,kac_S_TSI,8.0,KAC_AIRPORT,airline,QNT,카놋샤크항공,"{""yyyymm"": ""202508""}"
2025-08-31,kac_S_TSI,0.0,KAC_AIRPORT,airline,SIA,싱가포르항공,"{""yyyymm"": ""202508""}"
2025-08-31,kac_S_TSI,0.0,KAC_AIRPORT,airline,TGW,스쿠트 항공,"{""yyyymm"": ""202508""}"
2025-08-31,kac_S_TSI,0.0,KAC_AIRPORT,airline,TTW,타이거에어 타이완,"{""yyyymm"": ""202508""}"
2025-08-31,kac_S_TSI,573.0,KAC_AIRPORT,airline,TWB,티웨이항공,"{""yyyymm"": ""202508""}"
2025-08-31,kac_S_TSI,6.0,KAC_AIRPORT,airline,VJC,비엣젯항공,"{""yyyymm"": ""202508""}"
2025-08-31,kac_S_TSO,404.0,KAC_AIRPORT,airline,AAR,아시아나항공,"{""yyyymm"": ""202508""}"
2025-08-31,kac_S_TSO,184.0,KAC_AIRPORT,airline,ABL,에어부산,"{""yyyymm"": ""202508""}"
2025-08-31,kac_S_TSO,41.0,KAC_AIRPORT,airline,ANA,전일본공수,"{""yyyymm"": ""202508""}"
2025-08-31,kac_S_TSO,0.0,KAC_AIRPORT,airline,APJ,피치항공,"{""yyyymm"": ""202508""}"
2025-08-31,kac_S_TSO,0.0,KAC_AIRPORT,airline,ASV,에어서울,"{""yyyymm"": ""202508""}"
2025-08-31,kac_S_TSO,0.0,KAC_AIRPORT,airline,BAV,벰부항공,"{""yyyymm"": ""202508""}"
2025-08-31,kac_S_TSO,4.0,KAC_AIRPORT,airline,CAL,중화항공,"{""yyyymm"": ""202508""}"
2025-08-31,kac_S_TSO,0.0,KAC_AIRPORT,airline,CBJ,북경수도항공,"{""yyyymm"": ""202508""}"
2025-08-31,kac_S_TSO,1.0,KAC_AIRPORT,airline,CCA,중국국제항공,"{""yyyymm"": ""202508""}"
2025-08-31,kac_S_TSO,0.0,KAC_AIRPORT,airline,CDC,룽에어,"{""yyyymm"": ""202508""}"
2025-08-31,kac_S_TSO,0.0,KAC_AIRPORT,airline,CES,중국동방항공,"{""yyyymm"": ""202508""}"
2025-08-31,kac_S_TSO,0.0,KAC_AIRPORT,airline,CQH,춘추항공,"{""yyyymm"": ""202508""}"
2025-08-31,kac_S_TSO,0.0,KAC_AIRPORT,airline,CSC,사천항공,"{""yyyymm"": ""202508""}"
2025-08-31,kac_S_TSO,0.0,KAC_AIRPORT,airline,CSH,상해항공,"{""yyyymm"": ""202508""}"
2025-08-31,kac_S_TSO,1.0,KAC_AIRPORT,airline,CSN,중국남방항공,"{""yyyymm"": ""202508""}"
2025-08-31,kac_S_TSO,0.0,KAC_AIRPORT,airline,CSZ,중국심천항공,"{""yyyymm"": ""202508""}"
2025-08-31,kac_S_TSO,0.0,KAC_AIRPORT,airline,CUA,중국연합항공,"{""yyyymm"": ""202508""}"
2025-08-31,kac_S_TSO,0.0,KAC_AIRPORT,airline,DKH,길상항공(준야오),"{""yyyymm"": ""202508""}"
2025-08-31,kac_S_TSO,0.0,KAC_AIRPORT,airline,EOK,에어로케이항공,"{""yyyymm"": ""202508""}"
2025-08-31,kac_S_TSO,0.0,KAC_AIRPORT,airline,ESR,이스타항공,"{""yyyymm"": ""202508""}"
2025-08-31,kac_S_TSO,5.0,KAC_AIRPORT,airline,EVA,에바항공,"{""yyyymm"": ""202508""}"
2025-08-31,kac_S_TSO,0.0,KAC_AIRPORT,airline,HKE,홍콩익스프레스,"{""yyyymm"": ""202508""}"
2025-08-31,kac_S_TSO,3.0,KAC_AIRPORT,airline,HVN,베트남항공,"{""yyyymm"": ""202508""}"
2025-08-31,kac_S_TSO,16.0,KAC_AIRPORT,airline,JAL,일본항공,"{""yyyymm"": ""202508""}"
2025-08-31,kac_S_TSO,635.0,KAC_AIRPORT,airline,JJA,제주항공,"{""yyyymm"": ""202508""}"
2025-08-31,kac_S_TSO,1376.0,KAC_AIRPORT,airline,JNA,진에어,"{""yyyymm"": ""202508""}"
2025-08-31,kac_S_TSO,449.0,KAC_AIRPORT,airline,KAL,대한항공,"{""yyyymm"": ""202508""}"
2025-08-31,kac_S_TSO,38.0,KAC_AIRPORT,airline,MGL,몽골항공,"{""yyyymm"": ""202508""}"
2025-08-31,kac_S_TSO,4.0,KAC_AIRPORT,airline,MML,훈누항공,"{""yyyymm"": ""202508""}"
2025-08-31,kac_S_TSO,2.0,KAC_AIRPORT,airline,MNG,에어로 몽골리아,"{""yyyymm"": ""202508""}"
2025-08-31,kac_S_TSO,1.0,KAC_AIRPORT,airline,PAL,필리핀항공,"{""yyyymm"": ""202508""}"
2025-08-31,kac_S_TSO,0.0,KAC_AIRPORT,airline,QDA,칭다오항공,"{""yyyymm"": ""202508""}"
2025-08-31,kac_S_TSO,11.0,KAC_AIRPORT,airline,QNT,카놋샤크항공,"{""yyyymm"": ""202508""}"
2025-08-31,kac_S_TSO,0.0,KAC_AIRPORT,airline,SIA,싱가포르항공,"{""yyyymm"": ""202508""}"
2025-08-31,kac_S_TSO,0.0,KAC_AIRPORT,airline,TGW,스쿠트 항공,"{""yyyymm"": ""202508""}"
2025-08-31,kac_S_TSO,0.0,KAC_AIRPORT,airline,TTW,타이거에어 타이완,"{""yyyymm"": ""202508""}"
2025-08-31,kac_S_TSO,575.0,KAC_AIRPORT,airline,TWB,티웨이항공,"{""yyyymm"": ""202508""}"
2025-08-31,kac_S_TSO,6.0,KAC_AIRPORT,airline,VJC,비엣젯항공,"{""yyyymm"": ""202508""}"
2025-09-30,airportal_SEQ,100.0,AIRPORTAL,airline,,SCAT 항공(VSV),"{""year"": 2025, ""month"": 9, ""yyyymm"": ""202509""}"
2025-09-30,airportal_공급(석),3378.0,AIRPORTAL,airline,,SCAT 항공(VSV),"{""year"": 2025, ""month"": 9, ""yyyymm"": ""202509""}"
2025-09-30,airportal_여객(명),1910.0,AIRPORTAL,airline,,SCAT 항공(VSV),"{""year"": 2025, ""month"": 9, ""yyyymm"": ""202509""}"
2025-09-30,airportal_운항(편),18.0,AIRPORTAL,airline,,SCAT 항공(VSV),"{""year"": 2025, ""month"": 9, ""yyyymm"": ""202509""}"
2025-09-30,airportal_화물(톤),41.0,AIRPORTAL,airline,,SCAT 항공(VSV),"{""year"": 2025, ""month"": 9, ""yyyymm"": ""202509""}"
2025-09-30,icn_airline_cargo_tons_arrBaggage,243.0,ODP_B551177,airline,7C,제주항공,
2025-09-30,icn_airline_cargo_tons_arrBaggage,43.0,ODP_B551177,airline,AA,아메리칸항공,
2025-09-30,icn_airline_cargo_tons_arrBaggage,52252.0,ODP_B551177,airline,KE,대한항공,
2025-09-30,icn_airline_cargo_tons_arrBaggage,5142.0,ODP_B551177,airline,OZ,아시아나항공,
2025-09-30,icn_airline_cargo_tons_baggage,487.0,ODP_B551177,airline,7C,제주항공,
2025-09-30,icn_airline_cargo_tons_baggage,334.0,ODP_B551177,airline,AA,아메리칸항공,
2025-09-30,icn_airline_cargo_tons_baggage,104525.0,ODP_B551177,airline,KE,대한항공,
2025-09-30,icn_airline_cargo_tons_baggage,9436.0,ODP_B551177,airline,OZ,아시아나항공,
2025-09-30,icn_airline_cargo_tons_depBaggage,244.0,ODP_B551177,airline,7C,제주항공,
2025-09-30,icn_airline_cargo_tons_depBaggage,291.0,ODP_B551177,airline,AA,아메리칸항공,
2025-09-30,icn_airline_cargo_tons_depBaggage,52273.0,ODP_B551177,airline,KE,대한항공,
2025-09-30,icn_airline_cargo_tons_depBaggage,4294.0,ODP_B551177,airline,OZ,아시아나항공,
2025-09-30,icn_airline_pax_arrPassenger,237168.0,ODP_B551177,airline,7C,제주항공,
2025-09-30,icn_airline_pax_arrPassenger,6992.0,ODP_B551177,airline,AA,아메리칸항공,
2025-09-30,icn_airline_pax_arrPassenger,698997.0,ODP_B551177,airline,KE,대한항공,
2025-09-30,icn_airline_pax_arrPassenger,446784.0,ODP_B551177,airline,OZ,아시아나항공,
2025-09-30,icn_airline_pax_depPassenger,238445.0,ODP_B551177,airline,7C,제주항공,
2025-09-30,icn_airline_pax_depPassenger,6830.0,ODP_B551177,airline,AA,아메리칸항공,
2025-09-30,icn_airline_pax_depPassenger,725911.0,ODP_B551177,airline,KE,대한항공,
2025-09-30,icn_airline_pax_depPassenger,469097.0,ODP_B551177,airline,OZ,아시아나항공,
2025-09-30,icn_airline_pax_passenger,475613.0,ODP_B551177,airline,7C,제주항공,
2025-09-30,icn_airline_pax_passenger,13822.0,ODP_B551177,airline,AA,아메리칸항공,
2025-09-30,icn_airline_pax_passenger,1424908.0,ODP_B551177,airline,KE,대한항공,
2025-09-30,icn_airline_pax_passenger,915881.0,ODP_B551177,airline,OZ,아시아나항공,
2025-09-30,kac_S_BFI,2276623.0,KAC_AIRPORT,airline,AAR,아시아나항공,"{""yyyymm"": ""202509""}"
2025-09-30,kac_S_BFI,1786285.0,KAC_AIRPORT,airline,ABL,에어부산,"{""yyyymm"": ""202509""}"
2025-09-30,kac_S_BFI,143117.0,KAC_AIRPORT,airline,ANA,전일본공수,"{""yyyymm"": ""202509""}"
2025-09-30,kac_S_BFI,158107.0,KAC_AIRPORT,airline,APJ,피치항공,"{""yyyymm"": ""202509""}"
2025-09-30,kac_S_BFI,159381.0,KAC_AIRPORT,airline,ASV,에어서울,"{""yyyymm"": ""202509""}"
2025-09-30,kac_S_BFI,150070.0,KAC_AIRPORT,airline,CAL,중화항공,"{""yyyymm"": ""202509""}"
2025-09-30,kac_S_BFI,12697.0,KAC_AIRPORT,airline,CBJ,북경수도항공,"{""yyyymm"": ""202509""}"
2025-09-30,kac_S_BFI,117711.0,KAC_AIRPORT,airline,CCA,중국국제항공,"{""yyyymm"": ""202509""}"
2025-09-30,kac_S_BFI,63776.0,KAC_AIRPORT,airline,CDC,룽에어,"{""yyyymm"": ""202509""}"
2025-09-30,kac_S_BFI,274584.0,KAC_AIRPORT,airline,CES,중국동방항공,"{""yyyymm"": ""202509""}"
2025-09-30,kac_S_BFI,356674.0,KAC_AIRPORT,airline,CQH,춘추항공,"{""yyyymm"": ""202509""}"
2025-09-30,kac_S_BFI,30363.0,KAC_AIRPORT,airline,CSC,사천항공,"{""yyyymm"": ""202509""}"
2025-09-30,kac_S_BFI,158525.0,KAC_AIRPORT,airline,CSH,상해항공,"{""yyyymm"": ""202509""}"
2025-09-30,kac_S_BFI,84299.0,KAC_AIRPORT,airline,CSN,중국남방항공,"{""yyyymm"": ""202509""}"
2025-09-30,kac_S_BFI,29873.0,KAC_AIRPORT,airline,CSZ,중국심천항공,"{""yyyymm"": ""202509""}"
2025-09-30,kac_S_BFI,3965.0,KAC_AIRPORT,airline,CUA,중국연합항공,"{""yyyymm"": ""202509""}"
2025-09-30,kac_S_BFI,2103.0,KAC_AIRPORT,airline,CXA,하문항공,"{""yyyymm"": ""202509""}"
2025-09-30,kac_S_BFI,121647.0,KAC_AIRPORT,airline,DKH,길상항공(준야오),"{""yyyymm"": ""202509""}"
2025-09-30,kac_S_BFI,494610.0,KAC_AIRPORT,airline,EOK,에어로케이항공,"{""yyyymm"": ""202509""}"
2025-09-30,kac_S_BFI,1180890.0,KAC_AIRPORT,airline,ESR,이스타항공,"{""yyyymm"": ""202509""}"
2025-09-30,kac_S_BFI,25141.0,KAC_AIRPORT,airline,EVA,에바항공,"{""yyyymm"": ""202509""}"
2025-09-30,kac_S_BFI,160800.0,KAC_AIRPORT,airline,HKE,홍콩익스프레스,"{""yyyymm"": ""202509""}"
2025-09-30,kac_S_BFI,417155.0,KAC_AIRPORT,airline,HVN,베트남항공,"{""yyyymm"": ""202509""}"
2025-09-30,kac_S_BFI,157790.0,KAC_AIRPORT,airline,JAL,일본항공,"{""yyyymm"": ""202509""}"
2025-09-30,kac_S_BFI,2423043.0,KAC_AIRPORT,airline,JJA,제주항공,"{""yyyymm"": ""202509""}"
2025-09-30,kac_S_BFI,2664351.0,KAC_AIRPORT,airline,JNA,진에어,"{""yyyymm"": ""202509""}"
2025-09-30,kac_S_BFI,4056748.0,KAC_AIRPORT,airline,KAL,대한항공,"{""yyyymm"": ""202509""}"
2025-09-30,kac_S_BFI,9196.0,KAC_AIRPORT,airline,MGL,몽골항공,"{""yyyymm"": ""202509""}"
2025-09-30,kac_S_BFI,60576.0,KAC_AIRPORT,airline,PAL,필리핀항공,"{""yyyymm"": ""202509""}"
2025-09-30,kac_S_BFI,1092.0,KAC_AIRPORT,airline,PTA,파라타항공,"{""yyyymm"": ""202509""}"
2025-09-30,kac_S_BFI,11208.0,KAC_AIRPORT,airline,QDA,칭다오항공,"{""yyyymm"": ""202509""}"
2025-09-30,kac_S_BFI,11920.0,KAC_AIRPORT,airline,QNT,카놋샤크항공,"{""yyyymm"": ""202509""}"
2025-09-30,kac_S_BFI,39496.0,KAC_AIRPORT,airline,SIA,싱가포르항공,"{""yyyymm"": ""202509""}"
2025-09-30,kac_S_BFI,38691.0,KAC_AIRPORT,airline,TGW,스쿠트 항공,"{""yyyymm"": ""202509""}"
2025-09-30,kac_S_BFI,140186.0,KAC_AIRPORT,airline,TTW,타이거에어 타이완,"{""yyyymm"": ""202509""}"
2025-09-30,kac_S_BFI,2242228.0,KAC_AIRPORT,airline,TWB,티웨이항공,"{""yyyymm"": ""202509""}"
2025-09-30,kac_S_BFI,450684.0,KAC_AIRPORT,airline,VJC,비엣젯항공,"{""yyyymm"": ""202509""}"
2025-09-30,kac_S_BFO,2299250.0,KAC_AIRPORT,airline,AAR,아시아나항공,"{""yyyymm"": ""202509""}"
2025-09-30,kac_S_BFO,1730684.0,KAC_AIRPORT,airline,ABL,에어부산,"{""yyyymm"": ""202509""}"
2025-09-30,kac_S_BFO,194377.0,KAC_AIRPORT,airline,ANA,전일본공수,"{""yyyymm"": ""202509""}"
2025-09-30,kac_S_BFO,177745.0,KAC_AIRPORT,airline,APJ,피치항공,"{""yyyymm"": ""202509""}"
2025-09-30,kac_S_BFO,159381.0,KAC_AIRPORT,airline,ASV,에어서울,"{""yyyymm"": ""202509""}"
2025-09-30,kac_S_BFO,256822.0,KAC_AIRPORT,airline,CAL,중화항공,"{""yyyymm"": ""202509""}"
2025-09-30,kac_S_BFO,16303.0,KAC_AIRPORT,airline,CBJ,북경수도항공,"{""yyyymm"": ""202509""}"
2025-09-30,kac_S_BFO,136661.0,KAC_AIRPORT,airline,CCA,중국국제항공,"{""yyyymm"": ""202509""}"
2025-09-30,kac_S_BFO,73384.0,KAC_AIRPORT,airline,CDC,룽에어,"{""yyyymm"": ""202509""}"
2025-09-30,kac_S_BFO,273678.0,KAC_AIRPORT,airline,CES,중국동방항공,"{""yyyymm"": ""202509""}"
2025-09-30,kac_S_BFO,423042.0,KAC_AIRPORT,airline,CQH,춘추항공,"{""yyyymm"": ""202509""}"
2025-09-30,kac_S_BFO,20444.0,KAC_AIRPORT,airline,CSC,사천항공,"{""yyyymm"": ""202509""}"
2025-09-30,kac_S_BFO,130321.0,KAC_AIRPORT,airline,CSH,상해항공,"{""yyyymm"": ""202509""}"
2025-09-30,kac_S_BFO,111696.0,KAC_AIRPORT,airline,CSN,중국남방항공,"{""yyyymm"": ""202509""}"
2025-09-30,kac_S_BFO,38840.0,KAC_AIRPORT,airline,CSZ,중국심천항공,"{""yyyymm"": ""202509""}"
2025-09-30,kac_S_BFO,2176.0,KAC_AIRPORT,airline,CUA,중국연합항공,"{""yyyymm"": ""202509""}"
2025-09-30,kac_S_BFO,1097.0,KAC_AIRPORT,airline,CXA,하문항공,"{""yyyymm"": ""202509""}"
2025-09-30,kac_S_BFO,164518.0,KAC_AIRPORT,airline,DKH,길상항공(준야오),"{""yyyymm"": ""202509""}"
2025-09-30,kac_S_BFO,407705.0,KAC_AIRPORT,airline,EOK,에어로케이항공,"{""yyyymm"": ""202509""}"
2025-09-30,kac_S_BFO,1214438.0,KAC_AIRPORT,airline,ESR,이스타항공,"{""yyyymm"": ""202509""}"
2025-09-30,kac_S_BFO,46850.0,KAC_AIRPORT,airline,EVA,에바항공,"{""yyyymm"": ""202509""}"
2025-09-30,kac_S_BFO,178083.0,KAC_AIRPORT,airline,HKE,홍콩익스프레스,"{""yyyymm"": ""202509""}"
2025-09-30,kac_S_BFO,350420.0,KAC_AIRPORT,airline,HVN,베트남항공,"{""yyyymm"": ""202509""}"
2025-09-30,kac_S_BFO,214700.0,KAC_AIRPORT,airline,JAL,일본항공,"{""yyyymm"": ""202509""}"
2025-09-30,kac_S_BFO,2383626.0,KAC_AIRPORT,airline,JJA,제주항공,"{""yyyymm"": ""202509""}"
2025-09-30,kac_S_BFO,2585866.0,KAC_AIRPORT,airline,JNA,진에어,"{""yyyymm"": ""202509""}"
2025-09-30,kac_S_BFO,4084606.0,KAC_AIRPORT,airline,KAL,대한항공,"{""yyyymm"": ""202509""}"
2025-09-30,kac_S_BFO,8741.0,KAC_AIRPORT,airline,MGL,몽골항공,"{""yyyymm"": ""202509""}"
2025-09-30,kac_S_BFO,82875.0,KAC_AIRPORT,airline,PAL,필리핀항공,"{""yyyymm"": ""202509""}"
2025-09-30,kac_S_BFO,1092.0,KAC_AIRPORT,airline,PTA,파라타항공,"{""yyyymm"": ""202509""}"
2025-09-30,kac_S_BFO,11253.0,KAC_AIRPORT,airline,QDA,칭다오항공,"{""yyyymm"": ""202509""}"
2025-09-30,kac_S_BFO,10904.0,KAC_AIRPORT,airline,QNT,카놋샤크항공,"{""yyyymm"": ""202509""}"
2025-09-30,kac_S_BFO,43382.0,KAC_AIRPORT,airline,SIA,싱가포르항공,"{""yyyymm"": ""202509""}"
2025-09-30,kac_S_BFO,45008.0,KAC_AIRPORT,airline,TGW,스쿠트 항공,"{""yyyymm"": ""202509""}"
2025-09-30,kac_S_BFO,232172.0,KAC_AIRPORT,airline,TTW,타이거에어 타이완,"{""yyyymm"": ""202509""}"
2025-09-30,kac_S_BFO,2156110.0,KAC_AIRPORT,airline,TWB,티웨이항공,"{""yyyymm"": ""202509""}"
2025-09-30,kac_S_BFO,274407.0,KAC_AIRPORT,airline,VJC,비엣젯항공,"{""yyyymm"": ""202509""}"
2025-09-30,kac_S_FFI,1300838.0,KAC_AIRPORT,airline,AAR,아시아나항공,"{""yyyymm"": ""202509""}"
2025-09-30,kac_S_FFI,270885.0,KAC_AIRPORT,airline,ABL,에어부산,"{""yyyymm"": ""202509""}"
2025-09-30,kac_S_FFI,3042.0,KAC_AIRPORT,airline,ANA,전일본공수,"{""yyyymm"": ""202509""}"
2025-09-30,kac_S_FFI,215.0,KAC_AIRPORT,airline,APJ,피치항공,"{""yyyymm"": ""202509""}"
2025-09-30,kac_S_FFI,0.0,KAC_AIRPORT,airline,ASV,에어서울,"{""yyyymm"": ""202509""}"
2025-09-30,kac_S_FFI,0.0,KAC_AIRPORT,airline,CAL,중화항공,"{""yyyymm"": ""202509""}"
2025-09-30,kac_S_FFI,0.0,KAC_AIRPORT,airline,CBJ,북경수도항공,"{""yyyymm"": ""202509""}"
2025-09-30,kac_S_FFI,0.0,KAC_AIRPORT,airline,CCA,중국국제항공,"{""yyyymm"": ""202509""}"
2025-09-30,kac_S_FFI,0.0,KAC_AIRPORT,airline,CDC,룽에어,"{""yyyymm"": ""202509""}"
2025-09-30,kac_S_FFI,109977.0,KAC_AIRPORT,airline,CES,중국동방항공,"{""yyyymm"": ""202509""}"
2025-09-30,kac_S_FFI,0.0,KAC_AIRPORT,airline,CQH,춘추항공,"{""yyyymm"": ""202509""}"
2025-09-30,kac_S_FFI,0.0,KAC_AIRPORT,airline,CSC,사천항공,"{""yyyymm"": ""202509""}"
2025-09-30,kac_S_FFI,152045.0,KAC_AIRPORT,airline,CSH,상해항공,"{""yyyymm"": ""202509""}"
2025-09-30,kac_S_FFI,782.0,KAC_AIRPORT,airline,CSN,중국남방항공,"{""yyyymm"": ""202509""}"
2025-09-30,kac_S_FFI,0.0,KAC_AIRPORT,airline,CSZ,중국심천항공,"{""yyyymm"": ""202509""}"
2025-09-30,kac_S_FFI,0.0,KAC_AIRPORT,airline,CUA,중국연합항공,"{""yyyymm"": ""202509""}"
2025-09-30,kac_S_FFI,0.0,KAC_AIRPORT,airline,CXA,하문항공,"{""yyyymm"": ""202509""}"
2025-09-30,kac_S_FFI,0.0,KAC_AIRPORT,airline,DKH,길상항공(준야오),"{""yyyymm"": ""202509""}"
2025-09-30,kac_S_FFI,106.0,KAC_AIRPORT,airline,EOK,에어로케이항공,"{""yyyymm"": ""202509""}"
2025-09-30,kac_S_FFI,0.0,KAC_AIRPORT,airline,ESR,이스타항공,"{""yyyymm"": ""202509""}"
2025-09-30,kac_S_FFI,0.0,KAC_AIRPORT,airline,EVA,에바항공,"{""yyyymm"": ""202509""}"
2025-09-30,kac_S_FFI,0.0,KAC_AIRPORT,airline,HKE,홍콩익스프레스,"{""yyyymm"": ""202509""}"
2025-09-30,kac_S_FFI,510580.0,KAC_AIRPORT,airline,HVN,베트남항공,"{""yyyymm"": ""202509""}"
2025-09-30,kac_S_FFI,5586.0,KAC_AIRPORT,airline,JAL,일본항공,"{""yyyymm"": ""202509""}"
2025-09-30,kac_S_FFI,0.0,KAC_AIRPORT,airline,JJA,제주항공,"{""yyyymm"": ""202509""}"
2025-09-30,kac_S_FFI,61795.0,KAC_AIRPORT,airline,JNA,진에어,"{""yyyymm"": ""202509""}"
2025-09-30,kac_S_FFI,2143992.0,KAC_AIRPORT,airline,KAL,대한항공,"{""yyyymm"": ""202509""}"
2025-09-30,kac_S_FFI,0.0,KAC_AIRPORT,airline,MGL,몽골항공,"{""yyyymm"": ""202509""}"
2025-09-30,kac_S_FFI,1930.0,KAC_AIRPORT,airline,PAL,필리핀항공,"{""yyyymm"": ""202509""}"
2025-09-30,kac_S_FFI,0.0,KAC_AIRPORT,airline,PTA,파라타항공,"{""yyyymm"": ""202509""}"
2025-09-30,kac_S_FFI,0.0,KAC_AIRPORT,airline,QDA,칭다오항공,"{""yyyymm"": ""202509""}"
2025-09-30,kac_S_FFI,0.0,KAC_AIRPORT,airline,QNT,카놋샤크항공,"{""yyyymm"": ""202509""}"
2025-09-30,kac_S_FFI,2645.0,KAC_AIRPORT,airline,SIA,싱가포르항공,"{""yyyymm"": ""202509""}"
2025-09-30,kac_S_FFI,0.0,KAC_AIRPORT,airline,TGW,스쿠트 항공,"{""yyyymm"": ""202509""}"
2025-09-30,kac_S_FFI,0.0,KAC_AIRPORT,airline,TTW,타이거에어 타이완,"{""yyyymm"": ""202509""}"
2025-09-30,kac_S_FFI,0.0,KAC_AIRPORT,airline,TWB,티웨이항공,"{""yyyymm"": ""202509""}"
2025-09-30,kac_S_FFI,10028.0,KAC_AIRPORT,airline,VJC,비엣젯항공,"{""yyyymm"": ""202509""}"
2025-09-30,kac_S_FFO,1567067.0,KAC_AIRPORT,airline,AAR,아시아나항공,"{""yyyymm"": ""202509""}"
2025-09-30,kac_S_FFO,270731.0,KAC_AIRPORT,airline,ABL,에어부산,"{""yyyymm"": ""202509""}"
2025-09-30,kac_S_FFO,85330.0,KAC_AIRPORT,airline,ANA,전일본공수,"{""yyyymm"": ""202509""}"
2025-09-30,kac_S_FFO,0.0,KAC_AIRPORT,airline,APJ,피치항공,"{""yyyymm"": ""202509""}"
2025-09-30,kac_S_FFO,0.0,KAC_AIRPORT,airline,ASV,에어서울,"{""yyyymm"": ""202509""}"
2025-09-30,kac_S_FFO,0.0,KAC_AIRPORT,airline,CAL,중화항공,"{""yyyymm"": ""202509""}"
2025-09-30,kac_S_FFO,0.0,KAC_AIRPORT,airline,CBJ,북경수도항공,"{""yyyymm"": ""202509""}"
2025-09-30,kac_S_FFO,0.0,KAC_AIRPORT,airline,CCA,중국국제항공,"{""yyyymm"": ""202509""}"
2025-09-30,kac_S_FFO,0.0,KAC_AIRPORT,airline,CDC,룽에어,"{""yyyymm"": ""202509""}"
2025-09-30,kac_S_FFO,29524.0,KAC_AIRPORT,airline,CES,중국동방항공,"{""yyyymm"": ""202509""}"
2025-09-30,kac_S_FFO,0.0,KAC_AIRPORT,airline,CQH,춘추항공,"{""yyyymm"": ""202509""}"
2025-09-30,kac_S_FFO,0.0,KAC_AIRPORT,airline,CSC,사천항공,"{""yyyymm"": ""202509""}"
2025-09-30,kac_S_FFO,0.0,KAC_AIRPORT,airline,CSH,상해항공,"{""yyyymm"": ""202509""}"
2025-09-30,kac_S_FFO,0.0,KAC_AIRPORT,airline,CSN,중국남방항공,"{""yyyymm"": ""202509""}"
2025-09-30,kac_S_FFO,0.0,KAC_AIRPORT,airline,CSZ,중국심천항공,"{""yyyymm"": ""202509""}"
2025-09-30,kac_S_FFO,0.0,KAC_AIRPORT,airline,CUA,중국연합항공,"{""yyyymm"": ""202509""}"
2025-09-30,kac_S_FFO,0.0,KAC_AIRPORT,airline,CXA,하문항공,"{""yyyymm"": ""202509""}"
2025-09-30,kac_S_FFO,0.0,KAC_AIRPORT,airline,DKH,길상항공(준야오),"{""yyyymm"": ""202509""}"
2025-09-30,kac_S_FFO,0.0,KAC_AIRPORT,airline,EOK,에어로케이항공,"{""yyyymm"": ""202509""}"
2025-09-30,kac_S_FFO,0.0,KAC_AIRPORT,airline,ESR,이스타항공,"{""yyyymm"": ""202509""}"
2025-09-30,kac_S_FFO,0.0,KAC_AIRPORT,airline,EVA,에바항공,"{""yyyymm"": ""202509""}"
2025-09-30,kac_S_FFO,0.0,KAC_AIRPORT,airline,HKE,홍콩익스프레스,"{""yyyymm"": ""202509""}"
2025-09-30,kac_S_FFO,499970.0,KAC_AIRPORT,airline,HVN,베트남항공,"{""yyyymm"": ""202509""}"
2025-09-30,kac_S_FFO,479852.0,KAC_AIRPORT,airline,JAL,일본항공,"{""yyyymm"": ""202509""}"
2025-09-30,kac_S_FFO,84.0,KAC_AIRPORT,airline,JJA,제주항공,"{""yyyymm"": ""202509""}"
2025-09-30,kac_S_FFO,61795.0,KAC_AIRPORT,airline,JNA,진에어,"{""yyyymm"": ""202509""}"
2025-09-30,kac_S_FFO,2440768.0,KAC_AIRPORT,airline,KAL,대한항공,"{""yyyymm"": ""202509""}"
2025-09-30,kac_S_FFO,0.0,KAC_AIRPORT,airline,MGL,몽골항공,"{""yyyymm"": ""202509""}"
2025-09-30,kac_S_FFO,7985.0,KAC_AIRPORT,airline,PAL,필리핀항공,"{""yyyymm"": ""202509""}"
2025-09-30,kac_S_FFO,0.0,KAC_AIRPORT,airline,PTA,파라타항공,"{""yyyymm"": ""202509""}"
2025-09-30,kac_S_FFO,0.0,KAC_AIRPORT,airline,QDA,칭다오항공,"{""yyyymm"": ""202509""}"
2025-09-30,kac_S_FFO,0.0,KAC_AIRPORT,airline,QNT,카놋샤크항공,"{""yyyymm"": ""202509""}"
2025-09-30,kac_S_FFO,202.0,KAC_AIRPORT,airline,SIA,싱가포르항공,"{""yyyymm"": ""202509""}"
2025-09-30,kac_S_FFO,0.0,KAC_AIRPORT,airline,TGW,스쿠트 항공,"{""yyyymm"": ""202509""}"
2025-09-30,kac_S_FFO,0.0,KAC_AIRPORT,airline,TTW,타이거에어 타이완,"{""yyyymm"": ""202509""}"
2025-09-30,kac_S_FFO,0.0,KAC_AIRPORT,airline,TWB,티웨이항공,"{""yyyymm"": ""202509""}"
2025-09-30,kac_S_FFO,0.0,KAC_AIRPORT,airline,VJC,비엣젯항공,"{""yyyymm"": ""202509""}"
2025-09-30,kac_S_FPI,424268.0,KAC_AIRPORT,airline,AAR,아시아나항공,"{""yyyymm"": ""202509""}"
2025-09-30,kac_S_FPI,315792.0,KAC_AIRPORT,airline,ABL,에어부산,"{""yyyymm"": ""202509""}"
2025-09-30,kac_S_FPI,16522.0,KAC_AIRPORT,airline,ANA,전일본공수,"{""yyyymm"": ""202509""}"
2025-09-30,kac_S_FPI,19582.0,KAC_AIRPORT,airline,APJ,피치항공,"{""yyyymm"": ""202509""}"
2025-09-30,kac_S_FPI,44350.0,KAC_AIRPORT,airline,ASV,에어서울,"{""yyyymm"": ""202509""}"
2025-09-30,kac_S_FPI,12804.0,KAC_AIRPORT,airline,CAL,중화항공,"{""yyyymm"": ""202509""}"
2025-09-30,kac_S_FPI,1515.0,KAC_AIRPORT,airline,CBJ,북경수도항공,"{""yyyymm"": ""202509""}"
2025-09-30,kac_S_FPI,10503.0,KAC_AIRPORT,airline,CCA,중국국제항공,"{""yyyymm"": ""202509""}"
2025-09-30,kac_S_FPI,6693.0,KAC_AIRPORT,airline,CDC,룽에어,"{""yyyymm"": ""202509""}"
2025-09-30,kac_S_FPI,24049.0,KAC_AIRPORT,airline,CES,중국동방항공,"{""yyyymm"": ""202509""}"
2025-09-30,kac_S_FPI,50594.0,KAC_AIRPORT,airline,CQH,춘추항공,"{""yyyymm"": ""202509""}"
2025-09-30,kac_S_FPI,2259.0,KAC_AIRPORT,airline,CSC,사천항공,"{""yyyymm"": ""202509""}"
2025-09-30,kac_S_FPI,12216.0,KAC_AIRPORT,airline,CSH,상해항공,"{""yyyymm"": ""202509""}"
2025-09-30,kac_S_FPI,7024.0,KAC_AIRPORT,airline,CSN,중국남방항공,"{""yyyymm"": ""202509""}"
2025-09-30,kac_S_FPI,3315.0,KAC_AIRPORT,airline,CSZ,중국심천항공,"{""yyyymm"": ""202509""}"
2025-09-30,kac_S_FPI,307.0,KAC_AIRPORT,airline,CUA,중국연합항공,"{""yyyymm"": ""202509""}"
2025-09-30,kac_S_FPI,256.0,KAC_AIRPORT,airline,CXA,하문항공,"{""yyyymm"": ""202509""}"
2025-09-30,kac_S_FPI,14298.0,KAC_AIRPORT,airline,DKH,길상항공(준야오),"{""yyyymm"": ""202509""}"
2025-09-30,kac_S_FPI,70270.0,KAC_AIRPORT,airline,EOK,에어로케이항공,"{""yyyymm"": ""202509""}"
2025-09-30,kac_S_FPI,262427.0,KAC_AIRPORT,airline,ESR,이스타항공,"{""yyyymm"": ""202509""}"
2025-09-30,kac_S_FPI,2196.0,KAC_AIRPORT,airline,EVA,에바항공,"{""yyyymm"": ""202509""}"
2025-09-30,kac_S_FPI,17847.0,KAC_AIRPORT,airline,HKE,홍콩익스프레스,"{""yyyymm"": ""202509""}"
2025-09-30,kac_S_FPI,22567.0,KAC_AIRPORT,airline,HVN,베트남항공,"{""yyyymm"": ""202509""}"
2025-09-30,kac_S_FPI,16795.0,KAC_AIRPORT,airline,JAL,일본항공,"{""yyyymm"": ""202509""}"
2025-09-30,kac_S_FPI,477495.0,KAC_AIRPORT,airline,JJA,제주항공,"{""yyyymm"": ""202509""}"
2025-09-30,kac_S_FPI,515478.0,KAC_AIRPORT,airline,JNA,진에어,"{""yyyymm"": ""202509""}"
2025-09-30,kac_S_FPI,602288.0,KAC_AIRPORT,airline,KAL,대한항공,"{""yyyymm"": ""202509""}"
2025-09-30,kac_S_FPI,475.0,KAC_AIRPORT,airline,MGL,몽골항공,"{""yyyymm"": ""202509""}"
2025-09-30,kac_S_FPI,4494.0,KAC_AIRPORT,airline,PAL,필리핀항공,"{""yyyymm"": ""202509""}"
2025-09-30,kac_S_FPI,394.0,KAC_AIRPORT,airline,PTA,파라타항공,"{""yyyymm"": ""202509""}"
2025-09-30,kac_S_FPI,1258.0,KAC_AIRPORT,airline,QDA,칭다오항공,"{""yyyymm"": ""202509""}"
2025-09-30,kac_S_FPI,358.0,KAC_AIRPORT,airline,QNT,카놋샤크항공,"{""yyyymm"": ""202509""}"
2025-09-30,kac_S_FPI,2514.0,KAC_AIRPORT,airline,SIA,싱가포르항공,"{""yyyymm"": ""202509""}"
2025-09-30,kac_S_FPI,3765.0,KAC_AIRPORT,airline,TGW,스쿠트 항공,"{""yyyymm"": ""202509""}"
2025-09-30,kac_S_FPI,15884.0,KAC_AIRPORT,airline,TTW,타이거에어 타이완,"{""yyyymm"": ""202509""}"
2025-09-30,kac_S_FPI,429865.0,KAC_AIRPORT,airline,TWB,티웨이항공,"{""yyyymm"": ""202509""}"
2025-09-30,kac_S_FPI,31656.0,KAC_AIRPORT,airline,VJC,비엣젯항공,"{""yyyymm"": ""202509""}"
2025-09-30,kac_S_FPO,424304.0,KAC_AIRPORT,airline,AAR,아시아나항공,"{""yyyymm"": ""202509""}"
2025-09-30,kac_S_FPO,316759.0,KAC_AIRPORT,airline,ABL,에어부산,"{""yyyymm"": ""202509""}"
2025-09-30,kac_S_FPO,18096.0,KAC_AIRPORT,airline,ANA,전일본공수,"{""yyyymm"": ""202509""}"
2025-09-30,kac_S_FPO,18598.0,KAC_AIRPORT,airline,APJ,피치항공,"{""yyyymm"": ""202509""}"
2025-09-30,kac_S_FPO,44350.0,KAC_AIRPORT,airline,ASV,에어서울,"{""yyyymm"": ""202509""}"
2025-09-30,kac_S_FPO,14936.0,KAC_AIRPORT,airline,CAL,중화항공,"{""yyyymm"": ""202509""}"
2025-09-30,kac_S_FPO,1466.0,KAC_AIRPORT,airline,CBJ,북경수도항공,"{""yyyymm"": ""202509""}"
2025-09-30,kac_S_FPO,10228.0,KAC_AIRPORT,airline,CCA,중국국제항공,"{""yyyymm"": ""202509""}"
2025-09-30,kac_S_FPO,6931.0,KAC_AIRPORT,airline,CDC,룽에어,"{""yyyymm"": ""202509""}"
2025-09-30,kac_S_FPO,24786.0,KAC_AIRPORT,airline,CES,중국동방항공,"{""yyyymm"": ""202509""}"
2025-09-30,kac_S_FPO,47296.0,KAC_AIRPORT,airline,CQH,춘추항공,"{""yyyymm"": ""202509""}"
2025-09-30,kac_S_FPO,2202.0,KAC_AIRPORT,airline,CSC,사천항공,"{""yyyymm"": ""202509""}"
2025-09-30,kac_S_FPO,11173.0,KAC_AIRPORT,airline,CSH,상해항공,"{""yyyymm"": ""202509""}"
2025-09-30,kac_S_FPO,7050.0,KAC_AIRPORT,airline,CSN,중국남방항공,"{""yyyymm"": ""202509""}"
2025-09-30,kac_S_FPO,3334.0,KAC_AIRPORT,airline,CSZ,중국심천항공,"{""yyyymm"": ""202509""}"
2025-09-30,kac_S_FPO,199.0,KAC_AIRPORT,airline,CUA,중국연합항공,"{""yyyymm"": ""202509""}"
2025-09-30,kac_S_FPO,106.0,KAC_AIRPORT,airline,CXA,하문항공,"{""yyyymm"": ""202509""}"
2025-09-30,kac_S_FPO,13623.0,KAC_AIRPORT,airline,DKH,길상항공(준야오),"{""yyyymm"": ""202509""}"
2025-09-30,kac_S_FPO,71725.0,KAC_AIRPORT,airline,EOK,에어로케이항공,"{""yyyymm"": ""202509""}"
2025-09-30,kac_S_FPO,262514.0,KAC_AIRPORT,airline,ESR,이스타항공,"{""yyyymm"": ""202509""}"
2025-09-30,kac_S_FPO,2743.0,KAC_AIRPORT,airline,EVA,에바항공,"{""yyyymm"": ""202509""}"
2025-09-30,kac_S_FPO,16248.0,KAC_AIRPORT,airline,HKE,홍콩익스프레스,"{""yyyymm"": ""202509""}"
2025-09-30,kac_S_FPO,22336.0,KAC_AIRPORT,airline,HVN,베트남항공,"{""yyyymm"": ""202509""}"
2025-09-30,kac_S_FPO,18495.0,KAC_AIRPORT,airline,JAL,일본항공,"{""yyyymm"": ""202509""}"
2025-09-30,kac_S_FPO,476206.0,KAC_AIRPORT,airline,JJA,제주항공,"{""yyyymm"": ""202509""}"
2025-09-30,kac_S_FPO,514774.0,KAC_AIRPORT,airline,JNA,진에어,"{""yyyymm"": ""202509""}"
2025-09-30,kac_S_FPO,607641.0,KAC_AIRPORT,airline,KAL,대한항공,"{""yyyymm"": ""202509""}"
2025-09-30,kac_S_FPO,490.0,KAC_AIRPORT,airline,MGL,몽골항공,"{""yyyymm"": ""202509""}"
2025-09-30,kac_S_FPO,4919.0,KAC_AIRPORT,airline,PAL,필리핀항공,"{""yyyymm"": ""202509""}"
2025-09-30,kac_S_FPO,394.0,KAC_AIRPORT,airline,PTA,파라타항공,"{""yyyymm"": ""202509""}"
2025-09-30,kac_S_FPO,1054.0,KAC_AIRPORT,airline,QDA,칭다오항공,"{""yyyymm"": ""202509""}"
2025-09-30,kac_S_FPO,297.0,KAC_AIRPORT,airline,QNT,카놋샤크항공,"{""yyyymm"": ""202509""}"
2025-09-30,kac_S_FPO,2453.0,KAC_AIRPORT,airline,SIA,싱가포르항공,"{""yyyymm"": ""202509""}"
2025-09-30,kac_S_FPO,3557.0,KAC_AIRPORT,airline,TGW,스쿠트 항공,"{""yyyymm"": ""202509""}"
2025-09-30,kac_S_FPO,16411.0,KAC_AIRPORT,airline,TTW,타이거에어 타이완,"{""yyyymm"": ""202509""}"
2025-09-30,kac_S_FPO,432130.0,KAC_AIRPORT,airline,TWB,티웨이항공,"{""yyyymm"": ""202509""}"
2025-09-30,kac_S_FPO,28048.0,KAC_AIRPORT,airline,VJC,비엣젯항공,"{""yyyymm"": ""202509""}"
2025-09-30,kac_S_MFI,0.0,KAC_AIRPORT,airline,AAR,아시아나항공,"{""yyyymm"": ""202509""}"
2025-09-30,kac_S_MFI,0.0,KAC_AIRPORT,airline,ABL,에어부산,"{""yyyymm"": ""202509""}"
2025-09-30,kac_S_MFI,0.0,KAC_AIRPORT,airline,ANA,전일본공수,"{""yyyymm"": ""202509""}"
2025-09-30,kac_S_MFI,60.0,KAC_AIRPORT,airline,APJ,피치항공,"{""yyyymm"": ""202509""}"
2025-09-30,kac_S_MFI,0.0,KAC_AIRPORT,airline,ASV,에어서울,"{""yyyymm"": ""202509""}"
2025-09-30,kac_S_MFI,0.0,KAC_AIRPORT,airline,CAL,중화항공,"{""yyyymm"": ""202509""}"
2025-09-30,kac_S_MFI,0.0,KAC_AIRPORT,airline,CBJ,북경수도항공,"{""yyyymm"": ""202509""}"
2025-09-30,kac_S_MFI,0.0,KAC_AIRPORT,airline,CCA,중국국제항공,"{""yyyymm"": ""202509""}"
2025-09-30,kac_S_MFI,0.0,KAC_AIRPORT,airline,CDC,룽에어,"{""yyyymm"": ""202509""}"
2025-09-30,kac_S_MFI,0.0,KAC_AIRPORT,airline,CES,중국동방항공,"{""yyyymm"": ""202509""}"
2025-09-30,kac_S_MFI,0.0,KAC_AIRPORT,airline,CQH,춘추항공,"{""yyyymm"": ""202509""}"
2025-09-30,kac_S_MFI,0.0,KAC_AIRPORT,airline,CSC,사천항공,"{""yyyymm"": ""202509""}"
2025-09-30,kac_S_MFI,0.0,KAC_AIRPORT,airline,CSH,상해항공,"{""yyyymm"": ""202509""}"
2025-09-30,kac_S_MFI,0.0,KAC_AIRPORT,airline,CSN,중국남방항공,"{""yyyymm"": ""202509""}"
2025-09-30,kac_S_MFI,0.0,KAC_AIRPORT,airline,CSZ,중국심천항공,"{""yyyymm"": ""202509""}"
2025-09-30,kac_S_MFI,0.0,KAC_AIRPORT,airline,CUA,중국연합항공,"{""yyyymm"": ""202509""}"
2025-09-30,kac_S_MFI,0.0,KAC_AIRPORT,airline,CXA,하문항공,"{""yyyymm"": ""202509""}"
2025-09-30,kac_S_MFI,0.0,KAC_AIRPORT,airline,DKH,길상항공(준야오),"{""yyyymm"": ""202509""}"
2025-09-30,kac_S_MFI,0.0,KAC_AIRPORT,airline,EOK,에어로케이항공,"{""yyyymm"": ""202509""}"
2025-09-30,kac_S_MFI,0.0,KAC_AIRPORT,airline,ESR,이스타항공,"{""yyyymm"": ""202509""}"
2025-09-30,kac_S_MFI,0.0,KAC_AIRPORT,airline,EVA,에바항공,"{""yyyymm"": ""202509""}"
2025-09-30,kac_S_MFI,0.0,KAC_AIRPORT,airline,HKE,홍콩익스프레스,"{""yyyymm"": ""202509""}"
2025-09-30,kac_S_MFI,0.0,KAC_AIRPORT,airline,HVN,베트남항공,"{""yyyymm"": ""202509""}"
2025-09-30,kac_S_MFI,15659.0,KAC_AIRPORT,airline,JAL,일본항공,"{""yyyymm"": ""202509""}"
2025-09-30,kac_S_MFI,0.0,KAC_AIRPORT,airline,JJA,제주항공,"{""yyyymm"": ""202509""}"
2025-09-30,kac_S_MFI,0.0,KAC_AIRPORT,airline,JNA,진에어,"{""yyyymm"": ""202509""}"
2025-09-30,kac_S_MFI,28182.0,KAC_AIRPORT,airline,KAL,대한항공,"{""yyyymm"": ""202509""}"
2025-09-30,kac_S_MFI,0.0,KAC_AIRPORT,airline,MGL,몽골항공,"{""yyyymm"": ""202509""}"
2025-09-30,kac_S_MFI,0.0,KAC_AIRPORT,airline,PAL,필리핀항공,"{""yyyymm"": ""202509""}"
2025-09-30,kac_S_MFI,0.0,KAC_AIRPORT,airline,PTA,파라타항공,"{""yyyymm"": ""202509""}"
2025-09-30,kac_S_MFI,0.0,KAC_AIRPORT,airline,QDA,칭다오항공,"{""yyyymm"": ""202509""}"
2025-09-30,kac_S_MFI,0.0,KAC_AIRPORT,airline,QNT,카놋샤크항공,"{""yyyymm"": ""202509""}"
2025-09-30,kac_S_MFI,0.0,KAC_AIRPORT,airline,SIA,싱가포르항공,"{""yyyymm"": ""202509""}"
2025-09-30,kac_S_MFI,0.0,KAC_AIRPORT,airline,TGW,스쿠트 항공,"{""yyyymm"": ""202509""}"
2025-09-30,kac_S_MFI,0.0,KAC_AIRPORT,airline,TTW,타이거에어 타이완,"{""yyyymm"": ""202509""}"
2025-09-30,kac_S_MFI,960.0,KAC_AIRPORT,airline,TWB,티웨이항공,"{""yyyymm"": ""202509""}"
2025-09-30,kac_S_MFI,97.0,KAC_AIRPORT,airline,VJC,비엣젯항공,"{""yyyymm"": ""202509""}"
2025-09-30,kac_S_MFO,0.0,KAC_AIRPORT,airline,AAR,아시아나항공,"{""yyyymm"": ""202509""}"
2025-09-30,kac_S_MFO,0.0,KAC_AIRPORT,airline,ABL,에어부산,"{""yyyymm"": ""202509""}"
2025-09-30,kac_S_MFO,0.0,KAC_AIRPORT,airline,ANA,전일본공수,"{""yyyymm"": ""202509""}"
2025-09-30,kac_S_MFO,0.0,KAC_AIRPORT,airline,APJ,피치항공,"{""yyyymm"": ""202509""}"
2025-09-30,kac_S_MFO,0.0,KAC_AIRPORT,airline,ASV,에어서울,"{""yyyymm"": ""202509""}"
2025-09-30,kac_S_MFO,0.0,KAC_AIRPORT,airline,CAL,중화항공,"{""yyyymm"": ""202509""}"
2025-09-30,kac_S_MFO,0.0,KAC_AIRPORT,airline,CBJ,북경수도항공,"{""yyyymm"": ""202509""}"
2025-09-30,kac_S_MFO,0.0,KAC_AIRPORT,airline,CCA,중국국제항공,"{""yyyymm"": ""202509""}"
2025-09-30,kac_S_MFO,0.0,KAC_AIRPORT,airline,CDC,룽에어,"{""yyyymm"": ""202509""}"
2025-09-30,kac_S_MFO,0.0,KAC_AIRPORT,airline,CES,중국동방항공,"{""yyyymm"": ""202509""}"
2025-09-30,kac_S_MFO,0.0,KAC_AIRPORT,airline,CQH,춘추항공,"{""yyyymm"": ""202509""}"
2025-09-30,kac_S_MFO,0.0,KAC_AIRPORT,airline,CSC,사천항공,"{""yyyymm"": ""202509""}"
2025-09-30,kac_S_MFO,0.0,KAC_AIRPORT,airline,CSH,상해항공,"{""yyyymm"": ""202509""}"
2025-09-30,kac_S_MFO,0.0,KAC_AIRPORT,airline,CSN,중국남방항공,"{""yyyymm"": ""202509""}"
2025-09-30,kac_S_MFO,0.0,KAC_AIRPORT,airline,CSZ,중국심천항공,"{""yyyymm"": ""202509""}"
2025-09-30,kac_S_MFO,0.0,KAC_AIRPORT,airline,CUA,중국연합항공,"{""yyyymm"": ""202509""}"
2025-09-30,kac_S_MFO,0.0,KAC_AIRPORT,airline,CXA,하문항공,"{""yyyymm"": ""202509""}"
2025-09-30,kac_S_MFO,0.0,KAC_AIRPORT,airline,DKH,길상항공(준야오),"{""yyyymm"": ""202509""}"
2025-09-30,kac_S_MFO,0.0,KAC_AIRPORT,airline,EOK,에어로케이항공,"{""yyyymm"": ""202509""}"
2025-09-30,kac_S_MFO,0.0,KAC_AIRPORT,airline,ESR,이스타항공,"{""yyyymm"": ""202509""}"
2025-09-30,kac_S_MFO,0.0,KAC_AIRPORT,airline,EVA,에바항공,"{""yyyymm"": ""202509""}"
2025-09-30,kac_S_MFO,0.0,KAC_AIRPORT,airline,HKE,홍콩익스프레스,"{""yyyymm"": ""202509""}"
2025-09-30,kac_S_MFO,0.0,KAC_AIRPORT,airline,HVN,베트남항공,"{""yyyymm"": ""202509""}"
2025-09-30,kac_S_MFO,2998.0,KAC_AIRPORT,airline,JAL,일본항공,"{""yyyymm"": ""202509""}"
2025-09-30,kac_S_MFO,0.0,KAC_AIRPORT,airline,JJA,제주항공,"{""yyyymm"": ""202509""}"
2025-09-30,kac_S_MFO,0.0,KAC_AIRPORT,airline,JNA,진에어,"{""yyyymm"": ""202509""}"
2025-09-30,kac_S_MFO,0.0,KAC_AIRPORT,airline,KAL,대한항공,"{""yyyymm"": ""202509""}"
2025-09-30,kac_S_MFO,0.0,KAC_AIRPORT,airline,MGL,몽골항공,"{""yyyymm"": ""202509""}"
2025-09-30,kac_S_MFO,0.0,KAC_AIRPORT,airline,PAL,필리핀항공,"{""yyyymm"": ""202509""}"
2025-09-30,kac_S_MFO,0.0,KAC_AIRPORT,airline,PTA,파라타항공,"{""yyyymm"": ""202509""}"
2025-09-30,kac_S_MFO,0.0,KAC_AIRPORT,airline,QDA,칭다오항공,"{""yyyymm"": ""202509""}"
2025-09-30,kac_S_MFO,0.0,KAC_AIRPORT,airline,QNT,카놋샤크항공,"{""yyyymm"": ""202509""}"
2025-09-30,kac_S_MFO,0.0,KAC_AIRPORT,airline,SIA,싱가포르항공,"{""yyyymm"": ""202509""}"
2025-09-30,kac_S_MFO,0.0,KAC_AIRPORT,airline,TGW,스쿠트 항공,"{""yyyymm"": ""202509""}"
2025-09-30,kac_S_MFO,0.0,KAC_AIRPORT,airline,TTW,타이거에어 타이완,"{""yyyymm"": ""202509""}"
2025-09-30,kac_S_MFO,960.0,KAC_AIRPORT,airline,TWB,티웨이항공,"{""yyyymm"": ""202509""}"
2025-09-30,kac_S_MFO,55.0,KAC_AIRPORT,airline,VJC,비엣젯항공,"{""yyyymm"": ""202509""}"
2025-09-30,kac_S_NPI,6403.0,KAC_AIRPORT,airline,AAR,아시아나항공,"{""yyyymm"": ""202509""}"
2025-09-30,kac_S_NPI,2683.0,KAC_AIRPORT,airline,ABL,에어부산,"{""yyyymm"": ""202509""}"
2025-09-30,kac_S_NPI,59.0,KAC_AIRPORT,airline,ANA,전일본공수,"{""yyyymm"": ""202509""}"
2025-09-30,kac_S_NPI,89.0,KAC_AIRPORT,airline,APJ,피치항공,"{""yyyymm"": ""202509""}"
2025-09-30,kac_S_NPI,469.0,KAC_AIRPORT,airline,ASV,에어서울,"{""yyyymm"": ""202509""}"
2025-09-30,kac_S_NPI,118.0,KAC_AIRPORT,airline,CAL,중화항공,"{""yyyymm"": ""202509""}"
2025-09-30,kac_S_NPI,11.0,KAC_AIRPORT,airline,CBJ,북경수도항공,"{""yyyymm"": ""202509""}"
2025-09-30,kac_S_NPI,48.0,KAC_AIRPORT,airline,CCA,중국국제항공,"{""yyyymm"": ""202509""}"
2025-09-30,kac_S_NPI,32.0,KAC_AIRPORT,airline,CDC,룽에어,"{""yyyymm"": ""202509""}"
2025-09-30,kac_S_NPI,129.0,KAC_AIRPORT,airline,CES,중국동방항공,"{""yyyymm"": ""202509""}"
2025-09-30,kac_S_NPI,241.0,KAC_AIRPORT,airline,CQH,춘추항공,"{""yyyymm"": ""202509""}"
2025-09-30,kac_S_NPI,0.0,KAC_AIRPORT,airline,CSC,사천항공,"{""yyyymm"": ""202509""}"
2025-09-30,kac_S_NPI,33.0,KAC_AIRPORT,airline,CSH,상해항공,"{""yyyymm"": ""202509""}"
2025-09-30,kac_S_NPI,39.0,KAC_AIRPORT,airline,CSN,중국남방항공,"{""yyyymm"": ""202509""}"
2025-09-30,kac_S_NPI,19.0,KAC_AIRPORT,airline,CSZ,중국심천항공,"{""yyyymm"": ""202509""}"
2025-09-30,kac_S_NPI,0.0,KAC_AIRPORT,airline,CUA,중국연합항공,"{""yyyymm"": ""202509""}"
2025-09-30,kac_S_NPI,0.0,KAC_AIRPORT,airline,CXA,하문항공,"{""yyyymm"": ""202509""}"
2025-09-30,kac_S_NPI,73.0,KAC_AIRPORT,airline,DKH,길상항공(준야오),"{""yyyymm"": ""202509""}"
2025-09-30,kac_S_NPI,585.0,KAC_AIRPORT,airline,EOK,에어로케이항공,"{""yyyymm"": ""202509""}"
2025-09-30,kac_S_NPI,2215.0,KAC_AIRPORT,airline,ESR,이스타항공,"{""yyyymm"": ""202509""}"
2025-09-30,kac_S_NPI,20.0,KAC_AIRPORT,airline,EVA,에바항공,"{""yyyymm"": ""202509""}"
2025-09-30,kac_S_NPI,35.0,KAC_AIRPORT,airline,HKE,홍콩익스프레스,"{""yyyymm"": ""202509""}"
2025-09-30,kac_S_NPI,235.0,KAC_AIRPORT,airline,HVN,베트남항공,"{""yyyymm"": ""202509""}"
2025-09-30,kac_S_NPI,82.0,KAC_AIRPORT,airline,JAL,일본항공,"{""yyyymm"": ""202509""}"
2025-09-30,kac_S_NPI,4595.0,KAC_AIRPORT,airline,JJA,제주항공,"{""yyyymm"": ""202509""}"
2025-09-30,kac_S_NPI,6457.0,KAC_AIRPORT,airline,JNA,진에어,"{""yyyymm"": ""202509""}"
2025-09-30,kac_S_NPI,7901.0,KAC_AIRPORT,airline,KAL,대한항공,"{""yyyymm"": ""202509""}"
2025-09-30,kac_S_NPI,6.0,KAC_AIRPORT,airline,MGL,몽골항공,"{""yyyymm"": ""202509""}"
2025-09-30,kac_S_NPI,14.0,KAC_AIRPORT,airline,PAL,필리핀항공,"{""yyyymm"": ""202509""}"
2025-09-30,kac_S_NPI,9.0,KAC_AIRPORT,airline,PTA,파라타항공,"{""yyyymm"": ""202509""}"
2025-09-30,kac_S_NPI,8.0,KAC_AIRPORT,airline,QDA,칭다오항공,"{""yyyymm"": ""202509""}"
2025-09-30,kac_S_NPI,9.0,KAC_AIRPORT,airline,QNT,카놋샤크항공,"{""yyyymm"": ""202509""}"
2025-09-30,kac_S_NPI,24.0,KAC_AIRPORT,airline,SIA,싱가포르항공,"{""yyyymm"": ""202509""}"
2025-09-30,kac_S_NPI,51.0,KAC_AIRPORT,airline,TGW,스쿠트 항공,"{""yyyymm"": ""202509""}"
2025-09-30,kac_S_NPI,169.0,KAC_AIRPORT,airline,TTW,타이거에어 타이완,"{""yyyymm"": ""202509""}"
2025-09-30,kac_S_NPI,4292.0,KAC_AIRPORT,airline,TWB,티웨이항공,"{""yyyymm"": ""202509""}"
2025-09-30,kac_S_NPI,236.0,KAC_AIRPORT,airline,VJC,비엣젯항공,"{""yyyymm"": ""202509""}"
2025-09-30,kac_S_NPO,6404.0,KAC_AIRPORT,airline,AAR,아시아나항공,"{""yyyymm"": ""202509""}"
2025-09-30,kac_S_NPO,2687.0,KAC_AIRPORT,airline,ABL,에어부산,"{""yyyymm"": ""202509""}"
2025-09-30,kac_S_NPO,92.0,KAC_AIRPORT,airline,ANA,전일본공수,"{""yyyymm"": ""202509""}"
2025-09-30,kac_S_NPO,88.0,KAC_AIRPORT,airline,APJ,피치항공,"{""yyyymm"": ""202509""}"
2025-09-30,kac_S_NPO,469.0,KAC_AIRPORT,airline,ASV,에어서울,"{""yyyymm"": ""202509""}"
2025-09-30,kac_S_NPO,140.0,KAC_AIRPORT,airline,CAL,중화항공,"{""yyyymm"": ""202509""}"
2025-09-30,kac_S_NPO,5.0,KAC_AIRPORT,airline,CBJ,북경수도항공,"{""yyyymm"": ""202509""}"
2025-09-30,kac_S_NPO,27.0,KAC_AIRPORT,airline,CCA,중국국제항공,"{""yyyymm"": ""202509""}"
2025-09-30,kac_S_NPO,19.0,KAC_AIRPORT,airline,CDC,룽에어,"{""yyyymm"": ""202509""}"
2025-09-30,kac_S_NPO,136.0,KAC_AIRPORT,airline,CES,중국동방항공,"{""yyyymm"": ""202509""}"
2025-09-30,kac_S_NPO,212.0,KAC_AIRPORT,airline,CQH,춘추항공,"{""yyyymm"": ""202509""}"
2025-09-30,kac_S_NPO,0.0,KAC_AIRPORT,airline,CSC,사천항공,"{""yyyymm"": ""202509""}"
2025-09-30,kac_S_NPO,13.0,KAC_AIRPORT,airline,CSH,상해항공,"{""yyyymm"": ""202509""}"
2025-09-30,kac_S_NPO,19.0,KAC_AIRPORT,airline,CSN,중국남방항공,"{""yyyymm"": ""202509""}"
2025-09-30,kac_S_NPO,20.0,KAC_AIRPORT,airline,CSZ,중국심천항공,"{""yyyymm"": ""202509""}"
2025-09-30,kac_S_NPO,0.0,KAC_AIRPORT,airline,CUA,중국연합항공,"{""yyyymm"": ""202509""}"
2025-09-30,kac_S_NPO,0.0,KAC_AIRPORT,airline,CXA,하문항공,"{""yyyymm"": ""202509""}"
2025-09-30,kac_S_NPO,78.0,KAC_AIRPORT,airline,DKH,길상항공(준야오),"{""yyyymm"": ""202509""}"
2025-09-30,kac_S_NPO,613.0,KAC_AIRPORT,airline,EOK,에어로케이항공,"{""yyyymm"": ""202509""}"
2025-09-30,kac_S_NPO,2239.0,KAC_AIRPORT,airline,ESR,이스타항공,"{""yyyymm"": ""202509""}"
2025-09-30,kac_S_NPO,18.0,KAC_AIRPORT,airline,EVA,에바항공,"{""yyyymm"": ""202509""}"
2025-09-30,kac_S_NPO,42.0,KAC_AIRPORT,airline,HKE,홍콩익스프레스,"{""yyyymm"": ""202509""}"
2025-09-30,kac_S_NPO,297.0,KAC_AIRPORT,airline,HVN,베트남항공,"{""yyyymm"": ""202509""}"
2025-09-30,kac_S_NPO,98.0,KAC_AIRPORT,airline,JAL,일본항공,"{""yyyymm"": ""202509""}"
2025-09-30,kac_S_NPO,4558.0,KAC_AIRPORT,airline,JJA,제주항공,"{""yyyymm"": ""202509""}"
2025-09-30,kac_S_NPO,6474.0,KAC_AIRPORT,airline,JNA,진에어,"{""yyyymm"": ""202509""}"
2025-09-30,kac_S_NPO,7956.0,KAC_AIRPORT,airline,KAL,대한항공,"{""yyyymm"": ""202509""}"
2025-09-30,kac_S_NPO,5.0,KAC_AIRPORT,airline,MGL,몽골항공,"{""yyyymm"": ""202509""}"
2025-09-30,kac_S_NPO,13.0,KAC_AIRPORT,airline,PAL,필리핀항공,"{""yyyymm"": ""202509""}"
2025-09-30,kac_S_NPO,9.0,KAC_AIRPORT,airline,PTA,파라타항공,"{""yyyymm"": ""202509""}"
2025-09-30,kac_S_NPO,5.0,KAC_AIRPORT,airline,QDA,칭다오항공,"{""yyyymm"": ""202509""}"
2025-09-30,kac_S_NPO,12.0,KAC_AIRPORT,airline,QNT,카놋샤크항공,"{""yyyymm"": ""202509""}"
2025-09-30,kac_S_NPO,23.0,KAC_AIRPORT,airline,SIA,싱가포르항공,"{""yyyymm"": ""202509""}"
2025-09-30,kac_S_NPO,52.0,KAC_AIRPORT,airline,TGW,스쿠트 항공,"{""yyyymm"": ""202509""}"
2025-09-30,kac_S_NPO,162.0,KAC_AIRPORT,airline,TTW,타이거에어 타이완,"{""yyyymm"": ""202509""}"
2025-09-30,kac_S_NPO,4284.0,KAC_AIRPORT,airline,TWB,티웨이항공,"{""yyyymm"": ""202509""}"
2025-09-30,kac_S_NPO,252.0,KAC_AIRPORT,airline,VJC,비엣젯항공,"{""yyyymm"": ""202509""}"
2025-09-30,kac_S_OCI,2432.0,KAC_AIRPORT,airline,AAR,아시아나항공,"{""yyyymm"": ""202509""}"
2025-09-30,kac_S_OCI,1975.0,KAC_AIRPORT,airline,ABL,에어부산,"{""yyyymm"": ""202509""}"
2025-09-30,kac_S_OCI,90.0,KAC_AIRPORT,airline,ANA,전일본공수,"{""yyyymm"": ""202509""}"
2025-09-30,kac_S_OCI,120.0,KAC_AIRPORT,airline,APJ,피치항공,"{""yyyymm"": ""202509""}"
2025-09-30,kac_S_OCI,230.0,KAC_AIRPORT,airline,ASV,에어서울,"{""yyyymm"": ""202509""}"
2025-09-30,kac_S_OCI,88.0,KAC_AIRPORT,airline,CAL,중화항공,"{""yyyymm"": ""202509""}"
2025-09-30,kac_S_OCI,9.0,KAC_AIRPORT,airline,CBJ,북경수도항공,"{""yyyymm"": ""202509""}"
2025-09-30,kac_S_OCI,75.0,KAC_AIRPORT,airline,CCA,중국국제항공,"{""yyyymm"": ""202509""}"
2025-09-30,kac_S_OCI,44.0,KAC_AIRPORT,airline,CDC,룽에어,"{""yyyymm"": ""202509""}"
2025-09-30,kac_S_OCI,154.0,KAC_AIRPORT,airline,CES,중국동방항공,"{""yyyymm"": ""202509""}"
2025-09-30,kac_S_OCI,286.0,KAC_AIRPORT,airline,CQH,춘추항공,"{""yyyymm"": ""202509""}"
2025-09-30,kac_S_OCI,16.0,KAC_AIRPORT,airline,CSC,사천항공,"{""yyyymm"": ""202509""}"
2025-09-30,kac_S_OCI,60.0,KAC_AIRPORT,airline,CSH,상해항공,"{""yyyymm"": ""202509""}"
2025-09-30,kac_S_OCI,39.0,KAC_AIRPORT,airline,CSN,중국남방항공,"{""yyyymm"": ""202509""}"
2025-09-30,kac_S_OCI,29.0,KAC_AIRPORT,airline,CSZ,중국심천항공,"{""yyyymm"": ""202509""}"
2025-09-30,kac_S_OCI,3.0,KAC_AIRPORT,airline,CUA,중국연합항공,"{""yyyymm"": ""202509""}"
2025-09-30,kac_S_OCI,3.0,KAC_AIRPORT,airline,CXA,하문항공,"{""yyyymm"": ""202509""}"
2025-09-30,kac_S_OCI,107.0,KAC_AIRPORT,airline,DKH,길상항공(준야오),"{""yyyymm"": ""202509""}"
2025-09-30,kac_S_OCI,533.0,KAC_AIRPORT,airline,EOK,에어로케이항공,"{""yyyymm"": ""202509""}"
2025-09-30,kac_S_OCI,1578.0,KAC_AIRPORT,airline,ESR,이스타항공,"{""yyyymm"": ""202509""}"
2025-09-30,kac_S_OCI,17.0,KAC_AIRPORT,airline,EVA,에바항공,"{""yyyymm"": ""202509""}"
2025-09-30,kac_S_OCI,105.0,KAC_AIRPORT,airline,HKE,홍콩익스프레스,"{""yyyymm"": ""202509""}"
2025-09-30,kac_S_OCI,90.0,KAC_AIRPORT,airline,HVN,베트남항공,"{""yyyymm"": ""202509""}"
2025-09-30,kac_S_OCI,90.0,KAC_AIRPORT,airline,JAL,일본항공,"{""yyyymm"": ""202509""}"
2025-09-30,kac_S_OCI,2799.0,KAC_AIRPORT,airline,JJA,제주항공,"{""yyyymm"": ""202509""}"
2025-09-30,kac_S_OCI,2969.0,KAC_AIRPORT,airline,JNA,진에어,"{""yyyymm"": ""202509""}"
2025-09-30,kac_S_OCI,3925.0,KAC_AIRPORT,airline,KAL,대한항공,"{""yyyymm"": ""202509""}"
2025-09-30,kac_S_OCI,5.0,KAC_AIRPORT,airline,MGL,몽골항공,"{""yyyymm"": ""202509""}"
2025-09-30,kac_S_OCI,30.0,KAC_AIRPORT,airline,PAL,필리핀항공,"{""yyyymm"": ""202509""}"
2025-09-30,kac_S_OCI,2.0,KAC_AIRPORT,airline,PTA,파라타항공,"{""yyyymm"": ""202509""}"
2025-09-30,kac_S_OCI,9.0,KAC_AIRPORT,airline,QDA,칭다오항공,"{""yyyymm"": ""202509""}"
2025-09-30,kac_S_OCI,4.0,KAC_AIRPORT,airline,QNT,카놋샤크항공,"{""yyyymm"": ""202509""}"
2025-09-30,kac_S_OCI,17.0,KAC_AIRPORT,airline,SIA,싱가포르항공,"{""yyyymm"": ""202509""}"
2025-09-30,kac_S_OCI,22.0,KAC_AIRPORT,airline,TGW,스쿠트 항공,"{""yyyymm"": ""202509""}"
2025-09-30,kac_S_OCI,107.0,KAC_AIRPORT,airline,TTW,타이거에어 타이완,"{""yyyymm"": ""202509""}"
2025-09-30,kac_S_OCI,2650.0,KAC_AIRPORT,airline,TWB,티웨이항공,"{""yyyymm"": ""202509""}"
2025-09-30,kac_S_OCI,166.0,KAC_AIRPORT,airline,VJC,비엣젯항공,"{""yyyymm"": ""202509""}"
2025-09-30,kac_S_OCO,2433.0,KAC_AIRPORT,airline,AAR,아시아나항공,"{""yyyymm"": ""202509""}"
2025-09-30,kac_S_OCO,1971.0,KAC_AIRPORT,airline,ABL,에어부산,"{""yyyymm"": ""202509""}"
2025-09-30,kac_S_OCO,89.0,KAC_AIRPORT,airline,ANA,전일본공수,"{""yyyymm"": ""202509""}"
2025-09-30,kac_S_OCO,120.0,KAC_AIRPORT,airline,APJ,피치항공,"{""yyyymm"": ""202509""}"
2025-09-30,kac_S_OCO,230.0,KAC_AIRPORT,airline,ASV,에어서울,"{""yyyymm"": ""202509""}"
2025-09-30,kac_S_OCO,88.0,KAC_AIRPORT,airline,CAL,중화항공,"{""yyyymm"": ""202509""}"
2025-09-30,kac_S_OCO,9.0,KAC_AIRPORT,airline,CBJ,북경수도항공,"{""yyyymm"": ""202509""}"
2025-09-30,kac_S_OCO,75.0,KAC_AIRPORT,airline,CCA,중국국제항공,"{""yyyymm"": ""202509""}"
2025-09-30,kac_S_OCO,44.0,KAC_AIRPORT,airline,CDC,룽에어,"{""yyyymm"": ""202509""}"
2025-09-30,kac_S_OCO,154.0,KAC_AIRPORT,airline,CES,중국동방항공,"{""yyyymm"": ""202509""}"
2025-09-30,kac_S_OCO,286.0,KAC_AIRPORT,airline,CQH,춘추항공,"{""yyyymm"": ""202509""}"
2025-09-30,kac_S_OCO,16.0,KAC_AIRPORT,airline,CSC,사천항공,"{""yyyymm"": ""202509""}"
2025-09-30,kac_S_OCO,60.0,KAC_AIRPORT,airline,CSH,상해항공,"{""yyyymm"": ""202509""}"
2025-09-30,kac_S_OCO,39.0,KAC_AIRPORT,airline,CSN,중국남방항공,"{""yyyymm"": ""202509""}"
2025-09-30,kac_S_OCO,29.0,KAC_AIRPORT,airline,CSZ,중국심천항공,"{""yyyymm"": ""202509""}"
2025-09-30,kac_S_OCO,2.0,KAC_AIRPORT,airline,CUA,중국연합항공,"{""yyyymm"": ""202509""}"
2025-09-30,kac_S_OCO,3.0,KAC_AIRPORT,airline,CXA,하문항공,"{""yyyymm"": ""202509""}"
2025-09-30,kac_S_OCO,107.0,KAC_AIRPORT,airline,DKH,길상항공(준야오),"{""yyyymm"": ""202509""}"
2025-09-30,kac_S_OCO,532.0,KAC_AIRPORT,airline,EOK,에어로케이항공,"{""yyyymm"": ""202509""}"
2025-09-30,kac_S_OCO,1575.0,KAC_AIRPORT,airline,ESR,이스타항공,"{""yyyymm"": ""202509""}"
2025-09-30,kac_S_OCO,17.0,KAC_AIRPORT,airline,EVA,에바항공,"{""yyyymm"": ""202509""}"
2025-09-30,kac_S_OCO,105.0,KAC_AIRPORT,airline,HKE,홍콩익스프레스,"{""yyyymm"": ""202509""}"
2025-09-30,kac_S_OCO,90.0,KAC_AIRPORT,airline,HVN,베트남항공,"{""yyyymm"": ""202509""}"
2025-09-30,kac_S_OCO,90.0,KAC_AIRPORT,airline,JAL,일본항공,"{""yyyymm"": ""202509""}"
2025-09-30,kac_S_OCO,2797.0,KAC_AIRPORT,airline,JJA,제주항공,"{""yyyymm"": ""202509""}"
2025-09-30,kac_S_OCO,2969.0,KAC_AIRPORT,airline,JNA,진에어,"{""yyyymm"": ""202509""}"
2025-09-30,kac_S_OCO,3924.0,KAC_AIRPORT,airline,KAL,대한항공,"{""yyyymm"": ""202509""}"
2025-09-30,kac_S_OCO,5.0,KAC_AIRPORT,airline,MGL,몽골항공,"{""yyyymm"": ""202509""}"
2025-09-30,kac_S_OCO,30.0,KAC_AIRPORT,airline,PAL,필리핀항공,"{""yyyymm"": ""202509""}"
2025-09-30,kac_S_OCO,2.0,KAC_AIRPORT,airline,PTA,파라타항공,"{""yyyymm"": ""202509""}"
2025-09-30,kac_S_OCO,9.0,KAC_AIRPORT,airline,QDA,칭다오항공,"{""yyyymm"": ""202509""}"
2025-09-30,kac_S_OCO,4.0,KAC_AIRPORT,airline,QNT,카놋샤크항공,"{""yyyymm"": ""202509""}"
2025-09-30,kac_S_OCO,17.0,KAC_AIRPORT,airline,SIA,싱가포르항공,"{""yyyymm"": ""202509""}"
2025-09-30,kac_S_OCO,22.0,KAC_AIRPORT,airline,TGW,스쿠트 항공,"{""yyyymm"": ""202509""}"
2025-09-30,kac_S_OCO,107.0,KAC_AIRPORT,airline,TTW,타이거에어 타이완,"{""yyyymm"": ""202509""}"
2025-09-30,kac_S_OCO,2649.0,KAC_AIRPORT,airline,TWB,티웨이항공,"{""yyyymm"": ""202509""}"
2025-09-30,kac_S_OCO,166.0,KAC_AIRPORT,airline,VJC,비엣젯항공,"{""yyyymm"": ""202509""}"
2025-09-30,kac_S_TSI,21.0,KAC_AIRPORT,airline,AAR,아시아나항공,"{""yyyymm"": ""202509""}"
2025-09-30,kac_S_TSI,145.0,KAC_AIRPORT,airline,ABL,에어부산,"{""yyyymm"": ""202509""}"
2025-09-30,kac_S_TSI,23.0,KAC_AIRPORT,airline,ANA,전일본공수,"{""yyyymm"": ""202509""}"
2025-09-30,kac_S_TSI,0.0,KAC_AIRPORT,airline,APJ,피치항공,"{""yyyymm"": ""202509""}"
2025-09-30,kac_S_TSI,0.0,KAC_AIRPORT,airline,ASV,에어서울,"{""yyyymm"": ""202509""}"
2025-09-30,kac_S_TSI,15.0,KAC_AIRPORT,airline,CAL,중화항공,"{""yyyymm"": ""202509""}"
2025-09-30,kac_S_TSI,0.0,KAC_AIRPORT,airline,CBJ,북경수도항공,"{""yyyymm"": ""202509""}"
2025-09-30,kac_S_TSI,5.0,KAC_AIRPORT,airline,CCA,중국국제항공,"{""yyyymm"": ""202509""}"
2025-09-30,kac_S_TSI,0.0,KAC_AIRPORT,airline,CDC,룽에어,"{""yyyymm"": ""202509""}"
2025-09-30,kac_S_TSI,1.0,KAC_AIRPORT,airline,CES,중국동방항공,"{""yyyymm"": ""202509""}"
2025-09-30,kac_S_TSI,0.0,KAC_AIRPORT,airline,CQH,춘추항공,"{""yyyymm"": ""202509""}"
2025-09-30,kac_S_TSI,0.0,KAC_AIRPORT,airline,CSC,사천항공,"{""yyyymm"": ""202509""}"
2025-09-30,kac_S_TSI,0.0,KAC_AIRPORT,airline,CSH,상해항공,"{""yyyymm"": ""202509""}"
2025-09-30,kac_S_TSI,17.0,KAC_AIRPORT,airline,CSN,중국남방항공,"{""yyyymm"": ""202509""}"
2025-09-30,kac_S_TSI,0.0,KAC_AIRPORT,airline,CSZ,중국심천항공,"{""yyyymm"": ""202509""}"
2025-09-30,kac_S_TSI,0.0,KAC_AIRPORT,airline,CUA,중국연합항공,"{""yyyymm"": ""202509""}"
2025-09-30,kac_S_TSI,0.0,KAC_AIRPORT,airline,CXA,하문항공,"{""yyyymm"": ""202509""}"
2025-09-30,kac_S_TSI,0.0,KAC_AIRPORT,airline,DKH,길상항공(준야오),"{""yyyymm"": ""202509""}"
2025-09-30,kac_S_TSI,1.0,KAC_AIRPORT,airline,EOK,에어로케이항공,"{""yyyymm"": ""202509""}"
2025-09-30,kac_S_TSI,0.0,KAC_AIRPORT,airline,ESR,이스타항공,"{""yyyymm"": ""202509""}"
2025-09-30,kac_S_TSI,2.0,KAC_AIRPORT,airline,EVA,에바항공,"{""yyyymm"": ""202509""}"
2025-09-30,kac_S_TSI,0.0,KAC_AIRPORT,airline,HKE,홍콩익스프레스,"{""yyyymm"": ""202509""}"
2025-09-30,kac_S_TSI,7.0,KAC_AIRPORT,airline,HVN,베트남항공,"{""yyyymm"": ""202509""}"
2025-09-30,kac_S_TSI,16.0,KAC_AIRPORT,airline,JAL,일본항공,"{""yyyymm"": ""202509""}"
2025-09-30,kac_S_TSI,262.0,KAC_AIRPORT,airline,JJA,제주항공,"{""yyyymm"": ""202509""}"
2025-09-30,kac_S_TSI,798.0,KAC_AIRPORT,airline,JNA,진에어,"{""yyyymm"": ""202509""}"
2025-09-30,kac_S_TSI,349.0,KAC_AIRPORT,airline,KAL,대한항공,"{""yyyymm"": ""202509""}"
2025-09-30,kac_S_TSI,1.0,KAC_AIRPORT,airline,MGL,몽골항공,"{""yyyymm"": ""202509""}"
2025-09-30,kac_S_TSI,0.0,KAC_AIRPORT,airline,PAL,필리핀항공,"{""yyyymm"": ""202509""}"
2025-09-30,kac_S_TSI,0.0,KAC_AIRPORT,airline,PTA,파라타항공,"{""yyyymm"": ""202509""}"
2025-09-30,kac_S_TSI,0.0,KAC_AIRPORT,airline,QDA,칭다오항공,"{""yyyymm"": ""202509""}"
2025-09-30,kac_S_TSI,5.0,KAC_AIRPORT,airline,QNT,카놋샤크항공,"{""yyyymm"": ""202509""}"
2025-09-30,kac_S_TSI,0.0,KAC_AIRPORT,airline,SIA,싱가포르항공,"{""yyyymm"": ""202509""}"
2025-09-30,kac_S_TSI,0.0,KAC_AIRPORT,airline,TGW,스쿠트 항공,"{""yyyymm"": ""202509""}"
2025-09-30,kac_S_TSI,0.0,KAC_AIRPORT,airline,TTW,타이거에어 타이완,"{""yyyymm"": ""202509""}"
2025-09-30,kac_S_TSI,518.0,KAC_AIRPORT,airline,TWB,티웨이항공,"{""yyyymm"": ""202509""}"
2025-09-30,kac_S_TSI,30.0,KAC_AIRPORT,airline,VJC,비엣젯항공,"{""yyyymm"": ""202509""}"
2025-09-30,kac_S_TSO,25.0,KAC_AIRPORT,airline,AAR,아시아나항공,"{""yyyymm"": ""202509""}"
2025-09-30,kac_S_TSO,158.0,KAC_AIRPORT,airline,ABL,에어부산,"{""yyyymm"": ""202509""}"
2025-09-30,kac_S_TSO,23.0,KAC_AIRPORT,airline,ANA,전일본공수,"{""yyyymm"": ""202509""}"
2025-09-30,kac_S_TSO,0.0,KAC_AIRPORT,airline,APJ,피치항공,"{""yyyymm"": ""202509""}"
2025-09-30,kac_S_TSO,0.0,KAC_AIRPORT,airline,ASV,에어서울,"{""yyyymm"": ""202509""}"
2025-09-30,kac_S_TSO,2.0,KAC_AIRPORT,airline,CAL,중화항공,"{""yyyymm"": ""202509""}"
2025-09-30,kac_S_TSO,0.0,KAC_AIRPORT,airline,CBJ,북경수도항공,"{""yyyymm"": ""202509""}"
2025-09-30,kac_S_TSO,0.0,KAC_AIRPORT,airline,CCA,중국국제항공,"{""yyyymm"": ""202509""}"
2025-09-30,kac_S_TSO,0.0,KAC_AIRPORT,airline,CDC,룽에어,"{""yyyymm"": ""202509""}"
2025-09-30,kac_S_TSO,0.0,KAC_AIRPORT,airline,CES,중국동방항공,"{""yyyymm"": ""202509""}"
2025-09-30,kac_S_TSO,0.0,KAC_AIRPORT,airline,CQH,춘추항공,"{""yyyymm"": ""202509""}"
2025-09-30,kac_S_TSO,0.0,KAC_AIRPORT,airline,CSC,사천항공,"{""yyyymm"": ""202509""}"
2025-09-30,kac_S_TSO,0.0,KAC_AIRPORT,airline,CSH,상해항공,"{""yyyymm"": ""202509""}"
2025-09-30,kac_S_TSO,3.0,KAC_AIRPORT,airline,CSN,중국남방항공,"{""yyyymm"": ""202509""}"
2025-09-30,kac_S_TSO,0.0,KAC_AIRPORT,airline,CSZ,중국심천항공,"{""yyyymm"": ""202509""}"
2025-09-30,kac_S_TSO,0.0,KAC_AIRPORT,airline,CUA,중국연합항공,"{""yyyymm"": ""202509""}"
2025-09-30,kac_S_TSO,0.0,KAC_AIRPORT,airline,CXA,하문항공,"{""yyyymm"": ""202509""}"
2025-09-30,kac_S_TSO,0.0,KAC_AIRPORT,airline,DKH,길상항공(준야오),"{""yyyymm"": ""202509""}"
2025-09-30,kac_S_TSO,0.0,KAC_AIRPORT,airline,EOK,에어로케이항공,"{""yyyymm"": ""202509""}"
2025-09-30,kac_S_TSO,0.0,KAC_AIRPORT,airline,ESR,이스타항공,"{""yyyymm"": ""202509""}"
2025-09-30,kac_S_TSO,1.0,KAC_AIRPORT,airline,EVA,에바항공,"{""yyyymm"": ""202509""}"
2025-09-30,kac_S_TSO,0.0,KAC_AIRPORT,airline,HKE,홍콩익스프레스,"{""yyyymm"": ""202509""}"
2025-09-30,kac_S_TSO,4.0,KAC_AIRPORT,airline,HVN,베트남항공,"{""yyyymm"": ""202509""}"
2025-09-30,kac_S_TSO,16.0,KAC_AIRPORT,airline,JAL,일본항공,"{""yyyymm"": ""202509""}"
2025-09-30,kac_S_TSO,352.0,KAC_AIRPORT,airline,JJA,제주항공,"{""yyyymm"": ""202509""}"
2025-09-30,kac_S_TSO,823.0,KAC_AIRPORT,airline,JNA,진에어,"{""yyyymm"": ""202509""}"
2025-09-30,kac_S_TSO,337.0,KAC_AIRPORT,airline,KAL,대한항공,"{""yyyymm"": ""202509""}"
2025-09-30,kac_S_TSO,11.0,KAC_AIRPORT,airline,MGL,몽골항공,"{""yyyymm"": ""202509""}"
2025-09-30,kac_S_TSO,0.0,KAC_AIRPORT,airline,PAL,필리핀항공,"{""yyyymm"": ""202509""}"
2025-09-30,kac_S_TSO,0.0,KAC_AIRPORT,airline,PTA,파라타항공,"{""yyyymm"": ""202509""}"
2025-09-30,kac_S_TSO,1.0,KAC_AIRPORT,airline,QDA,칭다오항공,"{""yyyymm"": ""202509""}"
2025-09-30,kac_S_TSO,8.0,KAC_AIRPORT,airline,QNT,카놋샤크항공,"{""yyyymm"": ""202509""}"
2025-09-30,kac_S_TSO,0.0,KAC_AIRPORT,airline,SIA,싱가포르항공,"{""yyyymm"": ""202509""}"
2025-09-30,kac_S_TSO,0.0,KAC_AIRPORT,airline,TGW,스쿠트 항공,"{""yyyymm"": ""202509""}"
2025-09-30,kac_S_TSO,0.0,KAC_AIRPORT,airline,TTW,타이거에어 타이완,"{""yyyymm"": ""202509""}"
2025-09-30,kac_S_TSO,522.0,KAC_AIRPORT,airline,TWB,티웨이항공,"{""yyyymm"": ""202509""}"
2025-09-30,kac_S_TSO,30.0,KAC_AIRPORT,airline,VJC,비엣젯항공,"{""yyyymm"": ""202509""}"
2025-10-31,airportal_SEQ,100.0,AIRPORTAL,airline,,Royal Air Philippines(RYL),"{""year"": 2025, ""month"": 10, ""yyyymm"": ""202510""}"
2025-10-31,airportal_공급(석),180.0,AIRPORTAL,airline,,Royal Air Philippines(RYL),"{""year"": 2025, ""month"": 10, ""yyyymm"": ""202510""}"
2025-10-31,airportal_여객(명),178.0,AIRPORTAL,airline,,Royal Air Philippines(RYL),"{""year"": 2025, ""month"": 10, ""yyyymm"": ""202510""}"
2025-10-31,airportal_운항(편),1.0,AIRPORTAL,airline,,Royal Air Philippines(RYL),"{""year"": 2025, ""month"": 10, ""yyyymm"": ""202510""}"
2025-10-31,airportal_화물(톤),2.0,AIRPORTAL,airline,,Royal Air Philippines(RYL),"{""year"": 2025, ""month"": 10, ""yyyymm"": ""202510""}"
2025-10-31,icn_airline_cargo_tons_arrBaggage,301.0,ODP_B551177,airline,7C,제주항공,
2025-10-31,icn_airline_cargo_tons_arrBaggage,33.0,ODP_B551177,airline,AA,아메리칸항공,
2025-10-31,icn_airline_cargo_tons_arrBaggage,54930.0,ODP_B551177,airline,KE,대한항공,
2025-10-31,icn_airline_cargo_tons_arrBaggage,5246.0,ODP_B551177,airline,OZ,아시아나항공,
2025-10-31,icn_airline_cargo_tons_baggage,532.0,ODP_B551177,airline,7C,제주항공,
2025-10-31,icn_airline_cargo_tons_baggage,378.0,ODP_B551177,airline,AA,아메리칸항공,
2025-10-31,icn_airline_cargo_tons_baggage,109311.0,ODP_B551177,airline,KE,대한항공,
2025-10-31,icn_airline_cargo_tons_baggage,10295.0,ODP_B551177,airline,OZ,아시아나항공,
2025-10-31,icn_airline_cargo_tons_depBaggage,231.0,ODP_B551177,airline,7C,제주항공,
2025-10-31,icn_airline_cargo_tons_depBaggage,344.0,ODP_B551177,airline,AA,아메리칸항공,
2025-10-31,icn_airline_cargo_tons_depBaggage,54381.0,ODP_B551177,airline,KE,대한항공,
2025-10-31,icn_airline_cargo_tons_depBaggage,5049.0,ODP_B551177,airline,OZ,아시아나항공,
2025-10-31,icn_airline_pax_arrPassenger,271747.0,ODP_B551177,airline,7C,제주항공,
2025-10-31,icn_airline_pax_arrPassenger,8102.0,ODP_B551177,airline,AA,아메리칸항공,
2025-10-31,icn_airline_pax_arrPassenger,770746.0,ODP_B551177,airline,KE,대한항공,
2025-10-31,icn_airline_pax_arrPassenger,475743.0,ODP_B551177,airline,OZ,아시아나항공,
2025-10-31,icn_airline_pax_depPassenger,262539.0,ODP_B551177,airline,7C,제주항공,
2025-10-31,icn_airline_pax_depPassenger,7552.0,ODP_B551177,airline,AA,아메리칸항공,
2025-10-31,icn_airline_pax_depPassenger,739777.0,ODP_B551177,airline,KE,대한항공,
2025-10-31,icn_airline_pax_depPassenger,453383.0,ODP_B551177,airline,OZ,아시아나항공,
2025-10-31,icn_airline_pax_passenger,534286.0,ODP_B551177,airline,7C,제주항공,
2025-10-31,icn_airline_pax_passenger,15654.0,ODP_B551177,airline,AA,아메리칸항공,
2025-10-31,icn_airline_pax_passenger,1510523.0,ODP_B551177,airline,KE,대한항공,
2025-10-31,icn_airline_pax_passenger,929126.0,ODP_B551177,airline,OZ,아시아나항공,
2025-10-31,kac_S_BFI,2788356.0,KAC_AIRPORT,airline,AAR,아시아나항공,"{""yyyymm"": ""202510""}"
2025-10-31,kac_S_BFI,2436092.0,KAC_AIRPORT,airline,ABL,에어부산,"{""yyyymm"": ""202510""}"
2025-10-31,kac_S_BFI,183129.0,KAC_AIRPORT,airline,ANA,전일본공수,"{""yyyymm"": ""202510""}"
2025-10-31,kac_S_BFI,166519.0,KAC_AIRPORT,airline,APJ,피치항공,"{""yyyymm"": ""202510""}"
2025-10-31,kac_S_BFI,229450.0,KAC_AIRPORT,airline,ASV,에어서울,"{""yyyymm"": ""202510""}"
2025-10-31,kac_S_BFI,4224.0,KAC_AIRPORT,airline,BAV,벰부항공,"{""yyyymm"": ""202510""}"
2025-10-31,kac_S_BFI,194716.0,KAC_AIRPORT,airline,CAL,중화항공,"{""yyyymm"": ""202510""}"
2025-10-31,kac_S_BFI,10329.0,KAC_AIRPORT,airline,CBJ,북경수도항공,"{""yyyymm"": ""202510""}"
2025-10-31,kac_S_BFI,113805.0,KAC_AIRPORT,airline,CCA,중국국제항공,"{""yyyymm"": ""202510""}"
2025-10-31,kac_S_BFI,81089.0,KAC_AIRPORT,airline,CDC,룽에어,"{""yyyymm"": ""202510""}"
2025-10-31,kac_S_BFI,276830.0,KAC_AIRPORT,airline,CES,중국동방항공,"{""yyyymm"": ""202510""}"
2025-10-31,kac_S_BFI,353600.0,KAC_AIRPORT,airline,CQH,춘추항공,"{""yyyymm"": ""202510""}"
2025-10-31,kac_S_BFI,34971.0,KAC_AIRPORT,airline,CSC,사천항공,"{""yyyymm"": ""202510""}"
2025-10-31,kac_S_BFI,126738.0,KAC_AIRPORT,airline,CSH,상해항공,"{""yyyymm"": ""202510""}"
2025-10-31,kac_S_BFI,93150.0,KAC_AIRPORT,airline,CSN,중국남방항공,"{""yyyymm"": ""202510""}"
2025-10-31,kac_S_BFI,32639.0,KAC_AIRPORT,airline,CSZ,중국심천항공,"{""yyyymm"": ""202510""}"
2025-10-31,kac_S_BFI,2329.0,KAC_AIRPORT,airline,CXA,하문항공,"{""yyyymm"": ""202510""}"
2025-10-31,kac_S_BFI,105500.0,KAC_AIRPORT,airline,DKH,길상항공(준야오),"{""yyyymm"": ""202510""}"
2025-10-31,kac_S_BFI,710587.0,KAC_AIRPORT,airline,EOK,에어로케이항공,"{""yyyymm"": ""202510""}"
2025-10-31,kac_S_BFI,1564094.0,KAC_AIRPORT,airline,ESR,이스타항공,"{""yyyymm"": ""202510""}"
2025-10-31,kac_S_BFI,61167.0,KAC_AIRPORT,airline,EVA,에바항공,"{""yyyymm"": ""202510""}"
2025-10-31,kac_S_BFI,196771.0,KAC_AIRPORT,airline,HKE,홍콩익스프레스,"{""yyyymm"": ""202510""}"
2025-10-31,kac_S_BFI,397896.0,KAC_AIRPORT,airline,HVN,베트남항공,"{""yyyymm"": ""202510""}"
2025-10-31,kac_S_BFI,215819.0,KAC_AIRPORT,airline,JAL,일본항공,"{""yyyymm"": ""202510""}"
2025-10-31,kac_S_BFI,3010600.0,KAC_AIRPORT,airline,JJA,제주항공,"{""yyyymm"": ""202510""}"
2025-10-31,kac_S_BFI,2905345.0,KAC_AIRPORT,airline,JNA,진에어,"{""yyyymm"": ""202510""}"
2025-10-31,kac_S_BFI,5150747.0,KAC_AIRPORT,airline,KAL,대한항공,"{""yyyymm"": ""202510""}"
2025-10-31,kac_S_BFI,7198.0,KAC_AIRPORT,airline,MGL,몽골항공,"{""yyyymm"": ""202510""}"
2025-10-31,kac_S_BFI,2263.0,KAC_AIRPORT,airline,MML,훈누항공,"{""yyyymm"": ""202510""}"
2025-10-31,kac_S_BFI,72323.0,KAC_AIRPORT,airline,PAL,필리핀항공,"{""yyyymm"": ""202510""}"
2025-10-31,kac_S_BFI,135364.0,KAC_AIRPORT,airline,PTA,파라타항공,"{""yyyymm"": ""202510""}"
2025-10-31,kac_S_BFI,8067.0,KAC_AIRPORT,airline,QDA,칭다오항공,"{""yyyymm"": ""202510""}"
2025-10-31,kac_S_BFI,12599.0,KAC_AIRPORT,airline,QNT,카놋샤크항공,"{""yyyymm"": ""202510""}"
2025-10-31,kac_S_BFI,2352.0,KAC_AIRPORT,airline,RYL,로얄에어필리핀,"{""yyyymm"": ""202510""}"
2025-10-31,kac_S_BFI,46042.0,KAC_AIRPORT,airline,SIA,싱가포르항공,"{""yyyymm"": ""202510""}"
2025-10-31,kac_S_BFI,46302.0,KAC_AIRPORT,airline,TGW,스쿠트 항공,"{""yyyymm"": ""202510""}"
2025-10-31,kac_S_BFI,169483.0,KAC_AIRPORT,airline,TTW,타이거에어 타이완,"{""yyyymm"": ""202510""}"
2025-10-31,kac_S_BFI,2856214.0,KAC_AIRPORT,airline,TWB,티웨이항공,"{""yyyymm"": ""202510""}"
2025-10-31,kac_S_BFI,542118.0,KAC_AIRPORT,airline,VJC,비엣젯항공,"{""yyyymm"": ""202510""}"
2025-10-31,kac_S_BFO,2761711.0,KAC_AIRPORT,airline,AAR,아시아나항공,"{""yyyymm"": ""202510""}"
2025-10-31,kac_S_BFO,2299694.0,KAC_AIRPORT,airline,ABL,에어부산,"{""yyyymm"": ""202510""}"
2025-10-31,kac_S_BFO,192619.0,KAC_AIRPORT,airline,ANA,전일본공수,"{""yyyymm"": ""202510""}"
2025-10-31,kac_S_BFO,185819.0,KAC_AIRPORT,airline,APJ,피치항공,"{""yyyymm"": ""202510""}"
2025-10-31,kac_S_BFO,229450.0,KAC_AIRPORT,airline,ASV,에어서울,"{""yyyymm"": ""202510""}"
2025-10-31,kac_S_BFO,3123.0,KAC_AIRPORT,airline,BAV,벰부항공,"{""yyyymm"": ""202510""}"
2025-10-31,kac_S_BFO,243439.0,KAC_AIRPORT,airline,CAL,중화항공,"{""yyyymm"": ""202510""}"
2025-10-31,kac_S_BFO,11696.0,KAC_AIRPORT,airline,CBJ,북경수도항공,"{""yyyymm"": ""202510""}"
2025-10-31,kac_S_BFO,128030.0,KAC_AIRPORT,airline,CCA,중국국제항공,"{""yyyymm"": ""202510""}"
2025-10-31,kac_S_BFO,85988.0,KAC_AIRPORT,airline,CDC,룽에어,"{""yyyymm"": ""202510""}"
2025-10-31,kac_S_BFO,302609.0,KAC_AIRPORT,airline,CES,중국동방항공,"{""yyyymm"": ""202510""}"
2025-10-31,kac_S_BFO,423034.0,KAC_AIRPORT,airline,CQH,춘추항공,"{""yyyymm"": ""202510""}"
2025-10-31,kac_S_BFO,27842.0,KAC_AIRPORT,airline,CSC,사천항공,"{""yyyymm"": ""202510""}"
2025-10-31,kac_S_BFO,134079.0,KAC_AIRPORT,airline,CSH,상해항공,"{""yyyymm"": ""202510""}"
2025-10-31,kac_S_BFO,111858.0,KAC_AIRPORT,airline,CSN,중국남방항공,"{""yyyymm"": ""202510""}"
2025-10-31,kac_S_BFO,38914.0,KAC_AIRPORT,airline,CSZ,중국심천항공,"{""yyyymm"": ""202510""}"
2025-10-31,kac_S_BFO,3546.0,KAC_AIRPORT,airline,CXA,하문항공,"{""yyyymm"": ""202510""}"
2025-10-31,kac_S_BFO,153444.0,KAC_AIRPORT,airline,DKH,길상항공(준야오),"{""yyyymm"": ""202510""}"
2025-10-31,kac_S_BFO,559462.0,KAC_AIRPORT,airline,EOK,에어로케이항공,"{""yyyymm"": ""202510""}"
2025-10-31,kac_S_BFO,1568663.0,KAC_AIRPORT,airline,ESR,이스타항공,"{""yyyymm"": ""202510""}"
2025-10-31,kac_S_BFO,84551.0,KAC_AIRPORT,airline,EVA,에바항공,"{""yyyymm"": ""202510""}"
2025-10-31,kac_S_BFO,187314.0,KAC_AIRPORT,airline,HKE,홍콩익스프레스,"{""yyyymm"": ""202510""}"
2025-10-31,kac_S_BFO,344380.0,KAC_AIRPORT,airline,HVN,베트남항공,"{""yyyymm"": ""202510""}"
2025-10-31,kac_S_BFO,230437.0,KAC_AIRPORT,airline,JAL,일본항공,"{""yyyymm"": ""202510""}"
2025-10-31,kac_S_BFO,2927971.0,KAC_AIRPORT,airline,JJA,제주항공,"{""yyyymm"": ""202510""}"
2025-10-31,kac_S_BFO,2788548.0,KAC_AIRPORT,airline,JNA,진에어,"{""yyyymm"": ""202510""}"
2025-10-31,kac_S_BFO,5010180.0,KAC_AIRPORT,airline,KAL,대한항공,"{""yyyymm"": ""202510""}"
2025-10-31,kac_S_BFO,6349.0,KAC_AIRPORT,airline,MGL,몽골항공,"{""yyyymm"": ""202510""}"
2025-10-31,kac_S_BFO,2625.0,KAC_AIRPORT,airline,MML,훈누항공,"{""yyyymm"": ""202510""}"
2025-10-31,kac_S_BFO,85843.0,KAC_AIRPORT,airline,PAL,필리핀항공,"{""yyyymm"": ""202510""}"
2025-10-31,kac_S_BFO,135364.0,KAC_AIRPORT,airline,PTA,파라타항공,"{""yyyymm"": ""202510""}"
2025-10-31,kac_S_BFO,10447.0,KAC_AIRPORT,airline,QDA,칭다오항공,"{""yyyymm"": ""202510""}"
2025-10-31,kac_S_BFO,10079.0,KAC_AIRPORT,airline,QNT,카놋샤크항공,"{""yyyymm"": ""202510""}"
2025-10-31,kac_S_BFO,0.0,KAC_AIRPORT,airline,RYL,로얄에어필리핀,"{""yyyymm"": ""202510""}"
2025-10-31,kac_S_BFO,48106.0,KAC_AIRPORT,airline,SIA,싱가포르항공,"{""yyyymm"": ""202510""}"
2025-10-31,kac_S_BFO,50778.0,KAC_AIRPORT,airline,TGW,스쿠트 항공,"{""yyyymm"": ""202510""}"
2025-10-31,kac_S_BFO,231848.0,KAC_AIRPORT,airline,TTW,타이거에어 타이완,"{""yyyymm"": ""202510""}"
2025-10-31,kac_S_BFO,2689846.0,KAC_AIRPORT,airline,TWB,티웨이항공,"{""yyyymm"": ""202510""}"
2025-10-31,kac_S_BFO,357698.0,KAC_AIRPORT,airline,VJC,비엣젯항공,"{""yyyymm"": ""202510""}"
2025-10-31,kac_S_FFI,1088878.0,KAC_AIRPORT,airline,AAR,아시아나항공,"{""yyyymm"": ""202510""}"
2025-10-31,kac_S_FFI,201985.0,KAC_AIRPORT,airline,ABL,에어부산,"{""yyyymm"": ""202510""}"
2025-10-31,kac_S_FFI,566.0,KAC_AIRPORT,airline,ANA,전일본공수,"{""yyyymm"": ""202510""}"
2025-10-31,kac_S_FFI,0.0,KAC_AIRPORT,airline,APJ,피치항공,"{""yyyymm"": ""202510""}"
2025-10-31,kac_S_FFI,0.0,KAC_AIRPORT,airline,ASV,에어서울,"{""yyyymm"": ""202510""}"
2025-10-31,kac_S_FFI,0.0,KAC_AIRPORT,airline,BAV,벰부항공,"{""yyyymm"": ""202510""}"
2025-10-31,kac_S_FFI,187.0,KAC_AIRPORT,airline,CAL,중화항공,"{""yyyymm"": ""202510""}"
2025-10-31,kac_S_FFI,0.0,KAC_AIRPORT,airline,CBJ,북경수도항공,"{""yyyymm"": ""202510""}"
2025-10-31,kac_S_FFI,0.0,KAC_AIRPORT,airline,CCA,중국국제항공,"{""yyyymm"": ""202510""}"
2025-10-31,kac_S_FFI,0.0,KAC_AIRPORT,airline,CDC,룽에어,"{""yyyymm"": ""202510""}"
2025-10-31,kac_S_FFI,156127.0,KAC_AIRPORT,airline,CES,중국동방항공,"{""yyyymm"": ""202510""}"
2025-10-31,kac_S_FFI,0.0,KAC_AIRPORT,airline,CQH,춘추항공,"{""yyyymm"": ""202510""}"
2025-10-31,kac_S_FFI,0.0,KAC_AIRPORT,airline,CSC,사천항공,"{""yyyymm"": ""202510""}"
2025-10-31,kac_S_FFI,24631.0,KAC_AIRPORT,airline,CSH,상해항공,"{""yyyymm"": ""202510""}"
2025-10-31,kac_S_FFI,7.0,KAC_AIRPORT,airline,CSN,중국남방항공,"{""yyyymm"": ""202510""}"
2025-10-31,kac_S_FFI,0.0,KAC_AIRPORT,airline,CSZ,중국심천항공,"{""yyyymm"": ""202510""}"
2025-10-31,kac_S_FFI,0.0,KAC_AIRPORT,airline,CXA,하문항공,"{""yyyymm"": ""202510""}"
2025-10-31,kac_S_FFI,0.0,KAC_AIRPORT,airline,DKH,길상항공(준야오),"{""yyyymm"": ""202510""}"
2025-10-31,kac_S_FFI,398.0,KAC_AIRPORT,airline,EOK,에어로케이항공,"{""yyyymm"": ""202510""}"
2025-10-31,kac_S_FFI,92.0,KAC_AIRPORT,airline,ESR,이스타항공,"{""yyyymm"": ""202510""}"
2025-10-31,kac_S_FFI,0.0,KAC_AIRPORT,airline,EVA,에바항공,"{""yyyymm"": ""202510""}"
2025-10-31,kac_S_FFI,0.0,KAC_AIRPORT,airline,HKE,홍콩익스프레스,"{""yyyymm"": ""202510""}"
2025-10-31,kac_S_FFI,532368.0,KAC_AIRPORT,airline,HVN,베트남항공,"{""yyyymm"": ""202510""}"
2025-10-31,kac_S_FFI,719.0,KAC_AIRPORT,airline,JAL,일본항공,"{""yyyymm"": ""202510""}"
2025-10-31,kac_S_FFI,6.0,KAC_AIRPORT,airline,JJA,제주항공,"{""yyyymm"": ""202510""}"
2025-10-31,kac_S_FFI,72163.0,KAC_AIRPORT,airline,JNA,진에어,"{""yyyymm"": ""202510""}"
2025-10-31,kac_S_FFI,1974571.0,KAC_AIRPORT,airline,KAL,대한항공,"{""yyyymm"": ""202510""}"
2025-10-31,kac_S_FFI,0.0,KAC_AIRPORT,airline,MGL,몽골항공,"{""yyyymm"": ""202510""}"
2025-10-31,kac_S_FFI,0.0,KAC_AIRPORT,airline,MML,훈누항공,"{""yyyymm"": ""202510""}"
2025-10-31,kac_S_FFI,4609.0,KAC_AIRPORT,airline,PAL,필리핀항공,"{""yyyymm"": ""202510""}"
2025-10-31,kac_S_FFI,0.0,KAC_AIRPORT,airline,PTA,파라타항공,"{""yyyymm"": ""202510""}"
2025-10-31,kac_S_FFI,0.0,KAC_AIRPORT,airline,QDA,칭다오항공,"{""yyyymm"": ""202510""}"
2025-10-31,kac_S_FFI,0.0,KAC_AIRPORT,airline,QNT,카놋샤크항공,"{""yyyymm"": ""202510""}"
2025-10-31,kac_S_FFI,0.0,KAC_AIRPORT,airline,RYL,로얄에어필리핀,"{""yyyymm"": ""202510""}"
2025-10-31,kac_S_FFI,4139.0,KAC_AIRPORT,airline,SIA,싱가포르항공,"{""yyyymm"": ""202510""}"
2025-10-31,kac_S_FFI,0.0,KAC_AIRPORT,airline,TGW,스쿠트 항공,"{""yyyymm"": ""202510""}"
2025-10-31,kac_S_FFI,0.0,KAC_AIRPORT,airline,TTW,타이거에어 타이완,"{""yyyymm"": ""202510""}"
2025-10-31,kac_S_FFI,173.0,KAC_AIRPORT,airline,TWB,티웨이항공,"{""yyyymm"": ""202510""}"
2025-10-31,kac_S_FFI,11709.0,KAC_AIRPORT,airline,VJC,비엣젯항공,"{""yyyymm"": ""202510""}"
2025-10-31,kac_S_FFO,1203505.0,KAC_AIRPORT,airline,AAR,아시아나항공,"{""yyyymm"": ""202510""}"
2025-10-31,kac_S_FFO,201985.0,KAC_AIRPORT,airline,ABL,에어부산,"{""yyyymm"": ""202510""}"
2025-10-31,kac_S_FFO,67311.0,KAC_AIRPORT,airline,ANA,전일본공수,"{""yyyymm"": ""202510""}"
2025-10-31,kac_S_FFO,0.0,KAC_AIRPORT,airline,APJ,피치항공,"{""yyyymm"": ""202510""}"
2025-10-31,kac_S_FFO,0.0,KAC_AIRPORT,airline,ASV,에어서울,"{""yyyymm"": ""202510""}"
2025-10-31,kac_S_FFO,0.0,KAC_AIRPORT,airline,BAV,벰부항공,"{""yyyymm"": ""202510""}"
2025-10-31,kac_S_FFO,0.0,KAC_AIRPORT,airline,CAL,중화항공,"{""yyyymm"": ""202510""}"
2025-10-31,kac_S_FFO,0.0,KAC_AIRPORT,airline,CBJ,북경수도항공,"{""yyyymm"": ""202510""}"
2025-10-31,kac_S_FFO,0.0,KAC_AIRPORT,airline,CCA,중국국제항공,"{""yyyymm"": ""202510""}"
2025-10-31,kac_S_FFO,0.0,KAC_AIRPORT,airline,CDC,룽에어,"{""yyyymm"": ""202510""}"
2025-10-31,kac_S_FFO,18200.0,KAC_AIRPORT,airline,CES,중국동방항공,"{""yyyymm"": ""202510""}"
2025-10-31,kac_S_FFO,0.0,KAC_AIRPORT,airline,CQH,춘추항공,"{""yyyymm"": ""202510""}"
2025-10-31,kac_S_FFO,0.0,KAC_AIRPORT,airline,CSC,사천항공,"{""yyyymm"": ""202510""}"
2025-10-31,kac_S_FFO,0.0,KAC_AIRPORT,airline,CSH,상해항공,"{""yyyymm"": ""202510""}"
2025-10-31,kac_S_FFO,0.0,KAC_AIRPORT,airline,CSN,중국남방항공,"{""yyyymm"": ""202510""}"
2025-10-31,kac_S_FFO,0.0,KAC_AIRPORT,airline,CSZ,중국심천항공,"{""yyyymm"": ""202510""}"
2025-10-31,kac_S_FFO,0.0,KAC_AIRPORT,airline,CXA,하문항공,"{""yyyymm"": ""202510""}"
2025-10-31,kac_S_FFO,0.0,KAC_AIRPORT,airline,DKH,길상항공(준야오),"{""yyyymm"": ""202510""}"
2025-10-31,kac_S_FFO,0.0,KAC_AIRPORT,airline,EOK,에어로케이항공,"{""yyyymm"": ""202510""}"
2025-10-31,kac_S_FFO,92.0,KAC_AIRPORT,airline,ESR,이스타항공,"{""yyyymm"": ""202510""}"
2025-10-31,kac_S_FFO,0.0,KAC_AIRPORT,airline,EVA,에바항공,"{""yyyymm"": ""202510""}"
2025-10-31,kac_S_FFO,0.0,KAC_AIRPORT,airline,HKE,홍콩익스프레스,"{""yyyymm"": ""202510""}"
2025-10-31,kac_S_FFO,473440.0,KAC_AIRPORT,airline,HVN,베트남항공,"{""yyyymm"": ""202510""}"
2025-10-31,kac_S_FFO,429260.0,KAC_AIRPORT,airline,JAL,일본항공,"{""yyyymm"": ""202510""}"
2025-10-31,kac_S_FFO,6.0,KAC_AIRPORT,airline,JJA,제주항공,"{""yyyymm"": ""202510""}"
2025-10-31,kac_S_FFO,72163.0,KAC_AIRPORT,airline,JNA,진에어,"{""yyyymm"": ""202510""}"
2025-10-31,kac_S_FFO,2024509.0,KAC_AIRPORT,airline,KAL,대한항공,"{""yyyymm"": ""202510""}"
2025-10-31,kac_S_FFO,0.0,KAC_AIRPORT,airline,MGL,몽골항공,"{""yyyymm"": ""202510""}"
2025-10-31,kac_S_FFO,0.0,KAC_AIRPORT,airline,MML,훈누항공,"{""yyyymm"": ""202510""}"
2025-10-31,kac_S_FFO,12870.0,KAC_AIRPORT,airline,PAL,필리핀항공,"{""yyyymm"": ""202510""}"
2025-10-31,kac_S_FFO,0.0,KAC_AIRPORT,airline,PTA,파라타항공,"{""yyyymm"": ""202510""}"
2025-10-31,kac_S_FFO,0.0,KAC_AIRPORT,airline,QDA,칭다오항공,"{""yyyymm"": ""202510""}"
2025-10-31,kac_S_FFO,0.0,KAC_AIRPORT,airline,QNT,카놋샤크항공,"{""yyyymm"": ""202510""}"
2025-10-31,kac_S_FFO,0.0,KAC_AIRPORT,airline,RYL,로얄에어필리핀,"{""yyyymm"": ""202510""}"
2025-10-31,kac_S_FFO,260.0,KAC_AIRPORT,airline,SIA,싱가포르항공,"{""yyyymm"": ""202510""}"
2025-10-31,kac_S_FFO,0.0,KAC_AIRPORT,airline,TGW,스쿠트 항공,"{""yyyymm"": ""202510""}"
2025-10-31,kac_S_FFO,0.0,KAC_AIRPORT,airline,TTW,타이거에어 타이완,"{""yyyymm"": ""202510""}"
2025-10-31,kac_S_FFO,173.0,KAC_AIRPORT,airline,TWB,티웨이항공,"{""yyyymm"": ""202510""}"
2025-10-31,kac_S_FFO,0.0,KAC_AIRPORT,airline,VJC,비엣젯항공,"{""yyyymm"": ""202510""}"
2025-10-31,kac_S_FPI,462240.0,KAC_AIRPORT,airline,AAR,아시아나항공,"{""yyyymm"": ""202510""}"
2025-10-31,kac_S_FPI,395975.0,KAC_AIRPORT,airline,ABL,에어부산,"{""yyyymm"": ""202510""}"
2025-10-31,kac_S_FPI,17282.0,KAC_AIRPORT,airline,ANA,전일본공수,"{""yyyymm"": ""202510""}"
2025-10-31,kac_S_FPI,19548.0,KAC_AIRPORT,airline,APJ,피치항공,"{""yyyymm"": ""202510""}"
2025-10-31,kac_S_FPI,49152.0,KAC_AIRPORT,airline,ASV,에어서울,"{""yyyymm"": ""202510""}"
2025-10-31,kac_S_FPI,369.0,KAC_AIRPORT,airline,BAV,벰부항공,"{""yyyymm"": ""202510""}"
2025-10-31,kac_S_FPI,15116.0,KAC_AIRPORT,airline,CAL,중화항공,"{""yyyymm"": ""202510""}"
2025-10-31,kac_S_FPI,1120.0,KAC_AIRPORT,airline,CBJ,북경수도항공,"{""yyyymm"": ""202510""}"
2025-10-31,kac_S_FPI,9491.0,KAC_AIRPORT,airline,CCA,중국국제항공,"{""yyyymm"": ""202510""}"
2025-10-31,kac_S_FPI,7880.0,KAC_AIRPORT,airline,CDC,룽에어,"{""yyyymm"": ""202510""}"
2025-10-31,kac_S_FPI,23062.0,KAC_AIRPORT,airline,CES,중국동방항공,"{""yyyymm"": ""202510""}"
2025-10-31,kac_S_FPI,48152.0,KAC_AIRPORT,airline,CQH,춘추항공,"{""yyyymm"": ""202510""}"
2025-10-31,kac_S_FPI,2641.0,KAC_AIRPORT,airline,CSC,사천항공,"{""yyyymm"": ""202510""}"
2025-10-31,kac_S_FPI,9901.0,KAC_AIRPORT,airline,CSH,상해항공,"{""yyyymm"": ""202510""}"
2025-10-31,kac_S_FPI,7146.0,KAC_AIRPORT,airline,CSN,중국남방항공,"{""yyyymm"": ""202510""}"
2025-10-31,kac_S_FPI,3373.0,KAC_AIRPORT,airline,CSZ,중국심천항공,"{""yyyymm"": ""202510""}"
2025-10-31,kac_S_FPI,277.0,KAC_AIRPORT,airline,CXA,하문항공,"{""yyyymm"": ""202510""}"
2025-10-31,kac_S_FPI,11893.0,KAC_AIRPORT,airline,DKH,길상항공(준야오),"{""yyyymm"": ""202510""}"
2025-10-31,kac_S_FPI,84323.0,KAC_AIRPORT,airline,EOK,에어로케이항공,"{""yyyymm"": ""202510""}"
2025-10-31,kac_S_FPI,287977.0,KAC_AIRPORT,airline,ESR,이스타항공,"{""yyyymm"": ""202510""}"
2025-10-31,kac_S_FPI,4954.0,KAC_AIRPORT,airline,EVA,에바항공,"{""yyyymm"": ""202510""}"
2025-10-31,kac_S_FPI,20643.0,KAC_AIRPORT,airline,HKE,홍콩익스프레스,"{""yyyymm"": ""202510""}"
2025-10-31,kac_S_FPI,22400.0,KAC_AIRPORT,airline,HVN,베트남항공,"{""yyyymm"": ""202510""}"
2025-10-31,kac_S_FPI,18784.0,KAC_AIRPORT,airline,JAL,일본항공,"{""yyyymm"": ""202510""}"
2025-10-31,kac_S_FPI,505924.0,KAC_AIRPORT,airline,JJA,제주항공,"{""yyyymm"": ""202510""}"
2025-10-31,kac_S_FPI,517136.0,KAC_AIRPORT,airline,JNA,진에어,"{""yyyymm"": ""202510""}"
2025-10-31,kac_S_FPI,671007.0,KAC_AIRPORT,airline,KAL,대한항공,"{""yyyymm"": ""202510""}"
2025-10-31,kac_S_FPI,435.0,KAC_AIRPORT,airline,MGL,몽골항공,"{""yyyymm"": ""202510""}"
2025-10-31,kac_S_FPI,186.0,KAC_AIRPORT,airline,MML,훈누항공,"{""yyyymm"": ""202510""}"
2025-10-31,kac_S_FPI,4939.0,KAC_AIRPORT,airline,PAL,필리핀항공,"{""yyyymm"": ""202510""}"
2025-10-31,kac_S_FPI,27890.0,KAC_AIRPORT,airline,PTA,파라타항공,"{""yyyymm"": ""202510""}"
2025-10-31,kac_S_FPI,837.0,KAC_AIRPORT,airline,QDA,칭다오항공,"{""yyyymm"": ""202510""}"
2025-10-31,kac_S_FPI,436.0,KAC_AIRPORT,airline,QNT,카놋샤크항공,"{""yyyymm"": ""202510""}"
2025-10-31,kac_S_FPI,178.0,KAC_AIRPORT,airline,RYL,로얄에어필리핀,"{""yyyymm"": ""202510""}"
2025-10-31,kac_S_FPI,2858.0,KAC_AIRPORT,airline,SIA,싱가포르항공,"{""yyyymm"": ""202510""}"
2025-10-31,kac_S_FPI,4041.0,KAC_AIRPORT,airline,TGW,스쿠트 항공,"{""yyyymm"": ""202510""}"
2025-10-31,kac_S_FPI,17846.0,KAC_AIRPORT,airline,TTW,타이거에어 타이완,"{""yyyymm"": ""202510""}"
2025-10-31,kac_S_FPI,466180.0,KAC_AIRPORT,airline,TWB,티웨이항공,"{""yyyymm"": ""202510""}"
2025-10-31,kac_S_FPI,40306.0,KAC_AIRPORT,airline,VJC,비엣젯항공,"{""yyyymm"": ""202510""}"
2025-10-31,kac_S_FPO,460549.0,KAC_AIRPORT,airline,AAR,아시아나항공,"{""yyyymm"": ""202510""}"
2025-10-31,kac_S_FPO,395537.0,KAC_AIRPORT,airline,ABL,에어부산,"{""yyyymm"": ""202510""}"
2025-10-31,kac_S_FPO,16944.0,KAC_AIRPORT,airline,ANA,전일본공수,"{""yyyymm"": ""202510""}"
2025-10-31,kac_S_FPO,18471.0,KAC_AIRPORT,airline,APJ,피치항공,"{""yyyymm"": ""202510""}"
2025-10-31,kac_S_FPO,49152.0,KAC_AIRPORT,airline,ASV,에어서울,"{""yyyymm"": ""202510""}"
2025-10-31,kac_S_FPO,369.0,KAC_AIRPORT,airline,BAV,벰부항공,"{""yyyymm"": ""202510""}"
2025-10-31,kac_S_FPO,14725.0,KAC_AIRPORT,airline,CAL,중화항공,"{""yyyymm"": ""202510""}"
2025-10-31,kac_S_FPO,1064.0,KAC_AIRPORT,airline,CBJ,북경수도항공,"{""yyyymm"": ""202510""}"
2025-10-31,kac_S_FPO,9796.0,KAC_AIRPORT,airline,CCA,중국국제항공,"{""yyyymm"": ""202510""}"
2025-10-31,kac_S_FPO,7982.0,KAC_AIRPORT,airline,CDC,룽에어,"{""yyyymm"": ""202510""}"
2025-10-31,kac_S_FPO,26338.0,KAC_AIRPORT,airline,CES,중국동방항공,"{""yyyymm"": ""202510""}"
2025-10-31,kac_S_FPO,47588.0,KAC_AIRPORT,airline,CQH,춘추항공,"{""yyyymm"": ""202510""}"
2025-10-31,kac_S_FPO,2895.0,KAC_AIRPORT,airline,CSC,사천항공,"{""yyyymm"": ""202510""}"
2025-10-31,kac_S_FPO,10310.0,KAC_AIRPORT,airline,CSH,상해항공,"{""yyyymm"": ""202510""}"
2025-10-31,kac_S_FPO,7283.0,KAC_AIRPORT,airline,CSN,중국남방항공,"{""yyyymm"": ""202510""}"
2025-10-31,kac_S_FPO,3302.0,KAC_AIRPORT,airline,CSZ,중국심천항공,"{""yyyymm"": ""202510""}"
2025-10-31,kac_S_FPO,348.0,KAC_AIRPORT,airline,CXA,하문항공,"{""yyyymm"": ""202510""}"
2025-10-31,kac_S_FPO,13395.0,KAC_AIRPORT,airline,DKH,길상항공(준야오),"{""yyyymm"": ""202510""}"
2025-10-31,kac_S_FPO,83082.0,KAC_AIRPORT,airline,EOK,에어로케이항공,"{""yyyymm"": ""202510""}"
2025-10-31,kac_S_FPO,288527.0,KAC_AIRPORT,airline,ESR,이스타항공,"{""yyyymm"": ""202510""}"
2025-10-31,kac_S_FPO,4978.0,KAC_AIRPORT,airline,EVA,에바항공,"{""yyyymm"": ""202510""}"
2025-10-31,kac_S_FPO,18688.0,KAC_AIRPORT,airline,HKE,홍콩익스프레스,"{""yyyymm"": ""202510""}"
2025-10-31,kac_S_FPO,22244.0,KAC_AIRPORT,airline,HVN,베트남항공,"{""yyyymm"": ""202510""}"
2025-10-31,kac_S_FPO,18711.0,KAC_AIRPORT,airline,JAL,일본항공,"{""yyyymm"": ""202510""}"
2025-10-31,kac_S_FPO,505295.0,KAC_AIRPORT,airline,JJA,제주항공,"{""yyyymm"": ""202510""}"
2025-10-31,kac_S_FPO,515491.0,KAC_AIRPORT,airline,JNA,진에어,"{""yyyymm"": ""202510""}"
2025-10-31,kac_S_FPO,670641.0,KAC_AIRPORT,airline,KAL,대한항공,"{""yyyymm"": ""202510""}"
2025-10-31,kac_S_FPO,391.0,KAC_AIRPORT,airline,MGL,몽골항공,"{""yyyymm"": ""202510""}"
2025-10-31,kac_S_FPO,180.0,KAC_AIRPORT,airline,MML,훈누항공,"{""yyyymm"": ""202510""}"
2025-10-31,kac_S_FPO,4882.0,KAC_AIRPORT,airline,PAL,필리핀항공,"{""yyyymm"": ""202510""}"
2025-10-31,kac_S_FPO,27890.0,KAC_AIRPORT,airline,PTA,파라타항공,"{""yyyymm"": ""202510""}"
2025-10-31,kac_S_FPO,975.0,KAC_AIRPORT,airline,QDA,칭다오항공,"{""yyyymm"": ""202510""}"
2025-10-31,kac_S_FPO,294.0,KAC_AIRPORT,airline,QNT,카놋샤크항공,"{""yyyymm"": ""202510""}"
2025-10-31,kac_S_FPO,0.0,KAC_AIRPORT,airline,RYL,로얄에어필리핀,"{""yyyymm"": ""202510""}"
2025-10-31,kac_S_FPO,2642.0,KAC_AIRPORT,airline,SIA,싱가포르항공,"{""yyyymm"": ""202510""}"
2025-10-31,kac_S_FPO,3701.0,KAC_AIRPORT,airline,TGW,스쿠트 항공,"{""yyyymm"": ""202510""}"
2025-10-31,kac_S_FPO,17004.0,KAC_AIRPORT,airline,TTW,타이거에어 타이완,"{""yyyymm"": ""202510""}"
2025-10-31,kac_S_FPO,465858.0,KAC_AIRPORT,airline,TWB,티웨이항공,"{""yyyymm"": ""202510""}"
2025-10-31,kac_S_FPO,35543.0,KAC_AIRPORT,airline,VJC,비엣젯항공,"{""yyyymm"": ""202510""}"
2025-10-31,kac_S_MFI,0.0,KAC_AIRPORT,airline,AAR,아시아나항공,"{""yyyymm"": ""202510""}"
2025-10-31,kac_S_MFI,0.0,KAC_AIRPORT,airline,ABL,에어부산,"{""yyyymm"": ""202510""}"
2025-10-31,kac_S_MFI,8914.0,KAC_AIRPORT,airline,ANA,전일본공수,"{""yyyymm"": ""202510""}"
2025-10-31,kac_S_MFI,0.0,KAC_AIRPORT,airline,APJ,피치항공,"{""yyyymm"": ""202510""}"
2025-10-31,kac_S_MFI,0.0,KAC_AIRPORT,airline,ASV,에어서울,"{""yyyymm"": ""202510""}"
2025-10-31,kac_S_MFI,0.0,KAC_AIRPORT,airline,BAV,벰부항공,"{""yyyymm"": ""202510""}"
2025-10-31,kac_S_MFI,0.0,KAC_AIRPORT,airline,CAL,중화항공,"{""yyyymm"": ""202510""}"
2025-10-31,kac_S_MFI,0.0,KAC_AIRPORT,airline,CBJ,북경수도항공,"{""yyyymm"": ""202510""}"
2025-10-31,kac_S_MFI,0.0,KAC_AIRPORT,airline,CCA,중국국제항공,"{""yyyymm"": ""202510""}"
2025-10-31,kac_S_MFI,0.0,KAC_AIRPORT,airline,CDC,룽에어,"{""yyyymm"": ""202510""}"
2025-10-31,kac_S_MFI,0.0,KAC_AIRPORT,airline,CES,중국동방항공,"{""yyyymm"": ""202510""}"
2025-10-31,kac_S_MFI,0.0,KAC_AIRPORT,airline,CQH,춘추항공,"{""yyyymm"": ""202510""}"
2025-10-31,kac_S_MFI,0.0,KAC_AIRPORT,airline,CSC,사천항공,"{""yyyymm"": ""202510""}"
2025-10-31,kac_S_MFI,0.0,KAC_AIRPORT,airline,CSH,상해항공,"{""yyyymm"": ""202510""}"
2025-10-31,kac_S_MFI,0.0,KAC_AIRPORT,airline,CSN,중국남방항공,"{""yyyymm"": ""202510""}"
2025-10-31,kac_S_MFI,0.0,KAC_AIRPORT,airline,CSZ,중국심천항공,"{""yyyymm"": ""202510""}"
2025-10-31,kac_S_MFI,0.0,KAC_AIRPORT,airline,CXA,하문항공,"{""yyyymm"": ""202510""}"
2025-10-31,kac_S_MFI,0.0,KAC_AIRPORT,airline,DKH,길상항공(준야오),"{""yyyymm"": ""202510""}"
2025-10-31,kac_S_MFI,0.0,KAC_AIRPORT,airline,EOK,에어로케이항공,"{""yyyymm"": ""202510""}"
2025-10-31,kac_S_MFI,0.0,KAC_AIRPORT,airline,ESR,이스타항공,"{""yyyymm"": ""202510""}"
2025-10-31,kac_S_MFI,0.0,KAC_AIRPORT,airline,EVA,에바항공,"{""yyyymm"": ""202510""}"
2025-10-31,kac_S_MFI,0.0,KAC_AIRPORT,airline,HKE,홍콩익스프레스,"{""yyyymm"": ""202510""}"
2025-10-31,kac_S_MFI,0.0,KAC_AIRPORT,airline,HVN,베트남항공,"{""yyyymm"": ""202510""}"
2025-10-31,kac_S_MFI,15185.0,KAC_AIRPORT,airline,JAL,일본항공,"{""yyyymm"": ""202510""}"
2025-10-31,kac_S_MFI,0.0,KAC_AIRPORT,airline,JJA,제주항공,"{""yyyymm"": ""202510""}"
2025-10-31,kac_S_MFI,0.0,KAC_AIRPORT,airline,JNA,진에어,"{""yyyymm"": ""202510""}"
2025-10-31,kac_S_MFI,31598.0,KAC_AIRPORT,airline,KAL,대한항공,"{""yyyymm"": ""202510""}"
2025-10-31,kac_S_MFI,0.0,KAC_AIRPORT,airline,MGL,몽골항공,"{""yyyymm"": ""202510""}"
2025-10-31,kac_S_MFI,0.0,KAC_AIRPORT,airline,MML,훈누항공,"{""yyyymm"": ""202510""}"
2025-10-31,kac_S_MFI,0.0,KAC_AIRPORT,airline,PAL,필리핀항공,"{""yyyymm"": ""202510""}"
2025-10-31,kac_S_MFI,0.0,KAC_AIRPORT,airline,PTA,파라타항공,"{""yyyymm"": ""202510""}"
2025-10-31,kac_S_MFI,0.0,KAC_AIRPORT,airline,QDA,칭다오항공,"{""yyyymm"": ""202510""}"
2025-10-31,kac_S_MFI,0.0,KAC_AIRPORT,airline,QNT,카놋샤크항공,"{""yyyymm"": ""202510""}"
2025-10-31,kac_S_MFI,0.0,KAC_AIRPORT,airline,RYL,로얄에어필리핀,"{""yyyymm"": ""202510""}"
2025-10-31,kac_S_MFI,0.0,KAC_AIRPORT,airline,SIA,싱가포르항공,"{""yyyymm"": ""202510""}"
2025-10-31,kac_S_MFI,0.0,KAC_AIRPORT,airline,TGW,스쿠트 항공,"{""yyyymm"": ""202510""}"
2025-10-31,kac_S_MFI,0.0,KAC_AIRPORT,airline,TTW,타이거에어 타이완,"{""yyyymm"": ""202510""}"
2025-10-31,kac_S_MFI,0.0,KAC_AIRPORT,airline,TWB,티웨이항공,"{""yyyymm"": ""202510""}"
2025-10-31,kac_S_MFI,11.0,KAC_AIRPORT,airline,VJC,비엣젯항공,"{""yyyymm"": ""202510""}"
2025-10-31,kac_S_MFO,0.0,KAC_AIRPORT,airline,AAR,아시아나항공,"{""yyyymm"": ""202510""}"
2025-10-31,kac_S_MFO,0.0,KAC_AIRPORT,airline,ABL,에어부산,"{""yyyymm"": ""202510""}"
2025-10-31,kac_S_MFO,0.0,KAC_AIRPORT,airline,ANA,전일본공수,"{""yyyymm"": ""202510""}"
2025-10-31,kac_S_MFO,0.0,KAC_AIRPORT,airline,APJ,피치항공,"{""yyyymm"": ""202510""}"
2025-10-31,kac_S_MFO,0.0,KAC_AIRPORT,airline,ASV,에어서울,"{""yyyymm"": ""202510""}"
2025-10-31,kac_S_MFO,0.0,KAC_AIRPORT,airline,BAV,벰부항공,"{""yyyymm"": ""202510""}"
2025-10-31,kac_S_MFO,0.0,KAC_AIRPORT,airline,CAL,중화항공,"{""yyyymm"": ""202510""}"
2025-10-31,kac_S_MFO,0.0,KAC_AIRPORT,airline,CBJ,북경수도항공,"{""yyyymm"": ""202510""}"
2025-10-31,kac_S_MFO,0.0,KAC_AIRPORT,airline,CCA,중국국제항공,"{""yyyymm"": ""202510""}"
2025-10-31,kac_S_MFO,0.0,KAC_AIRPORT,airline,CDC,룽에어,"{""yyyymm"": ""202510""}"
2025-10-31,kac_S_MFO,0.0,KAC_AIRPORT,airline,CES,중국동방항공,"{""yyyymm"": ""202510""}"
2025-10-31,kac_S_MFO,0.0,KAC_AIRPORT,airline,CQH,춘추항공,"{""yyyymm"": ""202510""}"
2025-10-31,kac_S_MFO,0.0,KAC_AIRPORT,airline,CSC,사천항공,"{""yyyymm"": ""202510""}"
2025-10-31,kac_S_MFO,0.0,KAC_AIRPORT,airline,CSH,상해항공,"{""yyyymm"": ""202510""}"
2025-10-31,kac_S_MFO,0.0,KAC_AIRPORT,airline,CSN,중국남방항공,"{""yyyymm"": ""202510""}"
2025-10-31,kac_S_MFO,0.0,KAC_AIRPORT,airline,CSZ,중국심천항공,"{""yyyymm"": ""202510""}"
2025-10-31,kac_S_MFO,0.0,KAC_AIRPORT,airline,CXA,하문항공,"{""yyyymm"": ""202510""}"
2025-10-31,kac_S_MFO,1308.0,KAC_AIRPORT,airline,DKH,길상항공(준야오),"{""yyyymm"": ""202510""}"
2025-10-31,kac_S_MFO,0.0,KAC_AIRPORT,airline,EOK,에어로케이항공,"{""yyyymm"": ""202510""}"
2025-10-31,kac_S_MFO,0.0,KAC_AIRPORT,airline,ESR,이스타항공,"{""yyyymm"": ""202510""}"
2025-10-31,kac_S_MFO,0.0,KAC_AIRPORT,airline,EVA,에바항공,"{""yyyymm"": ""202510""}"
2025-10-31,kac_S_MFO,0.0,KAC_AIRPORT,airline,HKE,홍콩익스프레스,"{""yyyymm"": ""202510""}"
2025-10-31,kac_S_MFO,0.0,KAC_AIRPORT,airline,HVN,베트남항공,"{""yyyymm"": ""202510""}"
2025-10-31,kac_S_MFO,0.0,KAC_AIRPORT,airline,JAL,일본항공,"{""yyyymm"": ""202510""}"
2025-10-31,kac_S_MFO,1163.0,KAC_AIRPORT,airline,JJA,제주항공,"{""yyyymm"": ""202510""}"
2025-10-31,kac_S_MFO,0.0,KAC_AIRPORT,airline,JNA,진에어,"{""yyyymm"": ""202510""}"
2025-10-31,kac_S_MFO,0.0,KAC_AIRPORT,airline,KAL,대한항공,"{""yyyymm"": ""202510""}"
2025-10-31,kac_S_MFO,0.0,KAC_AIRPORT,airline,MGL,몽골항공,"{""yyyymm"": ""202510""}"
2025-10-31,kac_S_MFO,0.0,KAC_AIRPORT,airline,MML,훈누항공,"{""yyyymm"": ""202510""}"
2025-10-31,kac_S_MFO,0.0,KAC_AIRPORT,airline,PAL,필리핀항공,"{""yyyymm"": ""202510""}"
2025-10-31,kac_S_MFO,0.0,KAC_AIRPORT,airline,PTA,파라타항공,"{""yyyymm"": ""202510""}"
2025-10-31,kac_S_MFO,0.0,KAC_AIRPORT,airline,QDA,칭다오항공,"{""yyyymm"": ""202510""}"
2025-10-31,kac_S_MFO,0.0,KAC_AIRPORT,airline,QNT,카놋샤크항공,"{""yyyymm"": ""202510""}"
2025-10-31,kac_S_MFO,0.0,KAC_AIRPORT,airline,RYL,로얄에어필리핀,"{""yyyymm"": ""202510""}"
2025-10-31,kac_S_MFO,0.0,KAC_AIRPORT,airline,SIA,싱가포르항공,"{""yyyymm"": ""202510""}"
2025-10-31,kac_S_MFO,0.0,KAC_AIRPORT,airline,TGW,스쿠트 항공,"{""yyyymm"": ""202510""}"
2025-10-31,kac_S_MFO,0.0,KAC_AIRPORT,airline,TTW,타이거에어 타이완,"{""yyyymm"": ""202510""}"
2025-10-31,kac_S_MFO,18.0,KAC_AIRPORT,airline,TWB,티웨이항공,"{""yyyymm"": ""202510""}"
2025-10-31,kac_S_MFO,0.0,KAC_AIRPORT,airline,VJC,비엣젯항공,"{""yyyymm"": ""202510""}"
2025-10-31,kac_S_NPI,5696.0,KAC_AIRPORT,airline,AAR,아시아나항공,"{""yyyymm"": ""202510""}"
2025-10-31,kac_S_NPI,3211.0,KAC_AIRPORT,airline,ABL,에어부산,"{""yyyymm"": ""202510""}"
2025-10-31,kac_S_NPI,93.0,KAC_AIRPORT,airline,ANA,전일본공수,"{""yyyymm"": ""202510""}"
2025-10-31,kac_S_NPI,97.0,KAC_AIRPORT,airline,APJ,피치항공,"{""yyyymm"": ""202510""}"
2025-10-31,kac_S_NPI,545.0,KAC_AIRPORT,airline,ASV,에어서울,"{""yyyymm"": ""202510""}"
2025-10-31,kac_S_NPI,1.0,KAC_AIRPORT,airline,BAV,벰부항공,"{""yyyymm"": ""202510""}"
2025-10-31,kac_S_NPI,129.0,KAC_AIRPORT,airline,CAL,중화항공,"{""yyyymm"": ""202510""}"
2025-10-31,kac_S_NPI,9.0,KAC_AIRPORT,airline,CBJ,북경수도항공,"{""yyyymm"": ""202510""}"
2025-10-31,kac_S_NPI,37.0,KAC_AIRPORT,airline,CCA,중국국제항공,"{""yyyymm"": ""202510""}"
2025-10-31,kac_S_NPI,26.0,KAC_AIRPORT,airline,CDC,룽에어,"{""yyyymm"": ""202510""}"
2025-10-31,kac_S_NPI,111.0,KAC_AIRPORT,airline,CES,중국동방항공,"{""yyyymm"": ""202510""}"
2025-10-31,kac_S_NPI,187.0,KAC_AIRPORT,airline,CQH,춘추항공,"{""yyyymm"": ""202510""}"
2025-10-31,kac_S_NPI,0.0,KAC_AIRPORT,airline,CSC,사천항공,"{""yyyymm"": ""202510""}"
2025-10-31,kac_S_NPI,29.0,KAC_AIRPORT,airline,CSH,상해항공,"{""yyyymm"": ""202510""}"
2025-10-31,kac_S_NPI,45.0,KAC_AIRPORT,airline,CSN,중국남방항공,"{""yyyymm"": ""202510""}"
2025-10-31,kac_S_NPI,22.0,KAC_AIRPORT,airline,CSZ,중국심천항공,"{""yyyymm"": ""202510""}"
2025-10-31,kac_S_NPI,1.0,KAC_AIRPORT,airline,CXA,하문항공,"{""yyyymm"": ""202510""}"
2025-10-31,kac_S_NPI,53.0,KAC_AIRPORT,airline,DKH,길상항공(준야오),"{""yyyymm"": ""202510""}"
2025-10-31,kac_S_NPI,787.0,KAC_AIRPORT,airline,EOK,에어로케이항공,"{""yyyymm"": ""202510""}"
2025-10-31,kac_S_NPI,2639.0,KAC_AIRPORT,airline,ESR,이스타항공,"{""yyyymm"": ""202510""}"
2025-10-31,kac_S_NPI,27.0,KAC_AIRPORT,airline,EVA,에바항공,"{""yyyymm"": ""202510""}"
2025-10-31,kac_S_NPI,54.0,KAC_AIRPORT,airline,HKE,홍콩익스프레스,"{""yyyymm"": ""202510""}"
2025-10-31,kac_S_NPI,220.0,KAC_AIRPORT,airline,HVN,베트남항공,"{""yyyymm"": ""202510""}"
2025-10-31,kac_S_NPI,84.0,KAC_AIRPORT,airline,JAL,일본항공,"{""yyyymm"": ""202510""}"
2025-10-31,kac_S_NPI,4473.0,KAC_AIRPORT,airline,JJA,제주항공,"{""yyyymm"": ""202510""}"
2025-10-31,kac_S_NPI,5967.0,KAC_AIRPORT,airline,JNA,진에어,"{""yyyymm"": ""202510""}"
2025-10-31,kac_S_NPI,7761.0,KAC_AIRPORT,airline,KAL,대한항공,"{""yyyymm"": ""202510""}"
2025-10-31,kac_S_NPI,4.0,KAC_AIRPORT,airline,MGL,몽골항공,"{""yyyymm"": ""202510""}"
2025-10-31,kac_S_NPI,1.0,KAC_AIRPORT,airline,MML,훈누항공,"{""yyyymm"": ""202510""}"
2025-10-31,kac_S_NPI,27.0,KAC_AIRPORT,airline,PAL,필리핀항공,"{""yyyymm"": ""202510""}"
2025-10-31,kac_S_NPI,415.0,KAC_AIRPORT,airline,PTA,파라타항공,"{""yyyymm"": ""202510""}"
2025-10-31,kac_S_NPI,5.0,KAC_AIRPORT,airline,QDA,칭다오항공,"{""yyyymm"": ""202510""}"
2025-10-31,kac_S_NPI,15.0,KAC_AIRPORT,airline,QNT,카놋샤크항공,"{""yyyymm"": ""202510""}"
2025-10-31,kac_S_NPI,1.0,KAC_AIRPORT,airline,RYL,로얄에어필리핀,"{""yyyymm"": ""202510""}"
2025-10-31,kac_S_NPI,28.0,KAC_AIRPORT,airline,SIA,싱가포르항공,"{""yyyymm"": ""202510""}"
2025-10-31,kac_S_NPI,59.0,KAC_AIRPORT,airline,TGW,스쿠트 항공,"{""yyyymm"": ""202510""}"
2025-10-31,kac_S_NPI,170.0,KAC_AIRPORT,airline,TTW,타이거에어 타이완,"{""yyyymm"": ""202510""}"
2025-10-31,kac_S_NPI,4552.0,KAC_AIRPORT,airline,TWB,티웨이항공,"{""yyyymm"": ""202510""}"
2025-10-31,kac_S_NPI,286.0,KAC_AIRPORT,airline,VJC,비엣젯항공,"{""yyyymm"": ""202510""}"
2025-10-31,kac_S_NPO,5658.0,KAC_AIRPORT,airline,AAR,아시아나항공,"{""yyyymm"": ""202510""}"
2025-10-31,kac_S_NPO,3211.0,KAC_AIRPORT,airline,ABL,에어부산,"{""yyyymm"": ""202510""}"
2025-10-31,kac_S_NPO,96.0,KAC_AIRPORT,airline,ANA,전일본공수,"{""yyyymm"": ""202510""}"
2025-10-31,kac_S_NPO,94.0,KAC_AIRPORT,airline,APJ,피치항공,"{""yyyymm"": ""202510""}"
2025-10-31,kac_S_NPO,545.0,KAC_AIRPORT,airline,ASV,에어서울,"{""yyyymm"": ""202510""}"
2025-10-31,kac_S_NPO,1.0,KAC_AIRPORT,airline,BAV,벰부항공,"{""yyyymm"": ""202510""}"
2025-10-31,kac_S_NPO,124.0,KAC_AIRPORT,airline,CAL,중화항공,"{""yyyymm"": ""202510""}"
2025-10-31,kac_S_NPO,7.0,KAC_AIRPORT,airline,CBJ,북경수도항공,"{""yyyymm"": ""202510""}"
2025-10-31,kac_S_NPO,51.0,KAC_AIRPORT,airline,CCA,중국국제항공,"{""yyyymm"": ""202510""}"
2025-10-31,kac_S_NPO,32.0,KAC_AIRPORT,airline,CDC,룽에어,"{""yyyymm"": ""202510""}"
2025-10-31,kac_S_NPO,160.0,KAC_AIRPORT,airline,CES,중국동방항공,"{""yyyymm"": ""202510""}"
2025-10-31,kac_S_NPO,227.0,KAC_AIRPORT,airline,CQH,춘추항공,"{""yyyymm"": ""202510""}"
2025-10-31,kac_S_NPO,0.0,KAC_AIRPORT,airline,CSC,사천항공,"{""yyyymm"": ""202510""}"
2025-10-31,kac_S_NPO,19.0,KAC_AIRPORT,airline,CSH,상해항공,"{""yyyymm"": ""202510""}"
2025-10-31,kac_S_NPO,38.0,KAC_AIRPORT,airline,CSN,중국남방항공,"{""yyyymm"": ""202510""}"
2025-10-31,kac_S_NPO,22.0,KAC_AIRPORT,airline,CSZ,중국심천항공,"{""yyyymm"": ""202510""}"
2025-10-31,kac_S_NPO,0.0,KAC_AIRPORT,airline,CXA,하문항공,"{""yyyymm"": ""202510""}"
2025-10-31,kac_S_NPO,62.0,KAC_AIRPORT,airline,DKH,길상항공(준야오),"{""yyyymm"": ""202510""}"
2025-10-31,kac_S_NPO,758.0,KAC_AIRPORT,airline,EOK,에어로케이항공,"{""yyyymm"": ""202510""}"
2025-10-31,kac_S_NPO,2652.0,KAC_AIRPORT,airline,ESR,이스타항공,"{""yyyymm"": ""202510""}"
2025-10-31,kac_S_NPO,34.0,KAC_AIRPORT,airline,EVA,에바항공,"{""yyyymm"": ""202510""}"
2025-10-31,kac_S_NPO,47.0,KAC_AIRPORT,airline,HKE,홍콩익스프레스,"{""yyyymm"": ""202510""}"
2025-10-31,kac_S_NPO,275.0,KAC_AIRPORT,airline,HVN,베트남항공,"{""yyyymm"": ""202510""}"
2025-10-31,kac_S_NPO,79.0,KAC_AIRPORT,airline,JAL,일본항공,"{""yyyymm"": ""202510""}"
2025-10-31,kac_S_NPO,4418.0,KAC_AIRPORT,airline,JJA,제주항공,"{""yyyymm"": ""202510""}"
2025-10-31,kac_S_NPO,5965.0,KAC_AIRPORT,airline,JNA,진에어,"{""yyyymm"": ""202510""}"
2025-10-31,kac_S_NPO,7758.0,KAC_AIRPORT,airline,KAL,대한항공,"{""yyyymm"": ""202510""}"
2025-10-31,kac_S_NPO,4.0,KAC_AIRPORT,airline,MGL,몽골항공,"{""yyyymm"": ""202510""}"
2025-10-31,kac_S_NPO,1.0,KAC_AIRPORT,airline,MML,훈누항공,"{""yyyymm"": ""202510""}"
2025-10-31,kac_S_NPO,19.0,KAC_AIRPORT,airline,PAL,필리핀항공,"{""yyyymm"": ""202510""}"
2025-10-31,kac_S_NPO,415.0,KAC_AIRPORT,airline,PTA,파라타항공,"{""yyyymm"": ""202510""}"
2025-10-31,kac_S_NPO,10.0,KAC_AIRPORT,airline,QDA,칭다오항공,"{""yyyymm"": ""202510""}"
2025-10-31,kac_S_NPO,13.0,KAC_AIRPORT,airline,QNT,카놋샤크항공,"{""yyyymm"": ""202510""}"
2025-10-31,kac_S_NPO,0.0,KAC_AIRPORT,airline,RYL,로얄에어필리핀,"{""yyyymm"": ""202510""}"
2025-10-31,kac_S_NPO,25.0,KAC_AIRPORT,airline,SIA,싱가포르항공,"{""yyyymm"": ""202510""}"
2025-10-31,kac_S_NPO,40.0,KAC_AIRPORT,airline,TGW,스쿠트 항공,"{""yyyymm"": ""202510""}"
2025-10-31,kac_S_NPO,174.0,KAC_AIRPORT,airline,TTW,타이거에어 타이완,"{""yyyymm"": ""202510""}"
2025-10-31,kac_S_NPO,4510.0,KAC_AIRPORT,airline,TWB,티웨이항공,"{""yyyymm"": ""202510""}"
2025-10-31,kac_S_NPO,315.0,KAC_AIRPORT,airline,VJC,비엣젯항공,"{""yyyymm"": ""202510""}"
2025-10-31,kac_S_OCI,2567.0,KAC_AIRPORT,airline,AAR,아시아나항공,"{""yyyymm"": ""202510""}"
2025-10-31,kac_S_OCI,2441.0,KAC_AIRPORT,airline,ABL,에어부산,"{""yyyymm"": ""202510""}"
2025-10-31,kac_S_OCI,93.0,KAC_AIRPORT,airline,ANA,전일본공수,"{""yyyymm"": ""202510""}"
2025-10-31,kac_S_OCI,124.0,KAC_AIRPORT,airline,APJ,피치항공,"{""yyyymm"": ""202510""}"
2025-10-31,kac_S_OCI,248.0,KAC_AIRPORT,airline,ASV,에어서울,"{""yyyymm"": ""202510""}"
2025-10-31,kac_S_OCI,2.0,KAC_AIRPORT,airline,BAV,벰부항공,"{""yyyymm"": ""202510""}"
2025-10-31,kac_S_OCI,92.0,KAC_AIRPORT,airline,CAL,중화항공,"{""yyyymm"": ""202510""}"
2025-10-31,kac_S_OCI,7.0,KAC_AIRPORT,airline,CBJ,북경수도항공,"{""yyyymm"": ""202510""}"
2025-10-31,kac_S_OCI,67.0,KAC_AIRPORT,airline,CCA,중국국제항공,"{""yyyymm"": ""202510""}"
2025-10-31,kac_S_OCI,49.0,KAC_AIRPORT,airline,CDC,룽에어,"{""yyyymm"": ""202510""}"
2025-10-31,kac_S_OCI,157.0,KAC_AIRPORT,airline,CES,중국동방항공,"{""yyyymm"": ""202510""}"
2025-10-31,kac_S_OCI,275.0,KAC_AIRPORT,airline,CQH,춘추항공,"{""yyyymm"": ""202510""}"
2025-10-31,kac_S_OCI,17.0,KAC_AIRPORT,airline,CSC,사천항공,"{""yyyymm"": ""202510""}"
2025-10-31,kac_S_OCI,62.0,KAC_AIRPORT,airline,CSH,상해항공,"{""yyyymm"": ""202510""}"
2025-10-31,kac_S_OCI,42.0,KAC_AIRPORT,airline,CSN,중국남방항공,"{""yyyymm"": ""202510""}"
2025-10-31,kac_S_OCI,28.0,KAC_AIRPORT,airline,CSZ,중국심천항공,"{""yyyymm"": ""202510""}"
2025-10-31,kac_S_OCI,3.0,KAC_AIRPORT,airline,CXA,하문항공,"{""yyyymm"": ""202510""}"
2025-10-31,kac_S_OCI,95.0,KAC_AIRPORT,airline,DKH,길상항공(준야오),"{""yyyymm"": ""202510""}"
2025-10-31,kac_S_OCI,586.0,KAC_AIRPORT,airline,EOK,에어로케이항공,"{""yyyymm"": ""202510""}"
2025-10-31,kac_S_OCI,1675.0,KAC_AIRPORT,airline,ESR,이스타항공,"{""yyyymm"": ""202510""}"
2025-10-31,kac_S_OCI,30.0,KAC_AIRPORT,airline,EVA,에바항공,"{""yyyymm"": ""202510""}"
2025-10-31,kac_S_OCI,109.0,KAC_AIRPORT,airline,HKE,홍콩익스프레스,"{""yyyymm"": ""202510""}"
2025-10-31,kac_S_OCI,95.0,KAC_AIRPORT,airline,HVN,베트남항공,"{""yyyymm"": ""202510""}"
2025-10-31,kac_S_OCI,93.0,KAC_AIRPORT,airline,JAL,일본항공,"{""yyyymm"": ""202510""}"
2025-10-31,kac_S_OCI,2939.0,KAC_AIRPORT,airline,JJA,제주항공,"{""yyyymm"": ""202510""}"
2025-10-31,kac_S_OCI,2941.0,KAC_AIRPORT,airline,JNA,진에어,"{""yyyymm"": ""202510""}"
2025-10-31,kac_S_OCI,4118.0,KAC_AIRPORT,airline,KAL,대한항공,"{""yyyymm"": ""202510""}"
2025-10-31,kac_S_OCI,4.0,KAC_AIRPORT,airline,MGL,몽골항공,"{""yyyymm"": ""202510""}"
2025-10-31,kac_S_OCI,2.0,KAC_AIRPORT,airline,MML,훈누항공,"{""yyyymm"": ""202510""}"
2025-10-31,kac_S_OCI,31.0,KAC_AIRPORT,airline,PAL,필리핀항공,"{""yyyymm"": ""202510""}"
2025-10-31,kac_S_OCI,126.0,KAC_AIRPORT,airline,PTA,파라타항공,"{""yyyymm"": ""202510""}"
2025-10-31,kac_S_OCI,9.0,KAC_AIRPORT,airline,QDA,칭다오항공,"{""yyyymm"": ""202510""}"
2025-10-31,kac_S_OCI,4.0,KAC_AIRPORT,airline,QNT,카놋샤크항공,"{""yyyymm"": ""202510""}"
2025-10-31,kac_S_OCI,1.0,KAC_AIRPORT,airline,RYL,로얄에어필리핀,"{""yyyymm"": ""202510""}"
2025-10-31,kac_S_OCI,19.0,KAC_AIRPORT,airline,SIA,싱가포르항공,"{""yyyymm"": ""202510""}"
2025-10-31,kac_S_OCI,22.0,KAC_AIRPORT,airline,TGW,스쿠트 항공,"{""yyyymm"": ""202510""}"
2025-10-31,kac_S_OCI,115.0,KAC_AIRPORT,airline,TTW,타이거에어 타이완,"{""yyyymm"": ""202510""}"
2025-10-31,kac_S_OCI,2803.0,KAC_AIRPORT,airline,TWB,티웨이항공,"{""yyyymm"": ""202510""}"
2025-10-31,kac_S_OCI,220.0,KAC_AIRPORT,airline,VJC,비엣젯항공,"{""yyyymm"": ""202510""}"
2025-10-31,kac_S_OCO,2567.0,KAC_AIRPORT,airline,AAR,아시아나항공,"{""yyyymm"": ""202510""}"
2025-10-31,kac_S_OCO,2444.0,KAC_AIRPORT,airline,ABL,에어부산,"{""yyyymm"": ""202510""}"
2025-10-31,kac_S_OCO,93.0,KAC_AIRPORT,airline,ANA,전일본공수,"{""yyyymm"": ""202510""}"
2025-10-31,kac_S_OCO,124.0,KAC_AIRPORT,airline,APJ,피치항공,"{""yyyymm"": ""202510""}"
2025-10-31,kac_S_OCO,248.0,KAC_AIRPORT,airline,ASV,에어서울,"{""yyyymm"": ""202510""}"
2025-10-31,kac_S_OCO,2.0,KAC_AIRPORT,airline,BAV,벰부항공,"{""yyyymm"": ""202510""}"
2025-10-31,kac_S_OCO,92.0,KAC_AIRPORT,airline,CAL,중화항공,"{""yyyymm"": ""202510""}"
2025-10-31,kac_S_OCO,7.0,KAC_AIRPORT,airline,CBJ,북경수도항공,"{""yyyymm"": ""202510""}"
2025-10-31,kac_S_OCO,67.0,KAC_AIRPORT,airline,CCA,중국국제항공,"{""yyyymm"": ""202510""}"
2025-10-31,kac_S_OCO,49.0,KAC_AIRPORT,airline,CDC,룽에어,"{""yyyymm"": ""202510""}"
2025-10-31,kac_S_OCO,157.0,KAC_AIRPORT,airline,CES,중국동방항공,"{""yyyymm"": ""202510""}"
2025-10-31,kac_S_OCO,277.0,KAC_AIRPORT,airline,CQH,춘추항공,"{""yyyymm"": ""202510""}"
2025-10-31,kac_S_OCO,17.0,KAC_AIRPORT,airline,CSC,사천항공,"{""yyyymm"": ""202510""}"
2025-10-31,kac_S_OCO,62.0,KAC_AIRPORT,airline,CSH,상해항공,"{""yyyymm"": ""202510""}"
2025-10-31,kac_S_OCO,42.0,KAC_AIRPORT,airline,CSN,중국남방항공,"{""yyyymm"": ""202510""}"
2025-10-31,kac_S_OCO,28.0,KAC_AIRPORT,airline,CSZ,중국심천항공,"{""yyyymm"": ""202510""}"
2025-10-31,kac_S_OCO,3.0,KAC_AIRPORT,airline,CXA,하문항공,"{""yyyymm"": ""202510""}"
2025-10-31,kac_S_OCO,95.0,KAC_AIRPORT,airline,DKH,길상항공(준야오),"{""yyyymm"": ""202510""}"
2025-10-31,kac_S_OCO,584.0,KAC_AIRPORT,airline,EOK,에어로케이항공,"{""yyyymm"": ""202510""}"
2025-10-31,kac_S_OCO,1681.0,KAC_AIRPORT,airline,ESR,이스타항공,"{""yyyymm"": ""202510""}"
2025-10-31,kac_S_OCO,29.0,KAC_AIRPORT,airline,EVA,에바항공,"{""yyyymm"": ""202510""}"
2025-10-31,kac_S_OCO,109.0,KAC_AIRPORT,airline,HKE,홍콩익스프레스,"{""yyyymm"": ""202510""}"
2025-10-31,kac_S_OCO,95.0,KAC_AIRPORT,airline,HVN,베트남항공,"{""yyyymm"": ""202510""}"
2025-10-31,kac_S_OCO,93.0,KAC_AIRPORT,airline,JAL,일본항공,"{""yyyymm"": ""202510""}"
2025-10-31,kac_S_OCO,2943.0,KAC_AIRPORT,airline,JJA,제주항공,"{""yyyymm"": ""202510""}"
2025-10-31,kac_S_OCO,2945.0,KAC_AIRPORT,airline,JNA,진에어,"{""yyyymm"": ""202510""}"
2025-10-31,kac_S_OCO,4117.0,KAC_AIRPORT,airline,KAL,대한항공,"{""yyyymm"": ""202510""}"
2025-10-31,kac_S_OCO,4.0,KAC_AIRPORT,airline,MGL,몽골항공,"{""yyyymm"": ""202510""}"
2025-10-31,kac_S_OCO,2.0,KAC_AIRPORT,airline,MML,훈누항공,"{""yyyymm"": ""202510""}"
2025-10-31,kac_S_OCO,31.0,KAC_AIRPORT,airline,PAL,필리핀항공,"{""yyyymm"": ""202510""}"
2025-10-31,kac_S_OCO,126.0,KAC_AIRPORT,airline,PTA,파라타항공,"{""yyyymm"": ""202510""}"
2025-10-31,kac_S_OCO,9.0,KAC_AIRPORT,airline,QDA,칭다오항공,"{""yyyymm"": ""202510""}"
2025-10-31,kac_S_OCO,4.0,KAC_AIRPORT,airline,QNT,카놋샤크항공,"{""yyyymm"": ""202510""}"
2025-10-31,kac_S_OCO,0.0,KAC_AIRPORT,airline,RYL,로얄에어필리핀,"{""yyyymm"": ""202510""}"
2025-10-31,kac_S_OCO,19.0,KAC_AIRPORT,airline,SIA,싱가포르항공,"{""yyyymm"": ""202510""}"
2025-10-31,kac_S_OCO,22.0,KAC_AIRPORT,airline,TGW,스쿠트 항공,"{""yyyymm"": ""202510""}"
2025-10-31,kac_S_OCO,115.0,KAC_AIRPORT,airline,TTW,타이거에어 타이완,"{""yyyymm"": ""202510""}"
2025-10-31,kac_S_OCO,2803.0,KAC_AIRPORT,airline,TWB,티웨이항공,"{""yyyymm"": ""202510""}"
2025-10-31,kac_S_OCO,220.0,KAC_AIRPORT,airline,VJC,비엣젯항공,"{""yyyymm"": ""202510""}"
2025-10-31,kac_S_TSI,6.0,KAC_AIRPORT,airline,AAR,아시아나항공,"{""yyyymm"": ""202510""}"
2025-10-31,kac_S_TSI,91.0,KAC_AIRPORT,airline,ABL,에어부산,"{""yyyymm"": ""202510""}"
2025-10-31,kac_S_TSI,19.0,KAC_AIRPORT,airline,ANA,전일본공수,"{""yyyymm"": ""202510""}"
2025-10-31,kac_S_TSI,1.0,KAC_AIRPORT,airline,APJ,피치항공,"{""yyyymm"": ""202510""}"
2025-10-31,kac_S_TSI,0.0,KAC_AIRPORT,airline,ASV,에어서울,"{""yyyymm"": ""202510""}"
2025-10-31,kac_S_TSI,0.0,KAC_AIRPORT,airline,BAV,벰부항공,"{""yyyymm"": ""202510""}"
2025-10-31,kac_S_TSI,4.0,KAC_AIRPORT,airline,CAL,중화항공,"{""yyyymm"": ""202510""}"
2025-10-31,kac_S_TSI,0.0,KAC_AIRPORT,airline,CBJ,북경수도항공,"{""yyyymm"": ""202510""}"
2025-10-31,kac_S_TSI,3.0,KAC_AIRPORT,airline,CCA,중국국제항공,"{""yyyymm"": ""202510""}"
2025-10-31,kac_S_TSI,0.0,KAC_AIRPORT,airline,CDC,룽에어,"{""yyyymm"": ""202510""}"
2025-10-31,kac_S_TSI,3.0,KAC_AIRPORT,airline,CES,중국동방항공,"{""yyyymm"": ""202510""}"
2025-10-31,kac_S_TSI,0.0,KAC_AIRPORT,airline,CQH,춘추항공,"{""yyyymm"": ""202510""}"
2025-10-31,kac_S_TSI,0.0,KAC_AIRPORT,airline,CSC,사천항공,"{""yyyymm"": ""202510""}"
2025-10-31,kac_S_TSI,1.0,KAC_AIRPORT,airline,CSH,상해항공,"{""yyyymm"": ""202510""}"
2025-10-31,kac_S_TSI,2.0,KAC_AIRPORT,airline,CSN,중국남방항공,"{""yyyymm"": ""202510""}"
2025-10-31,kac_S_TSI,0.0,KAC_AIRPORT,airline,CSZ,중국심천항공,"{""yyyymm"": ""202510""}"
2025-10-31,kac_S_TSI,0.0,KAC_AIRPORT,airline,CXA,하문항공,"{""yyyymm"": ""202510""}"
2025-10-31,kac_S_TSI,0.0,KAC_AIRPORT,airline,DKH,길상항공(준야오),"{""yyyymm"": ""202510""}"
2025-10-31,kac_S_TSI,0.0,KAC_AIRPORT,airline,EOK,에어로케이항공,"{""yyyymm"": ""202510""}"
2025-10-31,kac_S_TSI,0.0,KAC_AIRPORT,airline,ESR,이스타항공,"{""yyyymm"": ""202510""}"
2025-10-31,kac_S_TSI,0.0,KAC_AIRPORT,airline,EVA,에바항공,"{""yyyymm"": ""202510""}"
2025-10-31,kac_S_TSI,0.0,KAC_AIRPORT,airline,HKE,홍콩익스프레스,"{""yyyymm"": ""202510""}"
2025-10-31,kac_S_TSI,2.0,KAC_AIRPORT,airline,HVN,베트남항공,"{""yyyymm"": ""202510""}"
2025-10-31,kac_S_TSI,19.0,KAC_AIRPORT,airline,JAL,일본항공,"{""yyyymm"": ""202510""}"
2025-10-31,kac_S_TSI,79.0,KAC_AIRPORT,airline,JJA,제주항공,"{""yyyymm"": ""202510""}"
2025-10-31,kac_S_TSI,360.0,KAC_AIRPORT,airline,JNA,진에어,"{""yyyymm"": ""202510""}"
2025-10-31,kac_S_TSI,111.0,KAC_AIRPORT,airline,KAL,대한항공,"{""yyyymm"": ""202510""}"
2025-10-31,kac_S_TSI,0.0,KAC_AIRPORT,airline,MGL,몽골항공,"{""yyyymm"": ""202510""}"
2025-10-31,kac_S_TSI,0.0,KAC_AIRPORT,airline,MML,훈누항공,"{""yyyymm"": ""202510""}"
2025-10-31,kac_S_TSI,0.0,KAC_AIRPORT,airline,PAL,필리핀항공,"{""yyyymm"": ""202510""}"
2025-10-31,kac_S_TSI,0.0,KAC_AIRPORT,airline,PTA,파라타항공,"{""yyyymm"": ""202510""}"
2025-10-31,kac_S_TSI,0.0,KAC_AIRPORT,airline,QDA,칭다오항공,"{""yyyymm"": ""202510""}"
2025-10-31,kac_S_TSI,0.0,KAC_AIRPORT,airline,QNT,카놋샤크항공,"{""yyyymm"": ""202510""}"
2025-10-31,kac_S_TSI,0.0,KAC_AIRPORT,airline,RYL,로얄에어필리핀,"{""yyyymm"": ""202510""}"
2025-10-31,kac_S_TSI,0.0,KAC_AIRPORT,airline,SIA,싱가포르항공,"{""yyyymm"": ""202510""}"
2025-10-31,kac_S_TSI,0.0,KAC_AIRPORT,airline,TGW,스쿠트 항공,"{""yyyymm"": ""202510""}"
2025-10-31,kac_S_TSI,3.0,KAC_AIRPORT,airline,TTW,타이거에어 타이완,"{""yyyymm"": ""202510""}"
2025-10-31,kac_S_TSI,266.0,KAC_AIRPORT,airline,TWB,티웨이항공,"{""yyyymm"": ""202510""}"
2025-10-31,kac_S_TSI,24.0,KAC_AIRPORT,airline,VJC,비엣젯항공,"{""yyyymm"": ""202510""}"
2025-10-31,kac_S_TSO,8.0,KAC_AIRPORT,airline,AAR,아시아나항공,"{""yyyymm"": ""202510""}"
2025-10-31,kac_S_TSO,91.0,KAC_AIRPORT,airline,ABL,에어부산,"{""yyyymm"": ""202510""}"
2025-10-31,kac_S_TSO,19.0,KAC_AIRPORT,airline,ANA,전일본공수,"{""yyyymm"": ""202510""}"
2025-10-31,kac_S_TSO,1.0,KAC_AIRPORT,airline,APJ,피치항공,"{""yyyymm"": ""202510""}"
2025-10-31,kac_S_TSO,0.0,KAC_AIRPORT,airline,ASV,에어서울,"{""yyyymm"": ""202510""}"
2025-10-31,kac_S_TSO,0.0,KAC_AIRPORT,airline,BAV,벰부항공,"{""yyyymm"": ""202510""}"
2025-10-31,kac_S_TSO,0.0,KAC_AIRPORT,airline,CAL,중화항공,"{""yyyymm"": ""202510""}"
2025-10-31,kac_S_TSO,0.0,KAC_AIRPORT,airline,CBJ,북경수도항공,"{""yyyymm"": ""202510""}"
2025-10-31,kac_S_TSO,0.0,KAC_AIRPORT,airline,CCA,중국국제항공,"{""yyyymm"": ""202510""}"
2025-10-31,kac_S_TSO,0.0,KAC_AIRPORT,airline,CDC,룽에어,"{""yyyymm"": ""202510""}"
2025-10-31,kac_S_TSO,1.0,KAC_AIRPORT,airline,CES,중국동방항공,"{""yyyymm"": ""202510""}"
2025-10-31,kac_S_TSO,0.0,KAC_AIRPORT,airline,CQH,춘추항공,"{""yyyymm"": ""202510""}"
2025-10-31,kac_S_TSO,0.0,KAC_AIRPORT,airline,CSC,사천항공,"{""yyyymm"": ""202510""}"
2025-10-31,kac_S_TSO,2.0,KAC_AIRPORT,airline,CSH,상해항공,"{""yyyymm"": ""202510""}"
2025-10-31,kac_S_TSO,1.0,KAC_AIRPORT,airline,CSN,중국남방항공,"{""yyyymm"": ""202510""}"
2025-10-31,kac_S_TSO,0.0,KAC_AIRPORT,airline,CSZ,중국심천항공,"{""yyyymm"": ""202510""}"
2025-10-31,kac_S_TSO,0.0,KAC_AIRPORT,airline,CXA,하문항공,"{""yyyymm"": ""202510""}"
2025-10-31,kac_S_TSO,0.0,KAC_AIRPORT,airline,DKH,길상항공(준야오),"{""yyyymm"": ""202510""}"
2025-10-31,kac_S_TSO,0.0,KAC_AIRPORT,airline,EOK,에어로케이항공,"{""yyyymm"": ""202510""}"
2025-10-31,kac_S_TSO,0.0,KAC_AIRPORT,airline,ESR,이스타항공,"{""yyyymm"": ""202510""}"
2025-10-31,kac_S_TSO,2.0,KAC_AIRPORT,airline,EVA,에바항공,"{""yyyymm"": ""202510""}"
2025-10-31,kac_S_TSO,0.0,KAC_AIRPORT,airline,HKE,홍콩익스프레스,"{""yyyymm"": ""202510""}"
2025-10-31,kac_S_TSO,2.0,KAC_AIRPORT,airline,HVN,베트남항공,"{""yyyymm"": ""202510""}"
2025-10-31,kac_S_TSO,19.0,KAC_AIRPORT,airline,JAL,일본항공,"{""yyyymm"": ""202510""}"
2025-10-31,kac_S_TSO,89.0,KAC_AIRPORT,airline,JJA,제주항공,"{""yyyymm"": ""202510""}"
2025-10-31,kac_S_TSO,367.0,KAC_AIRPORT,airline,JNA,진에어,"{""yyyymm"": ""202510""}"
2025-10-31,kac_S_TSO,89.0,KAC_AIRPORT,airline,KAL,대한항공,"{""yyyymm"": ""202510""}"
2025-10-31,kac_S_TSO,0.0,KAC_AIRPORT,airline,MGL,몽골항공,"{""yyyymm"": ""202510""}"
2025-10-31,kac_S_TSO,0.0,KAC_AIRPORT,airline,MML,훈누항공,"{""yyyymm"": ""202510""}"
2025-10-31,kac_S_TSO,0.0,KAC_AIRPORT,airline,PAL,필리핀항공,"{""yyyymm"": ""202510""}"
2025-10-31,kac_S_TSO,0.0,KAC_AIRPORT,airline,PTA,파라타항공,"{""yyyymm"": ""202510""}"
2025-10-31,kac_S_TSO,0.0,KAC_AIRPORT,airline,QDA,칭다오항공,"{""yyyymm"": ""202510""}"
2025-10-31,kac_S_TSO,1.0,KAC_AIRPORT,airline,QNT,카놋샤크항공,"{""yyyymm"": ""202510""}"
2025-10-31,kac_S_TSO,0.0,KAC_AIRPORT,airline,RYL,로얄에어필리핀,"{""yyyymm"": ""202510""}"
2025-10-31,kac_S_TSO,0.0,KAC_AIRPORT,airline,SIA,싱가포르항공,"{""yyyymm"": ""202510""}"
2025-10-31,kac_S_TSO,0.0,KAC_AIRPORT,airline,TGW,스쿠트 항공,"{""yyyymm"": ""202510""}"
2025-10-31,kac_S_TSO,0.0,KAC_AIRPORT,airline,TTW,타이거에어 타이완,"{""yyyymm"": ""202510""}"
2025-10-31,kac_S_TSO,267.0,KAC_AIRPORT,airline,TWB,티웨이항공,"{""yyyymm"": ""202510""}"
2025-10-31,kac_S_TSO,24.0,KAC_AIRPORT,airline,VJC,비엣젯항공,"{""yyyymm"": ""202510""}"
2025-11-30,airportal_SEQ,100.0,AIRPORTAL,airline,,Royal Air Philippines(RYL),"{""year"": 2025, ""month"": 11, ""yyyymm"": ""202511""}"
2025-11-30,airportal_공급(석),180.0,AIRPORTAL,airline,,Royal Air Philippines(RYL),"{""year"": 2025, ""month"": 11, ""yyyymm"": ""202511""}"
2025-11-30,airportal_여객(명),177.0,AIRPORTAL,airline,,Royal Air Philippines(RYL),"{""year"": 2025, ""month"": 11, ""yyyymm"": ""202511""}"
2025-11-30,airportal_운항(편),1.0,AIRPORTAL,airline,,Royal Air Philippines(RYL),"{""year"": 2025, ""month"": 11, ""yyyymm"": ""202511""}"
2025-11-30,airportal_화물(톤),3.0,AIRPORTAL,airline,,Royal Air Philippines(RYL),"{""year"": 2025, ""month"": 11, ""yyyymm"": ""202511""}"
2025-11-30,icn_airline_cargo_tons_arrBaggage,317.0,ODP_B551177,airline,7C,제주항공,
2025-11-30,icn_airline_cargo_tons_arrBaggage,28.0,ODP_B551177,airline,AA,아메리칸항공,
2025-11-30,icn_airline_cargo_tons_arrBaggage,52363.0,ODP_B551177,airline,KE,대한항공,
2025-11-30,icn_airline_cargo_tons_arrBaggage,6230.0,ODP_B551177,airline,OZ,아시아나항공,
2025-11-30,icn_airline_cargo_tons_baggage,632.0,ODP_B551177,airline,7C,제주항공,
2025-11-30,icn_airline_cargo_tons_baggage,338.0,ODP_B551177,airline,AA,아메리칸항공,
2025-11-30,icn_airline_cargo_tons_baggage,106567.0,ODP_B551177,airline,KE,대한항공,
2025-11-30,icn_airline_cargo_tons_baggage,11826.0,ODP_B551177,airline,OZ,아시아나항공,
2025-11-30,icn_airline_cargo_tons_depBaggage,315.0,ODP_B551177,airline,7C,제주항공,
2025-11-30,icn_airline_cargo_tons_depBaggage,310.0,ODP_B551177,airline,AA,아메리칸항공,
2025-11-30,icn_airline_cargo_tons_depBaggage,54204.0,ODP_B551177,airline,KE,대한항공,
2025-11-30,icn_airline_cargo_tons_depBaggage,5596.0,ODP_B551177,airline,OZ,아시아나항공,
2025-11-30,icn_airline_pax_arrPassenger,246555.0,ODP_B551177,airline,7C,제주항공,
2025-11-30,icn_airline_pax_arrPassenger,7069.0,ODP_B551177,airline,AA,아메리칸항공,
2025-11-30,icn_airline_pax_arrPassenger,714564.0,ODP_B551177,airline,KE,대한항공,
2025-11-30,icn_airline_pax_arrPassenger,418328.0,ODP_B551177,airline,OZ,아시아나항공,
2025-11-30,icn_airline_pax_depPassenger,252076.0,ODP_B551177,airline,7C,제주항공,
2025-11-30,icn_airline_pax_depPassenger,7579.0,ODP_B551177,airline,AA,아메리칸항공,
2025-11-30,icn_airline_pax_depPassenger,734047.0,ODP_B551177,airline,KE,대한항공,
2025-11-30,icn_airline_pax_depPassenger,430910.0,ODP_B551177,airline,OZ,아시아나항공,
2025-11-30,icn_airline_pax_passenger,498631.0,ODP_B551177,airline,7C,제주항공,
2025-11-30,icn_airline_pax_passenger,14648.0,ODP_B551177,airline,AA,아메리칸항공,
2025-11-30,icn_airline_pax_passenger,1448611.0,ODP_B551177,airline,KE,대한항공,
2025-11-30,icn_airline_pax_passenger,849238.0,ODP_B551177,airline,OZ,아시아나항공,
2025-11-30,kac_S_BFI,2775933.0,KAC_AIRPORT,airline,AAR,아시아나항공,"{""yyyymm"": ""202511""}"
2025-11-30,kac_S_BFI,2297567.0,KAC_AIRPORT,airline,ABL,에어부산,"{""yyyymm"": ""202511""}"
2025-11-30,kac_S_BFI,181391.0,KAC_AIRPORT,airline,ANA,전일본공수,"{""yyyymm"": ""202511""}"
2025-11-30,kac_S_BFI,166134.0,KAC_AIRPORT,airline,APJ,피치항공,"{""yyyymm"": ""202511""}"
2025-11-30,kac_S_BFI,94246.0,KAC_AIRPORT,airline,ASV,에어서울,"{""yyyymm"": ""202511""}"
2025-11-30,kac_S_BFI,194180.0,KAC_AIRPORT,airline,CAL,중화항공,"{""yyyymm"": ""202511""}"
2025-11-30,kac_S_BFI,98053.0,KAC_AIRPORT,airline,CCA,중국국제항공,"{""yyyymm"": ""202511""}"
2025-11-30,kac_S_BFI,74624.0,KAC_AIRPORT,airline,CDC,룽에어,"{""yyyymm"": ""202511""}"
2025-11-30,kac_S_BFI,283288.0,KAC_AIRPORT,airline,CES,중국동방항공,"{""yyyymm"": ""202511""}"
2025-11-30,kac_S_BFI,249011.0,KAC_AIRPORT,airline,CQH,춘추항공,"{""yyyymm"": ""202511""}"
2025-11-30,kac_S_BFI,38430.0,KAC_AIRPORT,airline,CSC,사천항공,"{""yyyymm"": ""202511""}"
2025-11-30,kac_S_BFI,119310.0,KAC_AIRPORT,airline,CSH,상해항공,"{""yyyymm"": ""202511""}"
2025-11-30,kac_S_BFI,68872.0,KAC_AIRPORT,airline,CSN,중국남방항공,"{""yyyymm"": ""202511""}"
2025-11-30,kac_S_BFI,18685.0,KAC_AIRPORT,airline,CSZ,중국심천항공,"{""yyyymm"": ""202511""}"
2025-11-30,kac_S_BFI,70965.0,KAC_AIRPORT,airline,DKH,길상항공(준야오),"{""yyyymm"": ""202511""}"
2025-11-30,kac_S_BFI,703648.0,KAC_AIRPORT,airline,EOK,에어로케이항공,"{""yyyymm"": ""202511""}"
2025-11-30,kac_S_BFI,1405036.0,KAC_AIRPORT,airline,ESR,이스타항공,"{""yyyymm"": ""202511""}"
2025-11-30,kac_S_BFI,106112.0,KAC_AIRPORT,airline,EVA,에바항공,"{""yyyymm"": ""202511""}"
2025-11-30,kac_S_BFI,170693.0,KAC_AIRPORT,airline,HKE,홍콩익스프레스,"{""yyyymm"": ""202511""}"
2025-11-30,kac_S_BFI,368538.0,KAC_AIRPORT,airline,HVN,베트남항공,"{""yyyymm"": ""202511""}"
2025-11-30,kac_S_BFI,179963.0,KAC_AIRPORT,airline,JAL,일본항공,"{""yyyymm"": ""202511""}"
2025-11-30,kac_S_BFI,2637588.0,KAC_AIRPORT,airline,JJA,제주항공,"{""yyyymm"": ""202511""}"
2025-11-30,kac_S_BFI,2536968.0,KAC_AIRPORT,airline,JNA,진에어,"{""yyyymm"": ""202511""}"
2025-11-30,kac_S_BFI,4708064.0,KAC_AIRPORT,airline,KAL,대한항공,"{""yyyymm"": ""202511""}"
2025-11-30,kac_S_BFI,75291.0,KAC_AIRPORT,airline,PAL,필리핀항공,"{""yyyymm"": ""202511""}"
2025-11-30,kac_S_BFI,131534.0,KAC_AIRPORT,airline,PTA,파라타항공,"{""yyyymm"": ""202511""}"
2025-11-30,kac_S_BFI,7954.0,KAC_AIRPORT,airline,QDA,칭다오항공,"{""yyyymm"": ""202511""}"
2025-11-30,kac_S_BFI,8667.0,KAC_AIRPORT,airline,QNT,카놋샤크항공,"{""yyyymm"": ""202511""}"
2025-11-30,kac_S_BFI,0.0,KAC_AIRPORT,airline,RYL,로얄에어필리핀,"{""yyyymm"": ""202511""}"
2025-11-30,kac_S_BFI,60552.0,KAC_AIRPORT,airline,SIA,싱가포르항공,"{""yyyymm"": ""202511""}"
2025-11-30,kac_S_BFI,45081.0,KAC_AIRPORT,airline,TGW,스쿠트 항공,"{""yyyymm"": ""202511""}"
2025-11-30,kac_S_BFI,148279.0,KAC_AIRPORT,airline,TTW,타이거에어 타이완,"{""yyyymm"": ""202511""}"
2025-11-30,kac_S_BFI,2915345.0,KAC_AIRPORT,airline,TWB,티웨이항공,"{""yyyymm"": ""202511""}"
2025-11-30,kac_S_BFI,488274.0,KAC_AIRPORT,airline,VJC,비엣젯항공,"{""yyyymm"": ""202511""}"
2025-11-30,kac_S_BFO,2777246.0,KAC_AIRPORT,airline,AAR,아시아나항공,"{""yyyymm"": ""202511""}"
2025-11-30,kac_S_BFO,2226937.0,KAC_AIRPORT,airline,ABL,에어부산,"{""yyyymm"": ""202511""}"
2025-11-30,kac_S_BFO,215953.0,KAC_AIRPORT,airline,ANA,전일본공수,"{""yyyymm"": ""202511""}"
2025-11-30,kac_S_BFO,230119.0,KAC_AIRPORT,airline,APJ,피치항공,"{""yyyymm"": ""202511""}"
2025-11-30,kac_S_BFO,94246.0,KAC_AIRPORT,airline,ASV,에어서울,"{""yyyymm"": ""202511""}"
2025-11-30,kac_S_BFO,272063.0,KAC_AIRPORT,airline,CAL,중화항공,"{""yyyymm"": ""202511""}"
2025-11-30,kac_S_BFO,127109.0,KAC_AIRPORT,airline,CCA,중국국제항공,"{""yyyymm"": ""202511""}"
2025-11-30,kac_S_BFO,81965.0,KAC_AIRPORT,airline,CDC,룽에어,"{""yyyymm"": ""202511""}"
2025-11-30,kac_S_BFO,298792.0,KAC_AIRPORT,airline,CES,중국동방항공,"{""yyyymm"": ""202511""}"
2025-11-30,kac_S_BFO,292937.0,KAC_AIRPORT,airline,CQH,춘추항공,"{""yyyymm"": ""202511""}"
2025-11-30,kac_S_BFO,27318.0,KAC_AIRPORT,airline,CSC,사천항공,"{""yyyymm"": ""202511""}"
2025-11-30,kac_S_BFO,128388.0,KAC_AIRPORT,airline,CSH,상해항공,"{""yyyymm"": ""202511""}"
2025-11-30,kac_S_BFO,106746.0,KAC_AIRPORT,airline,CSN,중국남방항공,"{""yyyymm"": ""202511""}"
2025-11-30,kac_S_BFO,22738.0,KAC_AIRPORT,airline,CSZ,중국심천항공,"{""yyyymm"": ""202511""}"
2025-11-30,kac_S_BFO,89018.0,KAC_AIRPORT,airline,DKH,길상항공(준야오),"{""yyyymm"": ""202511""}"
2025-11-30,kac_S_BFO,569197.0,KAC_AIRPORT,airline,EOK,에어로케이항공,"{""yyyymm"": ""202511""}"
2025-11-30,kac_S_BFO,1359323.0,KAC_AIRPORT,airline,ESR,이스타항공,"{""yyyymm"": ""202511""}"
2025-11-30,kac_S_BFO,156598.0,KAC_AIRPORT,airline,EVA,에바항공,"{""yyyymm"": ""202511""}"
2025-11-30,kac_S_BFO,192941.0,KAC_AIRPORT,airline,HKE,홍콩익스프레스,"{""yyyymm"": ""202511""}"
2025-11-30,kac_S_BFO,378492.0,KAC_AIRPORT,airline,HVN,베트남항공,"{""yyyymm"": ""202511""}"
2025-11-30,kac_S_BFO,230457.0,KAC_AIRPORT,airline,JAL,일본항공,"{""yyyymm"": ""202511""}"
2025-11-30,kac_S_BFO,2634979.0,KAC_AIRPORT,airline,JJA,제주항공,"{""yyyymm"": ""202511""}"
2025-11-30,kac_S_BFO,2497094.0,KAC_AIRPORT,airline,JNA,진에어,"{""yyyymm"": ""202511""}"
2025-11-30,kac_S_BFO,4678259.0,KAC_AIRPORT,airline,KAL,대한항공,"{""yyyymm"": ""202511""}"
2025-11-30,kac_S_BFO,112386.0,KAC_AIRPORT,airline,PAL,필리핀항공,"{""yyyymm"": ""202511""}"
2025-11-30,kac_S_BFO,131534.0,KAC_AIRPORT,airline,PTA,파라타항공,"{""yyyymm"": ""202511""}"
2025-11-30,kac_S_BFO,8492.0,KAC_AIRPORT,airline,QDA,칭다오항공,"{""yyyymm"": ""202511""}"
2025-11-30,kac_S_BFO,11825.0,KAC_AIRPORT,airline,QNT,카놋샤크항공,"{""yyyymm"": ""202511""}"
2025-11-30,kac_S_BFO,3047.0,KAC_AIRPORT,airline,RYL,로얄에어필리핀,"{""yyyymm"": ""202511""}"
2025-11-30,kac_S_BFO,69574.0,KAC_AIRPORT,airline,SIA,싱가포르항공,"{""yyyymm"": ""202511""}"
2025-11-30,kac_S_BFO,52054.0,KAC_AIRPORT,airline,TGW,스쿠트 항공,"{""yyyymm"": ""202511""}"
2025-11-30,kac_S_BFO,214412.0,KAC_AIRPORT,airline,TTW,타이거에어 타이완,"{""yyyymm"": ""202511""}"
2025-11-30,kac_S_BFO,2767271.0,KAC_AIRPORT,airline,TWB,티웨이항공,"{""yyyymm"": ""202511""}"
2025-11-30,kac_S_BFO,377485.0,KAC_AIRPORT,airline,VJC,비엣젯항공,"{""yyyymm"": ""202511""}"
2025-11-30,kac_S_FFI,1399127.0,KAC_AIRPORT,airline,AAR,아시아나항공,"{""yyyymm"": ""202511""}"
2025-11-30,kac_S_FFI,254129.0,KAC_AIRPORT,airline,ABL,에어부산,"{""yyyymm"": ""202511""}"
2025-11-30,kac_S_FFI,0.0,KAC_AIRPORT,airline,ANA,전일본공수,"{""yyyymm"": ""202511""}"
2025-11-30,kac_S_FFI,0.0,KAC_AIRPORT,airline,APJ,피치항공,"{""yyyymm"": ""202511""}"
2025-11-30,kac_S_FFI,0.0,KAC_AIRPORT,airline,ASV,에어서울,"{""yyyymm"": ""202511""}"
2025-11-30,kac_S_FFI,0.0,KAC_AIRPORT,airline,CAL,중화항공,"{""yyyymm"": ""202511""}"
2025-11-30,kac_S_FFI,0.0,KAC_AIRPORT,airline,CCA,중국국제항공,"{""yyyymm"": ""202511""}"
2025-11-30,kac_S_FFI,0.0,KAC_AIRPORT,airline,CDC,룽에어,"{""yyyymm"": ""202511""}"
2025-11-30,kac_S_FFI,177113.0,KAC_AIRPORT,airline,CES,중국동방항공,"{""yyyymm"": ""202511""}"
2025-11-30,kac_S_FFI,0.0,KAC_AIRPORT,airline,CQH,춘추항공,"{""yyyymm"": ""202511""}"
2025-11-30,kac_S_FFI,0.0,KAC_AIRPORT,airline,CSC,사천항공,"{""yyyymm"": ""202511""}"
2025-11-30,kac_S_FFI,30944.0,KAC_AIRPORT,airline,CSH,상해항공,"{""yyyymm"": ""202511""}"
2025-11-30,kac_S_FFI,613.0,KAC_AIRPORT,airline,CSN,중국남방항공,"{""yyyymm"": ""202511""}"
2025-11-30,kac_S_FFI,0.0,KAC_AIRPORT,airline,CSZ,중국심천항공,"{""yyyymm"": ""202511""}"
2025-11-30,kac_S_FFI,0.0,KAC_AIRPORT,airline,DKH,길상항공(준야오),"{""yyyymm"": ""202511""}"
2025-11-30,kac_S_FFI,117.0,KAC_AIRPORT,airline,EOK,에어로케이항공,"{""yyyymm"": ""202511""}"
2025-11-30,kac_S_FFI,27.0,KAC_AIRPORT,airline,ESR,이스타항공,"{""yyyymm"": ""202511""}"
2025-11-30,kac_S_FFI,0.0,KAC_AIRPORT,airline,EVA,에바항공,"{""yyyymm"": ""202511""}"
2025-11-30,kac_S_FFI,0.0,KAC_AIRPORT,airline,HKE,홍콩익스프레스,"{""yyyymm"": ""202511""}"
2025-11-30,kac_S_FFI,532718.0,KAC_AIRPORT,airline,HVN,베트남항공,"{""yyyymm"": ""202511""}"
2025-11-30,kac_S_FFI,809.0,KAC_AIRPORT,airline,JAL,일본항공,"{""yyyymm"": ""202511""}"
2025-11-30,kac_S_FFI,83.0,KAC_AIRPORT,airline,JJA,제주항공,"{""yyyymm"": ""202511""}"
2025-11-30,kac_S_FFI,84532.0,KAC_AIRPORT,airline,JNA,진에어,"{""yyyymm"": ""202511""}"
2025-11-30,kac_S_FFI,2276487.0,KAC_AIRPORT,airline,KAL,대한항공,"{""yyyymm"": ""202511""}"
2025-11-30,kac_S_FFI,6274.0,KAC_AIRPORT,airline,PAL,필리핀항공,"{""yyyymm"": ""202511""}"
2025-11-30,kac_S_FFI,0.0,KAC_AIRPORT,airline,PTA,파라타항공,"{""yyyymm"": ""202511""}"
2025-11-30,kac_S_FFI,0.0,KAC_AIRPORT,airline,QDA,칭다오항공,"{""yyyymm"": ""202511""}"
2025-11-30,kac_S_FFI,0.0,KAC_AIRPORT,airline,QNT,카놋샤크항공,"{""yyyymm"": ""202511""}"
2025-11-30,kac_S_FFI,0.0,KAC_AIRPORT,airline,RYL,로얄에어필리핀,"{""yyyymm"": ""202511""}"
2025-11-30,kac_S_FFI,5109.0,KAC_AIRPORT,airline,SIA,싱가포르항공,"{""yyyymm"": ""202511""}"
2025-11-30,kac_S_FFI,0.0,KAC_AIRPORT,airline,TGW,스쿠트 항공,"{""yyyymm"": ""202511""}"
2025-11-30,kac_S_FFI,0.0,KAC_AIRPORT,airline,TTW,타이거에어 타이완,"{""yyyymm"": ""202511""}"
2025-11-30,kac_S_FFI,3.0,KAC_AIRPORT,airline,TWB,티웨이항공,"{""yyyymm"": ""202511""}"
2025-11-30,kac_S_FFI,12327.0,KAC_AIRPORT,airline,VJC,비엣젯항공,"{""yyyymm"": ""202511""}"
2025-11-30,kac_S_FFO,1565051.0,KAC_AIRPORT,airline,AAR,아시아나항공,"{""yyyymm"": ""202511""}"
2025-11-30,kac_S_FFO,254129.0,KAC_AIRPORT,airline,ABL,에어부산,"{""yyyymm"": ""202511""}"
2025-11-30,kac_S_FFO,100744.0,KAC_AIRPORT,airline,ANA,전일본공수,"{""yyyymm"": ""202511""}"
2025-11-30,kac_S_FFO,163.0,KAC_AIRPORT,airline,APJ,피치항공,"{""yyyymm"": ""202511""}"
2025-11-30,kac_S_FFO,0.0,KAC_AIRPORT,airline,ASV,에어서울,"{""yyyymm"": ""202511""}"
2025-11-30,kac_S_FFO,27328.0,KAC_AIRPORT,airline,CAL,중화항공,"{""yyyymm"": ""202511""}"
2025-11-30,kac_S_FFO,0.0,KAC_AIRPORT,airline,CCA,중국국제항공,"{""yyyymm"": ""202511""}"
2025-11-30,kac_S_FFO,0.0,KAC_AIRPORT,airline,CDC,룽에어,"{""yyyymm"": ""202511""}"
2025-11-30,kac_S_FFO,23426.0,KAC_AIRPORT,airline,CES,중국동방항공,"{""yyyymm"": ""202511""}"
2025-11-30,kac_S_FFO,0.0,KAC_AIRPORT,airline,CQH,춘추항공,"{""yyyymm"": ""202511""}"
2025-11-30,kac_S_FFO,0.0,KAC_AIRPORT,airline,CSC,사천항공,"{""yyyymm"": ""202511""}"
2025-11-30,kac_S_FFO,0.0,KAC_AIRPORT,airline,CSH,상해항공,"{""yyyymm"": ""202511""}"
2025-11-30,kac_S_FFO,0.0,KAC_AIRPORT,airline,CSN,중국남방항공,"{""yyyymm"": ""202511""}"
2025-11-30,kac_S_FFO,0.0,KAC_AIRPORT,airline,CSZ,중국심천항공,"{""yyyymm"": ""202511""}"
2025-11-30,kac_S_FFO,0.0,KAC_AIRPORT,airline,DKH,길상항공(준야오),"{""yyyymm"": ""202511""}"
2025-11-30,kac_S_FFO,0.0,KAC_AIRPORT,airline,EOK,에어로케이항공,"{""yyyymm"": ""202511""}"
2025-11-30,kac_S_FFO,27.0,KAC_AIRPORT,airline,ESR,이스타항공,"{""yyyymm"": ""202511""}"
2025-11-30,kac_S_FFO,0.0,KAC_AIRPORT,airline,EVA,에바항공,"{""yyyymm"": ""202511""}"
2025-11-30,kac_S_FFO,0.0,KAC_AIRPORT,airline,HKE,홍콩익스프레스,"{""yyyymm"": ""202511""}"
2025-11-30,kac_S_FFO,545139.0,KAC_AIRPORT,airline,HVN,베트남항공,"{""yyyymm"": ""202511""}"
2025-11-30,kac_S_FFO,431068.0,KAC_AIRPORT,airline,JAL,일본항공,"{""yyyymm"": ""202511""}"
2025-11-30,kac_S_FFO,83.0,KAC_AIRPORT,airline,JJA,제주항공,"{""yyyymm"": ""202511""}"
2025-11-30,kac_S_FFO,84532.0,KAC_AIRPORT,airline,JNA,진에어,"{""yyyymm"": ""202511""}"
2025-11-30,kac_S_FFO,2460139.0,KAC_AIRPORT,airline,KAL,대한항공,"{""yyyymm"": ""202511""}"
2025-11-30,kac_S_FFO,10845.0,KAC_AIRPORT,airline,PAL,필리핀항공,"{""yyyymm"": ""202511""}"
2025-11-30,kac_S_FFO,0.0,KAC_AIRPORT,airline,PTA,파라타항공,"{""yyyymm"": ""202511""}"
2025-11-30,kac_S_FFO,0.0,KAC_AIRPORT,airline,QDA,칭다오항공,"{""yyyymm"": ""202511""}"
2025-11-30,kac_S_FFO,0.0,KAC_AIRPORT,airline,QNT,카놋샤크항공,"{""yyyymm"": ""202511""}"
2025-11-30,kac_S_FFO,0.0,KAC_AIRPORT,airline,RYL,로얄에어필리핀,"{""yyyymm"": ""202511""}"
2025-11-30,kac_S_FFO,12.0,KAC_AIRPORT,airline,SIA,싱가포르항공,"{""yyyymm"": ""202511""}"
2025-11-30,kac_S_FFO,0.0,KAC_AIRPORT,airline,TGW,스쿠트 항공,"{""yyyymm"": ""202511""}"
2025-11-30,kac_S_FFO,0.0,KAC_AIRPORT,airline,TTW,타이거에어 타이완,"{""yyyymm"": ""202511""}"
2025-11-30,kac_S_FFO,3.0,KAC_AIRPORT,airline,TWB,티웨이항공,"{""yyyymm"": ""202511""}"
2025-11-30,kac_S_FFO,0.0,KAC_AIRPORT,airline,VJC,비엣젯항공,"{""yyyymm"": ""202511""}"
2025-11-30,kac_S_FPI,520930.0,KAC_AIRPORT,airline,AAR,아시아나항공,"{""yyyymm"": ""202511""}"
2025-11-30,kac_S_FPI,395762.0,KAC_AIRPORT,airline,ABL,에어부산,"{""yyyymm"": ""202511""}"
2025-11-30,kac_S_FPI,18498.0,KAC_AIRPORT,airline,ANA,전일본공수,"{""yyyymm"": ""202511""}"
2025-11-30,kac_S_FPI,20409.0,KAC_AIRPORT,airline,APJ,피치항공,"{""yyyymm"": ""202511""}"
2025-11-30,kac_S_FPI,23319.0,KAC_AIRPORT,airline,ASV,에어서울,"{""yyyymm"": ""202511""}"
2025-11-30,kac_S_FPI,15020.0,KAC_AIRPORT,airline,CAL,중화항공,"{""yyyymm"": ""202511""}"
2025-11-30,kac_S_FPI,8611.0,KAC_AIRPORT,airline,CCA,중국국제항공,"{""yyyymm"": ""202511""}"
2025-11-30,kac_S_FPI,7326.0,KAC_AIRPORT,airline,CDC,룽에어,"{""yyyymm"": ""202511""}"
2025-11-30,kac_S_FPI,24066.0,KAC_AIRPORT,airline,CES,중국동방항공,"{""yyyymm"": ""202511""}"
2025-11-30,kac_S_FPI,31563.0,KAC_AIRPORT,airline,CQH,춘추항공,"{""yyyymm"": ""202511""}"
2025-11-30,kac_S_FPI,2800.0,KAC_AIRPORT,airline,CSC,사천항공,"{""yyyymm"": ""202511""}"
2025-11-30,kac_S_FPI,9897.0,KAC_AIRPORT,airline,CSH,상해항공,"{""yyyymm"": ""202511""}"
2025-11-30,kac_S_FPI,6017.0,KAC_AIRPORT,airline,CSN,중국남방항공,"{""yyyymm"": ""202511""}"
2025-11-30,kac_S_FPI,1772.0,KAC_AIRPORT,airline,CSZ,중국심천항공,"{""yyyymm"": ""202511""}"
2025-11-30,kac_S_FPI,7430.0,KAC_AIRPORT,airline,DKH,길상항공(준야오),"{""yyyymm"": ""202511""}"
2025-11-30,kac_S_FPI,72468.0,KAC_AIRPORT,airline,EOK,에어로케이항공,"{""yyyymm"": ""202511""}"
2025-11-30,kac_S_FPI,249262.0,KAC_AIRPORT,airline,ESR,이스타항공,"{""yyyymm"": ""202511""}"
2025-11-30,kac_S_FPI,8275.0,KAC_AIRPORT,airline,EVA,에바항공,"{""yyyymm"": ""202511""}"
2025-11-30,kac_S_FPI,17049.0,KAC_AIRPORT,airline,HKE,홍콩익스프레스,"{""yyyymm"": ""202511""}"
2025-11-30,kac_S_FPI,21498.0,KAC_AIRPORT,airline,HVN,베트남항공,"{""yyyymm"": ""202511""}"
2025-11-30,kac_S_FPI,18529.0,KAC_AIRPORT,airline,JAL,일본항공,"{""yyyymm"": ""202511""}"
2025-11-30,kac_S_FPI,475887.0,KAC_AIRPORT,airline,JJA,제주항공,"{""yyyymm"": ""202511""}"
2025-11-30,kac_S_FPI,489640.0,KAC_AIRPORT,airline,JNA,진에어,"{""yyyymm"": ""202511""}"
2025-11-30,kac_S_FPI,675645.0,KAC_AIRPORT,airline,KAL,대한항공,"{""yyyymm"": ""202511""}"
2025-11-30,kac_S_FPI,5099.0,KAC_AIRPORT,airline,PAL,필리핀항공,"{""yyyymm"": ""202511""}"
2025-11-30,kac_S_FPI,28225.0,KAC_AIRPORT,airline,PTA,파라타항공,"{""yyyymm"": ""202511""}"
2025-11-30,kac_S_FPI,882.0,KAC_AIRPORT,airline,QDA,칭다오항공,"{""yyyymm"": ""202511""}"
2025-11-30,kac_S_FPI,283.0,KAC_AIRPORT,airline,QNT,카놋샤크항공,"{""yyyymm"": ""202511""}"
2025-11-30,kac_S_FPI,0.0,KAC_AIRPORT,airline,RYL,로얄에어필리핀,"{""yyyymm"": ""202511""}"
2025-11-30,kac_S_FPI,3911.0,KAC_AIRPORT,airline,SIA,싱가포르항공,"{""yyyymm"": ""202511""}"
2025-11-30,kac_S_FPI,3785.0,KAC_AIRPORT,airline,TGW,스쿠트 항공,"{""yyyymm"": ""202511""}"
2025-11-30,kac_S_FPI,15546.0,KAC_AIRPORT,airline,TTW,타이거에어 타이완,"{""yyyymm"": ""202511""}"
2025-11-30,kac_S_FPI,488605.0,KAC_AIRPORT,airline,TWB,티웨이항공,"{""yyyymm"": ""202511""}"
2025-11-30,kac_S_FPI,34407.0,KAC_AIRPORT,airline,VJC,비엣젯항공,"{""yyyymm"": ""202511""}"
2025-11-30,kac_S_FPO,521125.0,KAC_AIRPORT,airline,AAR,아시아나항공,"{""yyyymm"": ""202511""}"
2025-11-30,kac_S_FPO,398860.0,KAC_AIRPORT,airline,ABL,에어부산,"{""yyyymm"": ""202511""}"
2025-11-30,kac_S_FPO,18684.0,KAC_AIRPORT,airline,ANA,전일본공수,"{""yyyymm"": ""202511""}"
2025-11-30,kac_S_FPO,20217.0,KAC_AIRPORT,airline,APJ,피치항공,"{""yyyymm"": ""202511""}"
2025-11-30,kac_S_FPO,23319.0,KAC_AIRPORT,airline,ASV,에어서울,"{""yyyymm"": ""202511""}"
2025-11-30,kac_S_FPO,15366.0,KAC_AIRPORT,airline,CAL,중화항공,"{""yyyymm"": ""202511""}"
2025-11-30,kac_S_FPO,9044.0,KAC_AIRPORT,airline,CCA,중국국제항공,"{""yyyymm"": ""202511""}"
2025-11-30,kac_S_FPO,7401.0,KAC_AIRPORT,airline,CDC,룽에어,"{""yyyymm"": ""202511""}"
2025-11-30,kac_S_FPO,25633.0,KAC_AIRPORT,airline,CES,중국동방항공,"{""yyyymm"": ""202511""}"
2025-11-30,kac_S_FPO,30820.0,KAC_AIRPORT,airline,CQH,춘추항공,"{""yyyymm"": ""202511""}"
2025-11-30,kac_S_FPO,2625.0,KAC_AIRPORT,airline,CSC,사천항공,"{""yyyymm"": ""202511""}"
2025-11-30,kac_S_FPO,9983.0,KAC_AIRPORT,airline,CSH,상해항공,"{""yyyymm"": ""202511""}"
2025-11-30,kac_S_FPO,6157.0,KAC_AIRPORT,airline,CSN,중국남방항공,"{""yyyymm"": ""202511""}"
2025-11-30,kac_S_FPO,1733.0,KAC_AIRPORT,airline,CSZ,중국심천항공,"{""yyyymm"": ""202511""}"
2025-11-30,kac_S_FPO,7372.0,KAC_AIRPORT,airline,DKH,길상항공(준야오),"{""yyyymm"": ""202511""}"
2025-11-30,kac_S_FPO,74412.0,KAC_AIRPORT,airline,EOK,에어로케이항공,"{""yyyymm"": ""202511""}"
2025-11-30,kac_S_FPO,249410.0,KAC_AIRPORT,airline,ESR,이스타항공,"{""yyyymm"": ""202511""}"
2025-11-30,kac_S_FPO,8666.0,KAC_AIRPORT,airline,EVA,에바항공,"{""yyyymm"": ""202511""}"
2025-11-30,kac_S_FPO,16968.0,KAC_AIRPORT,airline,HKE,홍콩익스프레스,"{""yyyymm"": ""202511""}"
2025-11-30,kac_S_FPO,22316.0,KAC_AIRPORT,airline,HVN,베트남항공,"{""yyyymm"": ""202511""}"
2025-11-30,kac_S_FPO,18586.0,KAC_AIRPORT,airline,JAL,일본항공,"{""yyyymm"": ""202511""}"
2025-11-30,kac_S_FPO,477585.0,KAC_AIRPORT,airline,JJA,제주항공,"{""yyyymm"": ""202511""}"
2025-11-30,kac_S_FPO,491393.0,KAC_AIRPORT,airline,JNA,진에어,"{""yyyymm"": ""202511""}"
2025-11-30,kac_S_FPO,680178.0,KAC_AIRPORT,airline,KAL,대한항공,"{""yyyymm"": ""202511""}"
2025-11-30,kac_S_FPO,6153.0,KAC_AIRPORT,airline,PAL,필리핀항공,"{""yyyymm"": ""202511""}"
2025-11-30,kac_S_FPO,28225.0,KAC_AIRPORT,airline,PTA,파라타항공,"{""yyyymm"": ""202511""}"
2025-11-30,kac_S_FPO,825.0,KAC_AIRPORT,airline,QDA,칭다오항공,"{""yyyymm"": ""202511""}"
2025-11-30,kac_S_FPO,325.0,KAC_AIRPORT,airline,QNT,카놋샤크항공,"{""yyyymm"": ""202511""}"
2025-11-30,kac_S_FPO,177.0,KAC_AIRPORT,airline,RYL,로얄에어필리핀,"{""yyyymm"": ""202511""}"
2025-11-30,kac_S_FPO,3705.0,KAC_AIRPORT,airline,SIA,싱가포르항공,"{""yyyymm"": ""202511""}"
2025-11-30,kac_S_FPO,3564.0,KAC_AIRPORT,airline,TGW,스쿠트 항공,"{""yyyymm"": ""202511""}"
2025-11-30,kac_S_FPO,15003.0,KAC_AIRPORT,airline,TTW,타이거에어 타이완,"{""yyyymm"": ""202511""}"
2025-11-30,kac_S_FPO,491479.0,KAC_AIRPORT,airline,TWB,티웨이항공,"{""yyyymm"": ""202511""}"
2025-11-30,kac_S_FPO,34093.0,KAC_AIRPORT,airline,VJC,비엣젯항공,"{""yyyymm"": ""202511""}"
2025-11-30,kac_S_MFI,0.0,KAC_AIRPORT,airline,AAR,아시아나항공,"{""yyyymm"": ""202511""}"
2025-11-30,kac_S_MFI,0.0,KAC_AIRPORT,airline,ABL,에어부산,"{""yyyymm"": ""202511""}"
2025-11-30,kac_S_MFI,0.0,KAC_AIRPORT,airline,ANA,전일본공수,"{""yyyymm"": ""202511""}"
2025-11-30,kac_S_MFI,0.0,KAC_AIRPORT,airline,APJ,피치항공,"{""yyyymm"": ""202511""}"
2025-11-30,kac_S_MFI,0.0,KAC_AIRPORT,airline,ASV,에어서울,"{""yyyymm"": ""202511""}"
2025-11-30,kac_S_MFI,0.0,KAC_AIRPORT,airline,CAL,중화항공,"{""yyyymm"": ""202511""}"
2025-11-30,kac_S_MFI,0.0,KAC_AIRPORT,airline,CCA,중국국제항공,"{""yyyymm"": ""202511""}"
2025-11-30,kac_S_MFI,0.0,KAC_AIRPORT,airline,CDC,룽에어,"{""yyyymm"": ""202511""}"
2025-11-30,kac_S_MFI,0.0,KAC_AIRPORT,airline,CES,중국동방항공,"{""yyyymm"": ""202511""}"
2025-11-30,kac_S_MFI,0.0,KAC_AIRPORT,airline,CQH,춘추항공,"{""yyyymm"": ""202511""}"
2025-11-30,kac_S_MFI,0.0,KAC_AIRPORT,airline,CSC,사천항공,"{""yyyymm"": ""202511""}"
2025-11-30,kac_S_MFI,0.0,KAC_AIRPORT,airline,CSH,상해항공,"{""yyyymm"": ""202511""}"
2025-11-30,kac_S_MFI,0.0,KAC_AIRPORT,airline,CSN,중국남방항공,"{""yyyymm"": ""202511""}"
2025-11-30,kac_S_MFI,0.0,KAC_AIRPORT,airline,CSZ,중국심천항공,"{""yyyymm"": ""202511""}"
2025-11-30,kac_S_MFI,0.0,KAC_AIRPORT,airline,DKH,길상항공(준야오),"{""yyyymm"": ""202511""}"
2025-11-30,kac_S_MFI,0.0,KAC_AIRPORT,airline,EOK,에어로케이항공,"{""yyyymm"": ""202511""}"
2025-11-30,kac_S_MFI,0.0,KAC_AIRPORT,airline,ESR,이스타항공,"{""yyyymm"": ""202511""}"
2025-11-30,kac_S_MFI,0.0,KAC_AIRPORT,airline,EVA,에바항공,"{""yyyymm"": ""202511""}"
2025-11-30,kac_S_MFI,0.0,KAC_AIRPORT,airline,HKE,홍콩익스프레스,"{""yyyymm"": ""202511""}"
2025-11-30,kac_S_MFI,0.0,KAC_AIRPORT,airline,HVN,베트남항공,"{""yyyymm"": ""202511""}"
2025-11-30,kac_S_MFI,14868.0,KAC_AIRPORT,airline,JAL,일본항공,"{""yyyymm"": ""202511""}"
2025-11-30,kac_S_MFI,0.0,KAC_AIRPORT,airline,JJA,제주항공,"{""yyyymm"": ""202511""}"
2025-11-30,kac_S_MFI,5.0,KAC_AIRPORT,airline,JNA,진에어,"{""yyyymm"": ""202511""}"
2025-11-30,kac_S_MFI,32509.0,KAC_AIRPORT,airline,KAL,대한항공,"{""yyyymm"": ""202511""}"
2025-11-30,kac_S_MFI,0.0,KAC_AIRPORT,airline,PAL,필리핀항공,"{""yyyymm"": ""202511""}"
2025-11-30,kac_S_MFI,0.0,KAC_AIRPORT,airline,PTA,파라타항공,"{""yyyymm"": ""202511""}"
2025-11-30,kac_S_MFI,0.0,KAC_AIRPORT,airline,QDA,칭다오항공,"{""yyyymm"": ""202511""}"
2025-11-30,kac_S_MFI,0.0,KAC_AIRPORT,airline,QNT,카놋샤크항공,"{""yyyymm"": ""202511""}"
2025-11-30,kac_S_MFI,0.0,KAC_AIRPORT,airline,RYL,로얄에어필리핀,"{""yyyymm"": ""202511""}"
2025-11-30,kac_S_MFI,0.0,KAC_AIRPORT,airline,SIA,싱가포르항공,"{""yyyymm"": ""202511""}"
2025-11-30,kac_S_MFI,0.0,KAC_AIRPORT,airline,TGW,스쿠트 항공,"{""yyyymm"": ""202511""}"
2025-11-30,kac_S_MFI,0.0,KAC_AIRPORT,airline,TTW,타이거에어 타이완,"{""yyyymm"": ""202511""}"
2025-11-30,kac_S_MFI,5.0,KAC_AIRPORT,airline,TWB,티웨이항공,"{""yyyymm"": ""202511""}"
2025-11-30,kac_S_MFI,3865.0,KAC_AIRPORT,airline,VJC,비엣젯항공,"{""yyyymm"": ""202511""}"
2025-11-30,kac_S_MFO,0.0,KAC_AIRPORT,airline,AAR,아시아나항공,"{""yyyymm"": ""202511""}"
2025-11-30,kac_S_MFO,0.0,KAC_AIRPORT,airline,ABL,에어부산,"{""yyyymm"": ""202511""}"
2025-11-30,kac_S_MFO,0.0,KAC_AIRPORT,airline,ANA,전일본공수,"{""yyyymm"": ""202511""}"
2025-11-30,kac_S_MFO,0.0,KAC_AIRPORT,airline,APJ,피치항공,"{""yyyymm"": ""202511""}"
2025-11-30,kac_S_MFO,0.0,KAC_AIRPORT,airline,ASV,에어서울,"{""yyyymm"": ""202511""}"
2025-11-30,kac_S_MFO,0.0,KAC_AIRPORT,airline,CAL,중화항공,"{""yyyymm"": ""202511""}"
2025-11-30,kac_S_MFO,0.0,KAC_AIRPORT,airline,CCA,중국국제항공,"{""yyyymm"": ""202511""}"
2025-11-30,kac_S_MFO,0.0,KAC_AIRPORT,airline,CDC,룽에어,"{""yyyymm"": ""202511""}"
2025-11-30,kac_S_MFO,0.0,KAC_AIRPORT,airline,CES,중국동방항공,"{""yyyymm"": ""202511""}"
2025-11-30,kac_S_MFO,0.0,KAC_AIRPORT,airline,CQH,춘추항공,"{""yyyymm"": ""202511""}"
2025-11-30,kac_S_MFO,0.0,KAC_AIRPORT,airline,CSC,사천항공,"{""yyyymm"": ""202511""}"
2025-11-30,kac_S_MFO,0.0,KAC_AIRPORT,airline,CSH,상해항공,"{""yyyymm"": ""202511""}"
2025-11-30,kac_S_MFO,0.0,KAC_AIRPORT,airline,CSN,중국남방항공,"{""yyyymm"": ""202511""}"
2025-11-30,kac_S_MFO,0.0,KAC_AIRPORT,airline,CSZ,중국심천항공,"{""yyyymm"": ""202511""}"
2025-11-30,kac_S_MFO,0.0,KAC_AIRPORT,airline,DKH,길상항공(준야오),"{""yyyymm"": ""202511""}"
2025-11-30,kac_S_MFO,0.0,KAC_AIRPORT,airline,EOK,에어로케이항공,"{""yyyymm"": ""202511""}"
2025-11-30,kac_S_MFO,0.0,KAC_AIRPORT,airline,ESR,이스타항공,"{""yyyymm"": ""202511""}"
2025-11-30,kac_S_MFO,0.0,KAC_AIRPORT,airline,EVA,에바항공,"{""yyyymm"": ""202511""}"
2025-11-30,kac_S_MFO,0.0,KAC_AIRPORT,airline,HKE,홍콩익스프레스,"{""yyyymm"": ""202511""}"
2025-11-30,kac_S_MFO,0.0,KAC_AIRPORT,airline,HVN,베트남항공,"{""yyyymm"": ""202511""}"
2025-11-30,kac_S_MFO,0.0,KAC_AIRPORT,airline,JAL,일본항공,"{""yyyymm"": ""202511""}"
2025-11-30,kac_S_MFO,0.0,KAC_AIRPORT,airline,JJA,제주항공,"{""yyyymm"": ""202511""}"
2025-11-30,kac_S_MFO,5.0,KAC_AIRPORT,airline,JNA,진에어,"{""yyyymm"": ""202511""}"
2025-11-30,kac_S_MFO,0.0,KAC_AIRPORT,airline,KAL,대한항공,"{""yyyymm"": ""202511""}"
2025-11-30,kac_S_MFO,0.0,KAC_AIRPORT,airline,PAL,필리핀항공,"{""yyyymm"": ""202511""}"
2025-11-30,kac_S_MFO,0.0,KAC_AIRPORT,airline,PTA,파라타항공,"{""yyyymm"": ""202511""}"
2025-11-30,kac_S_MFO,0.0,KAC_AIRPORT,airline,QDA,칭다오항공,"{""yyyymm"": ""202511""}"
2025-11-30,kac_S_MFO,0.0,KAC_AIRPORT,airline,QNT,카놋샤크항공,"{""yyyymm"": ""202511""}"
2025-11-30,kac_S_MFO,0.0,KAC_AIRPORT,airline,RYL,로얄에어필리핀,"{""yyyymm"": ""202511""}"
2025-11-30,kac_S_MFO,0.0,KAC_AIRPORT,airline,SIA,싱가포르항공,"{""yyyymm"": ""202511""}"
2025-11-30,kac_S_MFO,0.0,KAC_AIRPORT,airline,TGW,스쿠트 항공,"{""yyyymm"": ""202511""}"
2025-11-30,kac_S_MFO,0.0,KAC_AIRPORT,airline,TTW,타이거에어 타이완,"{""yyyymm"": ""202511""}"
2025-11-30,kac_S_MFO,5.0,KAC_AIRPORT,airline,TWB,티웨이항공,"{""yyyymm"": ""202511""}"
2025-11-30,kac_S_MFO,0.0,KAC_AIRPORT,airline,VJC,비엣젯항공,"{""yyyymm"": ""202511""}"
2025-11-30,kac_S_NPI,5323.0,KAC_AIRPORT,airline,AAR,아시아나항공,"{""yyyymm"": ""202511""}"
2025-11-30,kac_S_NPI,2548.0,KAC_AIRPORT,airline,ABL,에어부산,"{""yyyymm"": ""202511""}"
2025-11-30,kac_S_NPI,73.0,KAC_AIRPORT,airline,ANA,전일본공수,"{""yyyymm"": ""202511""}"
2025-11-30,kac_S_NPI,92.0,KAC_AIRPORT,airline,APJ,피치항공,"{""yyyymm"": ""202511""}"
2025-11-30,kac_S_NPI,242.0,KAC_AIRPORT,airline,ASV,에어서울,"{""yyyymm"": ""202511""}"
2025-11-30,kac_S_NPI,95.0,KAC_AIRPORT,airline,CAL,중화항공,"{""yyyymm"": ""202511""}"
2025-11-30,kac_S_NPI,16.0,KAC_AIRPORT,airline,CCA,중국국제항공,"{""yyyymm"": ""202511""}"
2025-11-30,kac_S_NPI,6.0,KAC_AIRPORT,airline,CDC,룽에어,"{""yyyymm"": ""202511""}"
2025-11-30,kac_S_NPI,85.0,KAC_AIRPORT,airline,CES,중국동방항공,"{""yyyymm"": ""202511""}"
2025-11-30,kac_S_NPI,82.0,KAC_AIRPORT,airline,CQH,춘추항공,"{""yyyymm"": ""202511""}"
2025-11-30,kac_S_NPI,0.0,KAC_AIRPORT,airline,CSC,사천항공,"{""yyyymm"": ""202511""}"
2025-11-30,kac_S_NPI,28.0,KAC_AIRPORT,airline,CSH,상해항공,"{""yyyymm"": ""202511""}"
2025-11-30,kac_S_NPI,20.0,KAC_AIRPORT,airline,CSN,중국남방항공,"{""yyyymm"": ""202511""}"
2025-11-30,kac_S_NPI,7.0,KAC_AIRPORT,airline,CSZ,중국심천항공,"{""yyyymm"": ""202511""}"
2025-11-30,kac_S_NPI,27.0,KAC_AIRPORT,airline,DKH,길상항공(준야오),"{""yyyymm"": ""202511""}"
2025-11-30,kac_S_NPI,494.0,KAC_AIRPORT,airline,EOK,에어로케이항공,"{""yyyymm"": ""202511""}"
2025-11-30,kac_S_NPI,1681.0,KAC_AIRPORT,airline,ESR,이스타항공,"{""yyyymm"": ""202511""}"
2025-11-30,kac_S_NPI,59.0,KAC_AIRPORT,airline,EVA,에바항공,"{""yyyymm"": ""202511""}"
2025-11-30,kac_S_NPI,50.0,KAC_AIRPORT,airline,HKE,홍콩익스프레스,"{""yyyymm"": ""202511""}"
2025-11-30,kac_S_NPI,152.0,KAC_AIRPORT,airline,HVN,베트남항공,"{""yyyymm"": ""202511""}"
2025-11-30,kac_S_NPI,65.0,KAC_AIRPORT,airline,JAL,일본항공,"{""yyyymm"": ""202511""}"
2025-11-30,kac_S_NPI,3586.0,KAC_AIRPORT,airline,JJA,제주항공,"{""yyyymm"": ""202511""}"
2025-11-30,kac_S_NPI,4655.0,KAC_AIRPORT,airline,JNA,진에어,"{""yyyymm"": ""202511""}"
2025-11-30,kac_S_NPI,6154.0,KAC_AIRPORT,airline,KAL,대한항공,"{""yyyymm"": ""202511""}"
2025-11-30,kac_S_NPI,14.0,KAC_AIRPORT,airline,PAL,필리핀항공,"{""yyyymm"": ""202511""}"
2025-11-30,kac_S_NPI,335.0,KAC_AIRPORT,airline,PTA,파라타항공,"{""yyyymm"": ""202511""}"
2025-11-30,kac_S_NPI,5.0,KAC_AIRPORT,airline,QDA,칭다오항공,"{""yyyymm"": ""202511""}"
2025-11-30,kac_S_NPI,9.0,KAC_AIRPORT,airline,QNT,카놋샤크항공,"{""yyyymm"": ""202511""}"
2025-11-30,kac_S_NPI,0.0,KAC_AIRPORT,airline,RYL,로얄에어필리핀,"{""yyyymm"": ""202511""}"
2025-11-30,kac_S_NPI,22.0,KAC_AIRPORT,airline,SIA,싱가포르항공,"{""yyyymm"": ""202511""}"
2025-11-30,kac_S_NPI,74.0,KAC_AIRPORT,airline,TGW,스쿠트 항공,"{""yyyymm"": ""202511""}"
2025-11-30,kac_S_NPI,137.0,KAC_AIRPORT,airline,TTW,타이거에어 타이완,"{""yyyymm"": ""202511""}"
2025-11-30,kac_S_NPI,4065.0,KAC_AIRPORT,airline,TWB,티웨이항공,"{""yyyymm"": ""202511""}"
2025-11-30,kac_S_NPI,219.0,KAC_AIRPORT,airline,VJC,비엣젯항공,"{""yyyymm"": ""202511""}"
2025-11-30,kac_S_NPO,5289.0,KAC_AIRPORT,airline,AAR,아시아나항공,"{""yyyymm"": ""202511""}"
2025-11-30,kac_S_NPO,2537.0,KAC_AIRPORT,airline,ABL,에어부산,"{""yyyymm"": ""202511""}"
2025-11-30,kac_S_NPO,76.0,KAC_AIRPORT,airline,ANA,전일본공수,"{""yyyymm"": ""202511""}"
2025-11-30,kac_S_NPO,97.0,KAC_AIRPORT,airline,APJ,피치항공,"{""yyyymm"": ""202511""}"
2025-11-30,kac_S_NPO,242.0,KAC_AIRPORT,airline,ASV,에어서울,"{""yyyymm"": ""202511""}"
2025-11-30,kac_S_NPO,107.0,KAC_AIRPORT,airline,CAL,중화항공,"{""yyyymm"": ""202511""}"
2025-11-30,kac_S_NPO,29.0,KAC_AIRPORT,airline,CCA,중국국제항공,"{""yyyymm"": ""202511""}"
2025-11-30,kac_S_NPO,7.0,KAC_AIRPORT,airline,CDC,룽에어,"{""yyyymm"": ""202511""}"
2025-11-30,kac_S_NPO,101.0,KAC_AIRPORT,airline,CES,중국동방항공,"{""yyyymm"": ""202511""}"
2025-11-30,kac_S_NPO,81.0,KAC_AIRPORT,airline,CQH,춘추항공,"{""yyyymm"": ""202511""}"
2025-11-30,kac_S_NPO,0.0,KAC_AIRPORT,airline,CSC,사천항공,"{""yyyymm"": ""202511""}"
2025-11-30,kac_S_NPO,11.0,KAC_AIRPORT,airline,CSH,상해항공,"{""yyyymm"": ""202511""}"
2025-11-30,kac_S_NPO,31.0,KAC_AIRPORT,airline,CSN,중국남방항공,"{""yyyymm"": ""202511""}"
2025-11-30,kac_S_NPO,7.0,KAC_AIRPORT,airline,CSZ,중국심천항공,"{""yyyymm"": ""202511""}"
2025-11-30,kac_S_NPO,34.0,KAC_AIRPORT,airline,DKH,길상항공(준야오),"{""yyyymm"": ""202511""}"
2025-11-30,kac_S_NPO,512.0,KAC_AIRPORT,airline,EOK,에어로케이항공,"{""yyyymm"": ""202511""}"
2025-11-30,kac_S_NPO,1706.0,KAC_AIRPORT,airline,ESR,이스타항공,"{""yyyymm"": ""202511""}"
2025-11-30,kac_S_NPO,56.0,KAC_AIRPORT,airline,EVA,에바항공,"{""yyyymm"": ""202511""}"
2025-11-30,kac_S_NPO,50.0,KAC_AIRPORT,airline,HKE,홍콩익스프레스,"{""yyyymm"": ""202511""}"
2025-11-30,kac_S_NPO,189.0,KAC_AIRPORT,airline,HVN,베트남항공,"{""yyyymm"": ""202511""}"
2025-11-30,kac_S_NPO,71.0,KAC_AIRPORT,airline,JAL,일본항공,"{""yyyymm"": ""202511""}"
2025-11-30,kac_S_NPO,3608.0,KAC_AIRPORT,airline,JJA,제주항공,"{""yyyymm"": ""202511""}"
2025-11-30,kac_S_NPO,4673.0,KAC_AIRPORT,airline,JNA,진에어,"{""yyyymm"": ""202511""}"
2025-11-30,kac_S_NPO,6193.0,KAC_AIRPORT,airline,KAL,대한항공,"{""yyyymm"": ""202511""}"
2025-11-30,kac_S_NPO,21.0,KAC_AIRPORT,airline,PAL,필리핀항공,"{""yyyymm"": ""202511""}"
2025-11-30,kac_S_NPO,335.0,KAC_AIRPORT,airline,PTA,파라타항공,"{""yyyymm"": ""202511""}"
2025-11-30,kac_S_NPO,5.0,KAC_AIRPORT,airline,QDA,칭다오항공,"{""yyyymm"": ""202511""}"
2025-11-30,kac_S_NPO,17.0,KAC_AIRPORT,airline,QNT,카놋샤크항공,"{""yyyymm"": ""202511""}"
2025-11-30,kac_S_NPO,1.0,KAC_AIRPORT,airline,RYL,로얄에어필리핀,"{""yyyymm"": ""202511""}"
2025-11-30,kac_S_NPO,18.0,KAC_AIRPORT,airline,SIA,싱가포르항공,"{""yyyymm"": ""202511""}"
2025-11-30,kac_S_NPO,60.0,KAC_AIRPORT,airline,TGW,스쿠트 항공,"{""yyyymm"": ""202511""}"
2025-11-30,kac_S_NPO,138.0,KAC_AIRPORT,airline,TTW,타이거에어 타이완,"{""yyyymm"": ""202511""}"
2025-11-30,kac_S_NPO,4060.0,KAC_AIRPORT,airline,TWB,티웨이항공,"{""yyyymm"": ""202511""}"
2025-11-30,kac_S_NPO,281.0,KAC_AIRPORT,airline,VJC,비엣젯항공,"{""yyyymm"": ""202511""}"
2025-11-30,kac_S_OCI,2763.0,KAC_AIRPORT,airline,AAR,아시아나항공,"{""yyyymm"": ""202511""}"
2025-11-30,kac_S_OCI,2304.0,KAC_AIRPORT,airline,ABL,에어부산,"{""yyyymm"": ""202511""}"
2025-11-30,kac_S_OCI,90.0,KAC_AIRPORT,airline,ANA,전일본공수,"{""yyyymm"": ""202511""}"
2025-11-30,kac_S_OCI,120.0,KAC_AIRPORT,airline,APJ,피치항공,"{""yyyymm"": ""202511""}"
2025-11-30,kac_S_OCI,112.0,KAC_AIRPORT,airline,ASV,에어서울,"{""yyyymm"": ""202511""}"
2025-11-30,kac_S_OCI,91.0,KAC_AIRPORT,airline,CAL,중화항공,"{""yyyymm"": ""202511""}"
2025-11-30,kac_S_OCI,61.0,KAC_AIRPORT,airline,CCA,중국국제항공,"{""yyyymm"": ""202511""}"
2025-11-30,kac_S_OCI,47.0,KAC_AIRPORT,airline,CDC,룽에어,"{""yyyymm"": ""202511""}"
2025-11-30,kac_S_OCI,142.0,KAC_AIRPORT,airline,CES,중국동방항공,"{""yyyymm"": ""202511""}"
2025-11-30,kac_S_OCI,179.0,KAC_AIRPORT,airline,CQH,춘추항공,"{""yyyymm"": ""202511""}"
2025-11-30,kac_S_OCI,18.0,KAC_AIRPORT,airline,CSC,사천항공,"{""yyyymm"": ""202511""}"
2025-11-30,kac_S_OCI,60.0,KAC_AIRPORT,airline,CSH,상해항공,"{""yyyymm"": ""202511""}"
2025-11-30,kac_S_OCI,34.0,KAC_AIRPORT,airline,CSN,중국남방항공,"{""yyyymm"": ""202511""}"
2025-11-30,kac_S_OCI,13.0,KAC_AIRPORT,airline,CSZ,중국심천항공,"{""yyyymm"": ""202511""}"
2025-11-30,kac_S_OCI,51.0,KAC_AIRPORT,airline,DKH,길상항공(준야오),"{""yyyymm"": ""202511""}"
2025-11-30,kac_S_OCI,493.0,KAC_AIRPORT,airline,EOK,에어로케이항공,"{""yyyymm"": ""202511""}"
2025-11-30,kac_S_OCI,1413.0,KAC_AIRPORT,airline,ESR,이스타항공,"{""yyyymm"": ""202511""}"
2025-11-30,kac_S_OCI,47.0,KAC_AIRPORT,airline,EVA,에바항공,"{""yyyymm"": ""202511""}"
2025-11-30,kac_S_OCI,81.0,KAC_AIRPORT,airline,HKE,홍콩익스프레스,"{""yyyymm"": ""202511""}"
2025-11-30,kac_S_OCI,93.0,KAC_AIRPORT,airline,HVN,베트남항공,"{""yyyymm"": ""202511""}"
2025-11-30,kac_S_OCI,90.0,KAC_AIRPORT,airline,JAL,일본항공,"{""yyyymm"": ""202511""}"
2025-11-30,kac_S_OCI,2689.0,KAC_AIRPORT,airline,JJA,제주항공,"{""yyyymm"": ""202511""}"
2025-11-30,kac_S_OCI,2638.0,KAC_AIRPORT,airline,JNA,진에어,"{""yyyymm"": ""202511""}"
2025-11-30,kac_S_OCI,4126.0,KAC_AIRPORT,airline,KAL,대한항공,"{""yyyymm"": ""202511""}"
2025-11-30,kac_S_OCI,38.0,KAC_AIRPORT,airline,PAL,필리핀항공,"{""yyyymm"": ""202511""}"
2025-11-30,kac_S_OCI,179.0,KAC_AIRPORT,airline,PTA,파라타항공,"{""yyyymm"": ""202511""}"
2025-11-30,kac_S_OCI,8.0,KAC_AIRPORT,airline,QDA,칭다오항공,"{""yyyymm"": ""202511""}"
2025-11-30,kac_S_OCI,4.0,KAC_AIRPORT,airline,QNT,카놋샤크항공,"{""yyyymm"": ""202511""}"
2025-11-30,kac_S_OCI,0.0,KAC_AIRPORT,airline,RYL,로얄에어필리핀,"{""yyyymm"": ""202511""}"
2025-11-30,kac_S_OCI,26.0,KAC_AIRPORT,airline,SIA,싱가포르항공,"{""yyyymm"": ""202511""}"
2025-11-30,kac_S_OCI,21.0,KAC_AIRPORT,airline,TGW,스쿠트 항공,"{""yyyymm"": ""202511""}"
2025-11-30,kac_S_OCI,107.0,KAC_AIRPORT,airline,TTW,타이거에어 타이완,"{""yyyymm"": ""202511""}"
2025-11-30,kac_S_OCI,2808.0,KAC_AIRPORT,airline,TWB,티웨이항공,"{""yyyymm"": ""202511""}"
2025-11-30,kac_S_OCI,188.0,KAC_AIRPORT,airline,VJC,비엣젯항공,"{""yyyymm"": ""202511""}"
2025-11-30,kac_S_OCO,2763.0,KAC_AIRPORT,airline,AAR,아시아나항공,"{""yyyymm"": ""202511""}"
2025-11-30,kac_S_OCO,2307.0,KAC_AIRPORT,airline,ABL,에어부산,"{""yyyymm"": ""202511""}"
2025-11-30,kac_S_OCO,90.0,KAC_AIRPORT,airline,ANA,전일본공수,"{""yyyymm"": ""202511""}"
2025-11-30,kac_S_OCO,120.0,KAC_AIRPORT,airline,APJ,피치항공,"{""yyyymm"": ""202511""}"
2025-11-30,kac_S_OCO,112.0,KAC_AIRPORT,airline,ASV,에어서울,"{""yyyymm"": ""202511""}"
2025-11-30,kac_S_OCO,91.0,KAC_AIRPORT,airline,CAL,중화항공,"{""yyyymm"": ""202511""}"
2025-11-30,kac_S_OCO,61.0,KAC_AIRPORT,airline,CCA,중국국제항공,"{""yyyymm"": ""202511""}"
2025-11-30,kac_S_OCO,47.0,KAC_AIRPORT,airline,CDC,룽에어,"{""yyyymm"": ""202511""}"
2025-11-30,kac_S_OCO,142.0,KAC_AIRPORT,airline,CES,중국동방항공,"{""yyyymm"": ""202511""}"
2025-11-30,kac_S_OCO,179.0,KAC_AIRPORT,airline,CQH,춘추항공,"{""yyyymm"": ""202511""}"
2025-11-30,kac_S_OCO,18.0,KAC_AIRPORT,airline,CSC,사천항공,"{""yyyymm"": ""202511""}"
2025-11-30,kac_S_OCO,60.0,KAC_AIRPORT,airline,CSH,상해항공,"{""yyyymm"": ""202511""}"
2025-11-30,kac_S_OCO,34.0,KAC_AIRPORT,airline,CSN,중국남방항공,"{""yyyymm"": ""202511""}"
2025-11-30,kac_S_OCO,13.0,KAC_AIRPORT,airline,CSZ,중국심천항공,"{""yyyymm"": ""202511""}"
2025-11-30,kac_S_OCO,51.0,KAC_AIRPORT,airline,DKH,길상항공(준야오),"{""yyyymm"": ""202511""}"
2025-11-30,kac_S_OCO,495.0,KAC_AIRPORT,airline,EOK,에어로케이항공,"{""yyyymm"": ""202511""}"
2025-11-30,kac_S_OCO,1412.0,KAC_AIRPORT,airline,ESR,이스타항공,"{""yyyymm"": ""202511""}"
2025-11-30,kac_S_OCO,48.0,KAC_AIRPORT,airline,EVA,에바항공,"{""yyyymm"": ""202511""}"
2025-11-30,kac_S_OCO,81.0,KAC_AIRPORT,airline,HKE,홍콩익스프레스,"{""yyyymm"": ""202511""}"
2025-11-30,kac_S_OCO,93.0,KAC_AIRPORT,airline,HVN,베트남항공,"{""yyyymm"": ""202511""}"
2025-11-30,kac_S_OCO,90.0,KAC_AIRPORT,airline,JAL,일본항공,"{""yyyymm"": ""202511""}"
2025-11-30,kac_S_OCO,2690.0,KAC_AIRPORT,airline,JJA,제주항공,"{""yyyymm"": ""202511""}"
2025-11-30,kac_S_OCO,2639.0,KAC_AIRPORT,airline,JNA,진에어,"{""yyyymm"": ""202511""}"
2025-11-30,kac_S_OCO,4127.0,KAC_AIRPORT,airline,KAL,대한항공,"{""yyyymm"": ""202511""}"
2025-11-30,kac_S_OCO,38.0,KAC_AIRPORT,airline,PAL,필리핀항공,"{""yyyymm"": ""202511""}"
2025-11-30,kac_S_OCO,179.0,KAC_AIRPORT,airline,PTA,파라타항공,"{""yyyymm"": ""202511""}"
2025-11-30,kac_S_OCO,8.0,KAC_AIRPORT,airline,QDA,칭다오항공,"{""yyyymm"": ""202511""}"
2025-11-30,kac_S_OCO,4.0,KAC_AIRPORT,airline,QNT,카놋샤크항공,"{""yyyymm"": ""202511""}"
2025-11-30,kac_S_OCO,1.0,KAC_AIRPORT,airline,RYL,로얄에어필리핀,"{""yyyymm"": ""202511""}"
2025-11-30,kac_S_OCO,26.0,KAC_AIRPORT,airline,SIA,싱가포르항공,"{""yyyymm"": ""202511""}"
2025-11-30,kac_S_OCO,21.0,KAC_AIRPORT,airline,TGW,스쿠트 항공,"{""yyyymm"": ""202511""}"
2025-11-30,kac_S_OCO,107.0,KAC_AIRPORT,airline,TTW,타이거에어 타이완,"{""yyyymm"": ""202511""}"
2025-11-30,kac_S_OCO,2811.0,KAC_AIRPORT,airline,TWB,티웨이항공,"{""yyyymm"": ""202511""}"
2025-11-30,kac_S_OCO,188.0,KAC_AIRPORT,airline,VJC,비엣젯항공,"{""yyyymm"": ""202511""}"
2025-11-30,kac_S_TSI,4.0,KAC_AIRPORT,airline,AAR,아시아나항공,"{""yyyymm"": ""202511""}"
2025-11-30,kac_S_TSI,397.0,KAC_AIRPORT,airline,ABL,에어부산,"{""yyyymm"": ""202511""}"
2025-11-30,kac_S_TSI,28.0,KAC_AIRPORT,airline,ANA,전일본공수,"{""yyyymm"": ""202511""}"
2025-11-30,kac_S_TSI,0.0,KAC_AIRPORT,airline,APJ,피치항공,"{""yyyymm"": ""202511""}"
2025-11-30,kac_S_TSI,0.0,KAC_AIRPORT,airline,ASV,에어서울,"{""yyyymm"": ""202511""}"
2025-11-30,kac_S_TSI,3.0,KAC_AIRPORT,airline,CAL,중화항공,"{""yyyymm"": ""202511""}"
2025-11-30,kac_S_TSI,7.0,KAC_AIRPORT,airline,CCA,중국국제항공,"{""yyyymm"": ""202511""}"
2025-11-30,kac_S_TSI,0.0,KAC_AIRPORT,airline,CDC,룽에어,"{""yyyymm"": ""202511""}"
2025-11-30,kac_S_TSI,0.0,KAC_AIRPORT,airline,CES,중국동방항공,"{""yyyymm"": ""202511""}"
2025-11-30,kac_S_TSI,0.0,KAC_AIRPORT,airline,CQH,춘추항공,"{""yyyymm"": ""202511""}"
2025-11-30,kac_S_TSI,0.0,KAC_AIRPORT,airline,CSC,사천항공,"{""yyyymm"": ""202511""}"
2025-11-30,kac_S_TSI,0.0,KAC_AIRPORT,airline,CSH,상해항공,"{""yyyymm"": ""202511""}"
2025-11-30,kac_S_TSI,6.0,KAC_AIRPORT,airline,CSN,중국남방항공,"{""yyyymm"": ""202511""}"
2025-11-30,kac_S_TSI,0.0,KAC_AIRPORT,airline,CSZ,중국심천항공,"{""yyyymm"": ""202511""}"
2025-11-30,kac_S_TSI,0.0,KAC_AIRPORT,airline,DKH,길상항공(준야오),"{""yyyymm"": ""202511""}"
2025-11-30,kac_S_TSI,0.0,KAC_AIRPORT,airline,EOK,에어로케이항공,"{""yyyymm"": ""202511""}"
2025-11-30,kac_S_TSI,0.0,KAC_AIRPORT,airline,ESR,이스타항공,"{""yyyymm"": ""202511""}"
2025-11-30,kac_S_TSI,0.0,KAC_AIRPORT,airline,EVA,에바항공,"{""yyyymm"": ""202511""}"
2025-11-30,kac_S_TSI,0.0,KAC_AIRPORT,airline,HKE,홍콩익스프레스,"{""yyyymm"": ""202511""}"
2025-11-30,kac_S_TSI,4.0,KAC_AIRPORT,airline,HVN,베트남항공,"{""yyyymm"": ""202511""}"
2025-11-30,kac_S_TSI,10.0,KAC_AIRPORT,airline,JAL,일본항공,"{""yyyymm"": ""202511""}"
2025-11-30,kac_S_TSI,58.0,KAC_AIRPORT,airline,JJA,제주항공,"{""yyyymm"": ""202511""}"
2025-11-30,kac_S_TSI,394.0,KAC_AIRPORT,airline,JNA,진에어,"{""yyyymm"": ""202511""}"
2025-11-30,kac_S_TSI,68.0,KAC_AIRPORT,airline,KAL,대한항공,"{""yyyymm"": ""202511""}"
2025-11-30,kac_S_TSI,0.0,KAC_AIRPORT,airline,PAL,필리핀항공,"{""yyyymm"": ""202511""}"
2025-11-30,kac_S_TSI,0.0,KAC_AIRPORT,airline,PTA,파라타항공,"{""yyyymm"": ""202511""}"
2025-11-30,kac_S_TSI,0.0,KAC_AIRPORT,airline,QDA,칭다오항공,"{""yyyymm"": ""202511""}"
2025-11-30,kac_S_TSI,4.0,KAC_AIRPORT,airline,QNT,카놋샤크항공,"{""yyyymm"": ""202511""}"
2025-11-30,kac_S_TSI,0.0,KAC_AIRPORT,airline,RYL,로얄에어필리핀,"{""yyyymm"": ""202511""}"
2025-11-30,kac_S_TSI,0.0,KAC_AIRPORT,airline,SIA,싱가포르항공,"{""yyyymm"": ""202511""}"
2025-11-30,kac_S_TSI,0.0,KAC_AIRPORT,airline,TGW,스쿠트 항공,"{""yyyymm"": ""202511""}"
2025-11-30,kac_S_TSI,0.0,KAC_AIRPORT,airline,TTW,타이거에어 타이완,"{""yyyymm"": ""202511""}"
2025-11-30,kac_S_TSI,45.0,KAC_AIRPORT,airline,TWB,티웨이항공,"{""yyyymm"": ""202511""}"
2025-11-30,kac_S_TSI,14.0,KAC_AIRPORT,airline,VJC,비엣젯항공,"{""yyyymm"": ""202511""}"
2025-11-30,kac_S_TSO,3.0,KAC_AIRPORT,airline,AAR,아시아나항공,"{""yyyymm"": ""202511""}"
2025-11-30,kac_S_TSO,397.0,KAC_AIRPORT,airline,ABL,에어부산,"{""yyyymm"": ""202511""}"
2025-11-30,kac_S_TSO,29.0,KAC_AIRPORT,airline,ANA,전일본공수,"{""yyyymm"": ""202511""}"
2025-11-30,kac_S_TSO,0.0,KAC_AIRPORT,airline,APJ,피치항공,"{""yyyymm"": ""202511""}"
2025-11-30,kac_S_TSO,0.0,KAC_AIRPORT,airline,ASV,에어서울,"{""yyyymm"": ""202511""}"
2025-11-30,kac_S_TSO,5.0,KAC_AIRPORT,airline,CAL,중화항공,"{""yyyymm"": ""202511""}"
2025-11-30,kac_S_TSO,1.0,KAC_AIRPORT,airline,CCA,중국국제항공,"{""yyyymm"": ""202511""}"
2025-11-30,kac_S_TSO,0.0,KAC_AIRPORT,airline,CDC,룽에어,"{""yyyymm"": ""202511""}"
2025-11-30,kac_S_TSO,0.0,KAC_AIRPORT,airline,CES,중국동방항공,"{""yyyymm"": ""202511""}"
2025-11-30,kac_S_TSO,0.0,KAC_AIRPORT,airline,CQH,춘추항공,"{""yyyymm"": ""202511""}"
2025-11-30,kac_S_TSO,0.0,KAC_AIRPORT,airline,CSC,사천항공,"{""yyyymm"": ""202511""}"
2025-11-30,kac_S_TSO,0.0,KAC_AIRPORT,airline,CSH,상해항공,"{""yyyymm"": ""202511""}"
2025-11-30,kac_S_TSO,0.0,KAC_AIRPORT,airline,CSN,중국남방항공,"{""yyyymm"": ""202511""}"
2025-11-30,kac_S_TSO,0.0,KAC_AIRPORT,airline,CSZ,중국심천항공,"{""yyyymm"": ""202511""}"
2025-11-30,kac_S_TSO,0.0,KAC_AIRPORT,airline,DKH,길상항공(준야오),"{""yyyymm"": ""202511""}"
2025-11-30,kac_S_TSO,0.0,KAC_AIRPORT,airline,EOK,에어로케이항공,"{""yyyymm"": ""202511""}"
2025-11-30,kac_S_TSO,0.0,KAC_AIRPORT,airline,ESR,이스타항공,"{""yyyymm"": ""202511""}"
2025-11-30,kac_S_TSO,0.0,KAC_AIRPORT,airline,EVA,에바항공,"{""yyyymm"": ""202511""}"
2025-11-30,kac_S_TSO,0.0,KAC_AIRPORT,airline,HKE,홍콩익스프레스,"{""yyyymm"": ""202511""}"
2025-11-30,kac_S_TSO,3.0,KAC_AIRPORT,airline,HVN,베트남항공,"{""yyyymm"": ""202511""}"
2025-11-30,kac_S_TSO,9.0,KAC_AIRPORT,airline,JAL,일본항공,"{""yyyymm"": ""202511""}"
2025-11-30,kac_S_TSO,97.0,KAC_AIRPORT,airline,JJA,제주항공,"{""yyyymm"": ""202511""}"
2025-11-30,kac_S_TSO,390.0,KAC_AIRPORT,airline,JNA,진에어,"{""yyyymm"": ""202511""}"
2025-11-30,kac_S_TSO,64.0,KAC_AIRPORT,airline,KAL,대한항공,"{""yyyymm"": ""202511""}"
2025-11-30,kac_S_TSO,1.0,KAC_AIRPORT,airline,PAL,필리핀항공,"{""yyyymm"": ""202511""}"
2025-11-30,kac_S_TSO,0.0,KAC_AIRPORT,airline,PTA,파라타항공,"{""yyyymm"": ""202511""}"
2025-11-30,kac_S_TSO,0.0,KAC_AIRPORT,airline,QDA,칭다오항공,"{""yyyymm"": ""202511""}"
2025-11-30,kac_S_TSO,10.0,KAC_AIRPORT,airline,QNT,카놋샤크항공,"{""yyyymm"": ""202511""}"
2025-11-30,kac_S_TSO,0.0,KAC_AIRPORT,airline,RYL,로얄에어필리핀,"{""yyyymm"": ""202511""}"
2025-11-30,kac_S_TSO,0.0,KAC_AIRPORT,airline,SIA,싱가포르항공,"{""yyyymm"": ""202511""}"
2025-11-30,kac_S_TSO,0.0,KAC_AIRPORT,airline,TGW,스쿠트 항공,"{""yyyymm"": ""202511""}"
2025-11-30,kac_S_TSO,0.0,KAC_AIRPORT,airline,TTW,타이거에어 타이완,"{""yyyymm"": ""202511""}"
2025-11-30,kac_S_TSO,47.0,KAC_AIRPORT,airline,TWB,티웨이항공,"{""yyyymm"": ""202511""}"
2025-11-30,kac_S_TSO,14.0,KAC_AIRPORT,airline,VJC,비엣젯항공,"{""yyyymm"": ""202511""}"
2025-12-31,airportal_SEQ,100.0,AIRPORTAL,airline,,SCAT 항공(VSV),"{""year"": 2025, ""month"": 12, ""yyyymm"": ""202512""}"
2025-12-31,airportal_공급(석),3396.0,AIRPORTAL,airline,,SCAT 항공(VSV),"{""year"": 2025, ""month"": 12, ""yyyymm"": ""202512""}"
2025-12-31,airportal_여객(명),1530.0,AIRPORTAL,airline,,SCAT 항공(VSV),"{""year"": 2025, ""month"": 12, ""yyyymm"": ""202512""}"
2025-12-31,airportal_운항(편),18.0,AIRPORTAL,airline,,SCAT 항공(VSV),"{""year"": 2025, ""month"": 12, ""yyyymm"": ""202512""}"
2025-12-31,airportal_화물(톤),41.0,AIRPORTAL,airline,,SCAT 항공(VSV),"{""year"": 2025, ""month"": 12, ""yyyymm"": ""202512""}"
2025-12-31,icn_airline_cargo_tons_arrBaggage,345.0,ODP_B551177,airline,7C,제주항공,
2025-12-31,icn_airline_cargo_tons_arrBaggage,23.0,ODP_B551177,airline,AA,아메리칸항공,
2025-12-31,icn_airline_cargo_tons_arrBaggage,52411.0,ODP_B551177,airline,KE,대한항공,
2025-12-31,icn_airline_cargo_tons_arrBaggage,5659.0,ODP_B551177,airline,OZ,아시아나항공,
2025-12-31,icn_airline_cargo_tons_baggage,721.0,ODP_B551177,airline,7C,제주항공,
2025-12-31,icn_airline_cargo_tons_baggage,350.0,ODP_B551177,airline,AA,아메리칸항공,
2025-12-31,icn_airline_cargo_tons_baggage,107093.0,ODP_B551177,airline,KE,대한항공,
2025-12-31,icn_airline_cargo_tons_baggage,11200.0,ODP_B551177,airline,OZ,아시아나항공,
2025-12-31,icn_airline_cargo_tons_depBaggage,376.0,ODP_B551177,airline,7C,제주항공,
2025-12-31,icn_airline_cargo_tons_depBaggage,327.0,ODP_B551177,airline,AA,아메리칸항공,
2025-12-31,icn_airline_cargo_tons_depBaggage,54682.0,ODP_B551177,airline,KE,대한항공,
2025-12-31,icn_airline_cargo_tons_depBaggage,5540.0,ODP_B551177,airline,OZ,아시아나항공,
2025-12-31,icn_airline_pax_arrPassenger,269781.0,ODP_B551177,airline,7C,제주항공,
2025-12-31,icn_airline_pax_arrPassenger,7880.0,ODP_B551177,airline,AA,아메리칸항공,
2025-12-31,icn_airline_pax_arrPassenger,773755.0,ODP_B551177,airline,KE,대한항공,
2025-12-31,icn_airline_pax_arrPassenger,429970.0,ODP_B551177,airline,OZ,아시아나항공,
2025-12-31,icn_airline_pax_depPassenger,275685.0,ODP_B551177,airline,7C,제주항공,
2025-12-31,icn_airline_pax_depPassenger,7361.0,ODP_B551177,airline,AA,아메리칸항공,
2025-12-31,icn_airline_pax_depPassenger,777027.0,ODP_B551177,airline,KE,대한항공,
2025-12-31,icn_airline_pax_depPassenger,434532.0,ODP_B551177,airline,OZ,아시아나항공,
2025-12-31,icn_airline_pax_passenger,545466.0,ODP_B551177,airline,7C,제주항공,
2025-12-31,icn_airline_pax_passenger,15241.0,ODP_B551177,airline,AA,아메리칸항공,
2025-12-31,icn_airline_pax_passenger,1550782.0,ODP_B551177,airline,KE,대한항공,
2025-12-31,icn_airline_pax_passenger,864502.0,ODP_B551177,airline,OZ,아시아나항공,
2025-12-31,kac_S_BFI,2772303.0,KAC_AIRPORT,airline,AAR,아시아나항공,"{""yyyymm"": ""202512""}"
2025-12-31,kac_S_BFI,2432993.0,KAC_AIRPORT,airline,ABL,에어부산,"{""yyyymm"": ""202512""}"
2025-12-31,kac_S_BFI,201546.0,KAC_AIRPORT,airline,ANA,전일본공수,"{""yyyymm"": ""202512""}"
2025-12-31,kac_S_BFI,209032.0,KAC_AIRPORT,airline,APJ,피치항공,"{""yyyymm"": ""202512""}"
2025-12-31,kac_S_BFI,159047.0,KAC_AIRPORT,airline,CAL,중화항공,"{""yyyymm"": ""202512""}"
2025-12-31,kac_S_BFI,86808.0,KAC_AIRPORT,airline,CCA,중국국제항공,"{""yyyymm"": ""202512""}"
2025-12-31,kac_S_BFI,50466.0,KAC_AIRPORT,airline,CDC,룽에어,"{""yyyymm"": ""202512""}"
2025-12-31,kac_S_BFI,280376.0,KAC_AIRPORT,airline,CES,중국동방항공,"{""yyyymm"": ""202512""}"
2025-12-31,kac_S_BFI,329487.0,KAC_AIRPORT,airline,CQH,춘추항공,"{""yyyymm"": ""202512""}"
2025-12-31,kac_S_BFI,3735.0,KAC_AIRPORT,airline,CSC,사천항공,"{""yyyymm"": ""202512""}"
2025-12-31,kac_S_BFI,119438.0,KAC_AIRPORT,airline,CSH,상해항공,"{""yyyymm"": ""202512""}"
2025-12-31,kac_S_BFI,70331.0,KAC_AIRPORT,airline,CSN,중국남방항공,"{""yyyymm"": ""202512""}"
2025-12-31,kac_S_BFI,17909.0,KAC_AIRPORT,airline,CSZ,중국심천항공,"{""yyyymm"": ""202512""}"
2025-12-31,kac_S_BFI,110608.0,KAC_AIRPORT,airline,DKH,길상항공(준야오),"{""yyyymm"": ""202512""}"
2025-12-31,kac_S_BFI,926648.0,KAC_AIRPORT,airline,EOK,에어로케이항공,"{""yyyymm"": ""202512""}"
2025-12-31,kac_S_BFI,1446191.0,KAC_AIRPORT,airline,ESR,이스타항공,"{""yyyymm"": ""202512""}"
2025-12-31,kac_S_BFI,113449.0,KAC_AIRPORT,airline,EVA,에바항공,"{""yyyymm"": ""202512""}"
2025-12-31,kac_S_BFI,208538.0,KAC_AIRPORT,airline,HKE,홍콩익스프레스,"{""yyyymm"": ""202512""}"
2025-12-31,kac_S_BFI,347642.0,KAC_AIRPORT,airline,HVN,베트남항공,"{""yyyymm"": ""202512""}"
2025-12-31,kac_S_BFI,201195.0,KAC_AIRPORT,airline,JAL,일본항공,"{""yyyymm"": ""202512""}"
2025-12-31,kac_S_BFI,2637399.0,KAC_AIRPORT,airline,JJA,제주항공,"{""yyyymm"": ""202512""}"
2025-12-31,kac_S_BFI,2749408.0,KAC_AIRPORT,airline,JNA,진에어,"{""yyyymm"": ""202512""}"
2025-12-31,kac_S_BFI,4499664.0,KAC_AIRPORT,airline,KAL,대한항공,"{""yyyymm"": ""202512""}"
2025-12-31,kac_S_BFI,101922.0,KAC_AIRPORT,airline,PAL,필리핀항공,"{""yyyymm"": ""202512""}"
2025-12-31,kac_S_BFI,112381.0,KAC_AIRPORT,airline,PTA,파라타항공,"{""yyyymm"": ""202512""}"
2025-12-31,kac_S_BFI,14485.0,KAC_AIRPORT,airline,QDA,칭다오항공,"{""yyyymm"": ""202512""}"
2025-12-31,kac_S_BFI,11414.0,KAC_AIRPORT,airline,QNT,카놋샤크항공,"{""yyyymm"": ""202512""}"
2025-12-31,kac_S_BFI,61124.0,KAC_AIRPORT,airline,SIA,싱가포르항공,"{""yyyymm"": ""202512""}"
2025-12-31,kac_S_BFI,59406.0,KAC_AIRPORT,airline,TGW,스쿠트 항공,"{""yyyymm"": ""202512""}"
2025-12-31,kac_S_BFI,162742.0,KAC_AIRPORT,airline,TTW,타이거에어 타이완,"{""yyyymm"": ""202512""}"
2025-12-31,kac_S_BFI,2883078.0,KAC_AIRPORT,airline,TWB,티웨이항공,"{""yyyymm"": ""202512""}"
2025-12-31,kac_S_BFI,457944.0,KAC_AIRPORT,airline,VJC,비엣젯항공,"{""yyyymm"": ""202512""}"
2025-12-31,kac_S_BFO,2732289.0,KAC_AIRPORT,airline,AAR,아시아나항공,"{""yyyymm"": ""202512""}"
2025-12-31,kac_S_BFO,2305155.0,KAC_AIRPORT,airline,ABL,에어부산,"{""yyyymm"": ""202512""}"
2025-12-31,kac_S_BFO,230794.0,KAC_AIRPORT,airline,ANA,전일본공수,"{""yyyymm"": ""202512""}"
2025-12-31,kac_S_BFO,241247.0,KAC_AIRPORT,airline,APJ,피치항공,"{""yyyymm"": ""202512""}"
2025-12-31,kac_S_BFO,224902.0,KAC_AIRPORT,airline,CAL,중화항공,"{""yyyymm"": ""202512""}"
2025-12-31,kac_S_BFO,130073.0,KAC_AIRPORT,airline,CCA,중국국제항공,"{""yyyymm"": ""202512""}"
2025-12-31,kac_S_BFO,62049.0,KAC_AIRPORT,airline,CDC,룽에어,"{""yyyymm"": ""202512""}"
2025-12-31,kac_S_BFO,331791.0,KAC_AIRPORT,airline,CES,중국동방항공,"{""yyyymm"": ""202512""}"
2025-12-31,kac_S_BFO,390740.0,KAC_AIRPORT,airline,CQH,춘추항공,"{""yyyymm"": ""202512""}"
2025-12-31,kac_S_BFO,580.0,KAC_AIRPORT,airline,CSC,사천항공,"{""yyyymm"": ""202512""}"
2025-12-31,kac_S_BFO,148485.0,KAC_AIRPORT,airline,CSH,상해항공,"{""yyyymm"": ""202512""}"
2025-12-31,kac_S_BFO,134369.0,KAC_AIRPORT,airline,CSN,중국남방항공,"{""yyyymm"": ""202512""}"
2025-12-31,kac_S_BFO,17663.0,KAC_AIRPORT,airline,CSZ,중국심천항공,"{""yyyymm"": ""202512""}"
2025-12-31,kac_S_BFO,151960.0,KAC_AIRPORT,airline,DKH,길상항공(준야오),"{""yyyymm"": ""202512""}"
2025-12-31,kac_S_BFO,733265.0,KAC_AIRPORT,airline,EOK,에어로케이항공,"{""yyyymm"": ""202512""}"
2025-12-31,kac_S_BFO,1378200.0,KAC_AIRPORT,airline,ESR,이스타항공,"{""yyyymm"": ""202512""}"
2025-12-31,kac_S_BFO,167297.0,KAC_AIRPORT,airline,EVA,에바항공,"{""yyyymm"": ""202512""}"
2025-12-31,kac_S_BFO,213123.0,KAC_AIRPORT,airline,HKE,홍콩익스프레스,"{""yyyymm"": ""202512""}"
2025-12-31,kac_S_BFO,403663.0,KAC_AIRPORT,airline,HVN,베트남항공,"{""yyyymm"": ""202512""}"
2025-12-31,kac_S_BFO,229946.0,KAC_AIRPORT,airline,JAL,일본항공,"{""yyyymm"": ""202512""}"
2025-12-31,kac_S_BFO,2603243.0,KAC_AIRPORT,airline,JJA,제주항공,"{""yyyymm"": ""202512""}"
2025-12-31,kac_S_BFO,2655796.0,KAC_AIRPORT,airline,JNA,진에어,"{""yyyymm"": ""202512""}"
2025-12-31,kac_S_BFO,4400274.0,KAC_AIRPORT,airline,KAL,대한항공,"{""yyyymm"": ""202512""}"
2025-12-31,kac_S_BFO,136253.0,KAC_AIRPORT,airline,PAL,필리핀항공,"{""yyyymm"": ""202512""}"
2025-12-31,kac_S_BFO,112381.0,KAC_AIRPORT,airline,PTA,파라타항공,"{""yyyymm"": ""202512""}"
2025-12-31,kac_S_BFO,17355.0,KAC_AIRPORT,airline,QDA,칭다오항공,"{""yyyymm"": ""202512""}"
2025-12-31,kac_S_BFO,18006.0,KAC_AIRPORT,airline,QNT,카놋샤크항공,"{""yyyymm"": ""202512""}"
2025-12-31,kac_S_BFO,71738.0,KAC_AIRPORT,airline,SIA,싱가포르항공,"{""yyyymm"": ""202512""}"
2025-12-31,kac_S_BFO,59331.0,KAC_AIRPORT,airline,TGW,스쿠트 항공,"{""yyyymm"": ""202512""}"
2025-12-31,kac_S_BFO,242602.0,KAC_AIRPORT,airline,TTW,타이거에어 타이완,"{""yyyymm"": ""202512""}"
2025-12-31,kac_S_BFO,2683195.0,KAC_AIRPORT,airline,TWB,티웨이항공,"{""yyyymm"": ""202512""}"
2025-12-31,kac_S_BFO,359670.0,KAC_AIRPORT,airline,VJC,비엣젯항공,"{""yyyymm"": ""202512""}"
2025-12-31,kac_S_FFI,1311588.0,KAC_AIRPORT,airline,AAR,아시아나항공,"{""yyyymm"": ""202512""}"
2025-12-31,kac_S_FFI,301011.0,KAC_AIRPORT,airline,ABL,에어부산,"{""yyyymm"": ""202512""}"
2025-12-31,kac_S_FFI,0.0,KAC_AIRPORT,airline,ANA,전일본공수,"{""yyyymm"": ""202512""}"
2025-12-31,kac_S_FFI,0.0,KAC_AIRPORT,airline,APJ,피치항공,"{""yyyymm"": ""202512""}"
2025-12-31,kac_S_FFI,168.0,KAC_AIRPORT,airline,CAL,중화항공,"{""yyyymm"": ""202512""}"
2025-12-31,kac_S_FFI,0.0,KAC_AIRPORT,airline,CCA,중국국제항공,"{""yyyymm"": ""202512""}"
2025-12-31,kac_S_FFI,0.0,KAC_AIRPORT,airline,CDC,룽에어,"{""yyyymm"": ""202512""}"
2025-12-31,kac_S_FFI,217420.0,KAC_AIRPORT,airline,CES,중국동방항공,"{""yyyymm"": ""202512""}"
2025-12-31,kac_S_FFI,0.0,KAC_AIRPORT,airline,CQH,춘추항공,"{""yyyymm"": ""202512""}"
2025-12-31,kac_S_FFI,0.0,KAC_AIRPORT,airline,CSC,사천항공,"{""yyyymm"": ""202512""}"
2025-12-31,kac_S_FFI,25069.0,KAC_AIRPORT,airline,CSH,상해항공,"{""yyyymm"": ""202512""}"
2025-12-31,kac_S_FFI,0.0,KAC_AIRPORT,airline,CSN,중국남방항공,"{""yyyymm"": ""202512""}"
2025-12-31,kac_S_FFI,0.0,KAC_AIRPORT,airline,CSZ,중국심천항공,"{""yyyymm"": ""202512""}"
2025-12-31,kac_S_FFI,0.0,KAC_AIRPORT,airline,DKH,길상항공(준야오),"{""yyyymm"": ""202512""}"
2025-12-31,kac_S_FFI,391.0,KAC_AIRPORT,airline,EOK,에어로케이항공,"{""yyyymm"": ""202512""}"
2025-12-31,kac_S_FFI,0.0,KAC_AIRPORT,airline,ESR,이스타항공,"{""yyyymm"": ""202512""}"
2025-12-31,kac_S_FFI,0.0,KAC_AIRPORT,airline,EVA,에바항공,"{""yyyymm"": ""202512""}"
2025-12-31,kac_S_FFI,0.0,KAC_AIRPORT,airline,HKE,홍콩익스프레스,"{""yyyymm"": ""202512""}"
2025-12-31,kac_S_FFI,514545.0,KAC_AIRPORT,airline,HVN,베트남항공,"{""yyyymm"": ""202512""}"
2025-12-31,kac_S_FFI,1259.0,KAC_AIRPORT,airline,JAL,일본항공,"{""yyyymm"": ""202512""}"
2025-12-31,kac_S_FFI,0.0,KAC_AIRPORT,airline,JJA,제주항공,"{""yyyymm"": ""202512""}"
2025-12-31,kac_S_FFI,106680.0,KAC_AIRPORT,airline,JNA,진에어,"{""yyyymm"": ""202512""}"
2025-12-31,kac_S_FFI,2803047.0,KAC_AIRPORT,airline,KAL,대한항공,"{""yyyymm"": ""202512""}"
2025-12-31,kac_S_FFI,812.0,KAC_AIRPORT,airline,PAL,필리핀항공,"{""yyyymm"": ""202512""}"
2025-12-31,kac_S_FFI,57.0,KAC_AIRPORT,airline,PTA,파라타항공,"{""yyyymm"": ""202512""}"
2025-12-31,kac_S_FFI,0.0,KAC_AIRPORT,airline,QDA,칭다오항공,"{""yyyymm"": ""202512""}"
2025-12-31,kac_S_FFI,0.0,KAC_AIRPORT,airline,QNT,카놋샤크항공,"{""yyyymm"": ""202512""}"
2025-12-31,kac_S_FFI,4239.0,KAC_AIRPORT,airline,SIA,싱가포르항공,"{""yyyymm"": ""202512""}"
2025-12-31,kac_S_FFI,0.0,KAC_AIRPORT,airline,TGW,스쿠트 항공,"{""yyyymm"": ""202512""}"
2025-12-31,kac_S_FFI,0.0,KAC_AIRPORT,airline,TTW,타이거에어 타이완,"{""yyyymm"": ""202512""}"
2025-12-31,kac_S_FFI,0.0,KAC_AIRPORT,airline,TWB,티웨이항공,"{""yyyymm"": ""202512""}"
2025-12-31,kac_S_FFI,15464.0,KAC_AIRPORT,airline,VJC,비엣젯항공,"{""yyyymm"": ""202512""}"
2025-12-31,kac_S_FFO,1544756.0,KAC_AIRPORT,airline,AAR,아시아나항공,"{""yyyymm"": ""202512""}"
2025-12-31,kac_S_FFO,300989.0,KAC_AIRPORT,airline,ABL,에어부산,"{""yyyymm"": ""202512""}"
2025-12-31,kac_S_FFO,85566.0,KAC_AIRPORT,airline,ANA,전일본공수,"{""yyyymm"": ""202512""}"
2025-12-31,kac_S_FFO,0.0,KAC_AIRPORT,airline,APJ,피치항공,"{""yyyymm"": ""202512""}"
2025-12-31,kac_S_FFO,27359.0,KAC_AIRPORT,airline,CAL,중화항공,"{""yyyymm"": ""202512""}"
2025-12-31,kac_S_FFO,0.0,KAC_AIRPORT,airline,CCA,중국국제항공,"{""yyyymm"": ""202512""}"
2025-12-31,kac_S_FFO,0.0,KAC_AIRPORT,airline,CDC,룽에어,"{""yyyymm"": ""202512""}"
2025-12-31,kac_S_FFO,20701.0,KAC_AIRPORT,airline,CES,중국동방항공,"{""yyyymm"": ""202512""}"
2025-12-31,kac_S_FFO,0.0,KAC_AIRPORT,airline,CQH,춘추항공,"{""yyyymm"": ""202512""}"
2025-12-31,kac_S_FFO,0.0,KAC_AIRPORT,airline,CSC,사천항공,"{""yyyymm"": ""202512""}"
2025-12-31,kac_S_FFO,0.0,KAC_AIRPORT,airline,CSH,상해항공,"{""yyyymm"": ""202512""}"
2025-12-31,kac_S_FFO,0.0,KAC_AIRPORT,airline,CSN,중국남방항공,"{""yyyymm"": ""202512""}"
2025-12-31,kac_S_FFO,0.0,KAC_AIRPORT,airline,CSZ,중국심천항공,"{""yyyymm"": ""202512""}"
2025-12-31,kac_S_FFO,0.0,KAC_AIRPORT,airline,DKH,길상항공(준야오),"{""yyyymm"": ""202512""}"
2025-12-31,kac_S_FFO,133.0,KAC_AIRPORT,airline,EOK,에어로케이항공,"{""yyyymm"": ""202512""}"
2025-12-31,kac_S_FFO,0.0,KAC_AIRPORT,airline,ESR,이스타항공,"{""yyyymm"": ""202512""}"
2025-12-31,kac_S_FFO,0.0,KAC_AIRPORT,airline,EVA,에바항공,"{""yyyymm"": ""202512""}"
2025-12-31,kac_S_FFO,0.0,KAC_AIRPORT,airline,HKE,홍콩익스프레스,"{""yyyymm"": ""202512""}"
2025-12-31,kac_S_FFO,538455.0,KAC_AIRPORT,airline,HVN,베트남항공,"{""yyyymm"": ""202512""}"
2025-12-31,kac_S_FFO,409639.0,KAC_AIRPORT,airline,JAL,일본항공,"{""yyyymm"": ""202512""}"
2025-12-31,kac_S_FFO,0.0,KAC_AIRPORT,airline,JJA,제주항공,"{""yyyymm"": ""202512""}"
2025-12-31,kac_S_FFO,106680.0,KAC_AIRPORT,airline,JNA,진에어,"{""yyyymm"": ""202512""}"
2025-12-31,kac_S_FFO,3004895.0,KAC_AIRPORT,airline,KAL,대한항공,"{""yyyymm"": ""202512""}"
2025-12-31,kac_S_FFO,11758.0,KAC_AIRPORT,airline,PAL,필리핀항공,"{""yyyymm"": ""202512""}"
2025-12-31,kac_S_FFO,57.0,KAC_AIRPORT,airline,PTA,파라타항공,"{""yyyymm"": ""202512""}"
2025-12-31,kac_S_FFO,0.0,KAC_AIRPORT,airline,QDA,칭다오항공,"{""yyyymm"": ""202512""}"
2025-12-31,kac_S_FFO,0.0,KAC_AIRPORT,airline,QNT,카놋샤크항공,"{""yyyymm"": ""202512""}"
2025-12-31,kac_S_FFO,864.0,KAC_AIRPORT,airline,SIA,싱가포르항공,"{""yyyymm"": ""202512""}"
2025-12-31,kac_S_FFO,0.0,KAC_AIRPORT,airline,TGW,스쿠트 항공,"{""yyyymm"": ""202512""}"
2025-12-31,kac_S_FFO,0.0,KAC_AIRPORT,airline,TTW,타이거에어 타이완,"{""yyyymm"": ""202512""}"
2025-12-31,kac_S_FFO,0.0,KAC_AIRPORT,airline,TWB,티웨이항공,"{""yyyymm"": ""202512""}"
2025-12-31,kac_S_FFO,0.0,KAC_AIRPORT,airline,VJC,비엣젯항공,"{""yyyymm"": ""202512""}"
2025-12-31,kac_S_FPI,520296.0,KAC_AIRPORT,airline,AAR,아시아나항공,"{""yyyymm"": ""202512""}"
2025-12-31,kac_S_FPI,399539.0,KAC_AIRPORT,airline,ABL,에어부산,"{""yyyymm"": ""202512""}"
2025-12-31,kac_S_FPI,18831.0,KAC_AIRPORT,airline,ANA,전일본공수,"{""yyyymm"": ""202512""}"
2025-12-31,kac_S_FPI,25966.0,KAC_AIRPORT,airline,APJ,피치항공,"{""yyyymm"": ""202512""}"
2025-12-31,kac_S_FPI,12021.0,KAC_AIRPORT,airline,CAL,중화항공,"{""yyyymm"": ""202512""}"
2025-12-31,kac_S_FPI,7201.0,KAC_AIRPORT,airline,CCA,중국국제항공,"{""yyyymm"": ""202512""}"
2025-12-31,kac_S_FPI,5274.0,KAC_AIRPORT,airline,CDC,룽에어,"{""yyyymm"": ""202512""}"
2025-12-31,kac_S_FPI,23068.0,KAC_AIRPORT,airline,CES,중국동방항공,"{""yyyymm"": ""202512""}"
2025-12-31,kac_S_FPI,41320.0,KAC_AIRPORT,airline,CQH,춘추항공,"{""yyyymm"": ""202512""}"
2025-12-31,kac_S_FPI,261.0,KAC_AIRPORT,airline,CSC,사천항공,"{""yyyymm"": ""202512""}"
2025-12-31,kac_S_FPI,9735.0,KAC_AIRPORT,airline,CSH,상해항공,"{""yyyymm"": ""202512""}"
2025-12-31,kac_S_FPI,5967.0,KAC_AIRPORT,airline,CSN,중국남방항공,"{""yyyymm"": ""202512""}"
2025-12-31,kac_S_FPI,1674.0,KAC_AIRPORT,airline,CSZ,중국심천항공,"{""yyyymm"": ""202512""}"
2025-12-31,kac_S_FPI,11324.0,KAC_AIRPORT,airline,DKH,길상항공(준야오),"{""yyyymm"": ""202512""}"
2025-12-31,kac_S_FPI,97639.0,KAC_AIRPORT,airline,EOK,에어로케이항공,"{""yyyymm"": ""202512""}"
2025-12-31,kac_S_FPI,253427.0,KAC_AIRPORT,airline,ESR,이스타항공,"{""yyyymm"": ""202512""}"
2025-12-31,kac_S_FPI,8671.0,KAC_AIRPORT,airline,EVA,에바항공,"{""yyyymm"": ""202512""}"
2025-12-31,kac_S_FPI,20762.0,KAC_AIRPORT,airline,HKE,홍콩익스프레스,"{""yyyymm"": ""202512""}"
2025-12-31,kac_S_FPI,19570.0,KAC_AIRPORT,airline,HVN,베트남항공,"{""yyyymm"": ""202512""}"
2025-12-31,kac_S_FPI,18614.0,KAC_AIRPORT,airline,JAL,일본항공,"{""yyyymm"": ""202512""}"
2025-12-31,kac_S_FPI,457589.0,KAC_AIRPORT,airline,JJA,제주항공,"{""yyyymm"": ""202512""}"
2025-12-31,kac_S_FPI,503249.0,KAC_AIRPORT,airline,JNA,진에어,"{""yyyymm"": ""202512""}"
2025-12-31,kac_S_FPI,661593.0,KAC_AIRPORT,airline,KAL,대한항공,"{""yyyymm"": ""202512""}"
2025-12-31,kac_S_FPI,7085.0,KAC_AIRPORT,airline,PAL,필리핀항공,"{""yyyymm"": ""202512""}"
2025-12-31,kac_S_FPI,24384.0,KAC_AIRPORT,airline,PTA,파라타항공,"{""yyyymm"": ""202512""}"
2025-12-31,kac_S_FPI,1489.0,KAC_AIRPORT,airline,QDA,칭다오항공,"{""yyyymm"": ""202512""}"
2025-12-31,kac_S_FPI,333.0,KAC_AIRPORT,airline,QNT,카놋샤크항공,"{""yyyymm"": ""202512""}"
2025-12-31,kac_S_FPI,3845.0,KAC_AIRPORT,airline,SIA,싱가포르항공,"{""yyyymm"": ""202512""}"
2025-12-31,kac_S_FPI,4835.0,KAC_AIRPORT,airline,TGW,스쿠트 항공,"{""yyyymm"": ""202512""}"
2025-12-31,kac_S_FPI,17993.0,KAC_AIRPORT,airline,TTW,타이거에어 타이완,"{""yyyymm"": ""202512""}"
2025-12-31,kac_S_FPI,449853.0,KAC_AIRPORT,airline,TWB,티웨이항공,"{""yyyymm"": ""202512""}"
2025-12-31,kac_S_FPI,33968.0,KAC_AIRPORT,airline,VJC,비엣젯항공,"{""yyyymm"": ""202512""}"
2025-12-31,kac_S_FPO,518777.0,KAC_AIRPORT,airline,AAR,아시아나항공,"{""yyyymm"": ""202512""}"
2025-12-31,kac_S_FPO,402256.0,KAC_AIRPORT,airline,ABL,에어부산,"{""yyyymm"": ""202512""}"
2025-12-31,kac_S_FPO,18623.0,KAC_AIRPORT,airline,ANA,전일본공수,"{""yyyymm"": ""202512""}"
2025-12-31,kac_S_FPO,24746.0,KAC_AIRPORT,airline,APJ,피치항공,"{""yyyymm"": ""202512""}"
2025-12-31,kac_S_FPO,12373.0,KAC_AIRPORT,airline,CAL,중화항공,"{""yyyymm"": ""202512""}"
2025-12-31,kac_S_FPO,8212.0,KAC_AIRPORT,airline,CCA,중국국제항공,"{""yyyymm"": ""202512""}"
2025-12-31,kac_S_FPO,4878.0,KAC_AIRPORT,airline,CDC,룽에어,"{""yyyymm"": ""202512""}"
2025-12-31,kac_S_FPO,25957.0,KAC_AIRPORT,airline,CES,중국동방항공,"{""yyyymm"": ""202512""}"
2025-12-31,kac_S_FPO,39813.0,KAC_AIRPORT,airline,CQH,춘추항공,"{""yyyymm"": ""202512""}"
2025-12-31,kac_S_FPO,65.0,KAC_AIRPORT,airline,CSC,사천항공,"{""yyyymm"": ""202512""}"
2025-12-31,kac_S_FPO,10283.0,KAC_AIRPORT,airline,CSH,상해항공,"{""yyyymm"": ""202512""}"
2025-12-31,kac_S_FPO,6866.0,KAC_AIRPORT,airline,CSN,중국남방항공,"{""yyyymm"": ""202512""}"
2025-12-31,kac_S_FPO,1332.0,KAC_AIRPORT,airline,CSZ,중국심천항공,"{""yyyymm"": ""202512""}"
2025-12-31,kac_S_FPO,11533.0,KAC_AIRPORT,airline,DKH,길상항공(준야오),"{""yyyymm"": ""202512""}"
2025-12-31,kac_S_FPO,96350.0,KAC_AIRPORT,airline,EOK,에어로케이항공,"{""yyyymm"": ""202512""}"
2025-12-31,kac_S_FPO,252309.0,KAC_AIRPORT,airline,ESR,이스타항공,"{""yyyymm"": ""202512""}"
2025-12-31,kac_S_FPO,8925.0,KAC_AIRPORT,airline,EVA,에바항공,"{""yyyymm"": ""202512""}"
2025-12-31,kac_S_FPO,19009.0,KAC_AIRPORT,airline,HKE,홍콩익스프레스,"{""yyyymm"": ""202512""}"
2025-12-31,kac_S_FPO,21914.0,KAC_AIRPORT,airline,HVN,베트남항공,"{""yyyymm"": ""202512""}"
2025-12-31,kac_S_FPO,18335.0,KAC_AIRPORT,airline,JAL,일본항공,"{""yyyymm"": ""202512""}"
2025-12-31,kac_S_FPO,460160.0,KAC_AIRPORT,airline,JJA,제주항공,"{""yyyymm"": ""202512""}"
2025-12-31,kac_S_FPO,502884.0,KAC_AIRPORT,airline,JNA,진에어,"{""yyyymm"": ""202512""}"
2025-12-31,kac_S_FPO,661631.0,KAC_AIRPORT,airline,KAL,대한항공,"{""yyyymm"": ""202512""}"
2025-12-31,kac_S_FPO,7962.0,KAC_AIRPORT,airline,PAL,필리핀항공,"{""yyyymm"": ""202512""}"
2025-12-31,kac_S_FPO,24384.0,KAC_AIRPORT,airline,PTA,파라타항공,"{""yyyymm"": ""202512""}"
2025-12-31,kac_S_FPO,1537.0,KAC_AIRPORT,airline,QDA,칭다오항공,"{""yyyymm"": ""202512""}"
2025-12-31,kac_S_FPO,473.0,KAC_AIRPORT,airline,QNT,카놋샤크항공,"{""yyyymm"": ""202512""}"
2025-12-31,kac_S_FPO,3821.0,KAC_AIRPORT,airline,SIA,싱가포르항공,"{""yyyymm"": ""202512""}"
2025-12-31,kac_S_FPO,4232.0,KAC_AIRPORT,airline,TGW,스쿠트 항공,"{""yyyymm"": ""202512""}"
2025-12-31,kac_S_FPO,16977.0,KAC_AIRPORT,airline,TTW,타이거에어 타이완,"{""yyyymm"": ""202512""}"
2025-12-31,kac_S_FPO,450014.0,KAC_AIRPORT,airline,TWB,티웨이항공,"{""yyyymm"": ""202512""}"
2025-12-31,kac_S_FPO,34926.0,KAC_AIRPORT,airline,VJC,비엣젯항공,"{""yyyymm"": ""202512""}"
2025-12-31,kac_S_MFI,0.0,KAC_AIRPORT,airline,AAR,아시아나항공,"{""yyyymm"": ""202512""}"
2025-12-31,kac_S_MFI,0.0,KAC_AIRPORT,airline,ABL,에어부산,"{""yyyymm"": ""202512""}"
2025-12-31,kac_S_MFI,0.0,KAC_AIRPORT,airline,ANA,전일본공수,"{""yyyymm"": ""202512""}"
2025-12-31,kac_S_MFI,0.0,KAC_AIRPORT,airline,APJ,피치항공,"{""yyyymm"": ""202512""}"
2025-12-31,kac_S_MFI,0.0,KAC_AIRPORT,airline,CAL,중화항공,"{""yyyymm"": ""202512""}"
2025-12-31,kac_S_MFI,0.0,KAC_AIRPORT,airline,CCA,중국국제항공,"{""yyyymm"": ""202512""}"
2025-12-31,kac_S_MFI,0.0,KAC_AIRPORT,airline,CDC,룽에어,"{""yyyymm"": ""202512""}"
2025-12-31,kac_S_MFI,0.0,KAC_AIRPORT,airline,CES,중국동방항공,"{""yyyymm"": ""202512""}"
2025-12-31,kac_S_MFI,0.0,KAC_AIRPORT,airline,CQH,춘추항공,"{""yyyymm"": ""202512""}"
2025-12-31,kac_S_MFI,0.0,KAC_AIRPORT,airline,CSC,사천항공,"{""yyyymm"": ""202512""}"
2025-12-31,kac_S_MFI,0.0,KAC_AIRPORT,airline,CSH,상해항공,"{""yyyymm"": ""202512""}"
2025-12-31,kac_S_MFI,0.0,KAC_AIRPORT,airline,CSN,중국남방항공,"{""yyyymm"": ""202512""}"
2025-12-31,kac_S_MFI,0.0,KAC_AIRPORT,airline,CSZ,중국심천항공,"{""yyyymm"": ""202512""}"
2025-12-31,kac_S_MFI,0.0,KAC_AIRPORT,airline,DKH,길상항공(준야오),"{""yyyymm"": ""202512""}"
2025-12-31,kac_S_MFI,0.0,KAC_AIRPORT,airline,EOK,에어로케이항공,"{""yyyymm"": ""202512""}"
2025-12-31,kac_S_MFI,0.0,KAC_AIRPORT,airline,ESR,이스타항공,"{""yyyymm"": ""202512""}"
2025-12-31,kac_S_MFI,0.0,KAC_AIRPORT,airline,EVA,에바항공,"{""yyyymm"": ""202512""}"
2025-12-31,kac_S_MFI,0.0,KAC_AIRPORT,airline,HKE,홍콩익스프레스,"{""yyyymm"": ""202512""}"
2025-12-31,kac_S_MFI,0.0,KAC_AIRPORT,airline,HVN,베트남항공,"{""yyyymm"": ""202512""}"
2025-12-31,kac_S_MFI,15669.0,KAC_AIRPORT,airline,JAL,일본항공,"{""yyyymm"": ""202512""}"
2025-12-31,kac_S_MFI,0.0,KAC_AIRPORT,airline,JJA,제주항공,"{""yyyymm"": ""202512""}"
2025-12-31,kac_S_MFI,0.0,KAC_AIRPORT,airline,JNA,진에어,"{""yyyymm"": ""202512""}"
2025-12-31,kac_S_MFI,35416.0,KAC_AIRPORT,airline,KAL,대한항공,"{""yyyymm"": ""202512""}"
2025-12-31,kac_S_MFI,0.0,KAC_AIRPORT,airline,PAL,필리핀항공,"{""yyyymm"": ""202512""}"
2025-12-31,kac_S_MFI,0.0,KAC_AIRPORT,airline,PTA,파라타항공,"{""yyyymm"": ""202512""}"
2025-12-31,kac_S_MFI,0.0,KAC_AIRPORT,airline,QDA,칭다오항공,"{""yyyymm"": ""202512""}"
2025-12-31,kac_S_MFI,0.0,KAC_AIRPORT,airline,QNT,카놋샤크항공,"{""yyyymm"": ""202512""}"
2025-12-31,kac_S_MFI,0.0,KAC_AIRPORT,airline,SIA,싱가포르항공,"{""yyyymm"": ""202512""}"
2025-12-31,kac_S_MFI,0.0,KAC_AIRPORT,airline,TGW,스쿠트 항공,"{""yyyymm"": ""202512""}"
2025-12-31,kac_S_MFI,0.0,KAC_AIRPORT,airline,TTW,타이거에어 타이완,"{""yyyymm"": ""202512""}"
2025-12-31,kac_S_MFI,0.0,KAC_AIRPORT,airline,TWB,티웨이항공,"{""yyyymm"": ""202512""}"
2025-12-31,kac_S_MFI,0.0,KAC_AIRPORT,airline,VJC,비엣젯항공,"{""yyyymm"": ""202512""}"
2025-12-31,kac_S_MFO,0.0,KAC_AIRPORT,airline,AAR,아시아나항공,"{""yyyymm"": ""202512""}"
2025-12-31,kac_S_MFO,0.0,KAC_AIRPORT,airline,ABL,에어부산,"{""yyyymm"": ""202512""}"
2025-12-31,kac_S_MFO,0.0,KAC_AIRPORT,airline,ANA,전일본공수,"{""yyyymm"": ""202512""}"
2025-12-31,kac_S_MFO,0.0,KAC_AIRPORT,airline,APJ,피치항공,"{""yyyymm"": ""202512""}"
2025-12-31,kac_S_MFO,0.0,KAC_AIRPORT,airline,CAL,중화항공,"{""yyyymm"": ""202512""}"
2025-12-31,kac_S_MFO,0.0,KAC_AIRPORT,airline,CCA,중국국제항공,"{""yyyymm"": ""202512""}"
2025-12-31,kac_S_MFO,0.0,KAC_AIRPORT,airline,CDC,룽에어,"{""yyyymm"": ""202512""}"
2025-12-31,kac_S_MFO,0.0,KAC_AIRPORT,airline,CES,중국동방항공,"{""yyyymm"": ""202512""}"
2025-12-31,kac_S_MFO,0.0,KAC_AIRPORT,airline,CQH,춘추항공,"{""yyyymm"": ""202512""}"
2025-12-31,kac_S_MFO,0.0,KAC_AIRPORT,airline,CSC,사천항공,"{""yyyymm"": ""202512""}"
2025-12-31,kac_S_MFO,0.0,KAC_AIRPORT,airline,CSH,상해항공,"{""yyyymm"": ""202512""}"
2025-12-31,kac_S_MFO,0.0,KAC_AIRPORT,airline,CSN,중국남방항공,"{""yyyymm"": ""202512""}"
2025-12-31,kac_S_MFO,0.0,KAC_AIRPORT,airline,CSZ,중국심천항공,"{""yyyymm"": ""202512""}"
2025-12-31,kac_S_MFO,0.0,KAC_AIRPORT,airline,DKH,길상항공(준야오),"{""yyyymm"": ""202512""}"
2025-12-31,kac_S_MFO,0.0,KAC_AIRPORT,airline,EOK,에어로케이항공,"{""yyyymm"": ""202512""}"
2025-12-31,kac_S_MFO,0.0,KAC_AIRPORT,airline,ESR,이스타항공,"{""yyyymm"": ""202512""}"
2025-12-31,kac_S_MFO,0.0,KAC_AIRPORT,airline,EVA,에바항공,"{""yyyymm"": ""202512""}"
2025-12-31,kac_S_MFO,0.0,KAC_AIRPORT,airline,HKE,홍콩익스프레스,"{""yyyymm"": ""202512""}"
2025-12-31,kac_S_MFO,0.0,KAC_AIRPORT,airline,HVN,베트남항공,"{""yyyymm"": ""202512""}"
2025-12-31,kac_S_MFO,0.0,KAC_AIRPORT,airline,JAL,일본항공,"{""yyyymm"": ""202512""}"
2025-12-31,kac_S_MFO,0.0,KAC_AIRPORT,airline,JJA,제주항공,"{""yyyymm"": ""202512""}"
2025-12-31,kac_S_MFO,0.0,KAC_AIRPORT,airline,JNA,진에어,"{""yyyymm"": ""202512""}"
2025-12-31,kac_S_MFO,0.0,KAC_AIRPORT,airline,KAL,대한항공,"{""yyyymm"": ""202512""}"
2025-12-31,kac_S_MFO,0.0,KAC_AIRPORT,airline,PAL,필리핀항공,"{""yyyymm"": ""202512""}"
2025-12-31,kac_S_MFO,0.0,KAC_AIRPORT,airline,PTA,파라타항공,"{""yyyymm"": ""202512""}"
2025-12-31,kac_S_MFO,0.0,KAC_AIRPORT,airline,QDA,칭다오항공,"{""yyyymm"": ""202512""}"
2025-12-31,kac_S_MFO,0.0,KAC_AIRPORT,airline,QNT,카놋샤크항공,"{""yyyymm"": ""202512""}"
2025-12-31,kac_S_MFO,0.0,KAC_AIRPORT,airline,SIA,싱가포르항공,"{""yyyymm"": ""202512""}"
2025-12-31,kac_S_MFO,0.0,KAC_AIRPORT,airline,TGW,스쿠트 항공,"{""yyyymm"": ""202512""}"
2025-12-31,kac_S_MFO,0.0,KAC_AIRPORT,airline,TTW,타이거에어 타이완,"{""yyyymm"": ""202512""}"
2025-12-31,kac_S_MFO,0.0,KAC_AIRPORT,airline,TWB,티웨이항공,"{""yyyymm"": ""202512""}"
2025-12-31,kac_S_MFO,0.0,KAC_AIRPORT,airline,VJC,비엣젯항공,"{""yyyymm"": ""202512""}"
2025-12-31,kac_S_NPI,5250.0,KAC_AIRPORT,airline,AAR,아시아나항공,"{""yyyymm"": ""202512""}"
2025-12-31,kac_S_NPI,2610.0,KAC_AIRPORT,airline,ABL,에어부산,"{""yyyymm"": ""202512""}"
2025-12-31,kac_S_NPI,73.0,KAC_AIRPORT,airline,ANA,전일본공수,"{""yyyymm"": ""202512""}"
2025-12-31,kac_S_NPI,89.0,KAC_AIRPORT,airline,APJ,피치항공,"{""yyyymm"": ""202512""}"
2025-12-31,kac_S_NPI,91.0,KAC_AIRPORT,airline,CAL,중화항공,"{""yyyymm"": ""202512""}"
2025-12-31,kac_S_NPI,25.0,KAC_AIRPORT,airline,CCA,중국국제항공,"{""yyyymm"": ""202512""}"
2025-12-31,kac_S_NPI,9.0,KAC_AIRPORT,airline,CDC,룽에어,"{""yyyymm"": ""202512""}"
2025-12-31,kac_S_NPI,65.0,KAC_AIRPORT,airline,CES,중국동방항공,"{""yyyymm"": ""202512""}"
2025-12-31,kac_S_NPI,91.0,KAC_AIRPORT,airline,CQH,춘추항공,"{""yyyymm"": ""202512""}"
2025-12-31,kac_S_NPI,0.0,KAC_AIRPORT,airline,CSC,사천항공,"{""yyyymm"": ""202512""}"
2025-12-31,kac_S_NPI,29.0,KAC_AIRPORT,airline,CSH,상해항공,"{""yyyymm"": ""202512""}"
2025-12-31,kac_S_NPI,15.0,KAC_AIRPORT,airline,CSN,중국남방항공,"{""yyyymm"": ""202512""}"
2025-12-31,kac_S_NPI,8.0,KAC_AIRPORT,airline,CSZ,중국심천항공,"{""yyyymm"": ""202512""}"
2025-12-31,kac_S_NPI,28.0,KAC_AIRPORT,airline,DKH,길상항공(준야오),"{""yyyymm"": ""202512""}"
2025-12-31,kac_S_NPI,711.0,KAC_AIRPORT,airline,EOK,에어로케이항공,"{""yyyymm"": ""202512""}"
2025-12-31,kac_S_NPI,1522.0,KAC_AIRPORT,airline,ESR,이스타항공,"{""yyyymm"": ""202512""}"
2025-12-31,kac_S_NPI,48.0,KAC_AIRPORT,airline,EVA,에바항공,"{""yyyymm"": ""202512""}"
2025-12-31,kac_S_NPI,63.0,KAC_AIRPORT,airline,HKE,홍콩익스프레스,"{""yyyymm"": ""202512""}"
2025-12-31,kac_S_NPI,126.0,KAC_AIRPORT,airline,HVN,베트남항공,"{""yyyymm"": ""202512""}"
2025-12-31,kac_S_NPI,52.0,KAC_AIRPORT,airline,JAL,일본항공,"{""yyyymm"": ""202512""}"
2025-12-31,kac_S_NPI,3224.0,KAC_AIRPORT,airline,JJA,제주항공,"{""yyyymm"": ""202512""}"
2025-12-31,kac_S_NPI,4464.0,KAC_AIRPORT,airline,JNA,진에어,"{""yyyymm"": ""202512""}"
2025-12-31,kac_S_NPI,6201.0,KAC_AIRPORT,airline,KAL,대한항공,"{""yyyymm"": ""202512""}"
2025-12-31,kac_S_NPI,32.0,KAC_AIRPORT,airline,PAL,필리핀항공,"{""yyyymm"": ""202512""}"
2025-12-31,kac_S_NPI,244.0,KAC_AIRPORT,airline,PTA,파라타항공,"{""yyyymm"": ""202512""}"
2025-12-31,kac_S_NPI,3.0,KAC_AIRPORT,airline,QDA,칭다오항공,"{""yyyymm"": ""202512""}"
2025-12-31,kac_S_NPI,24.0,KAC_AIRPORT,airline,QNT,카놋샤크항공,"{""yyyymm"": ""202512""}"
2025-12-31,kac_S_NPI,23.0,KAC_AIRPORT,airline,SIA,싱가포르항공,"{""yyyymm"": ""202512""}"
2025-12-31,kac_S_NPI,38.0,KAC_AIRPORT,airline,TGW,스쿠트 항공,"{""yyyymm"": ""202512""}"
2025-12-31,kac_S_NPI,133.0,KAC_AIRPORT,airline,TTW,타이거에어 타이완,"{""yyyymm"": ""202512""}"
2025-12-31,kac_S_NPI,3329.0,KAC_AIRPORT,airline,TWB,티웨이항공,"{""yyyymm"": ""202512""}"
2025-12-31,kac_S_NPI,226.0,KAC_AIRPORT,airline,VJC,비엣젯항공,"{""yyyymm"": ""202512""}"
2025-12-31,kac_S_NPO,5225.0,KAC_AIRPORT,airline,AAR,아시아나항공,"{""yyyymm"": ""202512""}"
2025-12-31,kac_S_NPO,2642.0,KAC_AIRPORT,airline,ABL,에어부산,"{""yyyymm"": ""202512""}"
2025-12-31,kac_S_NPO,77.0,KAC_AIRPORT,airline,ANA,전일본공수,"{""yyyymm"": ""202512""}"
2025-12-31,kac_S_NPO,100.0,KAC_AIRPORT,airline,APJ,피치항공,"{""yyyymm"": ""202512""}"
2025-12-31,kac_S_NPO,85.0,KAC_AIRPORT,airline,CAL,중화항공,"{""yyyymm"": ""202512""}"
2025-12-31,kac_S_NPO,32.0,KAC_AIRPORT,airline,CCA,중국국제항공,"{""yyyymm"": ""202512""}"
2025-12-31,kac_S_NPO,5.0,KAC_AIRPORT,airline,CDC,룽에어,"{""yyyymm"": ""202512""}"
2025-12-31,kac_S_NPO,83.0,KAC_AIRPORT,airline,CES,중국동방항공,"{""yyyymm"": ""202512""}"
2025-12-31,kac_S_NPO,91.0,KAC_AIRPORT,airline,CQH,춘추항공,"{""yyyymm"": ""202512""}"
2025-12-31,kac_S_NPO,0.0,KAC_AIRPORT,airline,CSC,사천항공,"{""yyyymm"": ""202512""}"
2025-12-31,kac_S_NPO,15.0,KAC_AIRPORT,airline,CSH,상해항공,"{""yyyymm"": ""202512""}"
2025-12-31,kac_S_NPO,50.0,KAC_AIRPORT,airline,CSN,중국남방항공,"{""yyyymm"": ""202512""}"
2025-12-31,kac_S_NPO,6.0,KAC_AIRPORT,airline,CSZ,중국심천항공,"{""yyyymm"": ""202512""}"
2025-12-31,kac_S_NPO,30.0,KAC_AIRPORT,airline,DKH,길상항공(준야오),"{""yyyymm"": ""202512""}"
2025-12-31,kac_S_NPO,742.0,KAC_AIRPORT,airline,EOK,에어로케이항공,"{""yyyymm"": ""202512""}"
2025-12-31,kac_S_NPO,1541.0,KAC_AIRPORT,airline,ESR,이스타항공,"{""yyyymm"": ""202512""}"
2025-12-31,kac_S_NPO,49.0,KAC_AIRPORT,airline,EVA,에바항공,"{""yyyymm"": ""202512""}"
2025-12-31,kac_S_NPO,67.0,KAC_AIRPORT,airline,HKE,홍콩익스프레스,"{""yyyymm"": ""202512""}"
2025-12-31,kac_S_NPO,239.0,KAC_AIRPORT,airline,HVN,베트남항공,"{""yyyymm"": ""202512""}"
2025-12-31,kac_S_NPO,77.0,KAC_AIRPORT,airline,JAL,일본항공,"{""yyyymm"": ""202512""}"
2025-12-31,kac_S_NPO,3274.0,KAC_AIRPORT,airline,JJA,제주항공,"{""yyyymm"": ""202512""}"
2025-12-31,kac_S_NPO,4494.0,KAC_AIRPORT,airline,JNA,진에어,"{""yyyymm"": ""202512""}"
2025-12-31,kac_S_NPO,6241.0,KAC_AIRPORT,airline,KAL,대한항공,"{""yyyymm"": ""202512""}"
2025-12-31,kac_S_NPO,31.0,KAC_AIRPORT,airline,PAL,필리핀항공,"{""yyyymm"": ""202512""}"
2025-12-31,kac_S_NPO,244.0,KAC_AIRPORT,airline,PTA,파라타항공,"{""yyyymm"": ""202512""}"
2025-12-31,kac_S_NPO,2.0,KAC_AIRPORT,airline,QDA,칭다오항공,"{""yyyymm"": ""202512""}"
2025-12-31,kac_S_NPO,13.0,KAC_AIRPORT,airline,QNT,카놋샤크항공,"{""yyyymm"": ""202512""}"
2025-12-31,kac_S_NPO,30.0,KAC_AIRPORT,airline,SIA,싱가포르항공,"{""yyyymm"": ""202512""}"
2025-12-31,kac_S_NPO,37.0,KAC_AIRPORT,airline,TGW,스쿠트 항공,"{""yyyymm"": ""202512""}"
2025-12-31,kac_S_NPO,117.0,KAC_AIRPORT,airline,TTW,타이거에어 타이완,"{""yyyymm"": ""202512""}"
2025-12-31,kac_S_NPO,3360.0,KAC_AIRPORT,airline,TWB,티웨이항공,"{""yyyymm"": ""202512""}"
2025-12-31,kac_S_NPO,284.0,KAC_AIRPORT,airline,VJC,비엣젯항공,"{""yyyymm"": ""202512""}"
2025-12-31,kac_S_OCI,3023.0,KAC_AIRPORT,airline,AAR,아시아나항공,"{""yyyymm"": ""202512""}"
2025-12-31,kac_S_OCI,2331.0,KAC_AIRPORT,airline,ABL,에어부산,"{""yyyymm"": ""202512""}"
2025-12-31,kac_S_OCI,93.0,KAC_AIRPORT,airline,ANA,전일본공수,"{""yyyymm"": ""202512""}"
2025-12-31,kac_S_OCI,152.0,KAC_AIRPORT,airline,APJ,피치항공,"{""yyyymm"": ""202512""}"
2025-12-31,kac_S_OCI,75.0,KAC_AIRPORT,airline,CAL,중화항공,"{""yyyymm"": ""202512""}"
2025-12-31,kac_S_OCI,55.0,KAC_AIRPORT,airline,CCA,중국국제항공,"{""yyyymm"": ""202512""}"
2025-12-31,kac_S_OCI,35.0,KAC_AIRPORT,airline,CDC,룽에어,"{""yyyymm"": ""202512""}"
2025-12-31,kac_S_OCI,145.0,KAC_AIRPORT,airline,CES,중국동방항공,"{""yyyymm"": ""202512""}"
2025-12-31,kac_S_OCI,240.0,KAC_AIRPORT,airline,CQH,춘추항공,"{""yyyymm"": ""202512""}"
2025-12-31,kac_S_OCI,4.0,KAC_AIRPORT,airline,CSC,사천항공,"{""yyyymm"": ""202512""}"
2025-12-31,kac_S_OCI,62.0,KAC_AIRPORT,airline,CSH,상해항공,"{""yyyymm"": ""202512""}"
2025-12-31,kac_S_OCI,38.0,KAC_AIRPORT,airline,CSN,중국남방항공,"{""yyyymm"": ""202512""}"
2025-12-31,kac_S_OCI,13.0,KAC_AIRPORT,airline,CSZ,중국심천항공,"{""yyyymm"": ""202512""}"
2025-12-31,kac_S_OCI,82.0,KAC_AIRPORT,airline,DKH,길상항공(준야오),"{""yyyymm"": ""202512""}"
2025-12-31,kac_S_OCI,664.0,KAC_AIRPORT,airline,EOK,에어로케이항공,"{""yyyymm"": ""202512""}"
2025-12-31,kac_S_OCI,1444.0,KAC_AIRPORT,airline,ESR,이스타항공,"{""yyyymm"": ""202512""}"
2025-12-31,kac_S_OCI,49.0,KAC_AIRPORT,airline,EVA,에바항공,"{""yyyymm"": ""202512""}"
2025-12-31,kac_S_OCI,103.0,KAC_AIRPORT,airline,HKE,홍콩익스프레스,"{""yyyymm"": ""202512""}"
2025-12-31,kac_S_OCI,97.0,KAC_AIRPORT,airline,HVN,베트남항공,"{""yyyymm"": ""202512""}"
2025-12-31,kac_S_OCI,93.0,KAC_AIRPORT,airline,JAL,일본항공,"{""yyyymm"": ""202512""}"
2025-12-31,kac_S_OCI,2707.0,KAC_AIRPORT,airline,JJA,제주항공,"{""yyyymm"": ""202512""}"
2025-12-31,kac_S_OCI,2775.0,KAC_AIRPORT,airline,JNA,진에어,"{""yyyymm"": ""202512""}"
2025-12-31,kac_S_OCI,4399.0,KAC_AIRPORT,airline,KAL,대한항공,"{""yyyymm"": ""202512""}"
2025-12-31,kac_S_OCI,49.0,KAC_AIRPORT,airline,PAL,필리핀항공,"{""yyyymm"": ""202512""}"
2025-12-31,kac_S_OCI,180.0,KAC_AIRPORT,airline,PTA,파라타항공,"{""yyyymm"": ""202512""}"
2025-12-31,kac_S_OCI,13.0,KAC_AIRPORT,airline,QDA,칭다오항공,"{""yyyymm"": ""202512""}"
2025-12-31,kac_S_OCI,5.0,KAC_AIRPORT,airline,QNT,카놋샤크항공,"{""yyyymm"": ""202512""}"
2025-12-31,kac_S_OCI,26.0,KAC_AIRPORT,airline,SIA,싱가포르항공,"{""yyyymm"": ""202512""}"
2025-12-31,kac_S_OCI,27.0,KAC_AIRPORT,airline,TGW,스쿠트 항공,"{""yyyymm"": ""202512""}"
2025-12-31,kac_S_OCI,110.0,KAC_AIRPORT,airline,TTW,타이거에어 타이완,"{""yyyymm"": ""202512""}"
2025-12-31,kac_S_OCI,2662.0,KAC_AIRPORT,airline,TWB,티웨이항공,"{""yyyymm"": ""202512""}"
2025-12-31,kac_S_OCI,216.0,KAC_AIRPORT,airline,VJC,비엣젯항공,"{""yyyymm"": ""202512""}"
2025-12-31,kac_S_OCO,3024.0,KAC_AIRPORT,airline,AAR,아시아나항공,"{""yyyymm"": ""202512""}"
2025-12-31,kac_S_OCO,2332.0,KAC_AIRPORT,airline,ABL,에어부산,"{""yyyymm"": ""202512""}"
2025-12-31,kac_S_OCO,93.0,KAC_AIRPORT,airline,ANA,전일본공수,"{""yyyymm"": ""202512""}"
2025-12-31,kac_S_OCO,152.0,KAC_AIRPORT,airline,APJ,피치항공,"{""yyyymm"": ""202512""}"
2025-12-31,kac_S_OCO,75.0,KAC_AIRPORT,airline,CAL,중화항공,"{""yyyymm"": ""202512""}"
2025-12-31,kac_S_OCO,55.0,KAC_AIRPORT,airline,CCA,중국국제항공,"{""yyyymm"": ""202512""}"
2025-12-31,kac_S_OCO,35.0,KAC_AIRPORT,airline,CDC,룽에어,"{""yyyymm"": ""202512""}"
2025-12-31,kac_S_OCO,145.0,KAC_AIRPORT,airline,CES,중국동방항공,"{""yyyymm"": ""202512""}"
2025-12-31,kac_S_OCO,238.0,KAC_AIRPORT,airline,CQH,춘추항공,"{""yyyymm"": ""202512""}"
2025-12-31,kac_S_OCO,4.0,KAC_AIRPORT,airline,CSC,사천항공,"{""yyyymm"": ""202512""}"
2025-12-31,kac_S_OCO,62.0,KAC_AIRPORT,airline,CSH,상해항공,"{""yyyymm"": ""202512""}"
2025-12-31,kac_S_OCO,38.0,KAC_AIRPORT,airline,CSN,중국남방항공,"{""yyyymm"": ""202512""}"
2025-12-31,kac_S_OCO,13.0,KAC_AIRPORT,airline,CSZ,중국심천항공,"{""yyyymm"": ""202512""}"
2025-12-31,kac_S_OCO,82.0,KAC_AIRPORT,airline,DKH,길상항공(준야오),"{""yyyymm"": ""202512""}"
2025-12-31,kac_S_OCO,665.0,KAC_AIRPORT,airline,EOK,에어로케이항공,"{""yyyymm"": ""202512""}"
2025-12-31,kac_S_OCO,1444.0,KAC_AIRPORT,airline,ESR,이스타항공,"{""yyyymm"": ""202512""}"
2025-12-31,kac_S_OCO,49.0,KAC_AIRPORT,airline,EVA,에바항공,"{""yyyymm"": ""202512""}"
2025-12-31,kac_S_OCO,103.0,KAC_AIRPORT,airline,HKE,홍콩익스프레스,"{""yyyymm"": ""202512""}"
2025-12-31,kac_S_OCO,97.0,KAC_AIRPORT,airline,HVN,베트남항공,"{""yyyymm"": ""202512""}"
2025-12-31,kac_S_OCO,93.0,KAC_AIRPORT,airline,JAL,일본항공,"{""yyyymm"": ""202512""}"
2025-12-31,kac_S_OCO,2715.0,KAC_AIRPORT,airline,JJA,제주항공,"{""yyyymm"": ""202512""}"
2025-12-31,kac_S_OCO,2774.0,KAC_AIRPORT,airline,JNA,진에어,"{""yyyymm"": ""202512""}"
2025-12-31,kac_S_OCO,4399.0,KAC_AIRPORT,airline,KAL,대한항공,"{""yyyymm"": ""202512""}"
2025-12-31,kac_S_OCO,50.0,KAC_AIRPORT,airline,PAL,필리핀항공,"{""yyyymm"": ""202512""}"
2025-12-31,kac_S_OCO,180.0,KAC_AIRPORT,airline,PTA,파라타항공,"{""yyyymm"": ""202512""}"
2025-12-31,kac_S_OCO,13.0,KAC_AIRPORT,airline,QDA,칭다오항공,"{""yyyymm"": ""202512""}"
2025-12-31,kac_S_OCO,5.0,KAC_AIRPORT,airline,QNT,카놋샤크항공,"{""yyyymm"": ""202512""}"
2025-12-31,kac_S_OCO,26.0,KAC_AIRPORT,airline,SIA,싱가포르항공,"{""yyyymm"": ""202512""}"
2025-12-31,kac_S_OCO,27.0,KAC_AIRPORT,airline,TGW,스쿠트 항공,"{""yyyymm"": ""202512""}"
2025-12-31,kac_S_OCO,110.0,KAC_AIRPORT,airline,TTW,타이거에어 타이완,"{""yyyymm"": ""202512""}"
2025-12-31,kac_S_OCO,2666.0,KAC_AIRPORT,airline,TWB,티웨이항공,"{""yyyymm"": ""202512""}"
2025-12-31,kac_S_OCO,216.0,KAC_AIRPORT,airline,VJC,비엣젯항공,"{""yyyymm"": ""202512""}"
2025-12-31,kac_S_TSI,29.0,KAC_AIRPORT,airline,AAR,아시아나항공,"{""yyyymm"": ""202512""}"
2025-12-31,kac_S_TSI,621.0,KAC_AIRPORT,airline,ABL,에어부산,"{""yyyymm"": ""202512""}"
2025-12-31,kac_S_TSI,31.0,KAC_AIRPORT,airline,ANA,전일본공수,"{""yyyymm"": ""202512""}"
2025-12-31,kac_S_TSI,0.0,KAC_AIRPORT,airline,APJ,피치항공,"{""yyyymm"": ""202512""}"
2025-12-31,kac_S_TSI,4.0,KAC_AIRPORT,airline,CAL,중화항공,"{""yyyymm"": ""202512""}"
2025-12-31,kac_S_TSI,0.0,KAC_AIRPORT,airline,CCA,중국국제항공,"{""yyyymm"": ""202512""}"
2025-12-31,kac_S_TSI,0.0,KAC_AIRPORT,airline,CDC,룽에어,"{""yyyymm"": ""202512""}"
2025-12-31,kac_S_TSI,2.0,KAC_AIRPORT,airline,CES,중국동방항공,"{""yyyymm"": ""202512""}"
2025-12-31,kac_S_TSI,1.0,KAC_AIRPORT,airline,CQH,춘추항공,"{""yyyymm"": ""202512""}"
2025-12-31,kac_S_TSI,0.0,KAC_AIRPORT,airline,CSC,사천항공,"{""yyyymm"": ""202512""}"
2025-12-31,kac_S_TSI,0.0,KAC_AIRPORT,airline,CSH,상해항공,"{""yyyymm"": ""202512""}"
2025-12-31,kac_S_TSI,10.0,KAC_AIRPORT,airline,CSN,중국남방항공,"{""yyyymm"": ""202512""}"
2025-12-31,kac_S_TSI,0.0,KAC_AIRPORT,airline,CSZ,중국심천항공,"{""yyyymm"": ""202512""}"
2025-12-31,kac_S_TSI,0.0,KAC_AIRPORT,airline,DKH,길상항공(준야오),"{""yyyymm"": ""202512""}"
2025-12-31,kac_S_TSI,0.0,KAC_AIRPORT,airline,EOK,에어로케이항공,"{""yyyymm"": ""202512""}"
2025-12-31,kac_S_TSI,0.0,KAC_AIRPORT,airline,ESR,이스타항공,"{""yyyymm"": ""202512""}"
2025-12-31,kac_S_TSI,0.0,KAC_AIRPORT,airline,EVA,에바항공,"{""yyyymm"": ""202512""}"
2025-12-31,kac_S_TSI,0.0,KAC_AIRPORT,airline,HKE,홍콩익스프레스,"{""yyyymm"": ""202512""}"
2025-12-31,kac_S_TSI,1.0,KAC_AIRPORT,airline,HVN,베트남항공,"{""yyyymm"": ""202512""}"
2025-12-31,kac_S_TSI,16.0,KAC_AIRPORT,airline,JAL,일본항공,"{""yyyymm"": ""202512""}"
2025-12-31,kac_S_TSI,518.0,KAC_AIRPORT,airline,JJA,제주항공,"{""yyyymm"": ""202512""}"
2025-12-31,kac_S_TSI,1268.0,KAC_AIRPORT,airline,JNA,진에어,"{""yyyymm"": ""202512""}"
2025-12-31,kac_S_TSI,219.0,KAC_AIRPORT,airline,KAL,대한항공,"{""yyyymm"": ""202512""}"
2025-12-31,kac_S_TSI,0.0,KAC_AIRPORT,airline,PAL,필리핀항공,"{""yyyymm"": ""202512""}"
2025-12-31,kac_S_TSI,0.0,KAC_AIRPORT,airline,PTA,파라타항공,"{""yyyymm"": ""202512""}"
2025-12-31,kac_S_TSI,0.0,KAC_AIRPORT,airline,QDA,칭다오항공,"{""yyyymm"": ""202512""}"
2025-12-31,kac_S_TSI,7.0,KAC_AIRPORT,airline,QNT,카놋샤크항공,"{""yyyymm"": ""202512""}"
2025-12-31,kac_S_TSI,0.0,KAC_AIRPORT,airline,SIA,싱가포르항공,"{""yyyymm"": ""202512""}"
2025-12-31,kac_S_TSI,0.0,KAC_AIRPORT,airline,TGW,스쿠트 항공,"{""yyyymm"": ""202512""}"
2025-12-31,kac_S_TSI,0.0,KAC_AIRPORT,airline,TTW,타이거에어 타이완,"{""yyyymm"": ""202512""}"
2025-12-31,kac_S_TSI,252.0,KAC_AIRPORT,airline,TWB,티웨이항공,"{""yyyymm"": ""202512""}"
2025-12-31,kac_S_TSI,9.0,KAC_AIRPORT,airline,VJC,비엣젯항공,"{""yyyymm"": ""202512""}"
2025-12-31,kac_S_TSO,26.0,KAC_AIRPORT,airline,AAR,아시아나항공,"{""yyyymm"": ""202512""}"
2025-12-31,kac_S_TSO,680.0,KAC_AIRPORT,airline,ABL,에어부산,"{""yyyymm"": ""202512""}"
2025-12-31,kac_S_TSO,34.0,KAC_AIRPORT,airline,ANA,전일본공수,"{""yyyymm"": ""202512""}"
2025-12-31,kac_S_TSO,0.0,KAC_AIRPORT,airline,APJ,피치항공,"{""yyyymm"": ""202512""}"
2025-12-31,kac_S_TSO,1.0,KAC_AIRPORT,airline,CAL,중화항공,"{""yyyymm"": ""202512""}"
2025-12-31,kac_S_TSO,1.0,KAC_AIRPORT,airline,CCA,중국국제항공,"{""yyyymm"": ""202512""}"
2025-12-31,kac_S_TSO,0.0,KAC_AIRPORT,airline,CDC,룽에어,"{""yyyymm"": ""202512""}"
2025-12-31,kac_S_TSO,0.0,KAC_AIRPORT,airline,CES,중국동방항공,"{""yyyymm"": ""202512""}"
2025-12-31,kac_S_TSO,0.0,KAC_AIRPORT,airline,CQH,춘추항공,"{""yyyymm"": ""202512""}"
2025-12-31,kac_S_TSO,0.0,KAC_AIRPORT,airline,CSC,사천항공,"{""yyyymm"": ""202512""}"
2025-12-31,kac_S_TSO,1.0,KAC_AIRPORT,airline,CSH,상해항공,"{""yyyymm"": ""202512""}"
2025-12-31,kac_S_TSO,0.0,KAC_AIRPORT,airline,CSN,중국남방항공,"{""yyyymm"": ""202512""}"
2025-12-31,kac_S_TSO,0.0,KAC_AIRPORT,airline,CSZ,중국심천항공,"{""yyyymm"": ""202512""}"
2025-12-31,kac_S_TSO,0.0,KAC_AIRPORT,airline,DKH,길상항공(준야오),"{""yyyymm"": ""202512""}"
2025-12-31,kac_S_TSO,0.0,KAC_AIRPORT,airline,EOK,에어로케이항공,"{""yyyymm"": ""202512""}"
2025-12-31,kac_S_TSO,0.0,KAC_AIRPORT,airline,ESR,이스타항공,"{""yyyymm"": ""202512""}"
2025-12-31,kac_S_TSO,1.0,KAC_AIRPORT,airline,EVA,에바항공,"{""yyyymm"": ""202512""}"
2025-12-31,kac_S_TSO,0.0,KAC_AIRPORT,airline,HKE,홍콩익스프레스,"{""yyyymm"": ""202512""}"
2025-12-31,kac_S_TSO,3.0,KAC_AIRPORT,airline,HVN,베트남항공,"{""yyyymm"": ""202512""}"
2025-12-31,kac_S_TSO,17.0,KAC_AIRPORT,airline,JAL,일본항공,"{""yyyymm"": ""202512""}"
2025-12-31,kac_S_TSO,728.0,KAC_AIRPORT,airline,JJA,제주항공,"{""yyyymm"": ""202512""}"
2025-12-31,kac_S_TSO,1266.0,KAC_AIRPORT,airline,JNA,진에어,"{""yyyymm"": ""202512""}"
2025-12-31,kac_S_TSO,271.0,KAC_AIRPORT,airline,KAL,대한항공,"{""yyyymm"": ""202512""}"
2025-12-31,kac_S_TSO,0.0,KAC_AIRPORT,airline,PAL,필리핀항공,"{""yyyymm"": ""202512""}"
2025-12-31,kac_S_TSO,0.0,KAC_AIRPORT,airline,PTA,파라타항공,"{""yyyymm"": ""202512""}"
2025-12-31,kac_S_TSO,0.0,KAC_AIRPORT,airline,QDA,칭다오항공,"{""yyyymm"": ""202512""}"
2025-12-31,kac_S_TSO,5.0,KAC_AIRPORT,airline,QNT,카놋샤크항공,"{""yyyymm"": ""202512""}"
2025-12-31,kac_S_TSO,0.0,KAC_AIRPORT,airline,SIA,싱가포르항공,"{""yyyymm"": ""202512""}"
2025-12-31,kac_S_TSO,0.0,KAC_AIRPORT,airline,TGW,스쿠트 항공,"{""yyyymm"": ""202512""}"
2025-12-31,kac_S_TSO,0.0,KAC_AIRPORT,airline,TTW,타이거에어 타이완,"{""yyyymm"": ""202512""}"
2025-12-31,kac_S_TSO,257.0,KAC_AIRPORT,airline,TWB,티웨이항공,"{""yyyymm"": ""202512""}"
2025-12-31,kac_S_TSO,9.0,KAC_AIRPORT,airline,VJC,비엣젯항공,"{""yyyymm"": ""202512""}"
2026-01-31,icn_airline_cargo_tons_arrBaggage,330.0,ODP_B551177,airline,7C,제주항공,
2026-01-31,icn_airline_cargo_tons_arrBaggage,15.0,ODP_B551177,airline,AA,아메리칸항공,
2026-01-31,icn_airline_cargo_tons_arrBaggage,49319.0,ODP_B551177,airline,KE,대한항공,
2026-01-31,icn_airline_cargo_tons_arrBaggage,5301.0,ODP_B551177,airline,OZ,아시아나항공,
2026-01-31,icn_airline_cargo_tons_baggage,656.0,ODP_B551177,airline,7C,제주항공,
2026-01-31,icn_airline_cargo_tons_baggage,229.0,ODP_B551177,airline,AA,아메리칸항공,
2026-01-31,icn_airline_cargo_tons_baggage,101727.0,ODP_B551177,airline,KE,대한항공,
2026-01-31,icn_airline_cargo_tons_baggage,10125.0,ODP_B551177,airline,OZ,아시아나항공,
2026-01-31,icn_airline_cargo_tons_depBaggage,326.0,ODP_B551177,airline,7C,제주항공,
2026-01-31,icn_airline_cargo_tons_depBaggage,214.0,ODP_B551177,airline,AA,아메리칸항공,
2026-01-31,icn_airline_cargo_tons_depBaggage,52408.0,ODP_B551177,airline,KE,대한항공,
2026-01-31,icn_airline_cargo_tons_depBaggage,4824.0,ODP_B551177,airline,OZ,아시아나항공,
2026-01-31,icn_airline_pax_arrPassenger,284078.0,ODP_B551177,airline,7C,제주항공,
2026-01-31,icn_airline_pax_arrPassenger,5368.0,ODP_B551177,airline,AA,아메리칸항공,
2026-01-31,icn_airline_pax_arrPassenger,778672.0,ODP_B551177,airline,KE,대한항공,
2026-01-31,icn_airline_pax_arrPassenger,433964.0,ODP_B551177,airline,OZ,아시아나항공,
2026-01-31,icn_airline_pax_depPassenger,294731.0,ODP_B551177,airline,7C,제주항공,
2026-01-31,icn_airline_pax_depPassenger,6476.0,ODP_B551177,airline,AA,아메리칸항공,
2026-01-31,icn_airline_pax_depPassenger,823735.0,ODP_B551177,airline,KE,대한항공,
2026-01-31,icn_airline_pax_depPassenger,460666.0,ODP_B551177,airline,OZ,아시아나항공,
2026-01-31,icn_airline_pax_passenger,578809.0,ODP_B551177,airline,7C,제주항공,
2026-01-31,icn_airline_pax_passenger,11844.0,ODP_B551177,airline,AA,아메리칸항공,
2026-01-31,icn_airline_pax_passenger,1602407.0,ODP_B551177,airline,KE,대한항공,
2026-01-31,icn_airline_pax_passenger,894630.0,ODP_B551177,airline,OZ,아시아나항공,
