failed_ticker,timestamp
NNE,2025-08-20 00:23:51
ALGT,2025-08-20 00:23:51
FFIV,2025-08-20 00:23:51
XGN,2025-08-20 00:23:51
ABNB,2025-08-20 00:23:51
OKLO,2025-08-20 00:23:51
WFC,2025-08-20 00:23:51
MSFT,2025-08-20 00:23:51
FXNC,2025-08-20 00:23:51
ASML,2025-08-20 00:23:51
PSO,2025-08-20 00:23:51
SHEL,2025-08-20 00:23:51
VKTX,2025-08-20 00:23:51
ENTA,2025-08-20 00:23:51
UBER,2025-08-20 00:23:51
HST,2025-08-20 00:23:51
COKE,2025-08-20 00:23:51
WEC,2025-08-20 00:23:51
PRFX,2025-08-20 00:23:51
DDS,2025-08-20 00:23:51
DUOL,2025-08-20 00:23:51
JEF,2025-08-20 00:23:51
RBLX,2025-08-20 00:23:51
STM,2025-08-20 00:23:51
BJ,2025-08-20 00:23:51
NTLA,2025-08-20 00:23:51
KNSL,2025-08-20 00:23:51
LASE,2025-08-20 00:23:51
PHG,2025-08-20 00:23:51
TEM,2025-08-20 00:23:51
WMT,2025-08-20 00:23:51
WTRG,2025-08-20 00:23:51
TM,2025-08-20 00:23:51
NVDA,2025-08-20 00:23:51
GGB,2025-08-20 00:23:51
TSLA,2025-08-20 00:23:51
LCID,2025-08-20 00:23:51
MLGO,2025-08-20 00:23:51
EG,2025-08-20 00:23:51
AXTA,2025-08-20 00:23:51
GIS,2025-08-20 00:23:51
BYON,2025-08-20 00:23:51
PBF,2025-08-20 00:23:51
RBC,2025-08-20 00:23:51
TNGX,2025-08-20 00:23:51
GIL,2025-08-20 00:23:51
BV,2025-08-20 00:23:51
ESEA,2025-08-20 00:23:51
BMNR,2025-08-20 00:23:51
PLTR,2025-08-20 00:23:51
BIDU,2025-08-20 00:23:51
APLD,2025-08-20 00:23:51
PYPL,2025-08-20 00:23:51
RTX,2025-08-20 00:23:51
WEX,2025-08-20 00:23:51
M,2025-08-20 00:23:51
APPS,2025-08-20 00:23:51
IMNN,2025-08-20 00:23:51
MVIS,2025-08-20 00:23:51
AVBP,2025-08-20 00:23:51
GTI,2025-08-20 00:23:51
IVF,2025-08-20 00:23:51
RR,2025-08-20 00:23:51
OUST,2025-08-20 00:23:51
STZ,2025-08-20 00:23:51
KVYO,2025-08-20 00:23:51
PSKY,2025-08-20 00:23:51
ARVN,2025-08-20 00:23:51
DAR,2025-08-20 00:23:51
SQM,2025-08-20 00:23:51
NVAX,2025-08-20 00:23:51
CGNT,2025-08-20 00:23:51
STWD,2025-08-20 00:23:51
AAOI,2025-08-20 00:23:51
AMD,2025-08-20 00:23:51
EXPI,2025-08-20 00:23:51
BDX,2025-08-20 00:23:51
PLUG,2025-08-20 00:23:51
LIF,2025-08-20 00:23:51
CVS,2025-08-20 00:23:51
BRO,2025-08-20 00:23:51
SHOP,2025-08-20 00:23:51
MMYT,2025-08-20 00:23:51
CYBR,2025-08-20 00:23:51
MFIC,2025-08-20 00:23:51
BE,2025-08-20 00:23:51
BBY,2025-08-20 00:23:51
CASH,2025-08-20 00:23:51
SES,2025-08-20 00:23:51
VOD,2025-08-20 00:23:51
EFC,2025-08-20 00:23:51
PCT,2025-08-20 00:23:51
COST,2025-08-20 00:23:51
CSX,2025-08-20 00:23:51
CVCO,2025-08-20 00:23:51
GDRX,2025-08-20 00:23:51
AEIS,2025-08-20 00:23:51
BRZE,2025-08-20 00:23:51
CDW,2025-08-20 00:23:51
DAVE,2025-08-20 00:23:51
CSCO,2025-08-20 00:23:51
CARE,2025-08-20 00:23:51
BSLK,2025-08-20 00:23:51
TH,2025-08-20 00:23:51
SMPL,2025-08-20 00:23:51
ODD,2025-08-20 00:23:51
RMSG,2025-08-20 00:23:51
ROKU,2025-08-20 00:23:51
OLLI,2025-08-20 00:23:51
RYAAY,2025-08-20 00:23:51
TGNA,2025-08-20 00:23:51
ONDS,2025-08-20 00:23:51
SLS,2025-08-20 00:23:51
MPWR,2025-08-20 00:23:51
MBUU,2025-08-20 00:23:51
RMBS,2025-08-20 00:23:51
LGHL,2025-08-20 00:23:51
PANW,2025-08-20 00:23:51
PENN,2025-08-20 00:23:51
PEP,2025-08-20 00:23:51
SBAC,2025-08-20 00:23:51
VTRS,2025-08-20 00:23:51
XRX,2025-08-20 00:23:51
JD,2025-08-20 00:23:51
TECH,2025-08-20 00:23:51
V,2025-08-20 00:23:51
APP,2025-08-20 00:23:51
EQT,2025-08-20 00:23:51
CATX,2025-08-20 00:23:51
GERN,2025-08-20 00:23:51
ATRC,2025-08-20 00:23:51
JBHT,2025-08-20 00:23:51
CRNX,2025-08-20 00:23:51
MKTX,2025-08-20 00:23:51
UL,2025-08-20 00:23:51
TME,2025-08-20 00:23:51
BCAL,2025-08-20 00:23:51
ARGX,2025-08-20 00:23:51
WELL,2025-08-20 00:23:51
CRUS,2025-08-20 00:23:51
EQNR,2025-08-20 00:23:51
FTRE,2025-08-20 00:23:51
NMRK,2025-08-20 00:23:51
SOL,2025-08-20 00:23:51
XNCR,2025-08-20 00:23:51
XP,2025-08-20 00:23:51
ERIC,2025-08-20 00:23:51
SOUN,2025-08-20 00:23:51
HQY,2025-08-20 00:23:51
JFIN,2025-08-20 00:23:51
NVTS,2025-08-20 00:23:51
CNXN,2025-08-20 00:23:51
TWG,2025-08-20 00:23:51
QCOM,2025-08-20 00:23:51
GILT,2025-08-20 00:23:51
ADP,2025-08-20 00:23:51
ECC,2025-08-20 00:23:51
LI,2025-08-20 00:23:51
DFLI,2025-08-20 00:23:51
LYFT,2025-08-20 00:23:51
MRVL,2025-08-20 00:23:51
MNDY,2025-08-20 00:23:51
CNQ,2025-08-20 00:23:51
KGC,2025-08-20 00:23:51
KULR,2025-08-20 00:23:51
ACHR,2025-08-20 00:23:51
REAX,2025-08-20 00:23:51
COLL,2025-08-20 00:23:51
ZTO,2025-08-20 00:23:51
AGRO,2025-08-20 00:23:51
BBAI,2025-08-20 00:23:51
SBET,2025-08-20 00:23:51
CHTR,2025-08-20 00:23:51
CEG,2025-08-20 00:23:51
GO,2025-08-20 00:23:51
WBTN,2025-08-20 00:23:51
FIG,2025-08-20 00:23:51
CAN,2025-08-20 00:23:51
AEYE,2025-08-20 00:23:51
ASTS,2025-08-20 00:23:51
BAC,2025-08-20 00:23:51
LQDA,2025-08-20 00:23:51
MAR,2025-08-20 00:23:51
NVNI,2025-08-20 00:23:51
RUN,2025-08-20 00:23:51
ENPH,2025-08-20 00:23:51
BOKF,2025-08-20 00:23:51
LULU,2025-08-20 00:23:51
MAT,2025-08-20 00:23:51
NU,2025-08-20 00:23:51
OMCL,2025-08-20 00:23:51
ACN,2025-08-20 00:23:51
BNTX,2025-08-20 00:23:51
SMCI,2025-08-20 00:23:51
MEOH,2025-08-20 00:23:51
PTCT,2025-08-20 00:23:51
CRBU,2025-08-20 00:23:51
HTHT,2025-08-20 00:23:51
PAL,2025-08-20 00:23:51
PECO,2025-08-20 00:23:51
SFM,2025-08-20 00:23:51
STOK,2025-08-20 00:23:51
TEVA,2025-08-20 00:23:51
TLPH,2025-08-20 00:23:51
TSHA,2025-08-20 00:23:51
VERA,2025-08-20 00:23:51
ZIM,2025-08-20 00:23:51
ZION,2025-08-20 00:23:51
EXTR,2025-08-20 00:23:51
GWAV,2025-08-20 00:23:51
HALO,2025-08-20 00:23:51
TMUS,2025-08-20 00:23:51
YMM,2025-08-20 00:23:51
BTBT,2025-08-20 00:23:51
RKLB,2025-08-20 00:23:51
RPRX,2025-08-20 00:23:51
NOK,2025-08-20 00:23:51
AFL,2025-08-20 00:23:51
IQ,2025-08-20 00:23:51
KTB,2025-08-20 00:23:51
DVAX,2025-08-20 00:23:51
ACGL,2025-08-20 00:23:51
IONQ,2025-08-20 00:23:51
SNAP,2025-08-20 00:23:51
FFIN,2025-08-20 00:23:51
MLTX,2025-08-20 00:23:51
AMBA,2025-08-20 00:23:51
ARE,2025-08-20 00:23:51
CROX,2025-08-20 00:23:51
DHI,2025-08-20 00:23:51
PDYN,2025-08-20 00:23:51
OSCR,2025-08-20 00:23:51
IONS,2025-08-20 00:23:51
WB,2025-08-20 00:23:51
CLH,2025-08-20 00:23:51
BGC,2025-08-20 00:23:51
CCK,2025-08-20 00:23:51
ASPI,2025-08-20 00:23:51
ROIV,2025-08-20 00:23:51
ISRG,2025-08-20 00:23:51
TRI,2025-08-20 00:23:51
NVMI,2025-08-20 00:23:51
NWE,2025-08-20 00:23:51
TZUP,2025-08-20 00:23:51
B,2025-08-20 00:23:51
BEAM,2025-08-20 00:23:51
WLGS,2025-08-20 00:23:51
EDU,2025-08-20 00:23:51
TAL,2025-08-20 00:23:51
APPN,2025-08-20 00:23:51
ORCL,2025-08-20 00:23:51
AZN,2025-08-20 00:23:51
SIBN,2025-08-20 00:23:51
COIN,2025-08-20 00:23:51
DJT,2025-08-20 00:23:51
ADT,2025-08-20 00:23:51
GNPX,2025-08-20 00:23:51
COGT,2025-08-20 00:23:51
GTLB,2025-08-20 00:23:51
IPG,2025-08-20 00:23:51
AI,2025-08-20 00:23:51
PONY,2025-08-20 00:23:51
HCA,2025-08-20 00:23:51
BTG,2025-08-20 00:23:51
CMCT,2025-08-20 00:23:51
BA,2025-08-20 00:23:51
DOC,2025-08-20 00:23:51
FLYE,2025-08-20 00:23:51
AS,2025-08-20 00:23:51
AVGO,2025-08-20 00:23:51
ONB,2025-08-20 00:23:51
PSIX,2025-08-20 00:23:51
NCLH,2025-08-20 00:23:51
NVO,2025-08-20 00:23:51
IAG,2025-08-20 00:23:51
BILL,2025-08-20 00:23:51
XOM,2025-08-20 00:23:51
VFF,2025-08-20 00:23:51
JBLU,2025-08-20 00:23:51
ALAB,2025-08-20 00:23:51
AAPL,2025-08-20 00:23:51
PODD,2025-08-20 00:23:51
BRKR,2025-08-20 00:23:51
PHLT,2025-08-20 00:23:51
PPC,2025-08-20 00:23:51
T,2025-08-20 00:23:51
TPG,2025-08-20 00:23:51
XYF,2025-08-20 00:23:51
GOOG,2025-08-20 00:23:51
GOOGL,2025-08-20 00:23:51
INTC,2025-08-20 00:23:51
ADI,2025-08-20 00:23:51
SUZ,2025-08-20 00:23:51
AMAT,2025-08-20 00:23:51
BKU,2025-08-20 00:23:51
NABL,2025-08-20 00:23:51
SOFI,2025-08-20 00:23:51
OP,2025-08-20 00:23:51
INFA,2025-08-20 00:23:51
MU,2025-08-20 00:23:51
ALLT,2025-08-20 00:23:51
KHC,2025-08-20 00:23:51
CRNC,2025-08-20 00:23:51
SDGR,2025-08-20 00:23:51
CRSP,2025-08-20 00:23:51
ELAN,2025-08-20 00:23:51
GLOB,2025-08-20 00:23:51
CCEP,2025-08-20 00:23:51
EU,2025-08-20 00:23:51
IBOC,2025-08-20 00:23:51
TFSL,2025-08-20 00:23:51
CISO,2025-08-20 00:23:51
ELVN,2025-08-20 00:23:51
ENTO,2025-08-20 00:23:51
KTOS,2025-08-20 00:23:51
LOGI,2025-08-20 00:23:51
ADAP,2025-08-20 00:23:51
QBTS,2025-08-20 00:23:51
HIMS,2025-08-20 00:23:51
CHKP,2025-08-20 00:23:51
CNDT,2025-08-20 00:23:51
UNH,2025-08-20 00:23:51
FTNT,2025-08-20 00:23:51
CVX,2025-08-20 00:23:51
KNSA,2025-08-20 00:23:51
CRMD,2025-08-20 00:23:51
DEO,2025-08-20 00:23:51
GRAB,2025-08-20 00:23:51
W,2025-08-20 00:23:51
AGYS,2025-08-20 00:23:51
ARM,2025-08-20 00:23:51
BIIB,2025-08-20 00:23:51
BTOG,2025-08-20 00:23:51
GNW,2025-08-20 00:23:51
GPUS,2025-08-20 00:23:51
LMAT,2025-08-20 00:23:51
EOSE,2025-08-20 00:23:51
LAES,2025-08-20 00:23:51
NBIS,2025-08-20 00:23:51
BULL,2025-08-20 00:23:51
VIAV,2025-08-20 00:23:51
FDMT,2025-08-20 00:23:51
KRNY,2025-08-20 00:23:51
NMR,2025-08-20 00:23:51
RXRX,2025-08-20 00:23:51
CRWD,2025-08-20 00:23:51
VUZI,2025-08-20 00:23:51
NFLX,2025-08-20 00:23:51
KIM,2025-08-20 00:23:51
META,2025-08-20 00:23:51
NGG,2025-08-20 00:23:51
RGLD,2025-08-20 00:23:51
RGTI,2025-08-20 00:23:51
THC,2025-08-20 00:23:51
TTEK,2025-08-20 00:23:51
TUYA,2025-08-20 00:23:51
UNIT,2025-08-20 00:23:51
YORW,2025-08-20 00:23:51
GXAI,2025-08-20 00:23:51
IOVA,2025-08-20 00:23:51
SUPX,2025-08-20 00:23:51
SITC,2025-08-20 00:23:51
CART,2025-08-20 00:23:51
NTAP,2025-08-20 00:23:51
CCB,2025-08-20 00:23:51
BKH,2025-08-20 00:23:51
REG,2025-08-20 00:23:51
NIU,2025-08-20 00:23:51
CISS,2025-08-20 00:23:51
DRS,2025-08-20 00:23:51
QSI,2025-08-20 00:23:51
COO,2025-08-20 00:23:51
LITE,2025-08-20 00:23:51
QXO,2025-08-20 00:23:51
UAMY,2025-08-20 00:23:51
BH,2025-08-20 00:23:51
HOOD,2025-08-20 00:23:51
CRDO,2025-08-20 00:23:51
GSK,2025-08-20 00:23:51
UEC,2025-08-20 00:23:51
ADPT,2025-08-20 00:23:51
USPH,2025-08-20 00:23:51
INFY,2025-08-20 00:23:51
JUNS,2025-08-20 00:23:51
BRK-B,2025-08-20 00:23:51
NEOG,2025-08-20 00:23:51
SFL,2025-08-20 00:23:51
NKE,2025-08-20 00:23:51
CHEF,2025-08-20 00:23:51
BINI,2025-08-20 00:23:51
MSTR,2025-08-20 00:23:51
JANX,2025-08-20 00:23:51
SBRA,2025-08-20 00:23:51
IBKR,2025-08-20 00:23:51
ITOS,2025-08-20 00:23:51
HRTG,2025-08-20 00:23:51
AAL,2025-08-20 00:23:51
SNDK,2025-08-20 00:23:51
CNXC,2025-08-20 00:23:51
CORZ,2025-08-20 00:23:51
JKHY,2025-08-20 00:23:51
OLED,2025-08-20 00:23:51
SNY,2025-08-20 00:23:51
STGW,2025-08-20 00:23:51
CL,2025-08-20 00:23:51
BMRN,2025-08-20 00:23:51
BTI,2025-08-20 00:23:51
CLSK,2025-08-20 00:23:51
EYE,2025-08-20 00:23:51
AMCR,2025-08-20 00:23:51
DAVA,2025-08-20 00:23:51
IBIO,2025-08-20 00:23:51
DDOG,2025-08-20 00:23:51
ALGN,2025-08-20 00:23:51
AXP,2025-08-20 00:23:51
YB,2025-08-20 00:23:51
SPOK,2025-08-20 00:23:51
LFVN,2025-08-20 00:23:51
REGN,2025-08-20 00:23:51
SANM,2025-08-20 00:23:51
CRWV,2025-08-20 00:23:51
DEFT,2025-08-20 00:23:51
DLTR,2025-08-20 00:23:51
DQ,2025-08-20 00:23:51
VIVK,2025-08-20 00:23:51
FE,2025-08-20 00:23:51
LIVN,2025-08-20 00:23:51
LINC,2025-08-20 00:23:51
INOD,2025-08-20 00:23:51
ABSI,2025-08-20 00:23:51
KNX,2025-08-20 00:23:51
LUV,2025-08-20 00:23:51
CGBD,2025-08-20 00:23:51
NNN,2025-08-20 00:23:51
EXPE,2025-08-20 00:23:51
MO,2025-08-20 00:23:51
EQR,2025-08-20 00:23:51
UPS,2025-08-20 00:23:51
VLTO,2025-08-20 00:23:51
FOX,2025-08-20 00:23:51
FUBO,2025-08-20 00:23:51
HAS,2025-08-20 00:23:51
HOLX,2025-08-20 00:23:51
INDI,2025-08-20 00:23:51
KC,2025-08-20 00:23:51
POOL,2025-08-20 00:23:51
DYN,2025-08-20 00:23:51
ON,2025-08-20 00:23:51
VCYT,2025-08-20 00:23:51
LKQ,2025-08-20 00:23:51
MDGL,2025-08-20 00:23:51
BZFD,2025-08-20 00:23:51
RILYZ,2025-08-20 00:23:51
RKT,2025-08-20 00:23:51
PSIG,2025-08-20 00:23:51
CDE,2025-08-20 00:23:51
WRB,2025-08-20 00:23:51
NOVT,2025-08-20 00:23:51
IQV,2025-08-20 00:23:51
DOCU,2025-08-20 00:23:51
TOST,2025-08-20 00:23:51
G,2025-08-20 00:23:51
SBUX,2025-08-20 00:23:51
WBD,2025-08-20 00:23:51
KRG,2025-08-20 00:23:51
F,2025-08-20 00:23:51
GLAD,2025-08-20 00:23:51
EVTC,2025-08-20 00:23:51
HLN,2025-08-20 00:23:51
FOXA,2025-08-20 00:23:51
AEVA,2025-08-20 00:23:51
ABEV,2025-08-20 00:23:51
GILD,2025-08-20 00:23:51
BCRX,2025-08-20 00:23:51
CCCC,2025-08-20 00:23:51
CHE,2025-08-20 00:23:51
MT,2025-08-20 00:23:51
TRIP,2025-08-20 00:23:51
ACT,2025-08-20 00:23:51
HLMN,2025-08-20 00:23:51
JPM,2025-08-20 00:23:51
DELL,2025-08-20 00:23:51
EH,2025-08-20 00:23:51
FGEN,2025-08-20 00:23:51
CFFN,2025-08-20 00:23:51
GAMB,2025-08-20 00:23:51
CMCSA,2025-08-20 00:23:51
IMAB,2025-08-20 00:23:51
CEVA,2025-08-20 00:23:51
FLEX,2025-08-20 00:23:51
ARWR,2025-08-20 00:23:51
DAN,2025-08-20 00:23:51
NSP,2025-08-20 00:23:51
SAIL,2025-08-20 00:23:51
SEI,2025-08-20 00:23:51
SUN,2025-08-20 00:23:51
ZWS,2025-08-20 00:23:51
ROL,2025-08-20 00:23:51
CPNG,2025-08-20 00:23:51
TTAN,2025-08-20 00:23:51
FOLD,2025-08-20 00:23:51
OPEN,2025-08-20 00:23:51
SHOO,2025-08-20 00:23:51
KSS,2025-08-20 00:23:51
PDD,2025-08-20 00:23:51
PGY,2025-08-20 00:23:51
RLX,2025-08-20 00:23:51
SGML,2025-08-20 00:23:51
SNPS,2025-08-20 00:23:51
STRK,2025-08-20 00:23:51
SUPN,2025-08-20 00:23:51
SYF,2025-08-20 00:23:51
TIGR,2025-08-20 00:23:51
UDMY,2025-08-20 00:23:51
WDC,2025-08-20 00:23:51
HUT,2025-08-20 00:23:51
QFIN,2025-08-20 00:23:51
STRO,2025-08-20 00:23:51
CENTA,2025-08-20 00:23:51
CDNS,2025-08-20 00:23:51
OMEX,2025-08-20 00:23:51
ONC,2025-08-20 00:23:51
HRMY,2025-08-20 00:23:51
EA,2025-08-20 00:23:51
O,2025-08-20 00:23:51
EBC,2025-08-20 00:23:51
CPAY,2025-08-20 00:23:51
TE,2025-08-20 00:23:51
BB,2025-08-20 00:23:51
KSPI,2025-08-20 00:23:51
HON,2025-08-20 00:23:51
CCOI,2025-08-20 00:23:51
SEG,2025-08-20 00:23:51
TDUP,2025-08-20 00:23:51
SRRK,2025-08-20 00:23:51
COLB,2025-08-20 00:23:51
KMB,2025-08-20 00:23:51
XFOR,2025-08-20 00:23:51
OKTA,2025-08-20 00:23:51
OMC,2025-08-20 00:23:51
CNX,2025-08-20 00:23:51
TENB,2025-08-20 00:23:51
CCCS,2025-08-20 00:23:51
BLBD,2025-08-20 00:23:51
BSY,2025-08-20 00:23:51
PTC,2025-08-20 00:23:51
LPLA,2025-08-20 00:23:51
ADC,2025-08-20 00:23:51
PZZA,2025-08-20 00:23:51
MFIN,2025-08-20 00:23:51
CSGP,2025-08-20 00:23:51
HLNE,2025-08-20 00:23:51
NEM,2025-08-20 00:23:51
BZ,2025-08-20 00:23:51
CAR,2025-08-20 00:23:51
CAG,2025-08-20 00:23:51
COR,2025-08-20 00:23:51
MCD,2025-08-20 00:23:51
JXG,2025-08-20 00:23:51
GLBE,2025-08-20 00:23:51
AYTU,2025-08-20 00:23:51
TRMD,2025-08-20 00:23:51
ORI,2025-08-20 00:23:51
AUR,2025-08-20 00:23:51
RBRK,2025-08-20 00:23:51
CPB,2025-08-20 00:23:51
NICE,2025-08-20 00:23:51
NXPI,2025-08-20 00:23:51
AMZN,2025-08-20 00:23:51
MTCH,2025-08-20 00:23:51
MD,2025-08-20 00:23:51
SMR,2025-08-20 00:23:51
MOGO,2025-08-20 00:23:51
ABT,2025-08-20 00:23:51
HUMA,2025-08-20 00:23:51
LIDR,2025-08-20 00:23:51
RSG,2025-08-20 00:23:51
EVGO,2025-08-20 00:23:51
NTR,2025-08-20 00:23:51
OCGN,2025-08-20 00:23:51
LBRDK,2025-08-20 00:23:51
CTVA,2025-08-20 00:23:51
SGHC,2025-08-20 00:23:51
TRMB,2025-08-20 00:23:51
TXN,2025-08-20 00:23:51
UUUU,2025-08-20 00:23:51
WLFC,2025-08-20 00:23:51
XOS,2025-08-20 00:23:51
ZBRA,2025-08-20 00:23:51
FBRT-PE,2025-08-20 00:23:51
GMAB,2025-08-20 00:23:51
INO,2025-08-20 00:23:51
ALKS,2025-08-20 00:23:51
HAL,2025-08-20 00:23:51
MNMD,2025-08-20 00:23:51
SLDE,2025-08-20 00:23:51
IMTX,2025-08-20 00:23:51
GEO,2025-08-20 00:23:51
ALEC,2025-08-20 00:23:51
VNOM,2025-08-20 00:23:51
UNCY,2025-08-20 00:23:51
KRMN,2025-08-20 00:23:51
NIO,2025-08-20 00:23:51
CCJ,2025-08-20 00:23:51
INCY,2025-08-20 00:23:51
CLDX,2025-08-20 00:23:51
QUBT,2025-08-20 00:23:51
TTD,2025-08-20 00:23:51
XPO,2025-08-20 00:23:51
NGD,2025-08-20 00:23:51
XPEV,2025-08-20 00:23:51
DKNG,2025-08-20 00:23:51
COHR,2025-08-20 00:23:51
COHU,2025-08-20 00:23:51
BN,2025-08-20 00:23:51
OXSQ,2025-08-20 00:23:51
HLF,2025-08-20 00:23:51
RDDT,2025-08-20 00:23:51
PAYX,2025-08-20 00:23:51
ADBE,2025-08-20 00:23:51
ADD,2025-08-20 00:23:51
ZM,2025-08-20 00:23:51
TCOM,2025-08-20 00:23:51
BTAI,2025-08-20 00:23:51
MANH,2025-08-20 00:23:51
SAIA,2025-08-20 00:23:51
DSGX,2025-08-20 00:23:51
BILI,2025-08-20 00:23:51
BL,2025-08-20 00:23:51
AES,2025-08-20 00:23:51
LVO,2025-08-20 00:23:51
HBAN,2025-08-20 00:23:51
BUD,2025-08-20 00:23:51
FUTU,2025-08-20 00:23:51
SIGI,2025-08-20 00:23:51
TGT,2025-08-20 00:23:51
SRPT,2025-08-20 00:23:51
DASH,2025-08-20 00:23:51
GDS,2025-08-20 00:23:51
MARA,2025-08-20 00:23:51
QRHC,2025-08-20 00:23:51
QSG,2025-08-20 00:23:51
PRG,2025-08-20 00:23:51
RAY,2025-08-20 00:23:51
RF,2025-08-20 00:23:51
CHWY,2025-08-20 00:23:51
CVE,2025-08-20 00:23:51
WTW,2025-08-20 00:23:51
NTNX,2025-08-20 00:23:51
POWL,2025-08-20 00:23:51
JNJ,2025-08-20 00:23:51
JOBY,2025-08-20 00:23:51
EVRG,2025-08-20 00:23:51
OSW,2025-08-20 00:23:51
IREN,2025-08-20 00:23:51
PNC,2025-08-20 00:23:51
QMMM,2025-08-20 00:23:51
TEAM,2025-08-20 00:23:51
TXRH,2025-08-20 00:23:51
WBA,2025-08-20 00:23:51
WEN,2025-08-20 00:23:51
DB,2025-08-20 00:23:51
ASB,2025-08-20 00:23:51
TSSI,2025-08-20 00:23:51
KMDA,2025-08-20 00:23:51
ORLY,2025-08-20 00:23:51
CAVA,2025-08-20 00:23:51
KT,2025-08-20 00:23:51
OPK,2025-08-20 00:23:51
AFRM,2025-08-20 00:23:51
C,2025-08-20 00:23:51
CIVI,2025-08-20 00:23:51
NOV,2025-08-20 00:23:51
UAL,2025-08-20 00:23:51
PCH,2025-08-20 00:23:51
AR,2025-08-20 00:23:51
TECK,2025-08-20 00:23:51
PSMT,2025-08-20 00:23:51
XYZ,2025-08-20 00:23:51
VRNT,2025-08-20 00:23:51
CFG,2025-08-20 00:23:51
CRML,2025-08-20 00:23:51
BKR,2025-08-20 00:23:51
ROG,2025-08-20 00:23:51
TROW,2025-08-20 00:23:51
TLN,2025-08-20 00:23:51
SLGN,2025-08-20 00:23:51
DHIL,2025-08-20 00:23:51
CORZW,2025-08-20 00:23:51
BTCT,2025-08-20 00:23:51
MBC,2025-08-20 00:23:51
PATH,2025-08-20 00:23:51
MX,2025-08-20 00:23:51
AAP,2025-08-20 00:23:51
AMPY,2025-08-20 00:23:51
ABEO,2025-08-20 00:23:51
APA,2025-08-20 00:23:51
CNP,2025-08-20 00:23:51
CSL,2025-08-20 00:23:51
UCTT,2025-08-20 00:23:51
EBR,2025-08-20 00:23:51
XNET,2025-08-20 00:23:51
PUK,2025-08-20 00:23:51
WMG,2025-08-20 00:23:51
AG,2025-08-20 00:23:51
PFE,2025-08-20 00:23:51
BITF,2025-08-20 00:23:51
EIX,2025-08-20 00:23:51
YETI,2025-08-20 00:23:51
EOLS,2025-08-20 00:23:51
VZ,2025-08-20 00:23:51
AVTR,2025-08-20 00:23:51
CHRW,2025-08-20 00:23:51
RL,2025-08-20 00:23:51
CRH,2025-08-20 00:23:51
AMX,2025-08-20 00:23:51
EPR,2025-08-20 00:23:51
AXON,2025-08-20 00:23:51
FINV,2025-08-20 00:23:51
EQX,2025-08-20 00:23:51
KLG,2025-08-20 00:23:51
PRMB,2025-08-20 00:23:51
RXT,2025-08-20 00:23:51
PRCT,2025-08-20 00:23:51
SMTC,2025-08-20 00:23:51
ENSC,2025-08-20 00:23:51
IINN,2025-08-20 00:23:51
LLYVK,2025-08-20 00:23:51
LRCX,2025-08-20 00:23:51
MASI,2025-08-20 00:23:51
PBI,2025-08-20 00:23:51
PROK,2025-08-20 00:23:51
BSGM,2025-08-20 00:23:51
EVH,2025-08-20 00:23:51
KINS,2025-08-20 00:23:51
PGEN,2025-08-20 00:23:51
KO,2025-08-20 00:23:51
EXEL,2025-08-20 00:23:51
OPRA,2025-08-20 00:23:51
LVS,2025-08-20 00:23:51
MDU,2025-08-20 00:23:51
METC,2025-08-20 00:23:51
MRP,2025-08-20 00:23:51
RGNX,2025-08-20 00:23:51
RIO,2025-08-20 00:23:51
TMDX,2025-08-20 00:23:51
TORO,2025-08-20 00:23:51
TTI,2025-08-20 00:23:51
FC,2025-08-20 00:23:51
HPE,2025-08-20 00:23:51
IBP,2025-08-20 00:23:51
IBRX,2025-08-20 00:23:51
GTBP,2025-08-20 00:23:51
PRVA,2025-08-20 00:23:51
SAND,2025-08-20 00:23:51
LNT,2025-08-20 00:23:51
VTYX,2025-08-20 00:23:51
ACCO,2025-08-20 00:23:51
TVTX,2025-08-20 00:23:51
PEG,2025-08-20 00:23:51
SB,2025-08-20 00:23:51
UNP,2025-08-20 00:23:51
CCNE,2025-08-20 00:23:51
LGND,2025-08-20 00:23:51
RIVN,2025-08-20 00:23:51
APAM,2025-08-20 00:23:51
IVDA,2025-08-20 00:23:51
NYMT,2025-08-20 00:23:51
NAK,2025-08-20 00:23:51
ETHZ,2025-08-20 00:23:51
RY,2025-08-20 00:23:51
ETR,2025-08-20 00:23:51
GAP,2025-08-20 00:23:51
PACB,2025-08-20 00:23:51
TROX,2025-08-20 00:23:51
VMD,2025-08-20 00:23:51
HOPE,2025-08-20 00:23:51
APLE,2025-08-20 00:23:51
BMY,2025-08-20 00:23:51
CCL,2025-08-20 00:23:51
EM,2025-08-20 00:23:51
TDOC,2025-08-20 00:23:51
ALC,2025-08-20 00:23:51
UPST,2025-08-20 00:23:51
PLD,2025-08-20 00:23:51
MGNI,2025-08-20 00:23:51
REAL,2025-08-20 00:23:51
VTEX,2025-08-20 00:23:51
WIMI,2025-08-20 00:23:51
PINS,2025-08-20 00:23:51
ULCC,2025-08-20 00:23:51
FCEL,2025-08-20 00:23:51
TLRY,2025-08-20 00:23:51
NAVI,2025-08-20 00:23:51
PTON,2025-08-20 00:23:51
BCSF,2025-08-20 00:23:51
WFRD,2025-08-20 00:23:51
ELDN,2025-08-20 00:23:51
AGI,2025-08-20 00:23:51
CNC,2025-08-20 00:23:51
CBOE,2025-08-20 00:23:51
BYND,2025-08-20 00:23:51
CERT,2025-08-20 00:23:51
CINF,2025-08-20 00:23:51
CNK,2025-08-20 00:23:51
FAST,2025-08-20 00:23:51
TASK,2025-08-20 00:23:51
FHN,2025-08-20 00:23:51
HSAI,2025-08-20 00:23:51
SHLS,2025-08-20 00:23:51
MLR,2025-08-20 00:23:51
KRNT,2025-08-20 00:23:51
PRME,2025-08-20 00:23:51
S,2025-08-20 00:23:51
FITB,2025-08-20 00:23:51
K,2025-08-20 00:23:51
LBTYA,2025-08-20 00:23:51
MDLZ,2025-08-20 00:23:51
PG,2025-08-20 00:23:51
MERC,2025-08-20 00:23:51
BRKL,2025-08-20 00:23:51
LAZR,2025-08-20 00:23:51
PM,2025-08-20 00:23:51
RGP,2025-08-20 00:23:51
STRL,2025-08-20 00:23:51
SYNA,2025-08-20 00:23:51
VEEV,2025-08-20 00:23:51
VRNS,2025-08-20 00:23:51
ARW,2025-08-20 00:23:51
FCFS,2025-08-20 00:23:51
GFI,2025-08-20 00:23:51
HNST,2025-08-20 00:23:51
NAMS,2025-08-20 00:23:51
CMA,2025-08-20 00:23:51
SVV,2025-08-20 00:23:51
FBIN,2025-08-20 00:23:51
ALT,2025-08-20 00:23:51
INVZ,2025-08-20 00:23:51
AVXL,2025-08-20 00:23:51
PRU,2025-08-20 00:23:51
GEHC,2025-08-20 00:23:51
DXCM,2025-08-20 00:23:51
AZ,2025-08-20 00:23:51
ADEA,2025-08-20 00:23:51
BOOT,2025-08-20 00:23:51
ATEC,2025-08-20 00:23:51
VITL,2025-08-20 00:23:51
MAG,2025-08-20 00:23:51
SATS,2025-08-20 00:23:51
RPD,2025-08-20 00:23:51
COUR,2025-08-20 00:23:51
ADTN,2025-08-20 00:23:51
ARDX,2025-08-20 00:23:51
DCTH,2025-08-20 00:23:51
CMS,2025-08-20 00:23:51
UNM,2025-08-20 00:23:51
CNM,2025-08-20 00:23:51
AIRO,2025-08-20 00:23:51
XRAY,2025-08-20 00:23:51
TSCO,2025-08-20 00:23:51
QRVO,2025-08-20 00:23:51
BTCS,2025-08-20 00:23:51
WDAY,2025-08-20 00:23:51
EDIT,2025-08-20 00:23:51
SOBO,2025-08-20 00:23:51
CACC,2025-08-20 00:23:51
HRL,2025-08-20 00:23:51
SEZL,2025-08-20 00:23:51
EQIX,2025-08-20 00:23:51
CSTM,2025-08-20 00:23:51
ENVX,2025-08-20 00:23:51
GEN,2025-08-20 00:23:51
CION,2025-08-20 00:23:51
RYTM,2025-08-20 00:23:51
AIG,2025-08-20 00:23:51
NVS,2025-08-20 00:23:51
PAR,2025-08-20 00:23:51
LOPE,2025-08-20 00:23:51
FKWL,2025-08-20 00:23:51
HOLO,2025-08-20 00:23:51
GMRE,2025-08-20 00:23:51
ANIP,2025-08-20 00:23:51
ANNX,2025-08-20 00:23:51
STX,2025-08-20 00:23:51
AIV,2025-08-20 00:23:51
SNGX,2025-08-20 00:23:51
DCGO,2025-08-20 00:23:51
GOOD,2025-08-20 00:23:51
GRPN,2025-08-20 00:23:51
DX,2025-08-20 00:23:51
SEER,2025-08-20 00:23:51
SLDP,2025-08-20 00:23:51
CTSH,2025-08-20 00:23:51
CXT,2025-08-20 00:23:51
ARRY,2025-08-20 00:23:51
ASTL,2025-08-20 00:23:51
FLNC,2025-08-20 00:23:51
FLO,2025-08-20 00:23:51
ASC,2025-08-20 00:23:51
BTDR,2025-08-20 00:23:51
DAWN,2025-08-20 00:23:51
CDNA,2025-08-20 00:23:51
CDTX,2025-08-20 00:23:51
FI,2025-08-20 00:23:51
MOGU,2025-08-20 00:23:51
FMC,2025-08-20 00:23:51
RCEL,2025-08-20 00:23:51
CHGG,2025-08-20 00:23:51
UP,2025-08-20 00:23:51
VERI,2025-08-20 00:23:51
HFWA,2025-08-20 00:23:51
WRD,2025-08-20 00:23:51
CADE,2025-08-20 00:23:51
GDYN,2025-08-20 00:23:51
GORO,2025-08-20 00:23:51
EXLS,2025-08-20 00:23:51
LNTH,2025-08-20 00:23:51
LTBR,2025-08-20 00:23:51
MRNA,2025-08-20 00:23:51
RDNT,2025-08-20 00:23:51
SPT,2025-08-20 00:23:51
TER,2025-08-20 00:23:51
TTMI,2025-08-20 00:23:51
TXNM,2025-08-20 00:23:51
WRBY,2025-08-20 00:23:51
WWD,2025-08-20 00:23:51
XEL,2025-08-20 00:23:51
XERS,2025-08-20 00:23:51
FCNCA,2025-08-20 00:23:51
FRPT,2025-08-20 00:23:51
GTES,2025-08-20 00:23:51
IRTC,2025-08-20 00:23:51
KDP,2025-08-20 00:23:51
VFC,2025-08-20 00:23:51
ENJ,2025-08-20 00:23:51
BRDG,2025-08-20 00:23:51
CUZ,2025-08-20 00:23:51
FSLR,2025-08-20 00:23:51
WIX,2025-08-20 00:23:51
ICUI,2025-08-20 00:23:51
SYY,2025-08-20 00:23:51
EPWK,2025-08-20 00:23:51
HCAT,2025-08-20 00:23:51
CIFR,2025-08-20 00:23:51
PLL,2025-08-20 00:23:51
HLX,2025-08-20 00:23:51
TD,2025-08-20 00:23:51
ALTS,2025-08-20 00:23:51
EL,2025-08-20 00:23:51
BF-B,2025-08-20 00:23:51
EBAY,2025-08-20 00:23:51
ASO,2025-08-20 00:23:51
SLI,2025-08-20 00:23:51
MCHP,2025-08-20 00:23:51
MVST,2025-08-20 00:23:51
CW,2025-08-20 00:23:51
RDN,2025-08-20 00:23:51
RILY,2025-08-20 00:23:51
NWL,2025-08-20 00:23:51
AEO,2025-08-20 00:23:51
USAR,2025-08-20 00:23:51
GLUE,2025-08-20 00:23:51
U,2025-08-20 00:23:51
MELI,2025-08-20 00:23:51
ZLAB,2025-08-20 00:23:51
ANET,2025-08-20 00:23:51
SERV,2025-08-20 00:23:51
DOX,2025-08-20 00:23:51
DVN,2025-08-20 00:23:51
ENB,2025-08-20 00:23:51
GME,2025-08-20 00:23:51
DBX,2025-08-20 00:23:51
ZENV,2025-08-20 00:23:51
AEP,2025-08-20 00:23:51
ADSK,2025-08-20 00:23:51
ROAD,2025-08-20 00:23:51
CINT,2025-08-20 00:23:51
DNN,2025-08-20 00:23:51
HEI,2025-08-20 00:23:51
EGBN,2025-08-20 00:23:51
IPGP,2025-08-20 00:23:51
CP,2025-08-20 00:23:51
D,2025-08-20 00:23:51
ICLR,2025-08-20 00:23:51
BLNE,2025-08-20 00:23:51
BAP,2025-08-20 00:23:51
ET,2025-08-20 00:23:51
RIOT,2025-08-20 00:23:51
SFD,2025-08-20 00:23:51
BUR,2025-08-20 00:23:51
SKWD,2025-08-20 00:23:51
TRVI,2025-08-20 00:23:51
NWBI,2025-08-20 00:23:51
TSM,2025-08-20 00:23:51
TU,2025-08-20 00:23:51
HUM,2025-08-20 00:23:51
IDXX,2025-08-20 00:23:51
IMVT,2025-08-20 00:23:51
KURA,2025-08-20 00:23:51
OLN,2025-08-20 00:23:51
SCS,2025-08-20 00:23:51
EVEX,2025-08-20 00:23:51
LGCL,2025-08-20 00:23:51
SPSC,2025-08-20 00:23:51
LUNR,2025-08-20 00:23:51
NN,2025-08-20 00:23:51
NPKI,2025-08-20 00:23:51
EXE,2025-08-20 00:23:51
LAUR,2025-08-20 00:23:51
NDAQ,2025-08-20 00:23:51
PAGS,2025-08-20 00:23:51
PKST,2025-08-20 00:23:51
QSR,2025-08-20 00:23:51
SGMO,2025-08-20 00:23:51
SHO,2025-08-20 00:23:51
TPGXL,2025-08-20 00:23:51
VRSK,2025-08-20 00:23:51
VRTX,2025-08-20 00:23:51
GTLS,2025-08-20 00:23:51
INTU,2025-08-20 00:23:51
HMC,2025-08-20 00:23:51
IDCC,2025-08-20 00:23:51
ESRT,2025-08-20 00:23:51
FCX,2025-08-20 00:23:51
MTW,2025-08-20 00:23:51
MBLY,2025-08-20 00:23:51
VSEE,2025-08-20 00:23:51
GNTX,2025-08-20 00:23:51
AESI,2025-08-20 00:23:51
BDTX,2025-08-20 00:23:51
SPG,2025-08-20 00:23:51
PK,2025-08-20 00:23:51
LBRT,2025-08-20 00:23:51
EGO,2025-08-20 00:23:51
BCO,2025-08-20 00:23:51
GM,2025-08-20 00:23:51
GBTG,2025-08-20 00:23:51
TTWO,2025-08-20 00:23:51
NVST,2025-08-20 00:23:51
PRKS,2025-08-20 00:23:51
ARCO,2025-08-20 00:23:51
VVV,2025-08-20 00:23:51
MBINM,2025-08-20 00:23:51
NGVT,2025-08-20 00:23:51
KALV,2025-08-20 00:23:51
KEX,2025-08-20 00:23:51
GFF,2025-08-20 00:23:51
VLRS,2025-08-20 00:23:51
BEN,2025-08-20 00:23:51
MFC,2025-08-20 00:23:51
BCAX,2025-08-20 00:23:51
WLY,2025-08-20 00:23:51
MP,2025-08-20 00:23:51
ARMK,2025-08-20 00:23:51
NET,2025-08-20 00:23:51
BMO,2025-08-20 00:23:51
PRGS,2025-08-20 00:23:51
CMRC,2025-08-20 00:23:51
SMMT,2025-08-20 00:23:51
VSTM,2025-08-20 00:23:51
MTG,2025-08-20 00:23:51
STNE,2025-08-20 00:23:51
UAA,2025-08-20 00:23:51
FULT,2025-08-20 00:23:51
HLI,2025-08-20 00:23:51
BXP,2025-08-20 00:23:51
SNDL,2025-08-20 00:23:51
RELY,2025-08-20 00:23:51
HBCP,2025-08-20 00:23:51
BCS,2025-08-20 00:23:51
BJRI,2025-08-20 00:23:51
BKD,2025-08-20 00:23:51
GLW,2025-08-20 00:23:51
BVS,2025-08-20 00:23:51
CRM,2025-08-20 00:23:51
DSP,2025-08-20 00:23:51
GROY,2025-08-20 00:23:51
BLDR,2025-08-20 00:23:51
ALB,2025-08-20 00:23:51
AM,2025-08-20 00:23:51
CMG,2025-08-20 00:23:51
CNH,2025-08-20 00:23:51
FNKO,2025-08-20 00:23:51
FFBC,2025-08-20 00:23:51
FSUN,2025-08-20 00:23:51
FEIM,2025-08-20 00:23:51
NWG,2025-08-20 00:23:51
FTV,2025-08-20 00:23:51
NB,2025-08-20 00:23:51
PRGO,2025-08-20 00:23:51
RSI,2025-08-20 00:23:51
NIXX,2025-08-20 00:23:51
FL,2025-08-20 00:23:51
NOW,2025-08-20 00:23:51
ALMS,2025-08-20 00:23:51
LAC,2025-08-20 00:23:51
WSBC,2025-08-20 00:23:51
LXP,2025-08-20 00:23:51
MET,2025-08-20 00:23:51
PBYI,2025-08-20 00:23:51
PCG,2025-08-20 00:23:51
PGRE,2025-08-20 00:23:51
BWIN,2025-08-20 00:23:51
SW,2025-08-20 00:23:51
TXG,2025-08-20 00:23:51
WY,2025-08-20 00:23:51
YMAT,2025-08-20 00:23:51
BROS,2025-08-20 00:23:51
FLS,2025-08-20 00:23:51
FRSH,2025-08-20 00:23:51
INN,2025-08-20 00:23:51
IP,2025-08-20 00:23:51
KEY,2025-08-20 00:23:51
KALA,2025-08-20 00:23:51
MRTN,2025-08-20 00:23:51
SEAT,2025-08-20 00:23:51
JBS,2025-08-20 00:23:51
IAS,2025-08-20 00:23:51
DD,2025-08-20 00:23:51
ACMR,2025-08-20 00:23:51
STKL,2025-08-20 00:23:51
LYB,2025-08-20 00:23:51
NTES,2025-08-20 00:23:51
XENE,2025-08-20 00:23:51
GPK,2025-08-20 00:23:51
CCS,2025-08-20 00:23:51
TSEM,2025-08-20 00:23:51
PNR,2025-08-20 00:23:51
AA,2025-08-20 00:23:51
HMY,2025-08-20 00:23:51
FUN,2025-08-20 00:23:51
JXN,2025-08-20 00:23:51
SION,2025-08-20 00:23:51
DG,2025-08-20 00:23:51
BYD,2025-08-20 00:23:51
BTM,2025-08-20 00:23:51
CXW,2025-08-20 00:23:51
MLI,2025-08-20 00:23:51
ADM,2025-08-20 00:23:51
JELD,2025-08-20 00:23:51
ACHC,2025-08-20 00:23:51
SU,2025-08-20 00:23:51
VBTX,2025-08-20 00:23:51
RUM,2025-08-20 00:23:51
VICI,2025-08-20 00:23:51
JAMF,2025-08-20 00:23:51
PAAS,2025-08-20 00:23:51
STLA,2025-08-20 00:23:51
VALE,2025-08-20 00:23:51
MAS,2025-08-20 00:23:51
BLFS,2025-08-20 00:23:51
AMTM,2025-08-20 00:23:51
PRA,2025-08-20 00:23:51
ZS,2025-08-20 00:23:51
GLIBK,2025-08-20 00:23:51
KMI,2025-08-20 00:23:51
DKS,2025-08-20 00:23:51
VOR,2025-08-20 00:23:51
LTH,2025-08-20 00:23:51
FSV,2025-08-20 00:23:51
PINC,2025-08-20 00:23:51
OFIX,2025-08-20 00:23:51
BWA,2025-08-20 00:23:51
CRCL,2025-08-20 00:23:51
MAA,2025-08-20 00:23:51
ATAI,2025-08-20 00:23:51
KMX,2025-08-20 00:23:51
PLG,2025-08-20 00:23:51
UGP,2025-08-20 00:23:51
TWI,2025-08-20 00:23:51
ETD,2025-08-20 00:23:51
UBSI,2025-08-20 00:23:51
BBIO,2025-08-20 00:23:51
GAIA,2025-08-20 00:23:51
BMBL,2025-08-20 00:23:51
MRX,2025-08-20 00:23:51
BBWI,2025-08-20 00:23:51
DOW,2025-08-20 00:23:51
RZLV,2025-08-20 00:23:51
WEAV,2025-08-20 00:23:51
TALO,2025-08-20 00:23:51
RC,2025-08-20 00:23:51
CGC,2025-08-20 00:23:51
CLF,2025-08-20 00:23:51
RELX,2025-08-20 00:23:51
SPIR,2025-08-20 00:23:51
ARMN,2025-08-20 00:23:51
OTLK,2025-08-20 00:23:51
SO,2025-08-20 00:23:51
DINO,2025-08-20 00:23:51
ECVT,2025-08-20 00:23:51
NNOX,2025-08-20 00:23:51
BLDE,2025-08-20 00:23:51
RNR,2025-08-20 00:23:51
CBRL,2025-08-20 00:23:51
GRWG,2025-08-20 00:23:51
ARR,2025-08-20 00:23:51
CME,2025-08-20 00:23:51
HUN,2025-08-20 00:23:51
DRH,2025-08-20 00:23:51
CING,2025-08-20 00:23:51
BCE,2025-08-20 00:23:51
SLB,2025-08-20 00:23:51
SPNS,2025-08-20 00:23:51
TRV,2025-08-20 00:23:51
TJX,2025-08-20 00:23:51
VSTS,2025-08-20 00:23:51
SCHW,2025-08-20 00:23:51
UTHR,2025-08-20 00:23:51
CADL,2025-08-20 00:23:51
LZB,2025-08-20 00:23:51
NBIX,2025-08-20 00:23:51
TBPH,2025-08-20 00:23:51
LAND,2025-08-20 00:23:51
LION,2025-08-20 00:23:51
LXEO,2025-08-20 00:23:51
SBS,2025-08-20 00:23:51
SIRI,2025-08-20 00:23:51
TFC,2025-08-20 00:23:51
TNXP,2025-08-20 00:23:51
TXT,2025-08-20 00:23:51
UCB,2025-08-20 00:23:51
VG,2025-08-20 00:23:51
WBS,2025-08-20 00:23:51
WOLF,2025-08-20 00:23:51
GLPI,2025-08-20 00:23:51
GT,2025-08-20 00:23:51
KLAC,2025-08-20 00:23:51
CRCT,2025-08-20 00:23:51
IBN,2025-08-20 00:23:51
CBSH,2025-08-20 00:23:51
MXL,2025-08-20 00:23:51
PNFP,2025-08-20 00:23:51
HOMB,2025-08-20 00:23:51
HKD,2025-08-20 00:23:51
MA,2025-08-20 00:23:51
TSBK,2025-08-20 00:23:51
STAG,2025-08-20 00:23:51
AMH,2025-08-20 00:23:51
TGTX,2025-08-20 00:23:51
CSAN,2025-08-20 00:23:51
GSL,2025-08-20 00:23:51
IVZ,2025-08-20 00:23:51
RYOJ,2025-08-20 00:23:51
ORLA,2025-08-20 00:23:51
PRCH,2025-08-20 00:23:51
JBL,2025-08-20 00:23:51
OSBC,2025-08-20 00:23:51
WOW,2025-08-20 00:23:51
YEXT,2025-08-20 00:23:51
HTZ,2025-08-20 00:23:51
HSBC,2025-08-20 00:23:51
ARCC,2025-08-20 00:23:51
GRRR,2025-08-20 00:23:51
LLY,2025-08-20 00:23:51
FSM,2025-08-20 00:23:51
JBI,2025-08-20 00:23:51
CABA,2025-08-20 00:23:51
LNC,2025-08-20 00:23:51
VIR,2025-08-20 00:23:51
ARQ,2025-08-20 00:23:51
BRSP,2025-08-20 00:23:51
AMAL,2025-08-20 00:23:51
HBM,2025-08-20 00:23:51
TS,2025-08-20 00:23:51
PLMR,2025-08-20 00:23:51
LILAK,2025-08-20 00:23:51
CRBG,2025-08-20 00:23:51
UFPT,2025-08-20 00:23:51
EFTY,2025-08-20 00:23:51
MNTS,2025-08-20 00:23:51
ACAD,2025-08-20 00:23:51
VNET,2025-08-20 00:23:51
TPVG,2025-08-20 00:23:51
CURI,2025-08-20 00:23:51
SHC,2025-08-20 00:23:51
AOS,2025-08-20 00:23:51
ITRI,2025-08-20 00:23:51
AMSC,2025-08-20 00:23:51
USB,2025-08-20 00:23:51
FCF,2025-08-20 00:23:51
WSC,2025-08-20 00:23:51
LRMR,2025-08-20 00:23:51
BLZE,2025-08-20 00:23:51
HOUS,2025-08-20 00:23:51
BRAG,2025-08-20 00:23:51
DAKT,2025-08-20 00:23:51
HURN,2025-08-20 00:23:51
DLX,2025-08-20 00:23:51
FFWM,2025-08-20 00:23:51
JHX,2025-08-20 00:23:51
BW,2025-08-20 00:23:51
CMPO,2025-08-20 00:23:51
CTOS,2025-08-20 00:23:51
SFNC,2025-08-20 00:23:51
BIPC,2025-08-20 00:23:51
ALRM,2025-08-20 00:23:51
DDD,2025-08-20 00:23:51
CWK,2025-08-20 00:23:51
BANC,2025-08-20 00:23:51
HE,2025-08-20 00:23:51
GDOT,2025-08-20 00:23:51
DFDV,2025-08-20 00:23:51
EQH,2025-08-20 00:23:51
KKR,2025-08-20 00:23:51
MOS,2025-08-20 00:23:51
JCI,2025-08-20 00:23:51
PR,2025-08-20 00:23:51
REYN,2025-08-20 00:23:51
VERX,2025-08-20 00:23:51
VIV,2025-08-20 00:23:51
SSRM,2025-08-20 00:23:51
NXE,2025-08-20 00:23:51
MGPI,2025-08-20 00:23:51
ROST,2025-08-20 00:23:51
STAI,2025-08-20 00:23:51
TNDM,2025-08-20 00:23:51
UGI,2025-08-20 00:23:51
FIHL,2025-08-20 00:23:51
FR,2025-08-20 00:23:51
HNI,2025-08-20 00:23:51
IAC,2025-08-20 00:23:51
INSM,2025-08-20 00:23:51
DNUT,2025-08-20 00:23:51
SSB,2025-08-20 00:23:51
FGMC,2025-08-20 00:23:51
Z,2025-08-20 00:23:51
IRDM,2025-08-20 00:23:51
DTM,2025-08-20 00:23:51
ALLY,2025-08-20 00:23:51
KR,2025-08-20 00:23:51
BMI,2025-08-20 00:23:51
HAE,2025-08-20 00:23:51
BHLB,2025-08-20 00:23:51
OTIS,2025-08-20 00:23:51
EHTH,2025-08-20 00:23:51
ARIS,2025-08-20 00:23:51
CYH,2025-08-20 00:23:51
GBDC,2025-08-20 00:23:51
SG,2025-08-20 00:23:51
AMPL,2025-08-20 00:23:51
CMTG,2025-08-20 00:23:51
KGEI,2025-08-20 00:23:51
COMP,2025-08-20 00:23:51
SUPV,2025-08-20 00:23:51
FMBH,2025-08-20 00:23:51
WEST,2025-08-20 00:23:51
NFBK,2025-08-20 00:23:51
CARR,2025-08-20 00:23:51
FHB,2025-08-20 00:23:51
WYNN,2025-08-20 00:23:51
FBP,2025-08-20 00:23:51
OPFI,2025-08-20 00:23:51
PBR,2025-08-20 00:23:51
DIS,2025-08-20 00:23:51
BSX,2025-08-20 00:23:51
GTN,2025-08-20 00:23:51
FSK,2025-08-20 00:23:51
UDR,2025-08-20 00:23:51
GIII,2025-08-20 00:23:51
ASPN,2025-08-20 00:23:51
AMPH,2025-08-20 00:23:51
HTGC,2025-08-20 00:23:51
NXST,2025-08-20 00:23:51
GFL,2025-08-20 00:23:51
AHCO,2025-08-20 00:23:51
ERIE,2025-08-20 00:23:51
VYX,2025-08-20 00:23:51
CWAN,2025-08-20 00:23:51
TRNR,2025-08-20 00:23:51
DV,2025-08-20 00:23:51
GTX,2025-08-20 00:23:51
APG,2025-08-20 00:23:51
CARG,2025-08-20 00:23:51
SNDR,2025-08-20 00:23:51
AIP,2025-08-20 00:23:51
APLS,2025-08-20 00:23:51
OZK,2025-08-20 00:23:51
SFIX,2025-08-20 00:23:51
SNN,2025-08-20 00:23:51
CMPX,2025-08-20 00:23:51
COTY,2025-08-20 00:23:51
GSAT,2025-08-20 00:23:51
ZETA,2025-08-20 00:23:51
TAP,2025-08-20 00:23:51
ARQQ,2025-08-20 00:23:51
BXMT,2025-08-20 00:23:51
SLDB,2025-08-20 00:23:51
PX,2025-08-20 00:23:51
ORIC,2025-08-20 00:23:51
CZR,2025-08-20 00:23:51
DAY,2025-08-20 00:23:51
CFLT,2025-08-20 00:23:51
CRSR,2025-08-20 00:23:51
DHC,2025-08-20 00:23:51
ESI,2025-08-20 00:23:51
EPRT,2025-08-20 00:23:51
DLO,2025-08-20 00:23:51
VSH,2025-08-20 00:23:51
FIS,2025-08-20 00:23:51
YALA,2025-08-20 00:23:51
NCNO,2025-08-20 00:23:51
GES,2025-08-20 00:23:51
OI,2025-08-20 00:23:51
OKE,2025-08-20 00:23:51
RCAT,2025-08-20 00:23:51
CRVS,2025-08-20 00:23:51
TMC,2025-08-20 00:23:51
QGEN,2025-08-20 00:23:51
OMF,2025-08-20 00:23:51
SEPN,2025-08-20 00:23:51
SKE,2025-08-20 00:23:51
HBI,2025-08-20 00:23:51
NUVB,2025-08-20 00:23:51
LXEH,2025-08-20 00:23:51
MGM,2025-08-20 00:23:51
MODG,2025-08-20 00:23:51
CC,2025-08-20 00:23:51
SANA,2025-08-20 00:23:51
AMTX,2025-08-20 00:23:51
TOI,2025-08-20 00:23:51
TW,2025-08-20 00:23:51
VLY,2025-08-20 00:23:51
WPP,2025-08-20 00:23:51
YMAB,2025-08-20 00:23:51
GEVO,2025-08-20 00:23:51
GTM,2025-08-20 00:23:51
INTA,2025-08-20 00:23:51
ITUB,2025-08-20 00:23:51
PEB,2025-08-20 00:23:51
NEE,2025-08-20 00:23:51
GSBD,2025-08-20 00:23:51
EPIX,2025-08-20 00:23:51
NTST,2025-08-20 00:23:51
CSGS,2025-08-20 00:23:51
TALK,2025-08-20 00:23:51
ATLN,2025-08-20 00:23:51
ATI,2025-08-20 00:23:51
MANU,2025-08-20 00:23:51
ONON,2025-08-20 00:23:51
VIK,2025-08-20 00:23:51
DHR,2025-08-20 00:23:51
EZPW,2025-08-20 00:23:51
SN,2025-08-20 00:23:51
OC,2025-08-20 00:23:51
TREE,2025-08-20 00:23:51
EWBC,2025-08-20 00:23:51
ED,2025-08-20 00:23:51
QS,2025-08-20 00:23:51
CUPR,2025-08-20 00:23:51
DEA,2025-08-20 00:23:51
GRI,2025-08-20 00:23:51
FLR,2025-08-20 00:23:51
BLSH,2025-08-20 00:23:51
BBVA,2025-08-20 00:23:51
PRQR,2025-08-20 00:23:51
VIPS,2025-08-20 00:23:51
VMEO,2025-08-20 00:23:51
IMXI,2025-08-20 00:23:51
FDP,2025-08-20 00:23:51
TEL,2025-08-20 00:23:51
MQ,2025-08-20 00:23:51
ROP,2025-08-20 00:23:51
NGL,2025-08-20 00:23:51
EPSN,2025-08-20 00:23:51
FIVE,2025-08-20 00:23:51
THRM,2025-08-20 00:23:51
NI,2025-08-20 00:23:51
ESTC,2025-08-20 00:23:51
UMBF,2025-08-20 00:23:51
ICE,2025-08-20 00:23:51
CHD,2025-08-20 00:23:51
SYM,2025-08-20 00:23:51
RCI,2025-08-20 00:23:51
AMT,2025-08-20 00:23:51
HIMX,2025-08-20 00:23:51
ANF,2025-08-20 00:23:51
AQN,2025-08-20 00:23:51
MASS,2025-08-20 00:23:51
ATYR,2025-08-20 00:23:51
PSTV,2025-08-20 00:23:51
JAKK,2025-08-20 00:23:51
KVUE,2025-08-20 00:23:51
ACTG,2025-08-20 00:23:51
ASM,2025-08-20 00:23:51
CELH,2025-08-20 00:23:51
COMM,2025-08-20 00:23:51
MCW,2025-08-20 00:23:51
FWONK,2025-08-20 00:23:51
RCL,2025-08-20 00:23:51
CUK,2025-08-20 00:23:51
WSO,2025-08-20 00:23:51
DORM,2025-08-20 00:23:51
ODFL,2025-08-20 00:23:51
MGA,2025-08-20 00:23:51
PAM,2025-08-20 00:23:51
RYAM,2025-08-20 00:23:51
SAN,2025-08-20 00:23:51
SPB,2025-08-20 00:23:51
UROY,2025-08-20 00:23:51
WERN,2025-08-20 00:23:51
HOG,2025-08-20 00:23:51
INSG,2025-08-20 00:23:51
HL,2025-08-20 00:23:51
SMX,2025-08-20 00:23:51
FN,2025-08-20 00:23:51
ACDC,2025-08-20 00:23:51
CTAS,2025-08-20 00:23:51
RNG,2025-08-20 00:23:51
FORM,2025-08-20 00:23:51
ABR,2025-08-20 00:23:51
CPRT,2025-08-20 00:23:51
EXC,2025-08-20 00:23:51
ATLX,2025-08-20 00:23:51
WCT,2025-08-20 00:23:51
AMKR,2025-08-20 00:23:51
SGBX,2025-08-20 00:23:51
STRC,2025-08-20 00:23:51
MZTI,2025-08-20 00:23:51
BTU,2025-08-20 00:23:51
DAL,2025-08-20 00:23:51
MRK,2025-08-20 00:23:51
SLF,2025-08-20 00:23:51
MKC,2025-08-20 00:23:51
BK,2025-08-20 00:23:51
CTNM,2025-08-20 00:23:51
SGHT,2025-08-20 00:23:51
CM,2025-08-20 00:23:51
BP,2025-08-20 00:23:51
ES,2025-08-20 00:23:51
ALGM,2025-08-20 00:23:51
MUSA,2025-08-20 00:23:51
SAIC,2025-08-20 00:23:51
FTS,2025-08-20 00:23:51
REPL,2025-08-20 00:23:51
SYRE,2025-08-20 00:23:51
NMFC,2025-08-20 00:23:51
SPOT,2025-08-20 00:23:51
LIN,2025-08-20 00:23:51
FELE,2025-08-20 00:23:51
NXT,2025-08-20 00:23:51
LAMR,2025-08-20 00:23:51
PLAB,2025-08-20 00:23:51
SMFG,2025-08-20 00:23:51
STRT,2025-08-20 00:23:51
UMC,2025-08-20 00:23:51
GPRE,2025-08-20 00:23:51
HCKT,2025-08-20 00:23:51
PACH,2025-08-20 00:23:51
MAMA,2025-08-20 00:23:51
DUK,2025-08-20 00:23:51
INVH,2025-08-20 00:23:51
PPG,2025-08-20 00:23:51
FICO,2025-08-20 00:23:51
GIBO,2025-08-20 00:23:51
IDYA,2025-08-20 00:23:51
APH,2025-08-20 00:23:51
LINE,2025-08-20 00:23:51
BZAI,2025-08-20 00:23:51
MOB,2025-08-20 00:23:51
BBD,2025-08-20 00:23:51
SNEX,2025-08-20 00:23:51
SSSS,2025-08-20 00:23:51
MMSI,2025-08-20 00:23:51
RBBN,2025-08-20 00:23:51
AGO,2025-08-20 00:23:51
FFAI,2025-08-20 00:23:51
AURA,2025-08-20 00:23:51
AUTL,2025-08-20 00:23:51
SY,2025-08-20 00:23:51
SRDX,2025-08-20 00:23:51
LEU,2025-08-20 00:23:51
ARKO,2025-08-20 00:23:51
SEE,2025-08-20 00:23:51
ALNY,2025-08-20 00:23:51
NPK,2025-08-20 00:23:51
CCSI,2025-08-20 00:23:51
CXM,2025-08-20 00:23:51
SATL,2025-08-20 00:23:51
AVAV,2025-08-20 00:23:51
FLY,2025-08-20 00:23:51
PMN,2025-08-20 00:23:51
SIDU,2025-08-20 00:23:51
LUMN,2025-08-20 00:23:51
REKR,2025-08-20 00:23:51
L,2025-08-20 00:23:51
MOMO,2025-08-20 00:23:51
SPRY,2025-08-20 00:23:51
PBR-A,2025-08-20 00:23:51
OPRT,2025-08-20 00:23:51
MDT,2025-08-20 00:23:51
GDHG,2025-08-20 00:23:51
ICHR,2025-08-20 00:23:51
III,2025-08-20 00:23:51
WING,2025-08-20 00:23:51
TSLX,2025-08-20 00:23:51
CECO,2025-08-20 00:23:51
LFST,2025-08-20 00:23:51
CTRE,2025-08-20 00:23:51
ACI,2025-08-20 00:23:51
LDOS,2025-08-20 00:23:51
RBA,2025-08-20 00:23:51
AVAH,2025-08-20 00:23:51
TWST,2025-08-20 00:23:51
AIOT,2025-08-20 00:23:51
NWPX,2025-08-20 00:23:51
HIG,2025-08-20 00:23:51
BGS,2025-08-20 00:23:51
HR,2025-08-20 00:23:51
SRE,2025-08-20 00:23:51
CR,2025-08-20 00:23:51
DXC,2025-08-20 00:23:51
CRNT,2025-08-20 00:23:51
ACU,2025-08-20 00:23:51
AEBI,2025-08-20 00:23:51
AVO,2025-08-20 00:23:51
MLKN,2025-08-20 00:23:51
ANDE,2025-08-20 00:23:51
CIM,2025-08-20 00:23:51
CUBE,2025-08-20 00:23:51
FNGR,2025-08-20 00:23:51
FLNG,2025-08-20 00:23:51
PRPH,2025-08-20 00:23:51
DOMO,2025-08-20 00:23:51
SEDG,2025-08-20 00:23:51
OVV,2025-08-20 00:23:51
RDVT,2025-08-20 00:23:51
SGRY,2025-08-20 00:23:51
THS,2025-08-20 00:23:51
UPXI,2025-08-20 00:23:51
FOSL,2025-08-20 00:23:51
CHYM,2025-08-20 00:23:51
HPQ,2025-08-20 00:23:51
FAF,2025-08-20 00:23:51
PAX,2025-08-20 00:23:51
GXO,2025-08-20 00:23:51
BHP,2025-08-20 00:23:51
SCM,2025-08-20 00:23:51
PI,2025-08-20 00:23:51
DT,2025-08-20 00:23:51
PHAT,2025-08-20 00:23:51
HUBG,2025-08-20 00:23:51
JLL,2025-08-20 00:23:51
AIZ,2025-08-20 00:23:51
GSM,2025-08-20 00:23:51
STE,2025-08-20 00:23:51
PFG,2025-08-20 00:23:51
OGN,2025-08-20 00:23:51
EFXT,2025-08-20 00:23:51
REXR,2025-08-20 00:23:51
HLIO,2025-08-20 00:23:51
ENTG,2025-08-20 00:23:51
AISP,2025-08-20 00:23:51
GOLF,2025-08-20 00:23:51
BRX,2025-08-20 00:23:51
CALM,2025-08-20 00:23:51
XPRO,2025-08-20 00:23:51
POR,2025-08-20 00:23:51
BALL,2025-08-20 00:23:51
NWSA,2025-08-20 00:23:51
EXPO,2025-08-20 00:23:51
PLX,2025-08-20 00:23:51
HXL,2025-08-20 00:23:51
CRK,2025-08-20 00:23:51
ICL,2025-08-20 00:23:51
GLXY,2025-08-20 00:23:51
BEKE,2025-08-20 00:23:51
TREX,2025-08-20 00:23:51
OIS,2025-08-20 00:23:51
KAR,2025-08-20 00:23:51
MMC,2025-08-20 00:23:51
AMPX,2025-08-20 00:23:51
MNST,2025-08-20 00:23:51
UFPI,2025-08-20 00:23:51
TR,2025-08-20 00:23:51
LWLG,2025-08-20 00:23:51
CWEN,2025-08-20 00:23:51
BAM,2025-08-20 00:23:51
BNL,2025-08-20 00:23:51
BG,2025-08-20 00:23:51
KYIV,2025-08-20 00:23:51
CAL,2025-08-20 00:23:51
AVNS,2025-08-20 00:23:51
BTE,2025-08-20 00:23:51
WU,2025-08-20 00:23:51
HESM,2025-08-20 00:23:51
DLR,2025-08-20 00:23:51
XPON,2025-08-20 00:23:51
SPR,2025-08-20 00:23:51
SLNO,2025-08-20 00:23:51
VET,2025-08-20 00:23:51
EXK,2025-08-20 00:23:51
LX,2025-08-20 00:23:51
TIMB,2025-08-20 00:23:51
VTR,2025-08-20 00:23:51
WST,2025-08-20 00:23:51
KSCP,2025-08-20 00:23:51
AIRJ,2025-08-20 00:23:51
UE,2025-08-20 00:23:51
BIRK,2025-08-20 00:23:51
OXM,2025-08-20 00:23:51
EMX,2025-08-20 00:23:51
MAC,2025-08-20 00:23:51
TRTX,2025-08-20 00:23:51
MATX,2025-08-20 00:23:51
DCOM,2025-08-20 00:23:51
KRYS,2025-08-20 00:23:51
FA,2025-08-20 00:23:51
CTRA,2025-08-20 00:23:51
GVH,2025-08-20 00:23:51
CASK,2025-08-20 00:23:51
ZIP,2025-08-20 00:23:51
RIG,2025-08-20 00:23:51
CNA,2025-08-20 00:23:51
AEE,2025-08-20 00:23:51
VSCO,2025-08-20 00:23:51
AVA,2025-08-20 00:23:51
MIR,2025-08-20 00:23:51
BCPC,2025-08-20 00:23:51
SKT,2025-08-20 00:23:51
CTMX,2025-08-20 00:23:51
VSEC,2025-08-20 00:23:51
AKBA,2025-08-20 00:23:51
DNLI,2025-08-20 00:23:51
AMGN,2025-08-20 00:23:51
EPAC,2025-08-20 00:23:51
FND,2025-08-20 00:23:51
GD,2025-08-20 00:23:51
AWK,2025-08-20 00:23:51
FNF,2025-08-20 00:23:51
PLTK,2025-08-20 00:23:51
GRYP,2025-08-20 00:23:51
NRIX,2025-08-20 00:23:51
UAVS,2025-08-20 00:23:51
UPBD,2025-08-20 00:23:51
SITM,2025-08-20 00:23:51
FIGS,2025-08-20 00:23:51
EXFY,2025-08-20 00:23:51
LSTR,2025-08-20 00:23:51
PHM,2025-08-20 00:23:51
POET,2025-08-20 00:23:51
PSA-PK,2025-08-20 00:23:51
RPAY,2025-08-20 00:23:51
TOL,2025-08-20 00:23:51
TWO,2025-08-20 00:23:51
HSY,2025-08-20 00:23:51
IRT,2025-08-20 00:23:51
KEP,2025-08-20 00:23:51
WOOF,2025-08-20 00:23:51
CON,2025-08-20 00:23:51
YUM,2025-08-20 00:23:51
MSEX,2025-08-20 00:23:51
AGNC,2025-08-20 00:23:51
RVTY,2025-08-20 00:23:51
BRFS,2025-08-20 00:23:51
RVSB,2025-08-20 00:23:51
CCAP,2025-08-20 00:23:51
TNFA,2025-08-20 00:23:51
PCVX,2025-08-20 00:23:51
GOOS,2025-08-20 00:23:51
WDFC,2025-08-20 00:23:51
SPGI,2025-08-20 00:23:51
BRLT,2025-08-20 00:23:51
TCX,2025-08-20 00:23:51
NVT,2025-08-20 00:23:51
ALL,2025-08-20 00:23:51
BANF,2025-08-20 00:23:51
EEFT,2025-08-20 00:23:51
VST,2025-08-20 00:23:51
SKLZ,2025-08-20 00:23:51
EVTL,2025-08-20 00:23:51
CB,2025-08-20 00:23:51
MDB,2025-08-20 00:23:51
NVRI,2025-08-20 00:23:51
RITM,2025-08-20 00:23:51
KLTO,2025-08-20 00:23:51
RYN,2025-08-20 00:23:51
SGN,2025-08-20 00:23:51
TRML,2025-08-20 00:23:51
WMB,2025-08-20 00:23:51
FLGC,2025-08-20 00:23:51
FLXS,2025-08-20 00:23:51
J,2025-08-20 00:23:51
ECPG,2025-08-20 00:23:51
NG,2025-08-20 00:23:51
BLD,2025-08-20 00:23:51
SCLX,2025-08-20 00:23:51
PRSO,2025-08-20 00:23:51
ASAN,2025-08-20 00:23:51
NNNN,2025-08-20 00:23:51
CPK,2025-08-20 00:23:51
ARI,2025-08-20 00:23:51
NEGG,2025-08-20 00:23:51
SR,2025-08-20 00:23:51
KMT,2025-08-20 00:23:51
DCBO,2025-08-20 00:23:51
LECO,2025-08-20 00:23:51
IGIC,2025-08-20 00:23:51
EGP,2025-08-20 00:23:51
ELP,2025-08-20 00:23:51
SNX,2025-08-20 00:23:51
RLAY,2025-08-20 00:23:51
CDIO,2025-08-20 00:23:51
CNI,2025-08-20 00:23:51
OKUR,2025-08-20 00:23:51
INBS,2025-08-20 00:23:51
LMT,2025-08-20 00:23:51
ROOT,2025-08-20 00:23:51
OMER,2025-08-20 00:23:51
SKY,2025-08-20 00:23:51
JMIA,2025-08-20 00:23:51
NNDM,2025-08-20 00:23:51
PPTA,2025-08-20 00:23:51
RARE,2025-08-20 00:23:51
RMNI,2025-08-20 00:23:51
SNDX,2025-08-20 00:23:51
TTEC,2025-08-20 00:23:51
WINA,2025-08-20 00:23:51
YGMZ,2025-08-20 00:23:51
CJMB,2025-08-20 00:23:51
MREO,2025-08-20 00:23:51
PNTG,2025-08-20 00:23:51
NEE-PN,2025-08-20 00:23:51
OSPN,2025-08-20 00:23:51
CHRD,2025-08-20 00:23:51
NTCT,2025-08-20 00:23:51
ASTH,2025-08-20 00:23:51
PAY,2025-08-20 00:23:51
VMAR,2025-08-20 00:23:51
SOC,2025-08-20 00:23:51
RTO,2025-08-20 00:23:51
ORC,2025-08-20 00:23:51
SBC,2025-08-20 00:23:51
CAKE,2025-08-20 00:23:51
MPLX,2025-08-20 00:23:51
AUB,2025-08-20 00:23:51
CI,2025-08-20 00:23:51
MUX,2025-08-20 00:23:51
UTZ,2025-08-20 00:23:51
SAP,2025-08-20 00:23:51
BABA,2025-08-20 00:23:51
KOPN,2025-08-20 00:23:51
LMND,2025-08-20 00:23:51
MOH,2025-08-20 00:23:51
PPBI,2025-08-20 00:23:51
T-PC,2025-08-20 00:23:51
ZENA,2025-08-20 00:23:51
ZVIA,2025-08-20 00:23:51
CLYM,2025-08-20 00:23:51
MTEK,2025-08-20 00:23:51
BOC,2025-08-20 00:23:51
MPW,2025-08-20 00:23:51
CIB,2025-08-20 00:23:51
TIC,2025-08-20 00:23:51
FGL,2025-08-20 00:23:51
ALHC,2025-08-20 00:23:51
BBAR,2025-08-20 00:23:51
BZH,2025-08-20 00:23:51
APLM,2025-08-20 00:23:51
SWKS,2025-08-20 00:23:51
PLPC,2025-08-20 00:23:51
NYT,2025-08-20 00:23:51
UBS,2025-08-20 00:23:51
AEG,2025-08-20 00:23:51
PSA,2025-08-20 00:23:51
SVC,2025-08-20 00:23:51
EC,2025-08-20 00:23:51
PYXS,2025-08-20 00:23:51
ZH,2025-08-20 00:23:51
BLDP,2025-08-20 00:23:51
BWXT,2025-08-20 00:23:51
CWH,2025-08-20 00:23:51
DBI,2025-08-20 00:23:51
HOVR,2025-08-20 00:23:51
PLRZ,2025-08-20 00:23:51
ACLS,2025-08-20 00:23:51
RWT,2025-08-20 00:23:51
PGR,2025-08-20 00:23:51
PLCE,2025-08-20 00:23:51
SKYT,2025-08-20 00:23:51
WSR,2025-08-20 00:23:51
KODK,2025-08-20 00:23:51
SQNS,2025-08-20 00:23:51
TMCI,2025-08-20 00:23:51
BIP,2025-08-20 00:23:51
FROG,2025-08-20 00:23:51
HTH,2025-08-20 00:23:51
ING,2025-08-20 00:23:51
TTGT,2025-08-20 00:23:51
MRUS,2025-08-20 00:23:51
ERAS,2025-08-20 00:23:51
GMGI,2025-08-20 00:23:51
AHR,2025-08-20 00:23:51
CORT,2025-08-20 00:23:51
DNB,2025-08-20 00:23:51
NCNA,2025-08-20 00:23:51
SSL,2025-08-20 00:23:51
EGHT,2025-08-20 00:23:51
MTDR,2025-08-20 00:23:51
AMC,2025-08-20 00:23:51
BKKT,2025-08-20 00:23:51
ETSY,2025-08-20 00:23:51
MVBF,2025-08-20 00:23:51
LQDT,2025-08-20 00:23:51
NFE,2025-08-20 00:23:51
BHVN,2025-08-20 00:23:51
FITBI,2025-08-20 00:23:51
GH,2025-08-20 00:23:51
PSTG,2025-08-20 00:23:51
SOJE,2025-08-20 00:23:51
SHIP,2025-08-20 00:23:51
LTC,2025-08-20 00:23:51
MS-PQ,2025-08-20 00:23:51
MSCI,2025-08-20 00:23:51
QLYS,2025-08-20 00:23:51
URBN,2025-08-20 00:23:51
FBRT,2025-08-20 00:23:51
LPX,2025-08-20 00:23:51
SEMR,2025-08-20 00:23:51
IDA,2025-08-20 00:23:51
IZM,2025-08-20 00:23:51
RSKD,2025-08-20 00:23:51
CNTA,2025-08-20 00:23:51
FER,2025-08-20 00:23:51
TRP,2025-08-20 00:23:51
COLD,2025-08-20 00:23:51
COOP,2025-08-20 00:23:51
SENEA,2025-08-20 00:23:51
GLNG,2025-08-20 00:23:51
UA,2025-08-20 00:23:51
MFA,2025-08-20 00:23:51
HIVE,2025-08-20 00:23:51
ABM,2025-08-20 00:23:51
AXSM,2025-08-20 00:23:51
AEHR,2025-08-20 00:23:51
CF,2025-08-20 00:23:51
EPC,2025-08-20 00:23:51
BRBR,2025-08-20 00:23:51
GAME,2025-08-20 00:23:51
WULF,2025-08-20 00:23:51
NSIT,2025-08-20 00:23:51
GPRO,2025-08-20 00:23:51
NUVL,2025-08-20 00:23:51
KOD,2025-08-20 00:23:51
RRC,2025-08-20 00:23:51
SBLK,2025-08-20 00:23:51
VRSN,2025-08-20 00:23:51
VRT,2025-08-20 00:23:51
GE,2025-08-20 00:23:51
IRBT,2025-08-20 00:23:51
GENI,2025-08-20 00:23:51
GPI,2025-08-20 00:23:51
BFH,2025-08-20 00:23:51
PGNY,2025-08-20 00:23:51
BMRC,2025-08-20 00:23:51
EAI,2025-08-20 00:23:51
DNOW,2025-08-20 00:23:51
FYBR,2025-08-20 00:23:51
CTO,2025-08-20 00:23:51
RAYA,2025-08-20 00:23:51
AMLX,2025-08-20 00:23:51
VZLA,2025-08-20 00:23:51
VCIG,2025-08-20 00:23:51
GLRE,2025-08-20 00:23:51
KREF,2025-08-20 00:23:51
CLOV,2025-08-20 00:23:51
GSHD,2025-08-20 00:23:51
LMNR,2025-08-20 00:23:51
LRN,2025-08-20 00:23:51
TLX,2025-08-20 00:23:51
WGO,2025-08-20 00:23:51
INMD,2025-08-20 00:23:51
UPWK,2025-08-20 00:23:51
ELC,2025-08-20 00:23:51
FDS,2025-08-20 00:23:51
NCDL,2025-08-20 00:23:51
RDW,2025-08-20 00:23:51
AFG,2025-08-20 00:23:51
HDB,2025-08-20 00:23:51
HD,2025-08-20 00:23:51
ABL,2025-08-20 00:23:51
RNA,2025-08-20 00:23:51
ELV,2025-08-20 00:23:51
MFG,2025-08-20 00:23:51
SRXH,2025-08-20 00:23:51
AUUD,2025-08-20 00:23:51
OSS,2025-08-20 00:23:51
CMPS,2025-08-20 00:23:51
CWST,2025-08-20 00:23:51
LSCC,2025-08-20 00:23:51
PLSE,2025-08-20 00:23:51
IXHL,2025-08-20 00:23:51
PFIS,2025-08-20 00:23:51
QMCO,2025-08-20 00:23:51
INTS,2025-08-20 00:23:51
ISSC,2025-08-20 00:23:51
MTZ,2025-08-20 00:23:51
PLUS,2025-08-20 00:23:51
AMN,2025-08-20 00:23:51
AVNT,2025-08-20 00:23:51
DOMH,2025-08-20 00:23:51
PWM,2025-08-20 00:23:51
NEWP,2025-08-20 00:23:51
GLPG,2025-08-20 00:23:51
SONY,2025-08-20 00:23:51
ODP,2025-08-20 00:23:51
CAH,2025-08-20 00:23:51
HPP,2025-08-20 00:23:51
XTIA,2025-08-20 00:23:51
HAIN,2025-08-20 00:23:51
RYAN,2025-08-20 00:23:51
LOW,2025-08-20 00:23:51
FUFU,2025-08-20 00:23:51
TMHC,2025-08-20 00:23:51
SPTN,2025-08-20 00:23:51
NOMD,2025-08-20 00:23:51
CVBF,2025-08-20 00:23:51
MGY,2025-08-20 00:23:51
WFC-PD,2025-08-20 00:23:51
ALKT,2025-08-20 00:23:51
RRR,2025-08-20 00:23:51
AMWD,2025-08-20 00:23:51
CVAC,2025-08-20 00:23:51
MS,2025-08-20 00:23:51
LFMD,2025-08-20 00:23:51
CRI,2025-08-20 00:23:51
WM,2025-08-20 00:23:51
GNL,2025-08-20 00:23:51
ACIC,2025-08-20 00:23:51
GOGL,2025-08-20 00:23:51
YOU,2025-08-20 00:23:51
CCRN,2025-08-20 00:23:51
SWIM,2025-08-20 00:23:51
ASBP,2025-08-20 00:23:51
CAMT,2025-08-20 00:23:51
CATY,2025-08-20 00:23:51
FFIC,2025-08-20 00:23:51
MDAI,2025-08-20 00:23:51
KD,2025-08-20 00:23:51
OCUL,2025-08-20 00:23:51
OOMA,2025-08-20 00:23:51
RIGL,2025-08-20 00:23:51
NSA,2025-08-20 00:23:51
IIPR,2025-08-20 00:23:51
TRIN,2025-08-20 00:23:51
JHG,2025-08-20 00:23:51
BAX,2025-08-20 00:23:51
OSIS,2025-08-20 00:23:51
MHK,2025-08-20 00:23:51
PHR,2025-08-20 00:23:51
SBH,2025-08-20 00:23:51
SWBI,2025-08-20 00:23:51
TGB,2025-08-20 00:23:51
WNC,2025-08-20 00:23:51
WPC,2025-08-20 00:23:51
WT,2025-08-20 00:23:51
TILE,2025-08-20 00:23:51
GELS,2025-08-20 00:23:51
ATXS,2025-08-20 00:23:51
TSN,2025-08-20 00:23:51
FBLG,2025-08-20 00:23:51
TKC,2025-08-20 00:23:51
FTDR,2025-08-20 00:23:51
SCNI,2025-08-20 00:23:51
EXAS,2025-08-20 00:23:51
GOSS,2025-08-20 00:23:51
AVPT,2025-08-20 00:23:51
PATK,2025-08-20 00:23:51
ARHS,2025-08-20 00:23:51
LMFA,2025-08-20 00:23:51
RWAY,2025-08-20 00:23:51
ULTA,2025-08-20 00:23:51
MITK,2025-08-20 00:23:51
ANGO,2025-08-20 00:23:51
NPWR,2025-08-20 00:23:51
CBUS,2025-08-20 00:23:51
CASY,2025-08-20 00:23:51
PBPB,2025-08-20 00:23:51
EXR,2025-08-20 00:23:51
CVLT,2025-08-20 00:23:51
ALLE,2025-08-20 00:23:51
CRTO,2025-08-20 00:23:51
STXS,2025-08-20 00:23:51
INMB,2025-08-20 00:23:51
PZG,2025-08-20 00:23:51
PRO,2025-08-20 00:23:51
NMIH,2025-08-20 00:23:51
EVCM,2025-08-20 00:23:51
OSUR,2025-08-20 00:23:51
SCVL,2025-08-20 00:23:51
SELF,2025-08-20 00:23:51
MBOT,2025-08-20 00:23:51
LMB,2025-08-20 00:23:51
PAA,2025-08-20 00:23:51
RVMD,2025-08-20 00:23:51
SNCY,2025-08-20 00:23:51
BHC,2025-08-20 00:23:51
VECO,2025-08-20 00:23:51
XPER,2025-08-20 00:23:51
BUSE,2025-08-20 00:23:51
TFPM,2025-08-20 00:23:51
ROCK,2025-08-20 00:23:51
INDV,2025-08-20 00:23:51
SRAD,2025-08-20 00:23:51
CMI,2025-08-20 00:23:51
LEN,2025-08-20 00:23:51
CAPR,2025-08-20 00:23:51
TK,2025-08-20 00:23:51
TRS,2025-08-20 00:23:51
CCU,2025-08-20 00:23:51
MRC,2025-08-20 00:23:51
PRM,2025-08-20 00:23:51
REVG,2025-08-20 00:23:51
WMS,2025-08-20 00:23:51
SONO,2025-08-20 00:23:51
ZG,2025-08-20 00:23:51
LEGN,2025-08-20 00:23:51
XMTR,2025-08-20 00:23:51
VWAV,2025-08-20 00:23:51
BBOT,2025-08-20 00:23:51
HMR,2025-08-20 00:23:51
COP,2025-08-20 00:23:51
MMM,2025-08-20 00:23:51
ABAT,2025-08-20 00:23:51
WFG,2025-08-20 00:23:51
FG,2025-08-20 00:23:51
PCRX,2025-08-20 00:23:51
BURL,2025-08-20 00:23:51
SBCF,2025-08-20 00:23:51
WIT,2025-08-20 00:23:51
ZGN,2025-08-20 00:23:51
HI,2025-08-20 00:23:51
BLND,2025-08-20 00:23:51
FNV,2025-08-20 00:23:51
SPWH,2025-08-20 00:23:51
NKTX,2025-08-20 00:23:51
FIBK,2025-08-20 00:23:51
MIDD,2025-08-20 00:23:51
OPAL,2025-08-20 00:23:51
IMMR,2025-08-20 00:23:51
OXY,2025-08-20 00:23:51
PPL,2025-08-20 00:23:51
PTGX,2025-08-20 00:23:51
RHI,2025-08-20 00:23:51
RXST,2025-08-20 00:23:51
TFII,2025-08-20 00:23:51
HNRG,2025-08-20 00:23:51
IOT,2025-08-20 00:23:51
TLK,2025-08-20 00:23:51
SILA,2025-08-20 00:23:51
ESNT,2025-08-20 00:23:51
OABI,2025-08-20 00:23:51
ALDX,2025-08-20 00:23:51
STLD,2025-08-20 00:23:51
CDZI,2025-08-20 00:23:51
BCC,2025-08-20 00:23:51
DCI,2025-08-20 00:23:51
ACVA,2025-08-20 00:23:51
ITGR,2025-08-20 00:23:51
FLYW,2025-08-20 00:23:51
ESPR,2025-08-20 00:23:51
ABUS,2025-08-20 00:23:51
OLP,2025-08-20 00:23:51
DENN,2025-08-20 00:23:51
HQH,2025-08-20 00:23:51
EKSO,2025-08-20 00:23:51
ERO,2025-08-20 00:23:51
OGE,2025-08-20 00:23:51
KYIVW,2025-08-20 00:23:51
ABVX,2025-08-20 00:23:51
QURE,2025-08-20 00:23:51
CLS,2025-08-20 00:23:51
LPRO,2025-08-20 00:23:51
DFH,2025-08-20 00:23:51
ATAT,2025-08-20 00:23:51
CEP,2025-08-20 00:23:51
IHS,2025-08-20 00:23:51
BMGL,2025-08-20 00:23:51
SWK,2025-08-20 00:23:51
CFR,2025-08-20 00:23:51
GNRC,2025-08-20 00:23:51
CWT,2025-08-20 00:23:51
EOG,2025-08-20 00:23:51
ITRN,2025-08-20 00:23:51
HDSN,2025-08-20 00:23:51
CGTX,2025-08-20 00:23:51
ASA,2025-08-20 00:23:51
TTAM,2025-08-20 00:23:51
MNKD,2025-08-20 00:23:51
USFD,2025-08-20 00:23:51
SKX,2025-08-20 00:23:51
PBA,2025-08-20 00:23:51
PFGC,2025-08-20 00:23:51
FIVN,2025-08-20 00:23:51
LBRDA,2025-08-20 00:23:51
LGIH,2025-08-20 00:23:51
MDXG,2025-08-20 00:23:51
PCAR,2025-08-20 00:23:51
RGEN,2025-08-20 00:23:51
TLS,2025-08-20 00:23:51
WCN,2025-08-20 00:23:51
WVE,2025-08-20 00:23:51
WYFI,2025-08-20 00:23:51
FRHC,2025-08-20 00:23:51
QNTM,2025-08-20 00:23:51
VRE,2025-08-20 00:23:51
NFG,2025-08-20 00:23:51
CTKB,2025-08-20 00:23:51
FF,2025-08-20 00:23:51
GL,2025-08-20 00:23:51
NUS,2025-08-20 00:23:51
IMDX,2025-08-20 00:23:51
PB,2025-08-20 00:23:51
FORD,2025-08-20 00:23:51
FRME,2025-08-20 00:23:51
QNST,2025-08-20 00:23:51
EVER,2025-08-20 00:23:51
YOUL,2025-08-20 00:23:51
HROW,2025-08-20 00:23:51
RNW,2025-08-20 00:23:51
QTRX,2025-08-20 00:23:51
DK,2025-08-20 00:23:51
FCN,2025-08-20 00:23:51
NLSPW,2025-08-20 00:23:51
APPF,2025-08-20 00:23:51
FSLY,2025-08-20 00:23:51
GOVX,2025-08-20 00:23:51
DPRO,2025-08-20 00:23:51
ARBE,2025-08-20 00:23:51
OCSL,2025-08-20 00:23:51
NVCR,2025-08-20 00:23:51
CMCO,2025-08-20 00:23:51
EMPD,2025-08-20 00:23:51
DH,2025-08-20 00:23:51
SHCO,2025-08-20 00:23:51
NEWT,2025-08-20 00:23:51
PCTY,2025-08-20 00:23:51
OLO,2025-08-20 00:23:51
VRDN,2025-08-20 00:23:51
PMT,2025-08-20 00:23:51
LBTYK,2025-08-20 00:23:51
MTN,2025-08-20 00:23:51
MTNB,2025-08-20 00:23:51
GEV,2025-08-20 00:23:51
IBM,2025-08-20 00:23:51
JACK,2025-08-20 00:23:51
CPT,2025-08-20 00:23:51
PDFS,2025-08-20 00:23:51
BNS,2025-08-20 00:23:51
SGU,2025-08-20 00:23:51
AQST,2025-08-20 00:23:51
EMN,2025-08-20 00:23:51
PFLT,2025-08-20 00:23:51
ESLT,2025-08-20 00:23:51
AVB,2025-08-20 00:23:51
ALTO,2025-08-20 00:23:51
BWMN,2025-08-20 00:23:51
HWM,2025-08-20 00:23:51
FATE,2025-08-20 00:23:51
IVR,2025-08-20 00:23:51
HTO,2025-08-20 00:23:51
TAK,2025-08-20 00:23:51
PUBM,2025-08-20 00:23:51
RES,2025-08-20 00:23:51
PSNL,2025-08-20 00:23:51
PSNY,2025-08-20 00:23:51
KELYA,2025-08-20 00:23:51
ASX,2025-08-20 00:23:51
MLCO,2025-08-20 00:23:51
ACRE,2025-08-20 00:23:51
CVNA,2025-08-20 00:23:51
AMRX,2025-08-20 00:23:51
BLMN,2025-08-20 00:23:51
SLM,2025-08-20 00:23:51
FANG,2025-08-20 00:23:51
LIND,2025-08-20 00:23:51
AMBP,2025-08-20 00:23:51
MNRO,2025-08-20 00:23:51
SBGI,2025-08-20 00:23:51
SNOW,2025-08-20 00:23:51
SYK,2025-08-20 00:23:51
TCMD,2025-08-20 00:23:51
TWLO,2025-08-20 00:23:51
FRD,2025-08-20 00:23:51
PLNT,2025-08-20 00:23:51
GOTU,2025-08-20 00:23:51
ANIK,2025-08-20 00:23:51
KBH,2025-08-20 00:23:51
UMAC,2025-08-20 00:23:51
LEA,2025-08-20 00:23:51
HUYA,2025-08-20 00:23:51
VMC,2025-08-20 00:23:51
SLP,2025-08-20 00:23:51
BEPC,2025-08-20 00:23:51
SPCE,2025-08-20 00:23:51
CGNX,2025-08-20 00:23:51
CX,2025-08-20 00:23:51
MPC,2025-08-20 00:23:51
VNDA,2025-08-20 00:23:51
ORA,2025-08-20 00:23:51
MTSI,2025-08-20 00:23:51
AER,2025-08-20 00:23:51
AVNW,2025-08-20 00:23:51
HCSG,2025-08-20 00:23:51
LILA,2025-08-20 00:23:51
OWL,2025-08-20 00:23:51
RLI,2025-08-20 00:23:51
UHS,2025-08-20 00:23:51
WGS,2025-08-20 00:23:51
GREE,2025-08-20 00:23:51
RLJ,2025-08-20 00:23:51
ANGI,2025-08-20 00:23:51
IMG,2025-08-20 00:23:51
USAU,2025-08-20 00:23:51
BFLY,2025-08-20 00:23:51
ENOV,2025-08-20 00:23:51
LEG,2025-08-20 00:23:51
CTBB,2025-08-20 00:23:51
MATV,2025-08-20 00:23:51
COF,2025-08-20 00:23:51
NOC,2025-08-20 00:23:51
HWC,2025-08-20 00:23:51
ALIT,2025-08-20 00:23:51
SM,2025-08-20 00:23:51
PTLO,2025-08-20 00:23:51
STAA,2025-08-20 00:23:51
MXCT,2025-08-20 00:23:51
MNSO,2025-08-20 00:23:51
SON,2025-08-20 00:23:51
CRESY,2025-08-20 00:23:51
YELP,2025-08-20 00:23:51
CPRI,2025-08-20 00:23:51
EYPT,2025-08-20 00:23:51
CSIQ,2025-08-20 00:23:51
DBD,2025-08-20 00:23:51
HOV,2025-08-20 00:23:51
DARE,2025-08-20 00:23:51
FIP,2025-08-20 00:23:51
NESR,2025-08-20 00:23:51
IART,2025-08-20 00:23:51
POST,2025-08-20 00:23:51
DTE,2025-08-20 00:23:51
VVPR,2025-08-20 00:23:51
OMDA,2025-08-20 00:23:51
HTLD,2025-08-20 00:23:51
MIAX,2025-08-20 00:23:51
RDY,2025-08-20 00:23:51
TTE,2025-08-20 00:23:51
UXIN,2025-08-20 00:23:51
VIOT,2025-08-20 00:23:51
CHDN,2025-08-20 00:23:51
BIVI,2025-08-20 00:23:51
CMBT,2025-08-20 00:23:51
GWRE,2025-08-20 00:23:51
TRAW,2025-08-20 00:23:51
LAW,2025-08-20 00:23:51
CBLL,2025-08-20 00:23:51
WAL,2025-08-20 00:23:51
BLK,2025-08-20 00:23:51
HIND,2025-08-20 00:23:51
PLYM,2025-08-20 00:23:51
FLD,2025-08-20 00:23:51
RH,2025-08-20 00:23:51
ACB,2025-08-20 00:23:51
HMST,2025-08-20 00:23:51
BFAM,2025-08-20 00:23:51
VRME,2025-08-20 00:23:51
ASLE,2025-08-20 00:23:51
SPNT,2025-08-20 00:23:51
CE,2025-08-20 00:23:51
ENR,2025-08-20 00:23:51
DHT,2025-08-20 00:23:51
PLAY,2025-08-20 00:23:51
PAYO,2025-08-20 00:23:51
PTEN,2025-08-20 00:23:51
RAPP,2025-08-20 00:23:51
LEVI,2025-08-20 00:23:51
CRVL,2025-08-20 00:23:51
NLY,2025-08-20 00:23:51
AMG,2025-08-20 00:23:51
MRSN,2025-08-20 00:23:51
TOUR,2025-08-20 00:23:51
XIFR,2025-08-20 00:23:51
CGEN,2025-08-20 00:23:51
BX,2025-08-20 00:23:51
ATOM,2025-08-20 00:23:51
GTY,2025-08-20 00:23:51
ALV,2025-08-20 00:23:51
ETNB,2025-08-20 00:23:51
GOGO,2025-08-20 00:23:51
HII,2025-08-20 00:23:51
PD,2025-08-20 00:23:51
CLX,2025-08-20 00:23:51
KOS,2025-08-20 00:23:51
PWR,2025-08-20 00:23:51
ELS,2025-08-20 00:23:51
IFF,2025-08-20 00:23:51
HAYW,2025-08-20 00:23:51
CVRX,2025-08-20 00:23:51
ATS,2025-08-20 00:23:51
JCAP,2025-08-20 00:23:51
RBB,2025-08-20 00:23:51
DE,2025-08-20 00:23:51
KRP,2025-08-20 00:23:51
PAGP,2025-08-20 00:23:51
SABR,2025-08-20 00:23:51
TNYA,2025-08-20 00:23:51
NUAI,2025-08-20 00:23:51
ATEX,2025-08-20 00:23:51
UNTY,2025-08-20 00:23:51
ATKR,2025-08-20 00:23:51
NOA,2025-08-20 00:23:51
AWR,2025-08-20 00:23:51
CENX,2025-08-20 00:23:51
MCK,2025-08-20 00:23:51
YAAS,2025-08-20 00:23:51
ACIW,2025-08-20 00:23:51
VBNK,2025-08-20 00:23:51
MYGN,2025-08-20 00:23:51
ORGO,2025-08-20 00:23:51
EW,2025-08-20 00:23:51
ANRO,2025-08-20 00:23:51
ALLR,2025-08-20 00:23:51
AVDL,2025-08-20 00:23:51
BASE,2025-08-20 00:23:51
PCYO,2025-08-20 00:23:51
LLYVA,2025-08-20 00:23:51
SKYE,2025-08-20 00:23:51
PAHC,2025-08-20 00:23:51
UWMC,2025-08-20 00:23:51
NKTR,2025-08-20 00:23:51
NYXH,2025-08-20 00:23:51
AUPH,2025-08-20 00:23:51
TAC,2025-08-20 00:23:51
TRON,2025-08-20 00:23:51
CHA,2025-08-20 00:23:51
DNA,2025-08-20 00:23:51
AGM,2025-08-20 00:23:51
OST,2025-08-20 00:23:51
GNE,2025-08-20 00:23:51
ADUS,2025-08-20 00:23:51
BLBX,2025-08-20 00:23:51
FNB,2025-08-20 00:23:51
ALVO,2025-08-20 00:23:51
AMBC,2025-08-20 00:23:51
FTI,2025-08-20 00:23:51
TERN,2025-08-20 00:23:51
GPN,2025-08-20 00:23:51
PXS,2025-08-20 00:23:51
XYL,2025-08-20 00:23:51
ICFI,2025-08-20 00:23:51
MSM,2025-08-20 00:23:51
VTMX,2025-08-20 00:23:51
HRB,2025-08-20 00:23:51
OPCH,2025-08-20 00:23:51
POAI,2025-08-20 00:23:51
CLMB,2025-08-20 00:23:51
PEGA,2025-08-20 00:23:51
NEO,2025-08-20 00:23:51
AKAM,2025-08-20 00:23:51
FMX,2025-08-20 00:23:51
VIRT,2025-08-20 00:23:51
PBH,2025-08-20 00:23:51
CAAP,2025-08-20 00:23:51
ASND,2025-08-20 00:23:51
RZLT,2025-08-20 00:23:51
URG,2025-08-20 00:23:51
SCCO,2025-08-20 00:23:51
HITI,2025-08-20 00:23:51
TAOX,2025-08-20 00:23:51
ARES,2025-08-20 00:23:51
KBR,2025-08-20 00:23:51
MGTX,2025-08-20 00:23:51
ADMA,2025-08-20 00:23:51
DMLP,2025-08-20 00:23:51
MEI,2025-08-20 00:23:51
BEP,2025-08-20 00:23:51
AEM,2025-08-20 00:23:51
OMI,2025-08-20 00:23:51
SBSW,2025-08-20 00:23:51
TBI,2025-08-20 00:23:51
MIST,2025-08-20 00:23:51
NDSN,2025-08-20 00:23:51
ST,2025-08-20 00:23:51
ASMB,2025-08-20 00:23:51
SARO,2025-08-20 00:23:51
BZUN,2025-08-20 00:23:51
ABCL,2025-08-20 00:23:51
HCC,2025-08-20 00:23:51
OBDC,2025-08-20 00:23:51
CLPT,2025-08-20 00:23:51
MNPR,2025-08-20 00:23:51
AXGN,2025-08-20 00:23:51
ABBV,2025-08-20 00:23:51
JJSF,2025-08-20 00:23:51
AGEN,2025-08-20 00:23:51
OHI,2025-08-20 00:23:51
PSEC,2025-08-20 00:23:51
WSM,2025-08-20 00:23:51
CVGW,2025-08-20 00:23:51
SVM,2025-08-20 00:23:51
POWW,2025-08-20 00:23:51
VRNA,2025-08-20 00:23:51
MRAM,2025-08-20 00:23:51
TCPC,2025-08-20 00:23:51
WDS,2025-08-20 00:23:51
FTAI,2025-08-20 00:23:51
BKV,2025-08-20 00:23:51
AXL,2025-08-20 00:23:51
LASR,2025-08-20 00:23:51
APEI,2025-08-20 00:23:51
PRTA,2025-08-20 00:23:51
BELFB,2025-08-20 00:23:51
VAL,2025-08-20 00:23:51
CDXS,2025-08-20 00:23:51
SHOT,2025-08-20 00:23:51
CHCO,2025-08-20 00:23:51
OEC,2025-08-20 00:23:51
DXPE,2025-08-20 00:23:51
COCO,2025-08-20 00:23:51
ACHV,2025-08-20 00:23:51
PFS,2025-08-20 00:23:51
ILMN,2025-08-20 00:23:51
DOLE,2025-08-20 00:23:51
DRI,2025-08-20 00:23:51
LYV,2025-08-20 00:23:51
SOWG,2025-08-20 00:23:51
INTZ,2025-08-20 00:23:51
GMED,2025-08-20 00:23:51
BSM,2025-08-20 00:23:51
GFS,2025-08-20 00:23:51
WAFD,2025-08-20 00:23:51
FWRG,2025-08-20 00:23:51
GCI,2025-08-20 00:23:51
FOXF,2025-08-20 00:23:51
RERE,2025-08-20 00:23:51
CRON,2025-08-20 00:23:51
RCKT,2025-08-20 00:23:51
REZI,2025-08-20 00:23:51
LCII,2025-08-20 00:23:51
CNOB,2025-08-20 00:23:51
HTFL,2025-08-20 00:23:51
BOX,2025-08-20 00:23:51
CGEM,2025-08-20 00:23:51
ALTG,2025-08-20 00:23:51
HELE,2025-08-20 00:23:51
ASST,2025-08-20 00:23:51
CNO,2025-08-20 00:23:51
SEIC,2025-08-20 00:23:51
EWTX,2025-08-20 00:23:51
IBTA,2025-08-20 00:23:51
PENG,2025-08-20 00:23:51
KMPR,2025-08-20 00:23:51
LZ,2025-08-20 00:23:51
OCFC,2025-08-20 00:23:51
LAZ,2025-08-20 00:23:51
SNBR,2025-08-20 00:23:51
TBRG,2025-08-20 00:23:51
TIGO,2025-08-20 00:23:51
INSP,2025-08-20 00:23:51
NXDR,2025-08-20 00:23:51
RNR-PF,2025-08-20 00:23:51
PWP,2025-08-20 00:23:51
TDW,2025-08-20 00:23:51
MCS,2025-08-20 00:23:51
HSIC,2025-08-20 00:23:51
BRSL,2025-08-20 00:23:51
BKSY,2025-08-20 00:23:51
ADVM,2025-08-20 00:23:51
FLWS,2025-08-20 00:23:51
HPK,2025-08-20 00:23:51
MUFG,2025-08-20 00:23:51
SMLR,2025-08-20 00:23:51
STEP,2025-08-20 00:23:51
CLBK,2025-08-20 00:23:51
CWD,2025-08-20 00:23:51
FLG,2025-08-20 00:23:51
NTGR,2025-08-20 00:23:51
SLQT,2025-08-20 00:23:51
NATL,2025-08-20 00:23:51
MASK,2025-08-20 00:23:51
TNL,2025-08-20 00:23:51
DRD,2025-08-20 00:23:51
HCHL,2025-08-20 00:23:51
AREC,2025-08-20 00:23:51
SKIN,2025-08-20 00:23:51
MOD,2025-08-20 00:23:51
MRVI,2025-08-20 00:23:51
VSAT,2025-08-20 00:23:51
NCMI,2025-08-20 00:23:51
ADNT,2025-08-20 00:23:51
APOG,2025-08-20 00:23:51
OUT,2025-08-20 00:23:51
ACLX,2025-08-20 00:23:51
AVT,2025-08-20 00:23:51
HTBK,2025-08-20 00:23:51
KITT,2025-08-20 00:23:51
ESTA,2025-08-20 00:23:51
ENLV,2025-08-20 00:23:51
ERII,2025-08-20 00:23:51
SAVA,2025-08-20 00:23:51
SRG,2025-08-20 00:23:51
JBSS,2025-08-20 00:23:51
OFS,2025-08-20 00:23:51
POWI,2025-08-20 00:23:51
RACE,2025-08-20 00:23:51
SLRC,2025-08-20 00:23:51
UIS,2025-08-20 00:23:51
LW,2025-08-20 00:23:51
MAGN,2025-08-20 00:23:51
OZKAP,2025-08-20 00:23:51
JOYY,2025-08-20 00:23:51
UAN,2025-08-20 00:23:51
NBBK,2025-08-20 00:23:51
APO,2025-08-20 00:23:51
INKT,2025-08-20 00:23:51
SHW,2025-08-20 00:23:51
GNK,2025-08-20 00:23:51
ATEN,2025-08-20 00:23:51
FDX,2025-08-20 00:23:51
GCT,2025-08-20 00:23:51
ZNTL,2025-08-20 00:23:51
RUSHA,2025-08-20 00:23:51
SSP,2025-08-20 00:23:51
BRY,2025-08-20 00:23:51
MBI,2025-08-20 00:23:51
GGG,2025-08-20 00:23:51
EBF,2025-08-20 00:23:51
NSC,2025-08-20 00:23:51
SCI,2025-08-20 00:23:51
AVIR,2025-08-20 00:23:51
KE,2025-08-20 00:23:51
CGAU,2025-08-20 00:23:51
DIOD,2025-08-20 00:23:51
MAIN,2025-08-20 00:23:51
EMBC,2025-08-20 00:23:51
TRUP,2025-08-20 00:23:51
WH,2025-08-20 00:23:51
SDHC,2025-08-20 00:23:51
NOAH,2025-08-20 00:23:51
IE,2025-08-20 00:23:51
MAN,2025-08-20 00:23:51
SRFM,2025-08-20 00:23:51
NOG,2025-08-20 00:23:51
ECX,2025-08-20 00:23:51
AU,2025-08-20 00:23:51
WAT,2025-08-20 00:23:51
MYO,2025-08-20 00:23:51
UPB,2025-08-20 00:23:51
WKSP,2025-08-20 00:23:51
ZBH,2025-08-20 00:23:51
TTC,2025-08-20 00:23:51
GRMN,2025-08-20 00:23:51
FCCO,2025-08-20 00:23:51
QD,2025-08-20 00:23:51
CVI,2025-08-20 00:23:51
MGNX,2025-08-20 00:23:51
CRGY,2025-08-20 00:23:51
HRZN,2025-08-20 00:23:51
PVLA,2025-08-20 00:23:51
SEM,2025-08-20 00:23:51
KNDI,2025-08-20 00:23:51
NBN,2025-08-20 00:23:51
TFX,2025-08-20 00:23:51
GAU,2025-08-20 00:23:51
GDDY,2025-08-20 00:23:51
INDB,2025-08-20 00:23:51
STTK,2025-08-20 00:23:51
SA,2025-08-20 00:23:51
REVB,2025-08-20 00:23:51
AMRC,2025-08-20 00:23:51
CARS,2025-08-20 00:23:51
FHI,2025-08-20 00:23:51
WS,2025-08-20 00:23:51
CURV,2025-08-20 00:23:51
MFH,2025-08-20 00:23:51
WLK,2025-08-20 00:23:51
SPFI,2025-08-20 00:23:51
LU,2025-08-20 00:23:51
CHSN,2025-08-20 00:23:51
CMC,2025-08-20 00:23:51
IMAX,2025-08-20 00:23:51
ERJ,2025-08-20 00:23:51
CDLX,2025-08-20 00:23:51
BRC,2025-08-20 00:23:51
WWR,2025-08-20 00:23:51
KROS,2025-08-20 00:23:51
VEON,2025-08-20 00:23:51
TMO,2025-08-20 00:23:51
ALLO,2025-08-20 00:23:51
YUMC,2025-08-20 00:23:51
GIB,2025-08-20 00:23:51
AMPG,2025-08-20 00:23:51
FBNC,2025-08-20 00:23:51
CAT,2025-08-20 00:23:51
LENZ,2025-08-20 00:23:51
ARQT,2025-08-20 00:23:51
BY,2025-08-20 00:23:51
TRGP,2025-08-20 00:23:51
HASI,2025-08-20 00:23:51
MUR,2025-08-20 00:23:51
TSAT,2025-08-20 00:23:51
VTGN,2025-08-20 00:23:51
SRCE,2025-08-20 00:23:51
WHF,2025-08-20 00:23:51
ZTS,2025-08-20 00:23:51
LNW,2025-08-20 00:23:51
HSII,2025-08-20 00:23:51
PUMP,2025-08-20 00:23:51
QDEL,2025-08-20 00:23:51
SUI,2025-08-20 00:23:51
TPL,2025-08-20 00:23:51
CERS,2025-08-20 00:23:51
BAND,2025-08-20 00:23:51
TDC,2025-08-20 00:23:51
VERU,2025-08-20 00:23:51
APD,2025-08-20 00:23:51
SKYW,2025-08-20 00:23:51
EPD,2025-08-20 00:23:51
ODV,2025-08-20 00:23:51
IOSP,2025-08-20 00:23:51
LAKE,2025-08-20 00:23:51
RVLV,2025-08-20 00:23:51
LHAI,2025-08-20 00:23:51
ELPC,2025-08-20 00:23:51
GATX,2025-08-20 00:23:51
ITRG,2025-08-20 00:23:51
CIA,2025-08-20 00:23:51
CIG,2025-08-20 00:23:51
PARR,2025-08-20 00:23:51
SSNC,2025-08-20 00:23:51
LYG,2025-08-20 00:23:51
PMEC,2025-08-20 00:23:51
TIL,2025-08-20 00:23:51
MSI,2025-08-20 00:23:51
PLBY,2025-08-20 00:23:51
LOAR,2025-08-20 00:23:51
SIGA,2025-08-20 00:23:51
MJID,2025-08-20 00:23:51
MEDP,2025-08-20 00:23:51
BNC,2025-08-20 00:23:51
MCRB,2025-08-20 00:23:51
IVVD,2025-08-20 00:23:51
SSYS,2025-08-20 00:23:51
ZK,2025-08-20 00:23:51
NOTE,2025-08-20 00:23:51
GNS,2025-08-20 00:23:51
EXPD,2025-08-20 00:23:51
MTSR,2025-08-20 00:23:51
WPM,2025-08-20 00:23:51
INTR,2025-08-20 00:23:51
NRG,2025-08-20 00:23:51
CRDL,2025-08-20 00:23:51
AKR,2025-08-20 00:23:51
PROP,2025-08-20 00:23:51
WD,2025-08-20 00:23:51
BSBR,2025-08-20 00:23:51
HUBS,2025-08-20 00:23:51
TECX,2025-08-20 00:23:51
WHLR,2025-08-20 00:23:51
STBA,2025-08-20 00:23:51
IIIV,2025-08-20 00:23:51
CRDF,2025-08-20 00:23:51
OR,2025-08-20 00:23:51
BFIN,2025-08-20 00:23:51
VNT,2025-08-20 00:23:51
AIHS,2025-08-20 00:23:51
KIDZ,2025-08-20 00:23:51
PL,2025-08-20 00:23:51
RVPH,2025-08-20 00:23:51
SNV,2025-08-20 00:23:51
SVRA,2025-08-20 00:23:51
AGNCO,2025-08-20 00:23:51
CTGO,2025-08-20 00:23:51
AIRS,2025-08-20 00:23:51
FTK,2025-08-20 00:23:51
XAIR,2025-08-20 00:23:51
VREX,2025-08-20 00:23:51
KRC,2025-08-20 00:23:51
HYLN,2025-08-20 00:23:51
ACGLN,2025-08-20 00:23:51
AARD,2025-08-20 00:23:51
OGS,2025-08-20 00:23:51
UHT,2025-08-20 00:23:51
KRRO,2025-08-20 00:23:51
ATRO,2025-08-20 00:23:51
WALD,2025-08-20 00:23:51
NRGV,2025-08-20 00:23:51
URGN,2025-08-20 00:23:51
PAC,2025-08-20 00:23:51
TPR,2025-08-20 00:23:51
TY,2025-08-20 00:23:51
FPI,2025-08-20 00:23:51
JOUT,2025-08-20 00:23:51
CSBR,2025-08-20 00:23:51
ALX,2025-08-20 00:23:51
IPAR,2025-08-20 00:23:51
TRNS,2025-08-20 00:23:51
CLDT,2025-08-20 00:23:51
CLVT,2025-08-20 00:23:51
USAS,2025-08-20 00:23:51
IMO,2025-08-20 00:23:51
HBANP,2025-08-20 00:23:51
LOCO,2025-08-20 00:23:51
OS,2025-08-20 00:23:51
ORIS,2025-08-20 00:23:51
WCC,2025-08-20 00:23:51
KN,2025-08-20 00:23:51
BKNG,2025-08-20 00:23:51
AGNCM,2025-08-20 00:23:51
ORGN,2025-08-20 00:23:51
CMDB,2025-08-20 00:23:51
CPRX,2025-08-20 00:23:51
DOV,2025-08-20 00:23:51
LNG,2025-08-20 00:23:51
LFUS,2025-08-20 00:23:51
BOLD,2025-08-20 00:23:51
SLMBP,2025-08-20 00:23:51
UVV,2025-08-20 00:23:51
APDN,2025-08-20 00:23:51
UMH,2025-08-20 00:23:51
COSM,2025-08-20 00:23:51
NYMTM,2025-08-20 00:23:51
GAINI,2025-08-20 00:23:51
ILPT,2025-08-20 00:23:51
NVFY,2025-08-20 00:23:51
EMR,2025-08-20 00:23:51
ATMU,2025-08-20 00:23:51
CFG-PE,2025-08-20 00:23:51
MPU,2025-08-20 00:23:51
CNNE,2025-08-20 00:23:51
NTB,2025-08-20 00:23:51
TOWN,2025-08-20 00:23:51
IT,2025-08-20 00:23:51
IX,2025-08-20 00:23:51
FRAF,2025-08-20 00:23:51
HIFS,2025-08-20 00:23:51
FULC,2025-08-20 00:23:51
VYNE,2025-08-20 00:23:51
LAR,2025-08-20 00:23:51
NRDS,2025-08-20 00:23:51
ETOR,2025-08-20 00:23:51
RBCAA,2025-08-20 00:23:51
PANL,2025-08-20 00:23:51
THRY,2025-08-20 00:23:51
DVA,2025-08-20 00:23:51
NOTV,2025-08-20 00:23:51
CULP,2025-08-20 00:23:51
SLNH,2025-08-20 00:23:51
SMID,2025-08-20 00:23:51
KW,2025-08-20 00:23:51
IRON,2025-08-20 00:23:51
DNTH,2025-08-20 00:23:51
IBCP,2025-08-20 00:23:51
HHS,2025-08-20 00:23:51
DRVN,2025-08-20 00:23:51
XPOF,2025-08-20 00:23:51
STIM,2025-08-20 00:23:51
EVLV,2025-08-20 00:23:51
OXLC,2025-08-20 00:23:51
SID,2025-08-20 00:23:51
LUCK,2025-08-20 00:23:51
NTRA,2025-08-20 00:23:51
INSW,2025-08-20 00:23:51
FIZZ,2025-08-20 00:23:51
LUNG,2025-08-20 00:23:51
AFCG,2025-08-20 00:23:51
BBCP,2025-08-20 00:23:51
IEP,2025-08-20 00:23:51
CTRI,2025-08-20 00:23:51
SMG,2025-08-20 00:23:51
CPA,2025-08-20 00:23:51
TRU,2025-08-20 00:23:51
MWA,2025-08-20 00:23:51
API,2025-08-20 00:23:51
TATT,2025-08-20 00:23:51
RYI,2025-08-20 00:23:51
SYPR,2025-08-20 00:23:51
FPH,2025-08-20 00:23:51
WAI,2025-08-20 00:23:51
BARK,2025-08-20 00:23:51
ATUS,2025-08-20 00:23:51
COEP,2025-08-20 00:23:51
HBIO,2025-08-20 00:23:51
SMRT,2025-08-20 00:23:51
KLC,2025-08-20 00:23:51
VTS,2025-08-20 00:23:51
SXTP,2025-08-20 00:23:51
MTA,2025-08-20 00:23:51
CCLD,2025-08-20 00:23:51
BR,2025-08-20 00:23:51
TAOP,2025-08-20 00:23:51
SHAK,2025-08-20 00:23:51
PSX,2025-08-20 00:23:51
FEAM,2025-08-20 00:23:51
ONIT,2025-08-20 00:23:51
MRCY,2025-08-20 00:23:51
HURA,2025-08-20 00:23:51
RNST,2025-08-20 00:23:51
DRMA,2025-08-20 00:23:51
TRIB,2025-08-20 00:23:51
PGC,2025-08-20 00:23:51
WTTR,2025-08-20 00:23:51
SPWR,2025-08-20 00:23:51
TX,2025-08-20 00:23:51
MWYN,2025-08-20 00:23:51
CMTL,2025-08-20 00:23:51
INEO,2025-08-20 00:23:51
NA,2025-08-20 00:23:51
XBIT,2025-08-20 00:23:51
CVV,2025-08-20 00:23:51
UNFI,2025-08-20 00:23:51
LC,2025-08-20 00:23:51
SPHL,2025-08-20 00:23:51
ARCT,2025-08-20 00:23:51
UTL,2025-08-20 00:23:51
IVP,2025-08-20 00:23:51
SAH,2025-08-20 00:23:51
SOAR,2025-08-20 00:23:51
PRIM,2025-08-20 00:23:51
PINE,2025-08-20 00:23:51
EMPG,2025-08-20 00:23:51
ASYS,2025-08-20 00:23:51
FLUT,2025-08-20 00:23:51
VLGEA,2025-08-20 00:23:51
SHEN,2025-08-20 00:23:51
ENVA,2025-08-20 00:23:51
HIW,2025-08-20 00:23:51
JAZZ,2025-08-20 00:23:51
COLM,2025-08-20 00:23:51
NATH,2025-08-20 00:23:51
GTEC,2025-08-20 00:23:51
AGIO,2025-08-20 00:23:51
KYTX,2025-08-20 00:23:51
ADNWW,2025-08-20 00:23:51
TGL,2025-08-20 00:23:51
PERI,2025-08-20 00:23:51
TV,2025-08-20 00:23:51
ALZN,2025-08-20 00:23:51
WW,2025-08-20 00:23:51
BPOP,2025-08-20 00:23:51
RBNE,2025-08-20 00:23:51
DC,2025-08-20 00:23:51
STNG,2025-08-20 00:23:51
PNNT,2025-08-20 00:23:51
QH,2025-08-20 00:23:51
RBKB,2025-08-20 00:23:51
SLAB,2025-08-20 00:23:51
NAGE,2025-08-20 00:23:51
ABVE,2025-08-20 00:23:51
NMG,2025-08-20 00:23:51
CMCL,2025-08-20 00:23:51
OBLG,2025-08-20 00:23:51
AAME,2025-08-20 00:23:51
RAMP,2025-08-20 00:23:51
ANVS,2025-08-20 00:23:51
PSQH,2025-08-20 00:23:51
MAX,2025-08-20 00:23:51
AMRZ,2025-08-20 00:23:51
FWRD,2025-08-20 00:23:51
KNF,2025-08-20 00:23:51
TCBX,2025-08-20 00:23:51
HCTI,2025-08-20 00:23:51
DEC,2025-08-20 00:23:51
CYTK,2025-08-20 00:23:51
PACK,2025-08-20 00:23:51
DVLT,2025-08-20 00:23:51
BON,2025-08-20 00:23:51
ELME,2025-08-20 00:23:51
MTAL,2025-08-20 00:23:51
STI,2025-08-20 00:23:51
STN,2025-08-20 00:23:51
ELA,2025-08-20 00:23:51
LNZA,2025-08-20 00:23:51
KRUS,2025-08-20 00:23:51
ESAB,2025-08-20 00:23:51
OPRX,2025-08-20 00:23:51
SKM,2025-08-20 00:23:51
MTH,2025-08-20 00:23:51
WLDS,2025-08-20 00:23:51
AKO-B,2025-08-20 00:23:51
ONTO,2025-08-20 00:23:51
KEYS,2025-08-20 00:23:51
TKNO,2025-08-20 00:23:51
KRT,2025-08-20 00:23:51
DBRG,2025-08-20 00:23:51
XAGE,2025-08-20 00:23:51
ZYME,2025-08-20 00:23:51
BORR,2025-08-20 00:23:51
EBS,2025-08-20 00:23:51
SOLV,2025-08-20 00:23:51
CG,2025-08-20 00:23:51
GBCI,2025-08-20 00:23:51
SCHL,2025-08-20 00:23:51
BOOM,2025-08-20 00:23:51
IESC,2025-08-20 00:23:51
TKO,2025-08-20 00:23:51
BTSG,2025-08-20 00:23:51
AUDC,2025-08-20 00:23:51
HBNB,2025-08-20 00:23:51
EIG,2025-08-20 00:23:51
DOOO,2025-08-20 00:23:51
CNTY,2025-08-20 00:23:51
INGN,2025-08-20 00:23:51
BDC,2025-08-20 00:23:51
GMS,2025-08-20 00:23:51
CMRE,2025-08-20 00:23:51
GLDD,2025-08-20 00:23:51
HGV,2025-08-20 00:23:51
DECK,2025-08-20 00:23:51
AIT,2025-08-20 00:23:51
SAFX,2025-08-20 00:23:51
USGO,2025-08-20 00:23:51
FRO,2025-08-20 00:23:51
JBGS,2025-08-20 00:23:51
EAT,2025-08-20 00:23:51
CELC,2025-08-20 00:23:51
FTEK,2025-08-20 00:23:51
PII,2025-08-20 00:23:51
WCC-PA,2025-08-20 00:23:51
CHMI,2025-08-20 00:23:51
HRTX,2025-08-20 00:23:51
WGRX,2025-08-20 00:23:51
MBAV,2025-08-20 00:23:51
VCEL,2025-08-20 00:23:51
CYCU,2025-08-20 00:23:51
SIG,2025-08-20 00:23:51
UPLD,2025-08-20 00:23:51
ZD,2025-08-20 00:23:51
AD,2025-08-20 00:23:51
CURB,2025-08-20 00:23:51
TBCH,2025-08-20 00:23:51
NSPR,2025-08-20 00:23:51
APGE,2025-08-20 00:23:51
EBR-B,2025-08-20 00:23:51
AEI,2025-08-20 00:23:51
NATR,2025-08-20 00:23:51
MOV,2025-08-20 00:23:51
SD,2025-08-20 00:23:51
LPSN,2025-08-20 00:23:51
GRND,2025-08-20 00:23:51
DY,2025-08-20 00:23:51
AMP,2025-08-20 00:23:51
SXI,2025-08-20 00:23:51
MYRG,2025-08-20 00:23:51
TUSK,2025-08-20 00:23:51
HLIT,2025-08-20 00:23:51
INGM,2025-08-20 00:23:51
DPZ,2025-08-20 00:23:51
CCI,2025-08-20 00:23:51
CELZ,2025-08-20 00:23:51
IMUX,2025-08-20 00:23:51
FDUS,2025-08-20 00:23:51
FERG,2025-08-20 00:23:51
MLYS,2025-08-20 00:23:51
STFS,2025-08-20 00:23:51
PRZO,2025-08-20 00:23:51
SAFT,2025-08-20 00:23:51
EPAM,2025-08-20 00:23:51
VFS,2025-08-20 00:23:51
NLSP,2025-08-20 00:23:51
CAI,2025-08-20 00:23:51
JOE,2025-08-20 00:23:51
GBX,2025-08-20 00:23:51
ELAB,2025-08-20 00:23:51
ZEPP,2025-08-20 00:23:51
KYMR,2025-08-20 00:23:51
BATRK,2025-08-20 00:23:51
AMR,2025-08-20 00:23:51
BBLG,2025-08-20 00:23:51
GEOS,2025-08-20 00:23:51
WAY,2025-08-20 00:23:51
GWW,2025-08-20 00:23:51
LAB,2025-08-20 00:23:51
STVN,2025-08-20 00:23:51
HRI,2025-08-20 00:23:51
MRCC,2025-08-20 00:23:51
NWS,2025-08-20 00:23:51
DOYU,2025-08-20 00:23:51
PLRX,2025-08-20 00:23:51
CLBT,2025-08-20 00:23:51
RRX,2025-08-20 00:23:51
MOFG,2025-08-20 00:23:51
MPTI,2025-08-20 00:23:51
BWLP,2025-08-20 00:23:51
LE,2025-08-20 00:23:51
CMPR,2025-08-20 00:23:51
LTRX,2025-08-20 00:23:51
BZAIW,2025-08-20 00:23:51
OSTX,2025-08-20 00:23:51
DXYZ,2025-08-20 00:23:51
AKRO,2025-08-20 00:23:51
MMS,2025-08-20 00:23:51
PMNT,2025-08-20 00:23:51
LADR,2025-08-20 00:23:51
TBLA,2025-08-20 00:23:51
IEX,2025-08-20 00:23:51
UZE,2025-08-20 00:23:51
GEL,2025-08-20 00:23:51
BMA,2025-08-20 00:23:51
WWW,2025-08-20 00:23:51
DMRC,2025-08-20 00:23:51
BHFAM,2025-08-20 00:23:51
BHR,2025-08-20 00:23:51
TGEN,2025-08-20 00:23:51
PCOR,2025-08-20 00:23:51
ACA,2025-08-20 00:23:51
WKHS,2025-08-20 00:23:51
GRNT,2025-08-20 00:23:51
DGII,2025-08-20 00:23:51
AON,2025-08-20 00:23:51
BDN,2025-08-20 00:23:51
CDT,2025-08-20 00:23:51
AJG,2025-08-20 00:23:51
CALX,2025-08-20 00:23:51
WAB,2025-08-20 00:23:51
SCNX,2025-08-20 00:23:51
GPRK,2025-08-20 00:23:51
SAM,2025-08-20 00:23:51
CTLP,2025-08-20 00:23:51
AME,2025-08-20 00:23:51
CLNE,2025-08-20 00:23:51
TG,2025-08-20 00:23:51
NEON,2025-08-20 00:23:51
HAFN,2025-08-20 00:23:51
SDST,2025-08-20 00:23:51
ZYXI,2025-08-20 00:23:51
SE,2025-08-20 00:23:51
ESQ,2025-08-20 00:23:51
EPM,2025-08-20 00:23:51
ROK,2025-08-20 00:23:51
LGO,2025-08-20 00:23:51
CLPR,2025-08-20 00:23:51
MB,2025-08-20 00:23:51
CLB,2025-08-20 00:23:51
BFC,2025-08-20 00:23:51
GANX,2025-08-20 00:23:51
NXXT,2025-08-20 00:23:51
QLGN,2025-08-20 00:23:51
VYGR,2025-08-20 00:23:51
IZEA,2025-08-20 00:23:51
JVA,2025-08-20 00:23:51
NUE,2025-08-20 00:23:51
IR,2025-08-20 00:23:51
CLLS,2025-08-20 00:23:51
BPRN,2025-08-20 00:23:51
EHAB,2025-08-20 00:23:51
ALMU,2025-08-20 00:23:51
DSGN,2025-08-20 00:23:51
FTFT,2025-08-20 00:23:51
NHPAP,2025-08-20 00:23:51
PRAX,2025-08-20 00:23:51
RFIL,2025-08-20 00:23:51
ADV,2025-08-20 00:23:51
LIXT,2025-08-20 00:23:51
PDM,2025-08-20 00:23:51
LUXE,2025-08-20 00:23:51
CALI,2025-08-20 00:23:51
ENIC,2025-08-20 00:23:51
YPF,2025-08-20 00:23:51
ASIX,2025-08-20 00:23:51
RCUS,2025-08-20 00:23:51
INVA,2025-08-20 00:23:51
TARS,2025-08-20 00:23:51
RXO,2025-08-20 00:23:51
TEF,2025-08-20 00:23:51
SII,2025-08-20 00:23:51
FLYY,2025-08-20 00:23:51
LSF,2025-08-20 00:23:51
ARAI,2025-08-20 00:23:51
BAK,2025-08-20 00:23:51
ANAB,2025-08-20 00:23:51
ONEW,2025-08-20 00:23:51
GGAL,2025-08-20 00:23:51
CYRX,2025-08-20 00:23:51
MESA,2025-08-20 00:23:51
MESO,2025-08-20 00:23:51
CHT,2025-08-20 00:23:51
AGL,2025-08-20 00:23:51
SOTK,2025-08-20 00:23:51
MITT,2025-08-20 00:23:51
MIRM,2025-08-20 00:23:51
CANG,2025-08-20 00:23:51
QIPT,2025-08-20 00:23:51
SMTI,2025-08-20 00:23:51
SNA,2025-08-20 00:23:51
BANX,2025-08-20 00:23:51
BCYC,2025-08-20 00:23:51
LSE,2025-08-20 00:23:51
PRDO,2025-08-20 00:23:51
CTM,2025-08-20 00:23:51
BEPH,2025-08-20 00:23:51
AREN,2025-08-20 00:23:51
RRGB,2025-08-20 00:23:51
HG,2025-08-20 00:23:51
SNTI,2025-08-20 00:23:51
TARA,2025-08-20 00:23:51
GSIW,2025-08-20 00:23:51
YXT,2025-08-20 00:23:51
RLGT,2025-08-20 00:23:51
BRR,2025-08-20 00:23:51
LDI,2025-08-20 00:23:51
FSS,2025-08-20 00:23:51
AAON,2025-08-20 00:23:51
MKSI,2025-08-20 00:23:51
VOXR,2025-08-20 00:23:51
UCL,2025-08-20 00:23:51
MSGE,2025-08-20 00:23:51
HP,2025-08-20 00:23:51
GKOS,2025-08-20 00:23:51
IMCR,2025-08-20 00:23:51
THFF,2025-08-20 00:23:51
WES,2025-08-20 00:23:51
GROW,2025-08-20 00:23:51
VRRM,2025-08-20 00:23:51
GS,2025-08-20 00:23:51
SUUN,2025-08-20 00:23:51
BVFL,2025-08-20 00:23:51
FLOC,2025-08-20 00:23:51
SIF,2025-08-20 00:23:51
ISTR,2025-08-20 00:23:51
BML-PH,2025-08-20 00:23:51
RVYL,2025-08-20 00:23:51
EWCZ,2025-08-20 00:23:51
FOUR,2025-08-20 00:23:51
WPRT,2025-08-20 00:23:51
CTOR,2025-08-20 00:23:51
ELWS,2025-08-20 00:23:51
IMNM,2025-08-20 00:23:51
THO,2025-08-20 00:23:51
VNRX,2025-08-20 00:23:51
CARM,2025-08-20 00:23:51
MLNK,2025-08-20 00:23:51
COFS,2025-08-20 00:23:51
AVDX,2025-08-20 00:23:51
UTI,2025-08-20 00:23:51
RYDE,2025-08-20 00:23:51
FVRR,2025-08-20 00:23:51
AMCX,2025-08-20 00:23:51
NFGC,2025-08-20 00:23:51
IMRX,2025-08-20 00:23:51
MPAA,2025-08-20 00:23:51
ZBIO,2025-08-20 00:23:51
BDSX,2025-08-20 00:23:51
FGI,2025-08-20 00:23:51
TMCWW,2025-08-20 00:23:51
SNFCA,2025-08-20 00:23:51
LPTH,2025-08-20 00:23:51
OBE,2025-08-20 00:23:51
NMAX,2025-08-20 00:23:51
WKC,2025-08-20 00:23:51
BTSGU,2025-08-20 00:23:51
NEXT,2025-08-20 00:23:51
BTX,2025-08-20 00:23:51
FMS,2025-08-20 00:23:51
AGX,2025-08-20 00:23:51
ESOA,2025-08-20 00:23:51
OVID,2025-08-20 00:23:51
USLM,2025-08-20 00:23:51
OTEX,2025-08-20 00:23:51
FMAO,2025-08-20 00:23:51
SDM,2025-08-20 00:23:51
LII,2025-08-20 00:23:51
NUKK,2025-08-20 00:23:51
SITE,2025-08-20 00:23:51
LXRX,2025-08-20 00:23:51
WSFS,2025-08-20 00:23:51
IRWD,2025-08-20 00:23:51
SXC,2025-08-20 00:23:51
NNVC,2025-08-20 00:23:51
IPSC,2025-08-20 00:23:51
EBMT,2025-08-20 00:23:51
ADN,2025-08-20 00:23:51
APLT,2025-08-20 00:23:51
QVCGP,2025-08-20 00:23:51
RGTIW,2025-08-20 00:23:51
IRM,2025-08-20 00:23:51
WNEB,2025-08-20 00:23:51
PDPA,2025-08-20 00:23:51
GSIT,2025-08-20 00:23:51
BVN,2025-08-20 00:23:51
VIRC,2025-08-20 00:23:51
APTV,2025-08-20 00:23:51
CNR,2025-08-20 00:23:51
BLKB,2025-08-20 00:23:51
AORT,2025-08-20 00:23:51
LFCR,2025-08-20 00:23:51
TYL,2025-08-20 00:23:51
BURU,2025-08-20 00:23:51
NMRA,2025-08-20 00:23:51
PAYS,2025-08-20 00:23:51
CIO,2025-08-20 00:23:51
IPA,2025-08-20 00:23:51
MGRC,2025-08-20 00:23:51
DOCN,2025-08-20 00:23:51
TRMK,2025-08-20 00:23:51
MAXN,2025-08-20 00:23:51
PRAA,2025-08-20 00:23:51
SENS,2025-08-20 00:23:51
ACEL,2025-08-20 00:23:51
QUIK,2025-08-20 00:23:51
SNYR,2025-08-20 00:23:51
EHC,2025-08-20 00:23:51
HUBB,2025-08-20 00:23:51
SIMO,2025-08-20 00:23:51
HFFG,2025-08-20 00:23:51
PETS,2025-08-20 00:23:51
REI,2025-08-20 00:23:51
AIFF,2025-08-20 00:23:51
AMRK,2025-08-20 00:23:51
ITIC,2025-08-20 00:23:51
PSFE,2025-08-20 00:23:51
COCP,2025-08-20 00:23:51
CWCO,2025-08-20 00:23:51
PNBK,2025-08-20 00:23:51
TKR,2025-08-20 00:23:51
NAUT,2025-08-20 00:23:51
AHH,2025-08-20 00:23:51
TT,2025-08-20 00:23:51
AROC,2025-08-20 00:23:51
MBIO,2025-08-20 00:23:51
CERO,2025-08-20 00:23:51
BWB,2025-08-20 00:23:51
JYNT,2025-08-20 00:23:51
CODI,2025-08-20 00:23:51
ELF,2025-08-20 00:23:51
ONTF,2025-08-20 00:23:51
GAIN,2025-08-20 00:23:51
DOCS,2025-08-20 00:23:51
QTWO,2025-08-20 00:23:51
WKEY,2025-08-20 00:23:51
USB-PH,2025-08-20 00:23:51
MLM,2025-08-20 00:23:51
LB,2025-08-20 00:23:51
VOYA,2025-08-20 00:23:51
PH,2025-08-20 00:23:51
WHR,2025-08-20 00:23:51
ORKA,2025-08-20 00:23:51
MIRA,2025-08-20 00:23:51
CIEN,2025-08-20 00:23:51
MTD,2025-08-20 00:23:51
ETN,2025-08-20 00:23:51
CIGI,2025-08-20 00:23:51
PSN,2025-08-20 00:23:51
DGX,2025-08-20 00:23:51
BAH,2025-08-20 00:23:51
XOMA,2025-08-20 00:23:51
BNTC,2025-08-20 00:23:51
RMD,2025-08-20 00:23:51
ARDT,2025-08-20 00:23:51
LODE,2025-08-20 00:23:51
LAD,2025-08-20 00:23:51
KGS,2025-08-20 00:23:51
A,2025-08-20 00:23:51
ALK,2025-08-20 00:23:51
WTS,2025-08-20 00:23:51
PKG,2025-08-20 00:23:51
GTERU,2025-08-20 00:23:51
TPH,2025-08-20 00:23:51
LSPD,2025-08-20 00:23:51
AGCO,2025-08-20 00:23:51
ALEX,2025-08-20 00:23:51
CAPT,2025-08-20 00:23:51
SND,2025-08-20 00:23:51
RNR-PG,2025-08-20 00:23:51
ANIX,2025-08-20 00:23:51
ITW,2025-08-20 00:23:51
MGEE,2025-08-20 00:23:51
TRUE,2025-08-20 00:23:51
CRVO,2025-08-20 00:23:51
ARLP,2025-08-20 00:23:51
MYSZ,2025-08-20 00:23:51
MCY,2025-08-20 00:23:51
JSPR,2025-08-20 00:23:51
JOB,2025-08-20 00:23:51
ACNT,2025-08-20 00:23:51
ECG,2025-08-20 00:23:51
DIN,2025-08-20 00:23:51
AIRE,2025-08-20 00:23:51
NGNE,2025-08-20 00:23:51
WFC-PC,2025-08-20 00:23:51
WHD,2025-08-20 00:23:51
SCWO,2025-08-20 00:23:51
DWSN,2025-08-20 00:23:51
ENSG,2025-08-20 00:23:51
HYPD,2025-08-20 00:23:51
TNK,2025-08-20 00:23:51
IHG,2025-08-20 00:23:51
CBRE,2025-08-20 00:23:51
ATLC,2025-08-20 00:23:51
VTLE,2025-08-20 00:23:51
INBX,2025-08-20 00:23:51
INHD,2025-08-20 00:23:51
CGON,2025-08-20 00:23:51
ORN,2025-08-20 00:23:51
SPHR,2025-08-20 00:23:51
MEIP,2025-08-20 00:23:51
TNET,2025-08-20 00:23:51
RAL,2025-08-20 00:23:51
FRT,2025-08-20 00:23:51
CLMT,2025-08-20 00:23:51
DSX,2025-08-20 00:23:51
DGXX,2025-08-20 00:23:51
EDHL,2025-08-20 00:23:51
NAT,2025-08-20 00:23:51
YHC,2025-08-20 00:23:51
SEVN,2025-08-20 00:23:51
APVO,2025-08-20 00:23:51
HLLY,2025-08-20 00:23:51
CRAI,2025-08-20 00:23:51
FTCI,2025-08-20 00:23:51
MC,2025-08-20 00:23:51
SVCO,2025-08-20 00:23:51
MBX,2025-08-20 00:23:51
TRDA,2025-08-20 00:23:51
INVE,2025-08-20 00:23:51
GHRS,2025-08-20 00:23:51
EVR,2025-08-20 00:23:51
RDZN,2025-08-20 00:23:51
TDY,2025-08-20 00:23:51
UHG,2025-08-20 00:23:51
SDRL,2025-08-20 00:23:51
RPT,2025-08-20 00:23:51
NVGS,2025-08-20 00:23:51
CYN,2025-08-20 00:23:51
MED,2025-08-20 00:23:51
SYTA,2025-08-20 00:23:51
TPC,2025-08-20 00:23:51
GYRE,2025-08-20 00:23:51
KFY,2025-08-20 00:23:51
CSTL,2025-08-20 00:23:51
GLDG,2025-08-20 00:23:51
MNDO,2025-08-20 00:23:51
WDH,2025-08-20 00:23:51
EARN,2025-08-20 00:23:51
KLIC,2025-08-20 00:23:51
RJF,2025-08-20 00:23:51
UFG,2025-08-20 00:23:51
FLGT,2025-08-20 00:23:51
HHH,2025-08-20 00:23:51
TGLS,2025-08-20 00:23:51
SPXC,2025-08-20 00:23:51
TRNO,2025-08-20 00:23:51
ACET,2025-08-20 00:23:51
AL,2025-08-20 00:23:51
MGIC,2025-08-20 00:23:51
ZURA,2025-08-20 00:23:51
TLYS,2025-08-20 00:23:51
SCLXW,2025-08-20 00:23:51
MAPS,2025-08-20 00:23:51
TSQ,2025-08-20 00:23:51
SGI,2025-08-20 00:23:51
GPC,2025-08-20 00:23:51
AVR,2025-08-20 00:23:51
EFX,2025-08-20 00:23:51
SAIH,2025-08-20 00:23:51
BC,2025-08-20 00:23:51
MENS,2025-08-20 00:23:51
ZIMV,2025-08-20 00:23:51
CLSD,2025-08-20 00:23:51
OXLCP,2025-08-20 00:23:51
CXDO,2025-08-20 00:23:51
PAG,2025-08-20 00:23:51
MORN,2025-08-20 00:23:51
ESS,2025-08-20 00:23:51
MATH,2025-08-20 00:23:51
FBK,2025-08-20 00:23:51
PAYC,2025-08-20 00:23:51
ONL,2025-08-20 00:23:51
TWFG,2025-08-20 00:23:51
VLN,2025-08-20 00:23:51
FMNB,2025-08-20 00:23:51
GSBC,2025-08-20 00:23:51
MTRN,2025-08-20 00:23:51
SMWB,2025-08-20 00:23:51
ONMD,2025-08-20 00:23:51
PESI,2025-08-20 00:23:51
LEGH,2025-08-20 00:23:51
AVY,2025-08-20 00:23:51
DTI,2025-08-20 00:23:51
ULS,2025-08-20 00:23:51
KNTK,2025-08-20 00:23:51
MIND,2025-08-20 00:23:51
PEBO,2025-08-20 00:23:51
PKX,2025-08-20 00:23:51
JAGX,2025-08-20 00:23:51
PLBC,2025-08-20 00:23:51
IOBT,2025-08-20 00:23:51
VTAK,2025-08-20 00:23:51
CPIX,2025-08-20 00:23:51
UFCS,2025-08-20 00:23:51
RDNW,2025-08-20 00:23:51
R,2025-08-20 00:23:51
HWBK,2025-08-20 00:23:51
ALBT,2025-08-20 00:23:51
CAC,2025-08-20 00:23:51
FVCB,2025-08-20 00:23:51
CDP,2025-08-20 00:23:51
SONN,2025-08-20 00:23:51
MDCX,2025-08-20 00:23:51
SJM,2025-08-20 00:23:51
MSPR,2025-08-20 00:23:51
EDBL,2025-08-20 00:23:51
FUL,2025-08-20 00:23:51
DEI,2025-08-20 00:23:51
PEB-PG,2025-08-20 00:23:51
INUV,2025-08-20 00:23:51
WABC,2025-08-20 00:23:51
KALU,2025-08-20 00:23:51
YSG,2025-08-20 00:23:51
PHUN,2025-08-20 00:23:51
JMSB,2025-08-20 00:23:51
BHFAP,2025-08-20 00:23:51
USARW,2025-08-20 00:23:51
LCNB,2025-08-20 00:23:51
WNS,2025-08-20 00:23:51
HLT,2025-08-20 00:23:51
SGMT,2025-08-20 00:23:51
CMP,2025-08-20 00:23:51
BNED,2025-08-20 00:23:51
GTE,2025-08-20 00:23:51
ATXG,2025-08-20 00:23:51
PACS,2025-08-20 00:23:51
CFBK,2025-08-20 00:23:51
FCPT,2025-08-20 00:23:51
KFRC,2025-08-20 00:23:51
ALSN,2025-08-20 00:23:51
DOUG,2025-08-20 00:23:51
HOWL,2025-08-20 00:23:51
NNI,2025-08-20 00:23:51
UHAL,2025-08-20 00:23:51
FPAY,2025-08-20 00:23:51
OM,2025-08-20 00:23:51
CYD,2025-08-20 00:23:51
REFR,2025-08-20 00:23:51
LNN,2025-08-20 00:23:51
NBR,2025-08-20 00:23:51
OBIO,2025-08-20 00:23:51
AOSL,2025-08-20 00:23:51
ADCT,2025-08-20 00:23:51
IHRT,2025-08-20 00:23:51
ATOS,2025-08-20 00:23:51
STT,2025-08-20 00:23:51
GCMG,2025-08-20 00:23:51
EAF,2025-08-20 00:23:51
WLDN,2025-08-20 00:23:51
XHR,2025-08-20 00:23:51
PVBC,2025-08-20 00:23:51
WTI,2025-08-20 00:23:51
BWMX,2025-08-20 00:23:51
DDL,2025-08-20 00:23:51
PRPL,2025-08-20 00:23:51
SCPH,2025-08-20 00:23:51
PRSU,2025-08-20 00:23:51
BRBS,2025-08-20 00:23:51
BMEA,2025-08-20 00:23:51
CACI,2025-08-20 00:23:51
CBZ,2025-08-20 00:23:51
MYNZ,2025-08-20 00:23:51
SABS,2025-08-20 00:23:51
CRMLW,2025-08-20 00:23:51
E,2025-08-20 00:23:51
IDN,2025-08-20 00:23:51
VNTG,2025-08-20 00:23:51
LINK,2025-08-20 00:23:51
GFAI,2025-08-20 00:23:51
MGR,2025-08-20 00:23:51
ATCH,2025-08-20 00:23:51
GFR,2025-08-20 00:23:51
SOUNW,2025-08-20 00:23:51
HQL,2025-08-20 00:23:51
SHBI,2025-08-20 00:23:51
NHC,2025-08-20 00:23:51
CPS,2025-08-20 00:23:51
GRBK,2025-08-20 00:23:51
VRTS,2025-08-20 00:23:51
OPI,2025-08-20 00:23:51
ZVRA,2025-08-20 00:23:51
KLTR,2025-08-20 00:23:51
EFSC,2025-08-20 00:23:51
GDEN,2025-08-20 00:23:51
XLO,2025-08-20 00:23:51
HSTM,2025-08-20 00:23:51
WFF,2025-08-20 00:23:51
BSAC,2025-08-20 00:23:51
DXST,2025-08-20 00:23:51
PVH,2025-08-20 00:23:51
BCBP,2025-08-20 00:23:51
TDS,2025-08-20 00:23:51
SLVM,2025-08-20 00:23:51
AAUC,2025-08-20 00:23:51
MCRI,2025-08-20 00:23:51
PMTS,2025-08-20 00:23:51
HYMC,2025-08-20 00:23:51
HIT,2025-08-20 00:23:51
TDTH,2025-08-20 00:23:51
ULY,2025-08-20 00:23:51
NJR,2025-08-20 00:23:51
PMCB,2025-08-20 00:23:51
IPHA,2025-08-20 00:23:51
FIX,2025-08-20 00:23:51
CAE,2025-08-20 00:23:51
AGRI,2025-08-20 00:23:51
PXLW,2025-08-20 00:23:51
VEL,2025-08-20 00:23:51
BNZI,2025-08-20 00:23:51
KB,2025-08-20 00:23:51
IAUX,2025-08-20 00:23:51
AN,2025-08-20 00:23:51
BANR,2025-08-20 00:23:51
CENT,2025-08-20 00:23:51
NX,2025-08-20 00:23:51
NXTT,2025-08-20 00:23:51
MODV,2025-08-20 00:23:51
THR,2025-08-20 00:23:51
CRC,2025-08-20 00:23:51
VC,2025-08-20 00:23:51
PDSB,2025-08-20 00:23:51
VLO,2025-08-20 00:23:51
NEXN,2025-08-20 00:23:51
NE,2025-08-20 00:23:51
EQ,2025-08-20 00:23:51
PHIN,2025-08-20 00:23:51
VEEA,2025-08-20 00:23:51
HBT,2025-08-20 00:23:51
BYRN,2025-08-20 00:23:51
OXLCL,2025-08-20 00:23:51
CNS,2025-08-20 00:23:51
CHSCP,2025-08-20 00:23:51
NPCE,2025-08-20 00:23:51
ALNT,2025-08-20 00:23:51
OLPX,2025-08-20 00:23:51
GETY,2025-08-20 00:23:51
NVX,2025-08-20 00:23:51
AXTI,2025-08-20 00:23:51
NAMI,2025-08-20 00:23:51
MBRX,2025-08-20 00:23:51
GPMT,2025-08-20 00:23:51
SUNE,2025-08-20 00:23:51
ARLO,2025-08-20 00:23:51
ASPS,2025-08-20 00:23:51
VNO,2025-08-20 00:23:51
MRBK,2025-08-20 00:23:51
ATHM,2025-08-20 00:23:51
RHP,2025-08-20 00:23:51
CRS,2025-08-20 00:23:51
TITN,2025-08-20 00:23:51
ALGS,2025-08-20 00:23:51
HIPO,2025-08-20 00:23:51
LOB,2025-08-20 00:23:51
CYBN,2025-08-20 00:23:51
GRDN,2025-08-20 00:23:51
RZC,2025-08-20 00:23:51
EONR,2025-08-20 00:23:51
BEEM,2025-08-20 00:23:51
CVM,2025-08-20 00:23:51
ULH,2025-08-20 00:23:51
NNBR,2025-08-20 00:23:51
STRA,2025-08-20 00:23:51
TLIH,2025-08-20 00:23:51
MATW,2025-08-20 00:23:51
MTUS,2025-08-20 00:23:51
BHF,2025-08-20 00:23:51
DKL,2025-08-20 00:23:51
PAVM,2025-08-20 00:23:51
METCB,2025-08-20 00:23:51
CLDI,2025-08-20 00:23:51
SFST,2025-08-20 00:23:51
ATO,2025-08-20 00:23:51
OPBK,2025-08-20 00:23:51
SWIN,2025-08-20 00:23:51
EGY,2025-08-20 00:23:51
CRBP,2025-08-20 00:23:51
CUE,2025-08-20 00:23:51
MSGS,2025-08-20 00:23:51
TIVC,2025-08-20 00:23:51
KLXE,2025-08-20 00:23:51
MAZE,2025-08-20 00:23:51
NVEC,2025-08-20 00:23:51
VIST,2025-08-20 00:23:51
CNTB,2025-08-20 00:23:51
LPG,2025-08-20 00:23:51
PEPG,2025-08-20 00:23:51
LNSR,2025-08-20 00:23:51
APOS,2025-08-20 00:23:51
VRCA,2025-08-20 00:23:51
ADUR,2025-08-20 00:23:51
RLYB,2025-08-20 00:23:51
ALE,2025-08-20 00:23:51
CYCC,2025-08-20 00:23:51
SRI,2025-08-20 00:23:51
ILLR,2025-08-20 00:23:51
STC,2025-08-20 00:23:51
BOF,2025-08-20 00:23:51
PTHL,2025-08-20 00:23:51
PSHG,2025-08-20 00:23:51
NCPL,2025-08-20 00:23:51
BSRR,2025-08-20 00:23:51
BWEN,2025-08-20 00:23:51
BRCC,2025-08-20 00:23:51
HGBL,2025-08-20 00:23:51
DSGR,2025-08-20 00:23:51
LCFY,2025-08-20 00:23:51
SHG,2025-08-20 00:23:51
HONE,2025-08-20 00:23:51
RVSN,2025-08-20 00:23:51
LOBO,2025-08-20 00:23:51
NBHC,2025-08-20 00:23:51
HGTY,2025-08-20 00:23:51
EE,2025-08-20 00:23:51
LH,2025-08-20 00:23:51
PMVP,2025-08-20 00:23:51
LPL,2025-08-20 00:23:51
VSME,2025-08-20 00:23:51
INVX,2025-08-20 00:23:51
SPRO,2025-08-20 00:23:51
VERO,2025-08-20 00:23:51
PNW,2025-08-20 00:23:51
SSD,2025-08-20 00:23:51
LOVE,2025-08-20 00:23:51
NEE-PR,2025-08-20 00:23:51
HWKN,2025-08-20 00:23:51
MAGH,2025-08-20 00:23:51
TEN,2025-08-20 00:23:51
JTAI,2025-08-20 00:23:51
ACGLO,2025-08-20 00:23:51
DJCO,2025-08-20 00:23:51
NECB,2025-08-20 00:23:51
LTM,2025-08-20 00:23:51
LHX,2025-08-20 00:23:51
CSV,2025-08-20 00:23:51
STEM,2025-08-20 00:23:51
STRF,2025-08-20 00:23:51
HEPS,2025-08-20 00:23:51
GVA,2025-08-20 00:23:51
ATPC,2025-08-20 00:23:51
LKFN,2025-08-20 00:23:51
HSCS,2025-08-20 00:23:51
TCBI,2025-08-20 00:23:51
GAUZ,2025-08-20 00:23:51
NKSH,2025-08-20 00:23:51
MCO,2025-08-20 00:23:51
BAC-PB,2025-08-20 00:23:51
INR,2025-08-20 00:23:51
AVTX,2025-08-20 00:23:51
CNF,2025-08-20 00:23:51
MH,2025-08-20 00:23:51
AKTX,2025-08-20 00:23:51
VOYG,2025-08-20 00:23:51
PALI,2025-08-20 00:23:51
MTB,2025-08-20 00:23:51
OXY-WT,2025-08-20 00:23:51
PPSI,2025-08-20 00:23:51
PTLE,2025-08-20 00:23:51
GLBS,2025-08-20 00:23:51
CRGO,2025-08-20 00:23:51
PHI,2025-08-20 00:23:51
TPET,2025-08-20 00:23:51
FSCO,2025-08-20 00:23:51
SNSE,2025-08-20 00:23:51
ANY,2025-08-20 00:23:51
IIIN,2025-08-20 00:23:51
BETR,2025-08-20 00:23:51
ETON,2025-08-20 00:23:51
AIFU,2025-08-20 00:23:51
HLVX,2025-08-20 00:23:51
TGS,2025-08-20 00:23:51
APYX,2025-08-20 00:23:51
NAKA,2025-08-20 00:23:51
FTRK,2025-08-20 00:23:51
OLB,2025-08-20 00:23:51
OMAB,2025-08-20 00:23:51
CHSCL,2025-08-20 00:23:51
MODD,2025-08-20 00:23:51
KOF,2025-08-20 00:23:51
MLAB,2025-08-20 00:23:51
LOMA,2025-08-20 00:23:51
LXU,2025-08-20 00:23:51
BBSI,2025-08-20 00:23:51
CRL,2025-08-20 00:23:51
TSE,2025-08-20 00:23:51
SAR,2025-08-20 00:23:51
DTG,2025-08-20 00:23:51
PCG-PA,2025-08-20 00:23:51
CSWC,2025-08-20 00:23:51
INSE,2025-08-20 00:23:51
MKL,2025-08-20 00:23:51
LESL,2025-08-20 00:23:51
AGMH,2025-08-20 00:23:51
FMST,2025-08-20 00:23:51
CDRO,2025-08-20 00:23:51
TELO,2025-08-20 00:23:51
JBIO,2025-08-20 00:23:51
IPDN,2025-08-20 00:23:51
XPEL,2025-08-20 00:23:51
JPM-PK,2025-08-20 00:23:51
ARAY,2025-08-20 00:23:51
ZUMZ,2025-08-20 00:23:51
LVWR,2025-08-20 00:23:51
FORR,2025-08-20 00:23:51
MPB,2025-08-20 00:23:51
FSP,2025-08-20 00:23:51
CPF,2025-08-20 00:23:51
KBDC,2025-08-20 00:23:51
SLND,2025-08-20 00:23:51
CNVS,2025-08-20 00:23:51
CWEN-A,2025-08-20 00:23:51
ARKOW,2025-08-20 00:23:51
FOSLL,2025-08-20 00:23:51
HYMCL,2025-08-20 00:23:51
CASI,2025-08-20 00:23:51
MOBX,2025-08-20 00:23:51
CRWS,2025-08-20 00:23:51
BMRA,2025-08-20 00:23:51
XXII,2025-08-20 00:23:51
TFIN,2025-08-20 00:23:51
NUTX,2025-08-20 00:23:51
DYNX,2025-08-20 00:23:51
ECO,2025-08-20 00:23:51
COCH,2025-08-20 00:23:51
ABVC,2025-08-20 00:23:51
BBUC,2025-08-20 00:23:51
MRKR,2025-08-20 00:23:51
TRST,2025-08-20 00:23:51
BBU,2025-08-20 00:23:51
TELA,2025-08-20 00:23:51
LXFR,2025-08-20 00:23:51
EDSA,2025-08-20 00:23:51
JPM-PC,2025-08-20 00:23:51
ADIL,2025-08-20 00:23:51
ARCB,2025-08-20 00:23:51
NBTB,2025-08-20 00:23:51
RMCF,2025-08-20 00:23:51
BHE,2025-08-20 00:23:51
CEPU,2025-08-20 00:23:51
CTS,2025-08-20 00:23:51
GWRS,2025-08-20 00:23:51
RCMT,2025-08-20 00:23:51
AAT,2025-08-20 00:23:51
ECL,2025-08-20 00:23:51
ARX,2025-08-20 00:23:51
WEYS,2025-08-20 00:23:51
TBBK,2025-08-20 00:23:51
SPH,2025-08-20 00:23:51
CNCK,2025-08-20 00:23:51
BBDC,2025-08-20 00:23:51
RILYK,2025-08-20 00:23:51
ORRF,2025-08-20 00:23:51
ACRS,2025-08-20 00:23:51
RRBI,2025-08-20 00:23:51
AOUT,2025-08-20 00:23:51
EMA,2025-08-20 00:23:51
BBAI-WT,2025-08-20 00:23:51
KPLT,2025-08-20 00:23:51
ABG,2025-08-20 00:23:51
AZTA,2025-08-20 00:23:51
AVD,2025-08-20 00:23:51
IRMD,2025-08-20 00:23:51
DKI,2025-08-20 00:23:51
AUBN,2025-08-20 00:23:51
OPTX,2025-08-20 00:23:51
QUAD,2025-08-20 00:23:51
PHIO,2025-08-20 00:23:51
GNLN,2025-08-20 00:23:51
CIM-PA,2025-08-20 00:23:51
EQH-PA,2025-08-20 00:23:51
JILL,2025-08-20 00:23:51
SWVL,2025-08-20 00:23:51
GPCR,2025-08-20 00:23:51
NRXS,2025-08-20 00:23:51
ASNS,2025-08-20 00:23:51
HUIZ,2025-08-20 00:23:51
KAVL,2025-08-20 00:23:51
ONCY,2025-08-20 00:23:51
KMTS,2025-08-20 00:23:51
MSBI,2025-08-20 00:23:51
MACI,2025-08-20 00:23:51
PPIH,2025-08-20 00:23:51
HY,2025-08-20 00:23:51
ACR,2025-08-20 00:23:51
HOTH,2025-08-20 00:23:51
SKYH,2025-08-20 00:23:51
SHFS,2025-08-20 00:23:51
KIDS,2025-08-20 00:23:51
IMPP,2025-08-20 00:23:51
MBWM,2025-08-20 00:23:51
RAIL,2025-08-20 00:23:51
BLNK,2025-08-20 00:23:51
VGZ,2025-08-20 00:23:51
DMAC,2025-08-20 00:23:51
OSK,2025-08-20 00:23:51
IDR,2025-08-20 00:23:51
MNTSW,2025-08-20 00:23:51
BTMD,2025-08-20 00:23:51
DTST,2025-08-20 00:23:51
FGNX,2025-08-20 00:23:51
PHH,2025-08-20 00:23:51
ARGD,2025-08-20 00:23:51
NRXP,2025-08-20 00:23:51
LGVN,2025-08-20 00:23:51
NBY,2025-08-20 00:23:51
ACR-PC,2025-08-20 00:23:51
RCT,2025-08-20 00:23:51
GHLD,2025-08-20 00:23:51
BIOA,2025-08-20 00:23:51
CTNT,2025-08-20 00:23:51
AMTB,2025-08-20 00:23:51
PRTS,2025-08-20 00:23:51
GCO,2025-08-20 00:23:51
FLL,2025-08-20 00:23:51
DUOT,2025-08-20 00:23:51
MRM,2025-08-20 00:23:51
CELU,2025-08-20 00:23:51
ZEO,2025-08-20 00:23:51
FLYX,2025-08-20 00:23:51
KAPA,2025-08-20 00:23:51
MOG-A,2025-08-20 00:23:51
BIOX,2025-08-20 00:23:51
REPX,2025-08-20 00:23:51
KMRK,2025-08-20 00:23:51
WRLD,2025-08-20 00:23:51
VCTR,2025-08-20 00:23:51
FBIZ,2025-08-20 00:23:51
OCC,2025-08-20 00:23:51
WOR,2025-08-20 00:23:51
BBNX,2025-08-20 00:23:51
FATN,2025-08-20 00:23:51
COF-PL,2025-08-20 00:23:51
GIGM,2025-08-20 00:23:51
BNGO,2025-08-20 00:23:51
NBTX,2025-08-20 00:23:51
AZO,2025-08-20 00:23:51
HNGE,2025-08-20 00:23:51
CBIO,2025-08-20 00:23:51
SGD,2025-08-20 00:23:51
THM,2025-08-20 00:23:51
ACRV,2025-08-20 00:23:51
AGNCP,2025-08-20 00:23:51
DLB,2025-08-20 00:23:51
RELI,2025-08-20 00:23:51
IMMX,2025-08-20 00:23:51
TISI,2025-08-20 00:23:51
OBK,2025-08-20 00:23:51
OPTT,2025-08-20 00:23:51
SAFE,2025-08-20 00:23:51
MFI,2025-08-20 00:23:51
ARBK,2025-08-20 00:23:51
QVCD,2025-08-20 00:23:51
BTCM,2025-08-20 00:23:51
GUTS,2025-08-20 00:23:51
AIR,2025-08-20 00:23:51
QTTB,2025-08-20 00:23:51
RANI,2025-08-20 00:23:51
TRN,2025-08-20 00:23:51
SWAG,2025-08-20 00:23:51
SLXN,2025-08-20 00:23:51
EJH,2025-08-20 00:23:51
HTB,2025-08-20 00:23:51
ACM,2025-08-20 00:23:51
ONEG,2025-08-20 00:23:51
CLCO,2025-08-20 00:23:51
NAMSW,2025-08-20 00:23:51
MGX,2025-08-20 00:23:51
BHRB,2025-08-20 00:23:51
TNON,2025-08-20 00:23:51
CHNR,2025-08-20 00:23:51
SOPH,2025-08-20 00:23:51
SMXT,2025-08-20 00:23:51
SMP,2025-08-20 00:23:51
SNES,2025-08-20 00:23:51
PTMN,2025-08-20 00:23:51
BOSC,2025-08-20 00:23:51
MSAI,2025-08-20 00:23:51
NIQ,2025-08-20 00:23:51
CPHI,2025-08-20 00:23:51
BWAY,2025-08-20 00:23:51
GRAL,2025-08-20 00:23:51
DRUG,2025-08-20 00:23:51
LICN,2025-08-20 00:23:51
ZEUS,2025-08-20 00:23:51
ASGN,2025-08-20 00:23:51
PRTH,2025-08-20 00:23:51
PDLB,2025-08-20 00:23:51
CTRN,2025-08-20 00:23:51
ASH,2025-08-20 00:23:51
ALXO,2025-08-20 00:23:51
TRAK,2025-08-20 00:23:51
ITRM,2025-08-20 00:23:51
AOMR,2025-08-20 00:23:51
DOGZ,2025-08-20 00:23:51
MAIA,2025-08-20 00:23:51
NVCT,2025-08-20 00:23:51
PFBC,2025-08-20 00:23:51
TXO,2025-08-20 00:23:51
SCYX,2025-08-20 00:23:51
KEY-PI,2025-08-20 00:23:51
PFSI,2025-08-20 00:23:51
HBNC,2025-08-20 00:23:51
BGFV,2025-08-20 00:23:51
GRFS,2025-08-20 00:23:51
ENVB,2025-08-20 00:23:51
LUCY,2025-08-20 00:23:51
PLOW,2025-08-20 00:23:51
KOP,2025-08-20 00:23:51
BLFY,2025-08-20 00:23:51
MYPS,2025-08-20 00:23:51
HSDT,2025-08-20 00:23:51
OPY,2025-08-20 00:23:51
ELMD,2025-08-20 00:23:51
BAC-PN,2025-08-20 00:23:51
NMTC,2025-08-20 00:23:51
IVT,2025-08-20 00:23:51
RMAX,2025-08-20 00:23:51
SYBT,2025-08-20 00:23:51
QCRH,2025-08-20 00:23:51
PERF,2025-08-20 00:23:51
UHAL-B,2025-08-20 00:23:51
AMSF,2025-08-20 00:23:51
CORZZ,2025-08-20 00:23:51
GIC,2025-08-20 00:23:51
CBNK,2025-08-20 00:23:51
KKRS,2025-08-20 00:23:51
CLIK,2025-08-20 00:23:51
HCWB,2025-08-20 00:23:51
DHAI,2025-08-20 00:23:51
GIFI,2025-08-20 00:23:51
AFYA,2025-08-20 00:23:51
OCCI,2025-08-20 00:23:51
SPRU,2025-08-20 00:23:51
LYEL,2025-08-20 00:23:51
THG,2025-08-20 00:23:51
RWAYL,2025-08-20 00:23:51
LIMN,2025-08-20 00:23:51
PEN,2025-08-20 00:23:51
DAO,2025-08-20 00:23:51
CETX,2025-08-20 00:23:51
OTTR,2025-08-20 00:23:51
PLXS,2025-08-20 00:23:51
AMOD,2025-08-20 00:23:51
H,2025-08-20 00:23:51
KOSS,2025-08-20 00:23:51
CCBG,2025-08-20 00:23:51
NMM,2025-08-20 00:23:51
PBM,2025-08-20 00:23:51
RGR,2025-08-20 00:23:51
SSTI,2025-08-20 00:23:51
GECC,2025-08-20 00:23:51
ASTE,2025-08-20 00:23:51
FRMEP,2025-08-20 00:23:51
HUSA,2025-08-20 00:23:51
HZO,2025-08-20 00:23:51
WBX,2025-08-20 00:23:51
EB,2025-08-20 00:23:51
INV,2025-08-20 00:23:51
APM,2025-08-20 00:23:51
VALU,2025-08-20 00:23:51
WMK,2025-08-20 00:23:51
MFA-PB,2025-08-20 00:23:51
MYFW,2025-08-20 00:23:51
INDO,2025-08-20 00:23:51
CNMD,2025-08-20 00:23:51
MSDL,2025-08-20 00:23:51
TTSH,2025-08-20 00:23:51
KRO,2025-08-20 00:23:51
F-PD,2025-08-20 00:23:51
MS-PE,2025-08-20 00:23:51
BF-A,2025-08-20 00:23:51
DRCT,2025-08-20 00:23:51
FCAP,2025-08-20 00:23:51
NWN,2025-08-20 00:23:51
JOBY-WT,2025-08-20 00:23:51
USNA,2025-08-20 00:23:51
KEQU,2025-08-20 00:23:51
IFS,2025-08-20 00:23:51
GALT,2025-08-20 00:23:51
SBSI,2025-08-20 00:23:51
NREF,2025-08-20 00:23:51
RPM,2025-08-20 00:23:51
TCBK,2025-08-20 00:23:51
RCKY,2025-08-20 00:23:51
NGVC,2025-08-20 00:23:51
WTFC,2025-08-20 00:23:51
CTRM,2025-08-20 00:23:51
FWONA,2025-08-20 00:23:51
PNRG,2025-08-20 00:23:51
INGR,2025-08-20 00:23:51
FTEL,2025-08-20 00:23:51
ATGE,2025-08-20 00:23:51
FRPH,2025-08-20 00:23:51
IMOS,2025-08-20 00:23:51
RNAZ,2025-08-20 00:23:51
TIPT,2025-08-20 00:23:51
AAPG,2025-08-20 00:23:51
AMBR,2025-08-20 00:23:51
BRTX,2025-08-20 00:23:51
SCL,2025-08-20 00:23:51
MNTN,2025-08-20 00:23:51
CCRD,2025-08-20 00:23:51
SLG,2025-08-20 00:23:51
NYMTN,2025-08-20 00:23:51
NEU,2025-08-20 00:23:51
NPB,2025-08-20 00:23:51
TLSA,2025-08-20 00:23:51
OKYO,2025-08-20 00:23:51
SQFT,2025-08-20 00:23:51
GEF,2025-08-20 00:23:51
SAGT,2025-08-20 00:23:51
ZONE,2025-08-20 00:23:51
CHPT,2025-08-20 00:23:51
NHI,2025-08-20 00:23:51
LITM,2025-08-20 00:23:51
CABO,2025-08-20 00:23:51
IMKTA,2025-08-20 00:23:51
HCI,2025-08-20 00:23:51
VRA,2025-08-20 00:23:51
ASR,2025-08-20 00:23:51
TZOO,2025-08-20 00:23:51
RIME,2025-08-20 00:23:51
MFA-PC,2025-08-20 00:23:51
IRS,2025-08-20 00:23:51
CHSCO,2025-08-20 00:23:51
LSBK,2025-08-20 00:23:51
DFIN,2025-08-20 00:23:51
CDRE,2025-08-20 00:23:51
MMI,2025-08-20 00:23:51
MSW,2025-08-20 00:23:51
USCB,2025-08-20 00:23:51
JFB,2025-08-20 00:23:51
TNC,2025-08-20 00:23:51
CHH,2025-08-20 00:23:51
TCRX,2025-08-20 00:23:51
CIVB,2025-08-20 00:23:51
AIN,2025-08-20 00:23:51
MGRM,2025-08-20 00:23:51
FRST,2025-08-20 00:23:51
BDMD,2025-08-20 00:23:51
GABC,2025-08-20 00:23:51
MET-PA,2025-08-20 00:23:51
SWKH,2025-08-20 00:23:51
CHCT,2025-08-20 00:23:51
LOT,2025-08-20 00:23:51
ATR,2025-08-20 00:23:51
FSBC,2025-08-20 00:23:51
LYTS,2025-08-20 00:23:51
HWH,2025-08-20 00:23:51
BML-PL,2025-08-20 00:23:51
DUK-PA,2025-08-20 00:23:51
GNL-PA,2025-08-20 00:23:51
BFRG,2025-08-20 00:23:51
CDLR,2025-08-20 00:23:51
NRC,2025-08-20 00:23:51
NPO,2025-08-20 00:23:51
TEX,2025-08-20 00:23:51
EDN,2025-08-20 00:23:51
MNDR,2025-08-20 00:23:51
ODC,2025-08-20 00:23:51
MG,2025-08-20 00:23:51
AEMD,2025-08-20 00:23:51
EFSCP,2025-08-20 00:23:51
SBXD,2025-08-20 00:23:51
ESE,2025-08-20 00:23:51
IBEX,2025-08-20 00:23:51
SNDA,2025-08-20 00:23:51
BEAT,2025-08-20 00:23:51
KAI,2025-08-20 00:23:51
OFG,2025-08-20 00:23:51
CLW,2025-08-20 00:23:51
BWFG,2025-08-20 00:23:51
MTX,2025-08-20 00:23:51
PCB,2025-08-20 00:23:51
WRAP,2025-08-20 00:23:51
CBT,2025-08-20 00:23:51
MEG,2025-08-20 00:23:51
NINE,2025-08-20 00:23:51
SXT,2025-08-20 00:23:51
NVR,2025-08-20 00:23:51
NAOV,2025-08-20 00:23:51
MTLS,2025-08-20 00:23:51
TWIN,2025-08-20 00:23:51
VAC,2025-08-20 00:23:51
DGICA,2025-08-20 00:23:51
LGCY,2025-08-20 00:23:51
WAVE,2025-08-20 00:23:51
QNCX,2025-08-20 00:23:51
BBW,2025-08-20 00:23:51
UVE,2025-08-20 00:23:51
HOND,2025-08-20 00:23:51
JBTM,2025-08-20 00:23:51
SMBK,2025-08-20 00:23:51
BIAF,2025-08-20 00:23:51
CTXR,2025-08-20 00:23:51
GLMD,2025-08-20 00:23:51
FBLA,2025-08-20 00:23:51
UI,2025-08-20 00:23:51
PSTL,2025-08-20 00:23:51
CCIIU,2025-08-20 00:23:51
DXLG,2025-08-20 00:23:51
IBG,2025-08-20 00:23:51
AMZE,2025-08-20 00:23:51
IIPR-PA,2025-08-20 00:23:51
HMN,2025-08-20 00:23:51
NUWE,2025-08-20 00:23:51
RFL,2025-08-20 00:23:51
BCAB,2025-08-20 00:23:51
SNAL,2025-08-20 00:23:51
CBU,2025-08-20 00:23:51
DHX,2025-08-20 00:23:51
BBDO,2025-08-20 00:23:51
GDTC,2025-08-20 00:23:51
OII,2025-08-20 00:23:51
NIPG,2025-08-20 00:23:51
LCTX,2025-08-20 00:23:51
LZMH,2025-08-20 00:23:51
TEO,2025-08-20 00:23:51
SACH,2025-08-20 00:23:51
UZF,2025-08-20 00:23:51
GAM,2025-08-20 00:23:51
FITBP,2025-08-20 00:23:51
LEN-B,2025-08-20 00:23:51
CSR,2025-08-20 00:23:51
PW,2025-08-20 00:23:51
TDG,2025-08-20 00:23:51
CPSS,2025-08-20 00:23:51
COF-PI,2025-08-20 00:23:51
CODX,2025-08-20 00:23:51
CCIX,2025-08-20 00:23:51
LTRN,2025-08-20 00:23:51
IFRX,2025-08-20 00:23:51
RYET,2025-08-20 00:23:51
AMST,2025-08-20 00:23:51
NRUC,2025-08-20 00:23:51
FBIO,2025-08-20 00:23:51
VERB,2025-08-20 00:23:51
IVR-PC,2025-08-20 00:23:51
ICCM,2025-08-20 00:23:51
AMPX-WT,2025-08-20 00:23:51
SMHI,2025-08-20 00:23:51
WAL-PA,2025-08-20 00:23:51
TRVG,2025-08-20 00:23:51
INAB,2025-08-20 00:23:51
EGG,2025-08-20 00:23:51
STRZ,2025-08-20 00:23:51
CWBC,2025-08-20 00:23:51
CSPI,2025-08-20 00:23:51
TRC,2025-08-20 00:23:51
ZTEK,2025-08-20 00:23:51
BOW,2025-08-20 00:23:51
ANTE,2025-08-20 00:23:51
NRDY,2025-08-20 00:23:51
CENN,2025-08-20 00:23:51
ELTX,2025-08-20 00:23:51
MRT,2025-08-20 00:23:51
BATL,2025-08-20 00:23:51
CADE-PA,2025-08-20 00:23:51
AQMS,2025-08-20 00:23:51
MDXH,2025-08-20 00:23:51
ASRT,2025-08-20 00:23:51
OTLY,2025-08-20 00:23:51
ETHZW,2025-08-20 00:23:51
WOK,2025-08-20 00:23:51
SNWV,2025-08-20 00:23:51
TENX,2025-08-20 00:23:51
CHSCN,2025-08-20 00:23:51
TRX,2025-08-20 00:23:51
FAAS,2025-08-20 00:23:51
GLSI,2025-08-20 00:23:51
RUMBW,2025-08-20 00:23:51
POLA,2025-08-20 00:23:51
LEO,2025-08-20 00:23:51
RDWR,2025-08-20 00:23:51
COF-PJ,2025-08-20 00:23:51
GBIO,2025-08-20 00:23:51
RGA,2025-08-20 00:23:51
NMFCZ,2025-08-20 00:23:51
BLTE,2025-08-20 00:23:51
TBBB,2025-08-20 00:23:51
CTSO,2025-08-20 00:23:51
WRN,2025-08-20 00:23:51
CUBI,2025-08-20 00:23:51
NL,2025-08-20 00:23:51
SIEB,2025-08-20 00:23:51
RM,2025-08-20 00:23:51
ORKT,2025-08-20 00:23:51
EVO,2025-08-20 00:23:51
GASS,2025-08-20 00:23:51
AGNCN,2025-08-20 00:23:51
BLMZ,2025-08-20 00:23:51
ZSPC,2025-08-20 00:23:51
IBO,2025-08-20 00:23:51
SRTS,2025-08-20 00:23:51
SLRX,2025-08-20 00:23:51
RDIB,2025-08-20 00:23:51
PIPR,2025-08-20 00:23:51
ENS,2025-08-20 00:23:51
AMBQ,2025-08-20 00:23:51
RTAC,2025-08-20 00:23:51
RDHL,2025-08-20 00:23:51
AENT,2025-08-20 00:23:51
EDTK,2025-08-20 00:23:51
RMR,2025-08-20 00:23:51
MCVT,2025-08-20 00:23:51
IRIX,2025-08-20 00:23:51
BATRA,2025-08-20 00:23:51
ALG,2025-08-20 00:23:51
TEAD,2025-08-20 00:23:51
QBTS-WT,2025-08-20 00:23:51
CRMT,2025-08-20 00:23:51
BNR,2025-08-20 00:23:51
FOR,2025-08-20 00:23:51
MIMI,2025-08-20 00:23:51
KRMD,2025-08-20 00:23:51
OLMA,2025-08-20 00:23:51
NHTC,2025-08-20 00:23:51
GNSS,2025-08-20 00:23:51
DTIL,2025-08-20 00:23:51
SEAL-PB,2025-08-20 00:23:51
NTIC,2025-08-20 00:23:51
PDS,2025-08-20 00:23:51
WHWK,2025-08-20 00:23:51
LTRYW,2025-08-20 00:23:51
ISOU,2025-08-20 00:23:51
RICK,2025-08-20 00:23:51
SRBK,2025-08-20 00:23:51
WFC-PA,2025-08-20 00:23:51
CLAR,2025-08-20 00:23:51
OFLX,2025-08-20 00:23:51
UGRO,2025-08-20 00:23:51
GWH,2025-08-20 00:23:51
HCM,2025-08-20 00:23:51
TOON,2025-08-20 00:23:51
DDC,2025-08-20 00:23:51
SFB,2025-08-20 00:23:51
CVLG,2025-08-20 00:23:51
UEIC,2025-08-20 00:23:51
AYI,2025-08-20 00:23:51
RGC,2025-08-20 00:23:51
NTIP,2025-08-20 00:23:51
RHLD,2025-08-20 00:23:51
RTACW,2025-08-20 00:23:51
ATRA,2025-08-20 00:23:51
JPM-PM,2025-08-20 00:23:51
RNGR,2025-08-20 00:23:51
GP,2025-08-20 00:23:51
AC,2025-08-20 00:23:51
EXOD,2025-08-20 00:23:51
SOBR,2025-08-20 00:23:51
EVC,2025-08-20 00:23:51
DRRX,2025-08-20 00:23:51
PSA-PN,2025-08-20 00:23:51
STRD,2025-08-20 00:23:51
JKS,2025-08-20 00:23:51
PN,2025-08-20 00:23:51
PAMT,2025-08-20 00:23:51
HOFT,2025-08-20 00:23:51
BENF,2025-08-20 00:23:51
VS,2025-08-20 00:23:51
NYC,2025-08-20 00:23:51
WINT,2025-08-20 00:23:51
RITM-PD,2025-08-20 00:23:51
PGYWW,2025-08-20 00:23:51
WK,2025-08-20 00:23:51
NTRB,2025-08-20 00:23:51
CBAT,2025-08-20 00:23:51
BAC-PP,2025-08-20 00:23:51
NRP,2025-08-20 00:23:51
COF-PN,2025-08-20 00:23:51
WTM,2025-08-20 00:23:51
NTRP,2025-08-20 00:23:51
SOJD,2025-08-20 00:23:51
SOPA,2025-08-20 00:23:51
MKZR,2025-08-20 00:23:51
MS-PL,2025-08-20 00:23:51
ATNM,2025-08-20 00:23:51
DYAI,2025-08-20 00:23:51
YCBD,2025-08-20 00:23:51
SWX,2025-08-20 00:23:51
RMBI,2025-08-20 00:23:51
VVX,2025-08-20 00:23:51
IMCC,2025-08-20 00:23:51
RAPT,2025-08-20 00:23:51
ASIC,2025-08-20 00:23:51
FRGT,2025-08-20 00:23:51
AACG,2025-08-20 00:23:51
CBL,2025-08-20 00:23:51
CAAS,2025-08-20 00:23:51
BLX,2025-08-20 00:23:51
AWI,2025-08-20 00:23:51
EML,2025-08-20 00:23:51
HSHP,2025-08-20 00:23:51
EVAX,2025-08-20 00:23:51
TFC-PO,2025-08-20 00:23:51
XBP,2025-08-20 00:23:51
MNSB,2025-08-20 00:23:51
PC,2025-08-20 00:23:51
NXTC,2025-08-20 00:23:51
BLIV,2025-08-20 00:23:51
SBFM,2025-08-20 00:23:51
VNO-PN,2025-08-20 00:23:51
OMSE,2025-08-20 00:23:51
FRSX,2025-08-20 00:23:51
LPTX,2025-08-20 00:23:51
SPCB,2025-08-20 00:23:51
NISN,2025-08-20 00:23:51
SNCR,2025-08-20 00:23:51
YSXT,2025-08-20 00:23:51
INBK,2025-08-20 00:23:51
CLGN,2025-08-20 00:23:51
BHFAL,2025-08-20 00:23:51
REFI,2025-08-20 00:23:51
BNRG,2025-08-20 00:23:51
ICU,2025-08-20 00:23:51
CEPO,2025-08-20 00:23:51
VINP,2025-08-20 00:23:51
GHM,2025-08-20 00:23:51
BKYI,2025-08-20 00:23:51
TIXT,2025-08-20 00:23:51
RSVR,2025-08-20 00:23:51
OPXS,2025-08-20 00:23:51
USAC,2025-08-20 00:23:51
AACT,2025-08-20 00:23:51
HKPD,2025-08-20 00:23:51
TRUG,2025-08-20 00:23:51
CAMP,2025-08-20 00:23:51
HURC,2025-08-20 00:23:51
CSTE,2025-08-20 00:23:51
PKE,2025-08-20 00:23:51
ATLO,2025-08-20 00:23:51
UBXG,2025-08-20 00:23:51
SOHO,2025-08-20 00:23:51
PIII,2025-08-20 00:23:51
GCBC,2025-08-20 00:23:51
ZBAO,2025-08-20 00:23:51
ELPW,2025-08-20 00:23:51
DRIO,2025-08-20 00:23:51
SMC,2025-08-20 00:23:51
HXHX,2025-08-20 00:23:51
AHT,2025-08-20 00:23:51
AFGB,2025-08-20 00:23:51
DLR-PL,2025-08-20 00:23:51
FSTR,2025-08-20 00:23:51
MTEN,2025-08-20 00:23:51
MSPRW,2025-08-20 00:23:51
TMQ,2025-08-20 00:23:51
LFWD,2025-08-20 00:23:51
EZGO,2025-08-20 00:23:51
QVCGA,2025-08-20 00:23:51
RMBL,2025-08-20 00:23:51
ALRS,2025-08-20 00:23:51
BGL,2025-08-20 00:23:51
AISPW,2025-08-20 00:23:51
STG,2025-08-20 00:23:51
JRVR,2025-08-20 00:23:51
BMR,2025-08-20 00:23:51
AAMI,2025-08-20 00:23:51
AMIX,2025-08-20 00:23:51
CURR,2025-08-20 00:23:51
GS-PA,2025-08-20 00:23:51
FLX,2025-08-20 00:23:51
SLN,2025-08-20 00:23:51
MSGM,2025-08-20 00:23:51
FINW,2025-08-20 00:23:51
LEDS,2025-08-20 00:23:51
ATER,2025-08-20 00:23:51
HYPR,2025-08-20 00:23:51
PHVS,2025-08-20 00:23:51
AX,2025-08-20 00:23:51
CATO,2025-08-20 00:23:51
GURE,2025-08-20 00:23:51
SCSC,2025-08-20 00:23:51
PTIX,2025-08-20 00:23:51
EQBK,2025-08-20 00:23:51
CCEL,2025-08-20 00:23:51
GS-PD,2025-08-20 00:23:51
VTOL,2025-08-20 00:23:51
SPAI,2025-08-20 00:23:51
TYRA,2025-08-20 00:23:51
PASG,2025-08-20 00:23:51
ACHR-WT,2025-08-20 00:23:51
GAINZ,2025-08-20 00:23:51
BYSI,2025-08-20 00:23:51
SMBC,2025-08-20 00:23:51
CLSKW,2025-08-20 00:23:51
IGC,2025-08-20 00:23:51
TBHC,2025-08-20 00:23:51
PAPL,2025-08-20 00:23:51
ESCA,2025-08-20 00:23:51
LOOP,2025-08-20 00:23:51
GNTY,2025-08-20 00:23:51
BSVN,2025-08-20 00:23:51
WENN,2025-08-20 00:23:51
SOHU,2025-08-20 00:23:51
FBRX,2025-08-20 00:23:51
CLFD,2025-08-20 00:23:51
NDLS,2025-08-20 00:23:51
NYAX,2025-08-20 00:23:51
CSW,2025-08-20 00:23:51
KTTA,2025-08-20 00:23:51
WATT,2025-08-20 00:23:51
GLP,2025-08-20 00:23:51
VSA,2025-08-20 00:23:51
BCH,2025-08-20 00:23:51
LSTA,2025-08-20 00:23:51
LPA,2025-08-20 00:23:51
IPX,2025-08-20 00:23:51
EQS,2025-08-20 00:23:51
ROMA,2025-08-20 00:23:51
ICON,2025-08-20 00:23:51
NAMM,2025-08-20 00:23:51
DLPN,2025-08-20 00:23:51
IFBD,2025-08-20 00:23:51
BNT,2025-08-20 00:23:51
FLUX,2025-08-20 00:23:51
ASUR,2025-08-20 00:23:51
ARTV,2025-08-20 00:23:51
EXP,2025-08-20 00:23:51
RS,2025-08-20 00:23:51
HTCR,2025-08-20 00:23:51
MNSBP,2025-08-20 00:23:51
AIXI,2025-08-20 00:23:51
USEA,2025-08-20 00:23:51
EME,2025-08-20 00:23:51
AUID,2025-08-20 00:23:51
CCO,2025-08-20 00:23:51
BIYA,2025-08-20 00:23:51
FCBC,2025-08-20 00:23:51
AERT,2025-08-20 00:23:51
AVAL,2025-08-20 00:23:51
MGLD,2025-08-20 00:23:51
KBSX,2025-08-20 00:23:51
EGAN,2025-08-20 00:23:51
EVOK,2025-08-20 00:23:51
DERM,2025-08-20 00:23:51
BTBD,2025-08-20 00:23:51
FGBIP,2025-08-20 00:23:51
EVEX-WT,2025-08-20 00:23:51
BXC,2025-08-20 00:23:51
DVS,2025-08-20 00:23:51
LAWR,2025-08-20 00:23:51
AIM,2025-08-20 00:23:51
RUSHB,2025-08-20 00:23:51
TOVX,2025-08-20 00:23:51
LVTX,2025-08-20 00:23:51
USEG,2025-08-20 00:23:51
LOKV,2025-08-20 00:23:51
ACON,2025-08-20 00:23:51
VRAX,2025-08-20 00:23:51
VALN,2025-08-20 00:23:51
ADSE,2025-08-20 00:23:51
CODA,2025-08-20 00:23:51
VLYPN,2025-08-20 00:23:51
ATNI,2025-08-20 00:23:51
SEGG,2025-08-20 00:23:51
SKBL,2025-08-20 00:23:51
JEM,2025-08-20 00:23:51
WTF,2025-08-20 00:23:51
IDT,2025-08-20 00:23:51
HKIT,2025-08-20 00:23:51
REX,2025-08-20 00:23:51
EEX,2025-08-20 00:23:51
ITT,2025-08-20 00:23:51
ADTX,2025-08-20 00:23:51
CXAI,2025-08-20 00:23:51
NHPBP,2025-08-20 00:23:51
TC,2025-08-20 00:23:51
ZKIN,2025-08-20 00:23:51
DLNG,2025-08-20 00:23:51
ONCHU,2025-08-20 00:23:51
JFBR,2025-08-20 00:23:51
WYHG,2025-08-20 00:23:51
MBINN,2025-08-20 00:23:51
ACTU,2025-08-20 00:23:51
IPM,2025-08-20 00:23:51
GAINN,2025-08-20 00:23:51
JXN-PA,2025-08-20 00:23:51
KMPB,2025-08-20 00:23:51
KNOP,2025-08-20 00:23:51
WFC-PZ,2025-08-20 00:23:51
LANDO,2025-08-20 00:23:51
GCL,2025-08-20 00:23:51
IQST,2025-08-20 00:23:51
ABP,2025-08-20 00:23:51
CIM-PB,2025-08-20 00:23:51
VPG,2025-08-20 00:23:51
DXF,2025-08-20 00:23:51
WFC-PY,2025-08-20 00:23:51
DCO,2025-08-20 00:23:51
VICR,2025-08-20 00:23:51
TURN,2025-08-20 00:23:51
RAND,2025-08-20 00:23:51
CVEO,2025-08-20 00:23:51
GNL-PB,2025-08-20 00:23:51
SGC,2025-08-20 00:23:51
F-PC,2025-08-20 00:23:51
YRD,2025-08-20 00:23:51
REE,2025-08-20 00:23:51
ELVA,2025-08-20 00:23:51
TYGO,2025-08-20 00:23:51
URI,2025-08-20 00:23:51
GSRT,2025-08-20 00:23:51
STKH,2025-08-20 00:23:51
VBIX,2025-08-20 00:23:51
BLCO,2025-08-20 00:23:51
RWT-PA,2025-08-20 00:23:51
SINT,2025-08-20 00:23:51
MWG,2025-08-20 00:23:51
TLSI,2025-08-20 00:23:51
ATLCZ,2025-08-20 00:23:51
BKE,2025-08-20 00:23:51
MGRE,2025-08-20 00:23:51
CRIS,2025-08-20 00:23:51
HWCPZ,2025-08-20 00:23:51
ARTNA,2025-08-20 00:23:51
RLMD,2025-08-20 00:23:51
SER,2025-08-20 00:23:51
PRK,2025-08-20 00:23:51
AREB,2025-08-20 00:23:51
BAC-PS,2025-08-20 00:23:51
SNOA,2025-08-20 00:23:51
GNLX,2025-08-20 00:23:51
SUNS,2025-08-20 00:23:51
CGTL,2025-08-20 00:23:51
IPI,2025-08-20 00:23:51
NVA,2025-08-20 00:23:51
FISI,2025-08-20 00:23:51
BCTX,2025-08-20 00:23:51
ONCO,2025-08-20 00:23:51
FURY,2025-08-20 00:23:51
MHO,2025-08-20 00:23:51
DGLY,2025-08-20 00:23:51
UCAR,2025-08-20 00:23:51
DSY,2025-08-20 00:23:51
NSSC,2025-08-20 00:23:51
CZNC,2025-08-20 00:23:51
BIO,2025-08-20 00:23:51
GSHR,2025-08-20 00:23:51
MGRT,2025-08-20 00:23:51
OSRH,2025-08-20 00:23:51
MBIN,2025-08-20 00:23:51
ESLA,2025-08-20 00:23:51
GV,2025-08-20 00:23:51
ATH-PE,2025-08-20 00:23:51
AB,2025-08-20 00:23:51
BGLC,2025-08-20 00:23:51
PTNM,2025-08-20 00:23:51
ECOR,2025-08-20 00:23:51
MCI,2025-08-20 00:23:51
USB-PP,2025-08-20 00:23:51
GRVY,2025-08-20 00:23:51
MURA,2025-08-20 00:23:51
NAAS,2025-08-20 00:23:51
BJDX,2025-08-20 00:23:51
BRK-A,2025-08-20 00:23:51
AFBI,2025-08-20 00:23:51
LANV,2025-08-20 00:23:51
CAEP,2025-08-20 00:23:51
ADAG,2025-08-20 00:23:51
BELFA,2025-08-20 00:23:51
DJTWW,2025-08-20 00:23:51
CETY,2025-08-20 00:23:51
NEOV,2025-08-20 00:23:51
GRAN,2025-08-20 00:23:51
APT,2025-08-20 00:23:51
AUNA,2025-08-20 00:23:51
PRI,2025-08-20 00:23:51
MTRX,2025-08-20 00:23:51
ABVEW,2025-08-20 00:23:51
BGSF,2025-08-20 00:23:51
MS-PP,2025-08-20 00:23:51
MTB-PJ,2025-08-20 00:23:51
NXL,2025-08-20 00:23:51
RETO,2025-08-20 00:23:51
PHGE,2025-08-20 00:23:51
DAIC,2025-08-20 00:23:51
HCWC,2025-08-20 00:23:51
WETO,2025-08-20 00:23:51
XOMAO,2025-08-20 00:23:51
MNTK,2025-08-20 00:23:51
MEC,2025-08-20 00:23:51
USB-PR,2025-08-20 00:23:51
BRIA,2025-08-20 00:23:51
RENT,2025-08-20 00:23:51
RENB,2025-08-20 00:23:51
UTMD,2025-08-20 00:23:51
RF-PF,2025-08-20 00:23:51
BCOR,2025-08-20 00:23:51
GCMGW,2025-08-20 00:23:51
NWFL,2025-08-20 00:23:51
PYPD,2025-08-20 00:23:51
ACIU,2025-08-20 00:23:51
ITP,2025-08-20 00:23:51
YYGH,2025-08-20 00:23:51
BOH,2025-08-20 00:23:51
TBB,2025-08-20 00:23:51
BWSN,2025-08-20 00:23:51
WRB-PG,2025-08-20 00:23:51
MYE,2025-08-20 00:23:51
FENG,2025-08-20 00:23:51
NXGL,2025-08-20 00:23:51
RILYG,2025-08-20 00:23:51
VRAR,2025-08-20 00:23:51
BBGI,2025-08-20 00:23:51
CVU,2025-08-20 00:23:51
RPID,2025-08-20 00:23:51
TMP,2025-08-20 00:23:51
CHRS,2025-08-20 00:23:51
ALUR,2025-08-20 00:23:51
FHTX,2025-08-20 00:23:51
SFBS,2025-08-20 00:23:51
NGL-PC,2025-08-20 00:23:51
LUCD,2025-08-20 00:23:51
HEI-A,2025-08-20 00:23:51
SKYX,2025-08-20 00:23:51
YYAI,2025-08-20 00:23:51
TGE,2025-08-20 00:23:51
NRIM,2025-08-20 00:23:51
GCTK,2025-08-20 00:23:51
NEXM,2025-08-20 00:23:51
KIM-PL,2025-08-20 00:23:51
DLHC,2025-08-20 00:23:51
KZR,2025-08-20 00:23:51
NGL-PB,2025-08-20 00:23:51
GRC,2025-08-20 00:23:51
STEL,2025-08-20 00:23:51
GOODO,2025-08-20 00:23:51
MS-PI,2025-08-20 00:23:51
INTJ,2025-08-20 00:23:51
SSTK,2025-08-20 00:23:51
SONM,2025-08-20 00:23:51
EICC,2025-08-20 00:23:51
CNSP,2025-08-20 00:23:51
REBN,2025-08-20 00:23:51
NCL,2025-08-20 00:23:51
FSBW,2025-08-20 00:23:51
FRBA,2025-08-20 00:23:51
GPOR,2025-08-20 00:23:51
ZOOZ,2025-08-20 00:23:51
NXPL,2025-08-20 00:23:51
FSI,2025-08-20 00:23:51
OWLT,2025-08-20 00:23:51
OCFT,2025-08-20 00:23:51
BH-A,2025-08-20 00:23:51
KIDZW,2025-08-20 00:23:51
ECDA,2025-08-20 00:23:51
WRB-PE,2025-08-20 00:23:51
DRTS,2025-08-20 00:23:51
AGFY,2025-08-20 00:23:51
WLKP,2025-08-20 00:23:51
LPCN,2025-08-20 00:23:51
ASTI,2025-08-20 00:23:51
DFLIW,2025-08-20 00:23:51
RF-PC,2025-08-20 00:23:51
SURG,2025-08-20 00:23:51
MCB,2025-08-20 00:23:51
SBDS,2025-08-20 00:23:51
KPRX,2025-08-20 00:23:51
SREA,2025-08-20 00:23:51
SPRC,2025-08-20 00:23:51
SERA,2025-08-20 00:23:51
CZWI,2025-08-20 00:23:51
STRW,2025-08-20 00:23:51
LWACU,2025-08-20 00:23:51
IH,2025-08-20 00:23:51
MITP,2025-08-20 00:23:51
DAC,2025-08-20 00:23:51
AZZ,2025-08-20 00:23:51
TPB,2025-08-20 00:23:51
XCH,2025-08-20 00:23:51
RCON,2025-08-20 00:23:51
DX-PC,2025-08-20 00:23:51
AP,2025-08-20 00:23:51
C-PN,2025-08-20 00:23:51
FNWB,2025-08-20 00:23:51
HFSI,2025-08-20 00:23:51
FVR,2025-08-20 00:23:51
HAO,2025-08-20 00:23:51
AGH,2025-08-20 00:23:51
FLNT,2025-08-20 00:23:51
ERNA,2025-08-20 00:23:51
THCH,2025-08-20 00:23:51
MNY,2025-08-20 00:23:51
WBUY,2025-08-20 00:23:51
TCBIO,2025-08-20 00:23:51
JL,2025-08-20 00:23:51
CMBM,2025-08-20 00:23:51
BHB,2025-08-20 00:23:51
VWAVW,2025-08-20 00:23:51
WXM,2025-08-20 00:23:51
BAOS,2025-08-20 00:23:51
PROV,2025-08-20 00:23:51
RGCO,2025-08-20 00:23:51
SKK,2025-08-20 00:23:51
SLDPW,2025-08-20 00:23:51
GENK,2025-08-20 00:23:51
ALTI,2025-08-20 00:23:51
TVRD,2025-08-20 00:23:51
PTHS,2025-08-20 00:23:51
SYBX,2025-08-20 00:23:51
APLMW,2025-08-20 00:23:51
RZLVW,2025-08-20 00:23:51
CREG,2025-08-20 00:23:51
KZIA,2025-08-20 00:23:51
WYY,2025-08-20 00:23:51
AIMD,2025-08-20 00:23:51
BIPH,2025-08-20 00:23:51
F-PB,2025-08-20 00:23:51
AZTR,2025-08-20 00:23:51
PLUT,2025-08-20 00:23:51
AKA,2025-08-20 00:23:51
BNAI,2025-08-20 00:23:51
VOYA-PB,2025-08-20 00:23:51
TDS-PV,2025-08-20 00:23:51
AFRI,2025-08-20 00:23:51
PJT,2025-08-20 00:23:51
SDA,2025-08-20 00:23:51
BCG,2025-08-20 00:23:51
GSUN,2025-08-20 00:23:51
CREV,2025-08-20 00:23:51
BPYPN,2025-08-20 00:23:51
FATBP,2025-08-20 00:23:51
CMMB,2025-08-20 00:23:51
ULBI,2025-08-20 00:23:51
MET-PE,2025-08-20 00:23:51
IVA,2025-08-20 00:23:51
GAM-PB,2025-08-20 00:23:51
UNF,2025-08-20 00:23:51
FENC,2025-08-20 00:23:51
AUROW,2025-08-20 00:23:51
ACOG,2025-08-20 00:23:51
HBANL,2025-08-20 00:23:51
BMHL,2025-08-20 00:23:51
MMLP,2025-08-20 00:23:51
SNV-PE,2025-08-20 00:23:51
MYND,2025-08-20 00:23:51
JYD,2025-08-20 00:23:51
CTEV,2025-08-20 00:23:51
IMRN,2025-08-20 00:23:51
LRHC,2025-08-20 00:23:51
UUU,2025-08-20 00:23:51
NVVE,2025-08-20 00:23:51
FDBC,2025-08-20 00:23:51
XWEL,2025-08-20 00:23:51
BUUU,2025-08-20 00:23:51
BHAT,2025-08-20 00:23:51
ATHS,2025-08-20 00:23:51
EVGN,2025-08-20 00:23:51
RBOT,2025-08-20 00:23:51
GBFH,2025-08-20 00:23:51
CREX,2025-08-20 00:23:51
STHO,2025-08-20 00:23:51
MLP,2025-08-20 00:23:51
IMMP,2025-08-20 00:23:51
MGYR,2025-08-20 00:23:51
BIRD,2025-08-20 00:23:51
T-PA,2025-08-20 00:23:51
HTCO,2025-08-20 00:23:51
GTIM,2025-08-20 00:23:51
GITS,2025-08-20 00:23:51
INTT,2025-08-20 00:23:51
ASRV,2025-08-20 00:23:51
RILYT,2025-08-20 00:23:51
SQFTP,2025-08-20 00:23:51
AIRTP,2025-08-20 00:23:51
MFAN,2025-08-20 00:23:51
UONE,2025-08-20 00:23:51
PKOH,2025-08-20 00:23:51
CLRB,2025-08-20 00:23:51
BAC-PE,2025-08-20 00:23:51
PSA-PL,2025-08-20 00:23:51
ARBKL,2025-08-20 00:23:51
MCBS,2025-08-20 00:23:51
TRINZ,2025-08-20 00:23:51
MAAS,2025-08-20 00:23:51
FCNCO,2025-08-20 00:23:51
DEVS,2025-08-20 00:23:51
FITBO,2025-08-20 00:23:51
KARO,2025-08-20 00:23:51
IROH,2025-08-20 00:23:51
COYA,2025-08-20 00:23:51
VEEE,2025-08-20 00:23:51
AHH-PA,2025-08-20 00:23:51
QSIAW,2025-08-20 00:23:51
HQI,2025-08-20 00:23:51
NWTG,2025-08-20 00:23:51
GLIBA,2025-08-20 00:23:51
STRS,2025-08-20 00:23:51
ELBM,2025-08-20 00:23:51
SHPH,2025-08-20 00:23:51
PFSA,2025-08-20 00:23:51
PCLA,2025-08-20 00:23:51
HTLM,2025-08-20 00:23:51
CSAI,2025-08-20 00:23:51
ANTX,2025-08-20 00:23:51
NUKKW,2025-08-20 00:23:51
STKS,2025-08-20 00:23:51
RECT,2025-08-20 00:23:51
GLXG,2025-08-20 00:23:51
XELB,2025-08-20 00:23:51
FAT,2025-08-20 00:23:51
FCNCP,2025-08-20 00:23:51
NLOP,2025-08-20 00:23:51
NIVF,2025-08-20 00:23:51
PMAX,2025-08-20 00:23:51
MLEC,2025-08-20 00:23:51
OESX,2025-08-20 00:23:51
RNTX,2025-08-20 00:23:51
PRS,2025-08-20 00:23:51
NIC,2025-08-20 00:23:51
PRLD,2025-08-20 00:23:51
GHI,2025-08-20 00:23:51
IRD,2025-08-20 00:23:51
BGI,2025-08-20 00:23:51
GRO,2025-08-20 00:23:51
BOLT,2025-08-20 00:23:51
YTRA,2025-08-20 00:23:51
SILC,2025-08-20 00:23:51
JG,2025-08-20 00:23:51
TFC-PR,2025-08-20 00:23:51
ANL,2025-08-20 00:23:51
WSBF,2025-08-20 00:23:51
TVGN,2025-08-20 00:23:51
AMRN,2025-08-20 00:23:51
OCS,2025-08-20 00:23:51
STT-PG,2025-08-20 00:23:51
XHLD,2025-08-20 00:23:51
PROF,2025-08-20 00:23:51
CAPNR,2025-08-20 00:23:51
CNO-PA,2025-08-20 00:23:51
DSWL,2025-08-20 00:23:51
VVOS,2025-08-20 00:23:51
ATHE,2025-08-20 00:23:51
WALDW,2025-08-20 00:23:51
SOS,2025-08-20 00:23:51
AGAE,2025-08-20 00:23:51
LCUT,2025-08-20 00:23:51
TACO,2025-08-20 00:23:51
HTOO,2025-08-20 00:23:51
ELTK,2025-08-20 00:23:51
CKX,2025-08-20 00:23:51
WAFDP,2025-08-20 00:23:51
UVSP,2025-08-20 00:23:51
PDEX,2025-08-20 00:23:51
VMI,2025-08-20 00:23:51
CDZIP,2025-08-20 00:23:51
CASS,2025-08-20 00:23:51
SAMG,2025-08-20 00:23:51
BKTI,2025-08-20 00:23:51
LVLU,2025-08-20 00:23:51
NEUP,2025-08-20 00:23:51
AXS,2025-08-20 00:23:51
LZM,2025-08-20 00:23:51
PSA-PP,2025-08-20 00:23:51
ATH-PD,2025-08-20 00:23:51
SIGIP,2025-08-20 00:23:51
BFS,2025-08-20 00:23:51
TROO,2025-08-20 00:23:51
KWM,2025-08-20 00:23:51
EIC,2025-08-20 00:23:51
CLRO,2025-08-20 00:23:51
DTCK,2025-08-20 00:23:51
SEB,2025-08-20 00:23:51
DUO,2025-08-20 00:23:51
BLRX,2025-08-20 00:23:51
FOA,2025-08-20 00:23:51
ORMP,2025-08-20 00:23:51
CHEK,2025-08-20 00:23:51
SCHW-PD,2025-08-20 00:23:51
KVHI,2025-08-20 00:23:51
WVVI,2025-08-20 00:23:51
DDI,2025-08-20 00:23:51
SF,2025-08-20 00:23:51
BRFH,2025-08-20 00:23:51
BRNS,2025-08-20 00:23:51
WAFU,2025-08-20 00:23:51
TBH,2025-08-20 00:23:51
ABR-PE,2025-08-20 00:23:51
RF-PE,2025-08-20 00:23:51
HOUR,2025-08-20 00:23:51
SNT,2025-08-20 00:23:51
EHGO,2025-08-20 00:23:51
OBT,2025-08-20 00:23:51
CHSCM,2025-08-20 00:23:51
EVTV,2025-08-20 00:23:51
SBFG,2025-08-20 00:23:51
EPSM,2025-08-20 00:23:51
AEFC,2025-08-20 00:23:51
SILO,2025-08-20 00:23:51
VTSI,2025-08-20 00:23:51
ISPR,2025-08-20 00:23:51
MCFT,2025-08-20 00:23:51
APUS,2025-08-20 00:23:51
RNXT,2025-08-20 00:23:51
MIGI,2025-08-20 00:23:51
SCHW-PJ,2025-08-20 00:23:51
PNFPP,2025-08-20 00:23:51
BFST,2025-08-20 00:23:51
PSA-PH,2025-08-20 00:23:51
ABOS,2025-08-20 00:23:51
JRSH,2025-08-20 00:23:51
AUGO,2025-08-20 00:23:51
TBN,2025-08-20 00:23:51
PSA-PO,2025-08-20 00:23:51
JPM-PD,2025-08-20 00:23:51
AEON,2025-08-20 00:23:51
PSA-PF,2025-08-20 00:23:51
STRR,2025-08-20 00:23:51
PSBD,2025-08-20 00:23:51
ABCB,2025-08-20 00:23:51
VANI,2025-08-20 00:23:51
TVE,2025-08-20 00:23:51
GRNQ,2025-08-20 00:23:51
BAER,2025-08-20 00:23:51
DLTH,2025-08-20 00:23:51
SMTK,2025-08-20 00:23:51
MDWD,2025-08-20 00:23:51
SSII,2025-08-20 00:23:51
DIBS,2025-08-20 00:23:51
RZB,2025-08-20 00:23:51
PSA-PI,2025-08-20 00:23:51
NEWTG,2025-08-20 00:23:51
HAFC,2025-08-20 00:23:51
USIO,2025-08-20 00:23:51
HVT,2025-08-20 00:23:51
MET-PF,2025-08-20 00:23:51
YOSH,2025-08-20 00:23:51
SVII,2025-08-20 00:23:51
BFRI,2025-08-20 00:23:51
GRRRW,2025-08-20 00:23:51
PRLB,2025-08-20 00:23:51
MXC,2025-08-20 00:23:51
SISI,2025-08-20 00:23:51
UFI,2025-08-20 00:23:51
LUD,2025-08-20 00:23:51
MMA,2025-08-20 00:23:51
BACQ,2025-08-20 00:23:51
PDYNW,2025-08-20 00:23:51
BAYAR,2025-08-20 00:23:51
PMT-PC,2025-08-20 00:23:51
MS-PO,2025-08-20 00:23:51
ROLR,2025-08-20 00:23:51
SLSN,2025-08-20 00:23:51
CNOBP,2025-08-20 00:23:51
MDBH,2025-08-20 00:23:51
GROV,2025-08-20 00:23:51
CVKD,2025-08-20 00:23:51
PBHC,2025-08-20 00:23:51
ENLT,2025-08-20 00:23:51
BANC-PF,2025-08-20 00:23:51
CRGOW,2025-08-20 00:23:51
PPBT,2025-08-20 00:23:51
CLNN,2025-08-20 00:23:51
LIEN,2025-08-20 00:23:51
ICCC,2025-08-20 00:23:51
NRSN,2025-08-20 00:23:51
CODI-PC,2025-08-20 00:23:51
IDAI,2025-08-20 00:23:51
SKYQ,2025-08-20 00:23:51
GDEV,2025-08-20 00:23:51
KPTI,2025-08-20 00:23:51
DTB,2025-08-20 00:23:51
HUBCZ,2025-08-20 00:23:51
FORTY,2025-08-20 00:23:51
NSA-PA,2025-08-20 00:23:51
APO-PA,2025-08-20 00:23:51
CMSC,2025-08-20 00:23:51
QVCC,2025-08-20 00:23:51
XRTX,2025-08-20 00:23:51
USB-PQ,2025-08-20 00:23:51
MBBC,2025-08-20 00:23:51
MS-PK,2025-08-20 00:23:51
ENGS,2025-08-20 00:23:51
ISPC,2025-08-20 00:23:51
BLIN,2025-08-20 00:23:51
TPST,2025-08-20 00:23:51
HNNA,2025-08-20 00:23:51
INCR,2025-08-20 00:23:51
DAVEW,2025-08-20 00:23:51
CFFI,2025-08-20 00:23:51
TWO-PC,2025-08-20 00:23:51
MS-PF,2025-08-20 00:23:51
POCI,2025-08-20 00:23:51
SIFY,2025-08-20 00:23:51
CMSD,2025-08-20 00:23:51
ADC-PA,2025-08-20 00:23:51
CIM-PC,2025-08-20 00:23:51
ALAR,2025-08-20 00:23:51
PCSA,2025-08-20 00:23:51
LWAY,2025-08-20 00:23:51
LSAK,2025-08-20 00:23:51
BML-PG,2025-08-20 00:23:51
KITTW,2025-08-20 00:23:51
MI,2025-08-20 00:23:51
ICG,2025-08-20 00:23:51
NLY-PI,2025-08-20 00:23:51
AHL,2025-08-20 00:23:51
TYG,2025-08-20 00:23:51
MOVE,2025-08-20 00:23:51
GNL-PD,2025-08-20 00:23:51
DHAIW,2025-08-20 00:23:51
ZJYL,2025-08-20 00:23:51
EGHA,2025-08-20 00:23:51
IKT,2025-08-20 00:23:51
VATE,2025-08-20 00:23:51
CNTX,2025-08-20 00:23:51
MDIA,2025-08-20 00:23:51
OFAL,2025-08-20 00:23:51
ILAG,2025-08-20 00:23:51
MSBIP,2025-08-20 00:23:51
UNB,2025-08-20 00:23:51
CUBI-PE,2025-08-20 00:23:51
SHMD,2025-08-20 00:23:51
CODI-PB,2025-08-20 00:23:51
XCUR,2025-08-20 00:23:51
ZDAI,2025-08-20 00:23:51
CIFRW,2025-08-20 00:23:51
BEEP,2025-08-20 00:23:51
USB-PS,2025-08-20 00:23:51
SPPL,2025-08-20 00:23:51
KEN,2025-08-20 00:23:51
BAC-PK,2025-08-20 00:23:51
VRM,2025-08-20 00:23:51
ARTW,2025-08-20 00:23:51
ATHA,2025-08-20 00:23:51
WORX,2025-08-20 00:23:51
ALL-PH,2025-08-20 00:23:51
JPM-PJ,2025-08-20 00:23:51
BEP-PA,2025-08-20 00:23:51
DMYY,2025-08-20 00:23:51
JPM-PL,2025-08-20 00:23:51
INLF,2025-08-20 00:23:51
OPAD,2025-08-20 00:23:51
KEY-PL,2025-08-20 00:23:51
SBEV-WT,2025-08-20 00:23:51
MSIF,2025-08-20 00:23:51
ARQQW,2025-08-20 00:23:51
KG,2025-08-20 00:23:51
RCB,2025-08-20 00:23:51
NYMTL,2025-08-20 00:23:51
SAY,2025-08-20 00:23:51
CQP,2025-08-20 00:23:51
MGRX,2025-08-20 00:23:51
DRTSW,2025-08-20 00:23:51
SCAG,2025-08-20 00:23:51
BANL,2025-08-20 00:23:51
FSFG,2025-08-20 00:23:51
COE,2025-08-20 00:23:51
KEY-PJ,2025-08-20 00:23:51
RDI,2025-08-20 00:23:51
TDS-PU,2025-08-20 00:23:51
MRNO,2025-08-20 00:23:51
DBRG-PH,2025-08-20 00:23:51
BCDA,2025-08-20 00:23:51
KWR,2025-08-20 00:23:51
CPOP,2025-08-20 00:23:51
OXSQG,2025-08-20 00:23:51
GRABW,2025-08-20 00:23:51
SYF-PA,2025-08-20 00:23:51
BOXL,2025-08-20 00:23:51
LIDRW,2025-08-20 00:23:51
AXS-PE,2025-08-20 00:23:51
ALL-PI,2025-08-20 00:23:51
BHST,2025-08-20 00:23:51
BPYPM,2025-08-20 00:23:51
MTVA,2025-08-20 00:23:51
SONDW,2025-08-20 00:23:51
CIM-PD,2025-08-20 00:23:51
VOLT,2025-08-20 00:23:51
CHCI,2025-08-20 00:23:51
CAPL,2025-08-20 00:23:51
SKIL,2025-08-20 00:23:51
TAIT,2025-08-20 00:23:51
NVNIW,2025-08-20 00:23:51
ACXP,2025-08-20 00:23:51
SDOT,2025-08-20 00:23:51
LARK,2025-08-20 00:23:51
AIRI,2025-08-20 00:23:51
TVC,2025-08-20 00:23:51
CPSH,2025-08-20 00:23:51
HUBC,2025-08-20 00:23:51
YHNAR,2025-08-20 00:23:51
CIX,2025-08-20 00:23:51
ATMVR,2025-08-20 00:23:51
GLOP-PA,2025-08-20 00:23:51
CIGL,2025-08-20 00:23:51
OGI,2025-08-20 00:23:51
GORV,2025-08-20 00:23:51
ARGO-PA,2025-08-20 00:23:51
CIO-PA,2025-08-20 00:23:51
LFT,2025-08-20 00:23:51
MITQ,2025-08-20 00:23:51
EQH-PC,2025-08-20 00:23:51
ARMP,2025-08-20 00:23:51
OPOF,2025-08-20 00:23:51
JUNE,2025-08-20 00:23:51
SFWL,2025-08-20 00:23:51
TMDE,2025-08-20 00:23:51
BAC-PQ,2025-08-20 00:23:51
RJF-PB,2025-08-20 00:23:51
FEMY,2025-08-20 00:23:51
FGN,2025-08-20 00:23:51
LANDP,2025-08-20 00:23:51
ESP,2025-08-20 00:23:51
HCAI,2025-08-20 00:23:51
MDV,2025-08-20 00:23:51
STSSW,2025-08-20 00:23:51
MCHX,2025-08-20 00:23:51
LEE,2025-08-20 00:23:51
BAC-PO,2025-08-20 00:23:51
EFSI,2025-08-20 00:23:51
EFOI,2025-08-20 00:23:51
CTW,2025-08-20 00:23:51
CBAN,2025-08-20 00:23:51
CHMI-PA,2025-08-20 00:23:51
CDR-PB,2025-08-20 00:23:51
FTHM,2025-08-20 00:23:51
SOJC,2025-08-20 00:23:51
CANF,2025-08-20 00:23:51
BHFAN,2025-08-20 00:23:51
SF-PD,2025-08-20 00:23:51
NEWTI,2025-08-20 00:23:51
JZXN,2025-08-20 00:23:51
GLADZ,2025-08-20 00:23:51
BWNB,2025-08-20 00:23:51
OXLCI,2025-08-20 00:23:51
BENFW,2025-08-20 00:23:51
BNJ,2025-08-20 00:23:51
NEXA,2025-08-20 00:23:51
BW-PA,2025-08-20 00:23:51
LYRA,2025-08-20 00:23:51
ADGM,2025-08-20 00:23:51
SF-PB,2025-08-20 00:23:51
GDC,2025-08-20 00:23:51
BNH,2025-08-20 00:23:51
VENU,2025-08-20 00:23:51
RNAC,2025-08-20 00:23:51
CTO-PA,2025-08-20 00:23:51
FTLF,2025-08-20 00:23:51
AIZN,2025-08-20 00:23:51
FHN-PF,2025-08-20 00:23:51
AIRG,2025-08-20 00:23:51
SPNT-PB,2025-08-20 00:23:51
SLGL,2025-08-20 00:23:51
TACT,2025-08-20 00:23:51
RAVE,2025-08-20 00:23:51
RMCO,2025-08-20 00:23:51
CMS-PC,2025-08-20 00:23:51
XHG,2025-08-20 00:23:51
CET,2025-08-20 00:23:51
EIIA,2025-08-20 00:23:51
INFU,2025-08-20 00:23:51
OMH,2025-08-20 00:23:51
AMH-PH,2025-08-20 00:23:51
AQNB,2025-08-20 00:23:51
CFR-PB,2025-08-20 00:23:51
VIASP,2025-08-20 00:23:51
WSBK,2025-08-20 00:23:51
DUKB,2025-08-20 00:23:51
BC-PA,2025-08-20 00:23:51
AUST,2025-08-20 00:23:51
MCRP,2025-08-20 00:23:51
OGEN,2025-08-20 00:23:51
CMCM,2025-08-20 00:23:51
BAC-PM,2025-08-20 00:23:51
NC,2025-08-20 00:23:51
BHFAO,2025-08-20 00:23:51
CLWT,2025-08-20 00:23:51
FRGE,2025-08-20 00:23:51
NXRT,2025-08-20 00:23:51
TANH,2025-08-20 00:23:51
YQ,2025-08-20 00:23:51
NTCL,2025-08-20 00:23:51
HBB,2025-08-20 00:23:51
SLE,2025-08-20 00:23:51
MSA,2025-08-20 00:23:51
CHMG,2025-08-20 00:23:51
MKDW,2025-08-20 00:23:51
MSN,2025-08-20 00:23:51
TPCS,2025-08-20 00:23:51
TACHU,2025-08-20 00:23:51
ENTX,2025-08-20 00:23:51
TACH,2025-08-20 00:23:51
GGR,2025-08-20 00:23:51
ISPOW,2025-08-20 00:23:51
SLNHP,2025-08-20 00:23:51
ALL-PJ,2025-08-20 00:23:51
THTX,2025-08-20 00:23:51
UPC,2025-08-20 00:23:51
PHAR,2025-08-20 00:23:51
AFGC,2025-08-20 00:23:51
SPG-PJ,2025-08-20 00:23:51
WF,2025-08-20 00:23:51
COOK,2025-08-20 00:23:51
RMTI,2025-08-20 00:23:51
DBRG-PJ,2025-08-20 00:23:51
NCSM,2025-08-20 00:23:51
OTF,2025-08-20 00:23:51
ARBB,2025-08-20 00:23:51
WRB-PF,2025-08-20 00:23:51
BEAG,2025-08-20 00:23:51
MYSE,2025-08-20 00:23:51
NITO,2025-08-20 00:23:51
JCSE,2025-08-20 00:23:51
TRINI,2025-08-20 00:23:51
RWAYZ,2025-08-20 00:23:51
EPOW,2025-08-20 00:23:51
FORA,2025-08-20 00:23:51
SAZ,2025-08-20 00:23:51
ECCF,2025-08-20 00:23:51
FAMI,2025-08-20 00:23:51
SMSI,2025-08-20 00:23:51
MGRB,2025-08-20 00:23:51
BSLKW,2025-08-20 00:23:51
RITR,2025-08-20 00:23:51
BFLY-WT,2025-08-20 00:23:51
GEF-B,2025-08-20 00:23:51
BC-PC,2025-08-20 00:23:51
HIG-PG,2025-08-20 00:23:51
SBEV,2025-08-20 00:23:51
DLR-PK,2025-08-20 00:23:51
CLPS,2025-08-20 00:23:51
NXPLW,2025-08-20 00:23:51
RPTX,2025-08-20 00:23:51
ENGN,2025-08-20 00:23:51
AHT-PD,2025-08-20 00:23:51
CDTTW,2025-08-20 00:23:51
BAC-PL,2025-08-20 00:23:51
AZI,2025-08-20 00:23:51
BALY,2025-08-20 00:23:51
BGM,2025-08-20 00:23:51
DRMAW,2025-08-20 00:23:51
USB-PA,2025-08-20 00:23:51
EPRX,2025-08-20 00:23:51
RILYP,2025-08-20 00:23:51
CMT,2025-08-20 00:23:51
TFC-PI,2025-08-20 00:23:51
AGM-PD,2025-08-20 00:23:51
ATMCR,2025-08-20 00:23:51
LHSW,2025-08-20 00:23:51
GIPR,2025-08-20 00:23:51
PLAG,2025-08-20 00:23:51
CELG-RI,2025-08-20 00:23:51
PFXNZ,2025-08-20 00:23:51
MSGY,2025-08-20 00:23:51
CYCUW,2025-08-20 00:23:51
GRCE,2025-08-20 00:23:51
EFC-PB,2025-08-20 00:23:51
CCG,2025-08-20 00:23:51
PODC,2025-08-20 00:23:51
ANPA,2025-08-20 00:23:51
CVGI,2025-08-20 00:23:51
ATH-PA,2025-08-20 00:23:51
MS-PA,2025-08-20 00:23:51
PSA-PR,2025-08-20 00:23:51
ATH-PB,2025-08-20 00:23:51
KEY-PK,2025-08-20 00:23:51
TOP,2025-08-20 00:23:51
VNMEU,2025-08-20 00:23:51
SST,2025-08-20 00:23:51
SYF-PB,2025-08-20 00:23:51
JCTC,2025-08-20 00:23:51
CFG-PH,2025-08-20 00:23:51
AHT-PG,2025-08-20 00:23:51
ZJK,2025-08-20 00:23:51
LNC-PD,2025-08-20 00:23:51
TVGNW,2025-08-20 00:23:51
HUHU,2025-08-20 00:23:51
BML-PJ,2025-08-20 00:23:51
JSM,2025-08-20 00:23:51
VHI,2025-08-20 00:23:51
SOGP,2025-08-20 00:23:51
NERV,2025-08-20 00:23:51
KFS,2025-08-20 00:23:51
DTSS,2025-08-20 00:23:51
THAR,2025-08-20 00:23:51
HPP-PC,2025-08-20 00:23:51
TEN-PE,2025-08-20 00:23:51
NDRA,2025-08-20 00:23:51
GLOP-PC,2025-08-20 00:23:51
ALCO,2025-08-20 00:23:51
TXMD,2025-08-20 00:23:51
ASBA,2025-08-20 00:23:51
EEIQ,2025-08-20 00:23:51
SVRE,2025-08-20 00:23:51
HOVNP,2025-08-20 00:23:51
EICB,2025-08-20 00:23:51
GHC,2025-08-20 00:23:51
AMS,2025-08-20 00:23:51
ACCS,2025-08-20 00:23:51
OPPE,2025-08-20 00:23:51
WTBA,2025-08-20 00:23:51
CMRE-PB,2025-08-20 00:23:51
OPFI-WT,2025-08-20 00:23:51
PSA-PG,2025-08-20 00:23:51
BTMWW,2025-08-20 00:23:51
TLF,2025-08-20 00:23:51
NEPH,2025-08-20 00:23:51
AMBO,2025-08-20 00:23:51
CBNA,2025-08-20 00:23:51
ANSCW,2025-08-20 00:23:51
DWTX,2025-08-20 00:23:51
PEBK,2025-08-20 00:23:51
BCLI,2025-08-20 00:23:51
BCML,2025-08-20 00:23:51
HPAI,2025-08-20 00:23:51
GPMT-PA,2025-08-20 00:23:51
SUGP,2025-08-20 00:23:51
BIPI,2025-08-20 00:23:51
ZKH,2025-08-20 00:23:51
IPWR,2025-08-20 00:23:51
TOPS,2025-08-20 00:23:51
FOXO,2025-08-20 00:23:51
TWNP,2025-08-20 00:23:51
CTDD,2025-08-20 00:23:51
NGS,2025-08-20 00:23:51
CUBB,2025-08-20 00:23:51
IMA,2025-08-20 00:23:51
ELUT,2025-08-20 00:23:51
SVIIR,2025-08-20 00:23:51
AFGD,2025-08-20 00:23:51
RDCM,2025-08-20 00:23:51
GMHS,2025-08-20 00:23:51
RVP,2025-08-20 00:23:51
LND,2025-08-20 00:23:51
VXRT,2025-08-20 00:23:51
ABR-PD,2025-08-20 00:23:51
ARTL,2025-08-20 00:23:51
SHO-PI,2025-08-20 00:23:51
NEUE,2025-08-20 00:23:51
LEXX,2025-08-20 00:23:51
HYAC,2025-08-20 00:23:51
AERTW,2025-08-20 00:23:51
CRD-A,2025-08-20 00:23:51
NLY-PF,2025-08-20 00:23:51
VLYPP,2025-08-20 00:23:51
PED,2025-08-20 00:23:51
GNTA,2025-08-20 00:23:51
SHIM,2025-08-20 00:23:51
ADVB,2025-08-20 00:23:51
CAPS,2025-08-20 00:23:51
CXAIW,2025-08-20 00:23:51
JDZG,2025-08-20 00:23:51
SNV-PD,2025-08-20 00:23:51
GL-PD,2025-08-20 00:23:51
GTLS-PB,2025-08-20 00:23:51
BIP-PA,2025-08-20 00:23:51
GOCO,2025-08-20 00:23:51
LOGC,2025-08-20 00:23:51
DRH-PA,2025-08-20 00:23:51
LANDM,2025-08-20 00:23:51
FOXX,2025-08-20 00:23:51
KTCC,2025-08-20 00:23:51
AROW,2025-08-20 00:23:51
CHR,2025-08-20 00:23:51
DSS,2025-08-20 00:23:51
SOR,2025-08-20 00:23:51
NODK,2025-08-20 00:23:51
GS-PC,2025-08-20 00:23:51
BSET,2025-08-20 00:23:51
FARM,2025-08-20 00:23:51
NXP,2025-08-20 00:23:51
AEVAW,2025-08-20 00:23:51
TAYD,2025-08-20 00:23:51
EQV,2025-08-20 00:23:51
NVNO,2025-08-20 00:23:51
AFGE,2025-08-20 00:23:51
GLE,2025-08-20 00:23:51
UONEK,2025-08-20 00:23:51
CCTG,2025-08-20 00:23:51
FLYX-WT,2025-08-20 00:23:51
SORA,2025-08-20 00:23:51
PBFS,2025-08-20 00:23:51
MSS,2025-08-20 00:23:51
AQB,2025-08-20 00:23:51
HOOK,2025-08-20 00:23:51
RITM-PB,2025-08-20 00:23:51
LNKB,2025-08-20 00:23:51
IOTR,2025-08-20 00:23:51
RITM-PA,2025-08-20 00:23:51
GLBZ,2025-08-20 00:23:51
ALTG-PA,2025-08-20 00:23:51
KXIN,2025-08-20 00:23:51
NEWTH,2025-08-20 00:23:51
DFSC,2025-08-20 00:23:51
OYSEU,2025-08-20 00:23:51
WTMA,2025-08-20 00:23:51
CMPOW,2025-08-20 00:23:51
OCTO,2025-08-20 00:23:51
APRE,2025-08-20 00:23:51
ABLLL,2025-08-20 00:23:51
GCTS,2025-08-20 00:23:51
HPKEW,2025-08-20 00:23:51
NLY-PG,2025-08-20 00:23:51
LGMK,2025-08-20 00:23:51
OXLCZ,2025-08-20 00:23:51
EUDA,2025-08-20 00:23:51
XPL,2025-08-20 00:23:51
PCG-PD,2025-08-20 00:23:51
HLP,2025-08-20 00:23:51
VABK,2025-08-20 00:23:51
BREA,2025-08-20 00:23:51
TTNP,2025-08-20 00:23:51
SFHG,2025-08-20 00:23:51
WILC,2025-08-20 00:23:51
LFT-PA,2025-08-20 00:23:51
DALN,2025-08-20 00:23:51
CMRE-PC,2025-08-20 00:23:51
SR-PA,2025-08-20 00:23:51
SYNX,2025-08-20 00:23:51
PRH,2025-08-20 00:23:51
SACH-PA,2025-08-20 00:23:51
PRTG,2025-08-20 00:23:51
ENO,2025-08-20 00:23:51
BAERW,2025-08-20 00:23:51
BCTXW,2025-08-20 00:23:51
MNOV,2025-08-20 00:23:51
HTZWW,2025-08-20 00:23:51
RCD,2025-08-20 00:23:51
CEPT,2025-08-20 00:23:51
GTEN,2025-08-20 00:23:51
PSA-PS,2025-08-20 00:23:51
PKBK,2025-08-20 00:23:51
GIFT,2025-08-20 00:23:51
NNAVW,2025-08-20 00:23:51
SLSR,2025-08-20 00:23:51
NHICU,2025-08-20 00:23:51
ICMB,2025-08-20 00:23:51
PFX,2025-08-20 00:23:51
PAVS,2025-08-20 00:23:51
ALL-PB,2025-08-20 00:23:51
CMRE-PD,2025-08-20 00:23:51
SEED,2025-08-20 00:23:51
GENC,2025-08-20 00:23:51
VNO-PL,2025-08-20 00:23:51
NTWK,2025-08-20 00:23:51
AWRE,2025-08-20 00:23:51
CGBDL,2025-08-20 00:23:51
PLUR,2025-08-20 00:23:51
GEGGL,2025-08-20 00:23:51
HSON,2025-08-20 00:23:51
UZD,2025-08-20 00:23:51
HOLOW,2025-08-20 00:23:51
EPR-PG,2025-08-20 00:23:51
SELX,2025-08-20 00:23:51
FCRX,2025-08-20 00:23:51
EVLVW,2025-08-20 00:23:51
ASB-PE,2025-08-20 00:23:51
LIVE,2025-08-20 00:23:51
CDTG,2025-08-20 00:23:51
CNFR,2025-08-20 00:23:51
DBVT,2025-08-20 00:23:51
PELI,2025-08-20 00:23:51
AMTD,2025-08-20 00:23:51
VINC,2025-08-20 00:23:51
OXBR,2025-08-20 00:23:51
CODI-PA,2025-08-20 00:23:51
BPYPO,2025-08-20 00:23:51
CTA-PB,2025-08-20 00:23:51
RVPHW,2025-08-20 00:23:51
TOYO,2025-08-20 00:23:51
TOMZ,2025-08-20 00:23:51
BNCWW,2025-08-20 00:23:51
XIN,2025-08-20 00:23:51
AIEV,2025-08-20 00:23:51
CALC,2025-08-20 00:23:51
KORE,2025-08-20 00:23:51
AIRJW,2025-08-20 00:23:51
PHOE,2025-08-20 00:23:51
INM,2025-08-20 00:23:51
XTKG,2025-08-20 00:23:51
BRT,2025-08-20 00:23:51
DLR-PJ,2025-08-20 00:23:51
PSA-PM,2025-08-20 00:23:51
SLNG,2025-08-20 00:23:51
LGPS,2025-08-20 00:23:51
NYMTG,2025-08-20 00:23:51
NSRX,2025-08-20 00:23:51
CRAQR,2025-08-20 00:23:51
FLDDW,2025-08-20 00:23:51
PBI-PB,2025-08-20 00:23:51
BHR-PB,2025-08-20 00:23:51
GFAIW,2025-08-20 00:23:51
SGLY,2025-08-20 00:23:51
RC-PE,2025-08-20 00:23:51
SPMC,2025-08-20 00:23:51
SCCF,2025-08-20 00:23:51
ET-PI,2025-08-20 00:23:51
CMSA,2025-08-20 00:23:51
EDAP,2025-08-20 00:23:51
NSYS,2025-08-20 00:23:51
BEATW,2025-08-20 00:23:51
ASTC,2025-08-20 00:23:51
TRTN-PB,2025-08-20 00:23:51
FBYD,2025-08-20 00:23:51
GRBK-PA,2025-08-20 00:23:51
RBOT-WT,2025-08-20 00:23:51
MAMK,2025-08-20 00:23:51
RTACU,2025-08-20 00:23:51
BRN,2025-08-20 00:23:51
DIT,2025-08-20 00:23:51
SKYH-WT,2025-08-20 00:23:51
EBON,2025-08-20 00:23:51
SI,2025-08-20 00:23:51
ELLO,2025-08-20 00:23:51
ANTA,2025-08-20 00:23:51
BEPI,2025-08-20 00:23:51
GPJA,2025-08-20 00:23:51
GHG,2025-08-20 00:23:51
JWEL,2025-08-20 00:23:51
GROY-WT,2025-08-20 00:23:51
GSL-PB,2025-08-20 00:23:51
YIBO,2025-08-20 00:23:51
BSBK,2025-08-20 00:23:51
TRTN-PA,2025-08-20 00:23:51
CLIR,2025-08-20 00:23:51
LITB,2025-08-20 00:23:51
LOAN,2025-08-20 00:23:51
EMP,2025-08-20 00:23:51
RITM-PC,2025-08-20 00:23:51
NETDW,2025-08-20 00:23:51
AHL-PE,2025-08-20 00:23:51
EVI,2025-08-20 00:23:51
TRPA,2025-08-20 00:23:51
IMTE,2025-08-20 00:23:51
HIHO,2025-08-20 00:23:51
KIM-PM,2025-08-20 00:23:51
GPATW,2025-08-20 00:23:51
NCEW,2025-08-20 00:23:51
ECBK,2025-08-20 00:23:51
MDV-PA,2025-08-20 00:23:51
GENVR,2025-08-20 00:23:51
PSA-PQ,2025-08-20 00:23:51
GOODN,2025-08-20 00:23:51
EHLD,2025-08-20 00:23:51
LWAC,2025-08-20 00:23:51
LWACW,2025-08-20 00:23:51
TCRT,2025-08-20 00:23:51
DAAQ,2025-08-20 00:23:51
MTEX,2025-08-20 00:23:51
TKLF,2025-08-20 00:23:51
SCAGW,2025-08-20 00:23:51
ANSC,2025-08-20 00:23:51
ARR-PC,2025-08-20 00:23:51
HBANM,2025-08-20 00:23:51
IONQ-WT,2025-08-20 00:23:51
INLX,2025-08-20 00:23:51
FSEA,2025-08-20 00:23:51
ATHR,2025-08-20 00:23:51
RWTN,2025-08-20 00:23:51
ENFY,2025-08-20 00:23:51
MPV,2025-08-20 00:23:51
IONR,2025-08-20 00:23:51
SLG-PI,2025-08-20 00:23:51
INNV,2025-08-20 00:23:51
JBDI,2025-08-20 00:23:51
PCG-PB,2025-08-20 00:23:51
APWC,2025-08-20 00:23:51
OAK-PA,2025-08-20 00:23:51
ANEB,2025-08-20 00:23:51
TECTP,2025-08-20 00:23:51
BAFN,2025-08-20 00:23:51
XOSWW,2025-08-20 00:23:51
BPYPP,2025-08-20 00:23:51
SJ,2025-08-20 00:23:51
KLTOW,2025-08-20 00:23:51
TWO-PA,2025-08-20 00:23:51
ARBEW,2025-08-20 00:23:51
FNLC,2025-08-20 00:23:51
UG,2025-08-20 00:23:51
FGBI,2025-08-20 00:23:51
ALOT,2025-08-20 00:23:51
SVIIW,2025-08-20 00:23:51
HUMAW,2025-08-20 00:23:51
VHC,2025-08-20 00:23:51
MHNC,2025-08-20 00:23:51
WNW,2025-08-20 00:23:51
ALFUW,2025-08-20 00:23:51
WTO,2025-08-20 00:23:51
SCKT,2025-08-20 00:23:51
TACOW,2025-08-20 00:23:51
YORKU,2025-08-20 00:23:51
FGMCR,2025-08-20 00:23:51
OPINL,2025-08-20 00:23:51
SSKN,2025-08-20 00:23:51
AKAN,2025-08-20 00:23:51
OAK-PB,2025-08-20 00:23:51
SFBC,2025-08-20 00:23:51
DYCQ,2025-08-20 00:23:51
BODI,2025-08-20 00:23:51
VNO-PO,2025-08-20 00:23:51
RSSS,2025-08-20 00:23:51
PCAP,2025-08-20 00:23:51
PCAPU,2025-08-20 00:23:51
JFU,2025-08-20 00:23:51
ORIQU,2025-08-20 00:23:51
ECC-PD,2025-08-20 00:23:51
JZ,2025-08-20 00:23:51
CLNNW,2025-08-20 00:23:51
CRAQ,2025-08-20 00:23:51
TDACW,2025-08-20 00:23:51
WRB-PH,2025-08-20 00:23:51
AEHL,2025-08-20 00:23:51
EPR-PC,2025-08-20 00:23:51
VNO-PM,2025-08-20 00:23:51
ZDGE,2025-08-20 00:23:51
FDSB,2025-08-20 00:23:51
VIVS,2025-08-20 00:23:51
LIXTW,2025-08-20 00:23:51
DTSTW,2025-08-20 00:23:51
ATMCU,2025-08-20 00:23:51
ELSE,2025-08-20 00:23:51
LOCL,2025-08-20 00:23:51
ABTS,2025-08-20 00:23:51
PELIR,2025-08-20 00:23:51
UNMA,2025-08-20 00:23:51
FTAIN,2025-08-20 00:23:51
CGABL,2025-08-20 00:23:51
ZXZZT,2025-08-20 00:23:51
SOND,2025-08-20 00:23:51
UKOMW,2025-08-20 00:23:51
RADX,2025-08-20 00:23:51
DHCNL,2025-08-20 00:23:51
TNMG,2025-08-20 00:23:51
OXLCN,2025-08-20 00:23:51
AMWL,2025-08-20 00:23:51
EVGOW,2025-08-20 00:23:51
LVRO,2025-08-20 00:23:51
PEB-PF,2025-08-20 00:23:51
PRPO,2025-08-20 00:23:51
ATLCP,2025-08-20 00:23:51
GNFT,2025-08-20 00:23:51
AII,2025-08-20 00:23:51
FFAIW,2025-08-20 00:23:51
LIMNW,2025-08-20 00:23:51
AHT-PF,2025-08-20 00:23:51
CLST,2025-08-20 00:23:51
PEB-PE,2025-08-20 00:23:51
NCTY,2025-08-20 00:23:51
PSA-PJ,2025-08-20 00:23:51
PMTU,2025-08-20 00:23:51
NWTN,2025-08-20 00:23:51
OYSER,2025-08-20 00:23:51
GBLI,2025-08-20 00:23:51
PDCC,2025-08-20 00:23:51
PL-WT,2025-08-20 00:23:51
FET,2025-08-20 00:23:51
NUVB-WT,2025-08-20 00:23:51
SSSSL,2025-08-20 00:23:51
YCBD-PA,2025-08-20 00:23:51
SRG-PA,2025-08-20 00:23:51
PRE,2025-08-20 00:23:51
SRL,2025-08-20 00:23:51
BIPJ,2025-08-20 00:23:51
ISPO,2025-08-20 00:23:51
MOBBW,2025-08-20 00:23:51
BKKT-WT,2025-08-20 00:23:51
AYRO,2025-08-20 00:23:51
CDR-PC,2025-08-20 00:23:51
CPAC,2025-08-20 00:23:51
CCEC,2025-08-20 00:23:51
ODYS,2025-08-20 00:23:51
LSH,2025-08-20 00:23:51
GTENU,2025-08-20 00:23:51
NVVEW,2025-08-20 00:23:51
SOHOB,2025-08-20 00:23:51
ZVSA,2025-08-20 00:23:51
BDRX,2025-08-20 00:23:51
DTW,2025-08-20 00:23:51
MVSTW,2025-08-20 00:23:51
CRAQU,2025-08-20 00:23:51
CNL,2025-08-20 00:23:51
XBIO,2025-08-20 00:23:51
AIMDW,2025-08-20 00:23:51
FRT-PC,2025-08-20 00:23:51
GBR,2025-08-20 00:23:51
WLACW,2025-08-20 00:23:51
SLXNW,2025-08-20 00:23:51
WLAC,2025-08-20 00:23:51
GMM,2025-08-20 00:23:51
PCTTU,2025-08-20 00:23:51
KUKE,2025-08-20 00:23:51
BGLWW,2025-08-20 00:23:51
SOUL,2025-08-20 00:23:51
AVBH,2025-08-20 00:23:51
SIMAW,2025-08-20 00:23:51
ACNB,2025-08-20 00:23:51
SIMA,2025-08-20 00:23:51
WETH,2025-08-20 00:23:51
PBBK,2025-08-20 00:23:51
MKTW,2025-08-20 00:23:51
ONBPO,2025-08-20 00:23:51
ASBPW,2025-08-20 00:23:51
CRD-B,2025-08-20 00:23:51
STAK,2025-08-20 00:23:51
BCARU,2025-08-20 00:23:51
RFAI,2025-08-20 00:23:51
GLTO,2025-08-20 00:23:51
LIQT,2025-08-20 00:23:51
MLSS,2025-08-20 00:23:51
CMND,2025-08-20 00:23:51
ATLCL,2025-08-20 00:23:51
AXIL,2025-08-20 00:23:51
SDHIU,2025-08-20 00:23:51
SDHI,2025-08-20 00:23:51
DMAAU,2025-08-20 00:23:51
PACHU,2025-08-20 00:23:51
IPW,2025-08-20 00:23:51
SYRS,2025-08-20 00:23:51
BFS-PE,2025-08-20 00:23:51
HYFM,2025-08-20 00:23:51
NPACW,2025-08-20 00:23:51
DCOMP,2025-08-20 00:23:51
NCI,2025-08-20 00:23:51
COEPW,2025-08-20 00:23:51
SANW,2025-08-20 00:23:51
CARV,2025-08-20 00:23:51
CEROW,2025-08-20 00:23:51
KLRS,2025-08-20 00:23:51
SF-PC,2025-08-20 00:23:51
POWWP,2025-08-20 00:23:51
NPAC,2025-08-20 00:23:51
VNCE,2025-08-20 00:23:51
NETD,2025-08-20 00:23:51
CCNEP,2025-08-20 00:23:51
LPAAW,2025-08-20 00:23:51
RELL,2025-08-20 00:23:51
VAL-WT,2025-08-20 00:23:51
PPYAW,2025-08-20 00:23:51
TIRX,2025-08-20 00:23:51
LPAA,2025-08-20 00:23:51
SABSW,2025-08-20 00:23:51
STSS,2025-08-20 00:23:51
IBACR,2025-08-20 00:23:51
LGL,2025-08-20 00:23:51
LRE,2025-08-20 00:23:51
MYSEW,2025-08-20 00:23:51
ABR-PF,2025-08-20 00:23:51
IBAC,2025-08-20 00:23:51
CVR,2025-08-20 00:23:51
NWGL,2025-08-20 00:23:51
FULTP,2025-08-20 00:23:51
KREF-PA,2025-08-20 00:23:51
HVIIR,2025-08-20 00:23:51
EP,2025-08-20 00:23:51
LOTWW,2025-08-20 00:23:51
TWO-PB,2025-08-20 00:23:51
HVII,2025-08-20 00:23:51
RGS,2025-08-20 00:23:51
ASPCU,2025-08-20 00:23:51
YHGJ,2025-08-20 00:23:51
CPBI,2025-08-20 00:23:51
DBRG-PI,2025-08-20 00:23:51
LNKS,2025-08-20 00:23:51
FHN-PE,2025-08-20 00:23:51
SXTC,2025-08-20 00:23:51
MTC,2025-08-20 00:23:51
SAT,2025-08-20 00:23:51
HSPTU,2025-08-20 00:23:51
BOH-PA,2025-08-20 00:23:51
BARK-WT,2025-08-20 00:23:51
PSEC-PA,2025-08-20 00:23:51
UMH-PD,2025-08-20 00:23:51
ZBAI,2025-08-20 00:23:51
GRAF,2025-08-20 00:23:51
INACU,2025-08-20 00:23:51
DGNX,2025-08-20 00:23:51
GPAT,2025-08-20 00:23:51
WSBCP,2025-08-20 00:23:51
NXC,2025-08-20 00:23:51
FUNC,2025-08-20 00:23:51
NYMTI,2025-08-20 00:23:51
BAYA,2025-08-20 00:23:51
AGM-PE,2025-08-20 00:23:51
YORK,2025-08-20 00:23:51
AACI,2025-08-20 00:23:51
ONMDW,2025-08-20 00:23:51
REGCO,2025-08-20 00:23:51
OCEA,2025-08-20 00:23:51
FERAR,2025-08-20 00:23:51
BFRGW,2025-08-20 00:23:51
YNOT,2025-08-20 00:23:51
TACOU,2025-08-20 00:23:51
EICA,2025-08-20 00:23:51
IROHR,2025-08-20 00:23:51
CUBWW,2025-08-20 00:23:51
CUB,2025-08-20 00:23:51
EDRY,2025-08-20 00:23:51
BWBBP,2025-08-20 00:23:51
MAYA,2025-08-20 00:23:51
OPPJ,2025-08-20 00:23:51
RILYN,2025-08-20 00:23:51
SAJ,2025-08-20 00:23:51
LEXXW,2025-08-20 00:23:51
ZOOZW,2025-08-20 00:23:51
ALF,2025-08-20 00:23:51
ADVWW,2025-08-20 00:23:51
ALCYW,2025-08-20 00:23:51
SSEAU,2025-08-20 00:23:51
FSHP,2025-08-20 00:23:51
MAPSW,2025-08-20 00:23:51
AAM,2025-08-20 00:23:51
MNYWW,2025-08-20 00:23:51
XTNT,2025-08-20 00:23:51
BHR-PD,2025-08-20 00:23:51
ONBPP,2025-08-20 00:23:51
OBA,2025-08-20 00:23:51
PSNYW,2025-08-20 00:23:51
QNRX,2025-08-20 00:23:51
OCCIN,2025-08-20 00:23:51
HROWL,2025-08-20 00:23:51
SYRA,2025-08-20 00:23:51
MHUA,2025-08-20 00:23:51
MLAC,2025-08-20 00:23:51
NXN,2025-08-20 00:23:51
CMLS,2025-08-20 00:23:51
MFICL,2025-08-20 00:23:51
COSO,2025-08-20 00:23:51
BULLW,2025-08-20 00:23:51
TRTN-PC,2025-08-20 00:23:51
RLJ-PA,2025-08-20 00:23:51
NWTNW,2025-08-20 00:23:51
EFC-PA,2025-08-20 00:23:51
ESLAW,2025-08-20 00:23:51
OUSTZ,2025-08-20 00:23:51
WBS-PF,2025-08-20 00:23:51
VLYPO,2025-08-20 00:23:51
ACONW,2025-08-20 00:23:51
FLAG,2025-08-20 00:23:51
OCEAW,2025-08-20 00:23:51
HNVR,2025-08-20 00:23:51
PMT-PB,2025-08-20 00:23:51
GAINL,2025-08-20 00:23:51
MEGL,2025-08-20 00:23:51
ATII,2025-08-20 00:23:51
QUMSU,2025-08-20 00:23:51
WFC-PL,2025-08-20 00:23:51
CZFS,2025-08-20 00:23:51
BNZIW,2025-08-20 00:23:51
FEBO,2025-08-20 00:23:51
IINNW,2025-08-20 00:23:51
FERAU,2025-08-20 00:23:51
AGNCL,2025-08-20 00:23:51
FBGL,2025-08-20 00:23:51
RNWWW,2025-08-20 00:23:51
LSB,2025-08-20 00:23:51
ESBA,2025-08-20 00:23:51
LCFYW,2025-08-20 00:23:51
VSTA,2025-08-20 00:23:51
OPHC,2025-08-20 00:23:51
BSAAU,2025-08-20 00:23:51
NTHI,2025-08-20 00:23:51
AGM-PG,2025-08-20 00:23:51
CHMI-PB,2025-08-20 00:23:51
LIPO,2025-08-20 00:23:51
UBCP,2025-08-20 00:23:51
UK,2025-08-20 00:23:51
GYRO,2025-08-20 00:23:51
AXR,2025-08-20 00:23:51
MKLYU,2025-08-20 00:23:51
PTPI,2025-08-20 00:23:51
CSCI,2025-08-20 00:23:51
MGRD,2025-08-20 00:23:51
IPCX,2025-08-20 00:23:51
HOVRW,2025-08-20 00:23:51
SBCWW,2025-08-20 00:23:51
GIPRW,2025-08-20 00:23:51
ECCW,2025-08-20 00:23:51
IMPPP,2025-08-20 00:23:51
OCG,2025-08-20 00:23:51
IHT,2025-08-20 00:23:51
LBTYB,2025-08-20 00:23:51
BOTJ,2025-08-20 00:23:51
ATMV,2025-08-20 00:23:51
BFS-PD,2025-08-20 00:23:51
DXR,2025-08-20 00:23:51
DYNXU,2025-08-20 00:23:51
GCLWW,2025-08-20 00:23:51
FAASW,2025-08-20 00:23:51
COLAR,2025-08-20 00:23:51
MAMO,2025-08-20 00:23:51
EMCGW,2025-08-20 00:23:51
ICUCW,2025-08-20 00:23:51
CBFV,2025-08-20 00:23:51
ZCAR,2025-08-20 00:23:51
HUDI,2025-08-20 00:23:51
DAAQU,2025-08-20 00:23:51
NYMTZ,2025-08-20 00:23:51
UOKA,2025-08-20 00:23:51
ANNA,2025-08-20 00:23:51
GEG,2025-08-20 00:23:51
BQ,2025-08-20 00:23:51
DAIO,2025-08-20 00:23:51
KRKR,2025-08-20 00:23:51
INTG,2025-08-20 00:23:51
CCLDO,2025-08-20 00:23:51
ONFO,2025-08-20 00:23:51
LBRDP,2025-08-20 00:23:51
FSHPR,2025-08-20 00:23:51
STEC,2025-08-20 00:23:51
MPX,2025-08-20 00:23:51
INN-PF,2025-08-20 00:23:51
IPODW,2025-08-20 00:23:51
MKC-V,2025-08-20 00:23:51
LGCB,2025-08-20 00:23:51
IROHW,2025-08-20 00:23:51
ORGNW,2025-08-20 00:23:51
WHG,2025-08-20 00:23:51
GGROW,2025-08-20 00:23:51
BACC,2025-08-20 00:23:51
GLP-PB,2025-08-20 00:23:51
RCC,2025-08-20 00:23:51
FISK,2025-08-20 00:23:51
GRP-UN,2025-08-20 00:23:51
MITT-PB,2025-08-20 00:23:51
TRTN-PD,2025-08-20 00:23:51
KPLTW,2025-08-20 00:23:51
FIEE,2025-08-20 00:23:51
BTOC,2025-08-20 00:23:51
OPTXW,2025-08-20 00:23:51
BDL,2025-08-20 00:23:51
BIP-PB,2025-08-20 00:23:51
NYMTH,2025-08-20 00:23:51
AHT-PH,2025-08-20 00:23:51
GIGGW,2025-08-20 00:23:51
LDWY,2025-08-20 00:23:51
CCM,2025-08-20 00:23:51
QSEA,2025-08-20 00:23:51
ADXN,2025-08-20 00:23:51
MHH,2025-08-20 00:23:51
CTA-PA,2025-08-20 00:23:51
DLNG-PA,2025-08-20 00:23:51
TRT,2025-08-20 00:23:51
FERA,2025-08-20 00:23:51
TY-P,2025-08-20 00:23:51
TCI,2025-08-20 00:23:51
TRTX-PC,2025-08-20 00:23:51
SOCAU,2025-08-20 00:23:51
BEDU,2025-08-20 00:23:51
PCI,2025-08-20 00:23:51
EXEEL,2025-08-20 00:23:51
PBMWW,2025-08-20 00:23:51
COF-PK,2025-08-20 00:23:51
TOPP,2025-08-20 00:23:51
WBS-PG,2025-08-20 00:23:51
VLN-WT,2025-08-20 00:23:51
ELON,2025-08-20 00:23:51
TRTN-PE,2025-08-20 00:23:51
DSX-PB,2025-08-20 00:23:51
ATCO-PH,2025-08-20 00:23:51
ASB-PF,2025-08-20 00:23:51
MKDWW,2025-08-20 00:23:51
AHG,2025-08-20 00:23:51
CNFRZ,2025-08-20 00:23:51
DSYWW,2025-08-20 00:23:51
NAMMW,2025-08-20 00:23:51
MTB-PH,2025-08-20 00:23:51
DC-WT,2025-08-20 00:23:51
ZCARW,2025-08-20 00:23:51
CAPN,2025-08-20 00:23:51
OXLCG,2025-08-20 00:23:51
WTGUR,2025-08-20 00:23:51
RFAIR,2025-08-20 00:23:51
AREBW,2025-08-20 00:23:51
CYCN,2025-08-20 00:23:51
RDAGW,2025-08-20 00:23:51
RDAG,2025-08-20 00:23:51
RANGR,2025-08-20 00:23:51
NTZ,2025-08-20 00:23:51
OBAWU,2025-08-20 00:23:51
NTWOW,2025-08-20 00:23:51
AMODW,2025-08-20 00:23:51
DAICW,2025-08-20 00:23:51
SHFSW,2025-08-20 00:23:51
NTWO,2025-08-20 00:23:51
HUBCW,2025-08-20 00:23:51
LEGT,2025-08-20 00:23:51
UWMC-WT,2025-08-20 00:23:51
AFRIW,2025-08-20 00:23:51
PERF-WT,2025-08-20 00:23:51
SB-PD,2025-08-20 00:23:51
SES-WT,2025-08-20 00:23:51
SMAP,2025-08-20 00:23:51
SCCC,2025-08-20 00:23:51
SEAL-PA,2025-08-20 00:23:51
SHO-PH,2025-08-20 00:23:51
ETI-P,2025-08-20 00:23:51
JACS,2025-08-20 00:23:51
RC-PC,2025-08-20 00:23:51
CLDT-PA,2025-08-20 00:23:51
ICR-PA,2025-08-20 00:23:51
MITN,2025-08-20 00:23:51
NREF-PA,2025-08-20 00:23:51
ECCV,2025-08-20 00:23:51
ECCU,2025-08-20 00:23:51
EPR-PE,2025-08-20 00:23:51
BHM,2025-08-20 00:23:51
RAC,2025-08-20 00:23:51
HTFC,2025-08-20 00:23:51
PEB-PH,2025-08-20 00:23:51
MSC,2025-08-20 00:23:51
PULM,2025-08-20 00:23:51
AGM-PF,2025-08-20 00:23:51
ECCX,2025-08-20 00:23:51
SCCG,2025-08-20 00:23:51
EFC-PD,2025-08-20 00:23:51
ACR-PD,2025-08-20 00:23:51
ARL,2025-08-20 00:23:51
PCG-PI,2025-08-20 00:23:51
HCXY,2025-08-20 00:23:51
MAA-PI,2025-08-20 00:23:51
REXR-PC,2025-08-20 00:23:51
FHN-PC,2025-08-20 00:23:51
GRAF-UN,2025-08-20 00:23:51
NEN,2025-08-20 00:23:51
PMT-PA,2025-08-20 00:23:51
GNL-PE,2025-08-20 00:23:51
AHL-PD,2025-08-20 00:23:51
FEDU,2025-08-20 00:23:51
PCG-PH,2025-08-20 00:23:51
IPB,2025-08-20 00:23:51
CMS-PB,2025-08-20 00:23:51
CUBI-PF,2025-08-20 00:23:51
PSFE-WT,2025-08-20 00:23:51
EMCGR,2025-08-20 00:23:51
PCG-PG,2025-08-20 00:23:51
ECCC,2025-08-20 00:23:51
MFAO,2025-08-20 00:23:51
GWH-WT,2025-08-20 00:23:51
CUBWU,2025-08-20 00:23:51
AHT-PI,2025-08-20 00:23:51
MHLA,2025-08-20 00:23:51
MITT-PA,2025-08-20 00:23:51
JENA-UN,2025-08-20 00:23:51
HWM-P,2025-08-20 00:23:51
INDP,2025-08-20 00:23:51
GTN-A,2025-08-20 00:23:51
EGHAR,2025-08-20 00:23:51
GLOP-PB,2025-08-20 00:23:51
TDAC,2025-08-20 00:23:51
EFC-PC,2025-08-20 00:23:51
OZ,2025-08-20 00:23:51
AMH-PG,2025-08-20 00:23:51
OGCP,2025-08-20 00:23:51
GMRE-PA,2025-08-20 00:23:51
MITT-PC,2025-08-20 00:23:51
KIM-PN,2025-08-20 00:23:51
AMBI,2025-08-20 00:23:51
COHN,2025-08-20 00:23:51
LXP-PC,2025-08-20 00:23:51
ATMCW,2025-08-20 00:23:51
VACH,2025-08-20 00:23:51
BLUWU,2025-08-20 00:23:51
XYLO,2025-08-20 00:23:51
BTBDW,2025-08-20 00:23:51
JLHL,2025-08-20 00:23:51
BSAA,2025-08-20 00:23:51
HOFV,2025-08-20 00:23:51
CCIXW,2025-08-20 00:23:51
ZYBT,2025-08-20 00:23:51
CPHC,2025-08-20 00:23:51
QSEAU,2025-08-20 00:23:51
ZCMD,2025-08-20 00:23:51
BACK,2025-08-20 00:23:51
HLLY-WT,2025-08-20 00:23:51
RVMDW,2025-08-20 00:23:51
TURB,2025-08-20 00:23:51
SSBI,2025-08-20 00:23:51
WLACU,2025-08-20 00:23:51
CIG-C,2025-08-20 00:23:51
TRSG,2025-08-20 00:23:51
CHAC,2025-08-20 00:23:51
AACBR,2025-08-20 00:23:51
AACIU,2025-08-20 00:23:51
JENA,2025-08-20 00:23:51
CNET,2025-08-20 00:23:51
INVZW,2025-08-20 00:23:51
ASPC,2025-08-20 00:23:51
DCOMG,2025-08-20 00:23:51
GOVXW,2025-08-20 00:23:51
SQFTW,2025-08-20 00:23:51
COPL,2025-08-20 00:23:51
SOHOO,2025-08-20 00:23:51
FTAIM,2025-08-20 00:23:51
WENNU,2025-08-20 00:23:51
KFFB,2025-08-20 00:23:51
HL-PB,2025-08-20 00:23:51
GECCO,2025-08-20 00:23:51
HSCSW,2025-08-20 00:23:51
RIBBR,2025-08-20 00:23:51
PETZ,2025-08-20 00:23:51
NRXPW,2025-08-20 00:23:51
CYCCP,2025-08-20 00:23:51
EOSEW,2025-08-20 00:23:51
TDI,2025-08-20 00:23:51
REXR-PB,2025-08-20 00:23:51
HPAIW,2025-08-20 00:23:51
APCX,2025-08-20 00:23:51
SENEB,2025-08-20 00:23:51
RDGT,2025-08-20 00:23:51
AWX,2025-08-20 00:23:51
UYSC,2025-08-20 00:23:51
CJET,2025-08-20 00:23:51
SATLW,2025-08-20 00:23:51
TVA,2025-08-20 00:23:51
AACBU,2025-08-20 00:23:51
FATBB,2025-08-20 00:23:51
FCUV,2025-08-20 00:23:51
SOHON,2025-08-20 00:23:51
ANGH,2025-08-20 00:23:51
CFSB,2025-08-20 00:23:51
BRLS,2025-08-20 00:23:51
CURIW,2025-08-20 00:23:51
ARKR,2025-08-20 00:23:51
ONFOW,2025-08-20 00:23:51
EYEG,2025-08-20 00:23:51
EDBLW,2025-08-20 00:23:51
DGICB,2025-08-20 00:23:51
HFBL,2025-08-20 00:23:51
TCBS,2025-08-20 00:23:51
AIRT,2025-08-20 00:23:51
MBCN,2025-08-20 00:23:51
ATGL,2025-08-20 00:23:51
HDL,2025-08-20 00:23:51
FNWD,2025-08-20 00:23:51
PLMK,2025-08-20 00:23:51
NAII,2025-08-20 00:23:51
WVVIP,2025-08-20 00:23:51
UBFO,2025-08-20 00:23:51
REGCP,2025-08-20 00:23:51
STR,2025-08-20 00:23:51
CNEY,2025-08-20 00:23:51
CRGX,2025-08-20 00:23:51
FONR,2025-08-20 00:23:51
BKHAR,2025-08-20 00:23:51
CHPG,2025-08-20 00:23:51
IROQ,2025-08-20 00:23:51
TPIC,2025-08-20 00:23:51
TDIC,2025-08-20 00:23:51
RAAQ,2025-08-20 00:23:51
OMCC,2025-08-20 00:23:51
ISBA,2025-08-20 00:23:51
SRZN,2025-08-20 00:23:51
VGAS,2025-08-20 00:23:51
RAIN,2025-08-20 00:23:51
OVBC,2025-08-20 00:23:51
SGA,2025-08-20 00:23:51
SIM,2025-08-20 00:23:51
BCTXZ,2025-08-20 00:23:51
YI,2025-08-20 00:23:51
ALDF,2025-08-20 00:23:51
HSPT,2025-08-20 00:23:51
MDRR,2025-08-20 00:23:51
RANG,2025-08-20 00:23:51
KFII,2025-08-20 00:23:51
IPCXR,2025-08-20 00:23:51
BLDEW,2025-08-20 00:23:51
PRTC,2025-08-20 00:23:51
KCHVR,2025-08-20 00:23:51
SPKLW,2025-08-20 00:23:51
AACB,2025-08-20 00:23:51
ALCYU,2025-08-20 00:23:51
CDIOW,2025-08-20 00:23:51
JFBRW,2025-08-20 00:23:51
SWAGW,2025-08-20 00:23:51
OYSE,2025-08-20 00:23:51
AUUDW,2025-08-20 00:23:51
FMSTW,2025-08-20 00:23:51
NOEMW,2025-08-20 00:23:51
NCRA,2025-08-20 00:23:51
SWKHL,2025-08-20 00:23:51
FACTU,2025-08-20 00:23:51
XAGEW,2025-08-20 00:23:51
HROWM,2025-08-20 00:23:51
TBLAW,2025-08-20 00:23:51
LBGJ,2025-08-20 00:23:51
TALKW,2025-08-20 00:23:51
CREVW,2025-08-20 00:23:51
MGIH,2025-08-20 00:23:51
ATIIW,2025-08-20 00:23:51
OSRHW,2025-08-20 00:23:51
EMCG,2025-08-20 00:23:51
RIBB,2025-08-20 00:23:51
BRID,2025-08-20 00:23:51
MOLN,2025-08-20 00:23:51
FGNXP,2025-08-20 00:23:51
OFSSH,2025-08-20 00:23:51
NXLIW,2025-08-20 00:23:51
SYTAW,2025-08-20 00:23:51
FORLU,2025-08-20 00:23:51
ILLRW,2025-08-20 00:23:51
SDHIR,2025-08-20 00:23:51
SGRP,2025-08-20 00:23:51
SCOR,2025-08-20 00:23:51
STRRP,2025-08-20 00:23:51
RANGU,2025-08-20 00:23:51
OUSTW,2025-08-20 00:23:51
INBKZ,2025-08-20 00:23:51
FIGX,2025-08-20 00:23:51
RVSNW,2025-08-20 00:23:51
GECCI,2025-08-20 00:23:51
APADU,2025-08-20 00:23:51
BRRWU,2025-08-20 00:23:51
HNNAZ,2025-08-20 00:23:51
BIAFW,2025-08-20 00:23:51
ANGHW,2025-08-20 00:23:51
ECDAW,2025-08-20 00:23:51
POLE,2025-08-20 00:23:51
CRESW,2025-08-20 00:23:51
ZEOWW,2025-08-20 00:23:51
DRDB,2025-08-20 00:23:51
MBAVW,2025-08-20 00:23:51
GDEVW,2025-08-20 00:23:51
OVLY,2025-08-20 00:23:51
VFSWW,2025-08-20 00:23:51
IVDAW,2025-08-20 00:23:51
OACC,2025-08-20 00:23:51
PT,2025-08-20 00:23:51
PLMKW,2025-08-20 00:23:51
VCIC,2025-08-20 00:23:51
NSTS,2025-08-20 00:23:51
CSWCZ,2025-08-20 00:23:51
CELUW,2025-08-20 00:23:51
CGCTU,2025-08-20 00:23:51
AMPGW,2025-08-20 00:23:51
BYFC,2025-08-20 00:23:51
CDROW,2025-08-20 00:23:51
BACCU,2025-08-20 00:23:51
MYPSW,2025-08-20 00:23:51
NVAWW,2025-08-20 00:23:51
RIBBU,2025-08-20 00:23:51
UTSI,2025-08-20 00:23:51
NRSNW,2025-08-20 00:23:51
PMTR,2025-08-20 00:23:51
OXSQZ,2025-08-20 00:23:51
VTVT,2025-08-20 00:23:51
HSPOR,2025-08-20 00:23:51
IPOD,2025-08-20 00:23:51
ATMC,2025-08-20 00:23:51
FUSB,2025-08-20 00:23:51
RFAIU,2025-08-20 00:23:51
MSAIW,2025-08-20 00:23:51
YJ,2025-08-20 00:23:51
SVIIU,2025-08-20 00:23:51
SPEGU,2025-08-20 00:23:51
BLUW,2025-08-20 00:23:51
KVAC,2025-08-20 00:23:51
ABLV,2025-08-20 00:23:51
LCCC,2025-08-20 00:23:51
COCHW,2025-08-20 00:23:51
EUDAW,2025-08-20 00:23:51
ALDFU,2025-08-20 00:23:51
SPWRW,2025-08-20 00:23:51
ALVOW,2025-08-20 00:23:51
FIGXU,2025-08-20 00:23:51
ABPWW,2025-08-20 00:23:51
HVMCU,2025-08-20 00:23:51
FVNNU,2025-08-20 00:23:51
EDUC,2025-08-20 00:23:51
RSVRW,2025-08-20 00:23:51
DMAA,2025-08-20 00:23:51
GECCH,2025-08-20 00:23:51
CHPGU,2025-08-20 00:23:51
LCCCR,2025-08-20 00:23:51
ESGL,2025-08-20 00:23:51
OXLCO,2025-08-20 00:23:51
KELYB,2025-08-20 00:23:51
HCMAU,2025-08-20 00:23:51
ABLVW,2025-08-20 00:23:51
MDCXW,2025-08-20 00:23:51
NEOVW,2025-08-20 00:23:51
NHIC,2025-08-20 00:23:51
PCTTW,2025-08-20 00:23:51
FBYDW,2025-08-20 00:23:51
FGMCU,2025-08-20 00:23:51
CAPTW,2025-08-20 00:23:51
MLECW,2025-08-20 00:23:51
CIIT,2025-08-20 00:23:51
REVBW,2025-08-20 00:23:51
RILYL,2025-08-20 00:23:51
GIG,2025-08-20 00:23:51
MOBXW,2025-08-20 00:23:51
SANG,2025-08-20 00:23:51
ZIONP,2025-08-20 00:23:51
XOMAP,2025-08-20 00:23:51
EXOZ,2025-08-20 00:23:51
SBFMW,2025-08-20 00:23:51
SDSTW,2025-08-20 00:23:51
TFINP,2025-08-20 00:23:51
THRD,2025-08-20 00:23:51
XTLB,2025-08-20 00:23:51
IPCXU,2025-08-20 00:23:51
FUFUW,2025-08-20 00:23:51
CGCTW,2025-08-20 00:23:51
FBIOP,2025-08-20 00:23:51
VRPX,2025-08-20 00:23:51
WGSWW,2025-08-20 00:23:51
ENGNW,2025-08-20 00:23:51
RKDA,2025-08-20 00:23:51
PTIXW,2025-08-20 00:23:51
KFIIR,2025-08-20 00:23:51
BLUWW,2025-08-20 00:23:51
BETRW,2025-08-20 00:23:51
KFIIU,2025-08-20 00:23:51
FGIWW,2025-08-20 00:23:51
AACIW,2025-08-20 00:23:51
NMPAU,2025-08-20 00:23:51
BRRWW,2025-08-20 00:23:51
AXINU,2025-08-20 00:23:51
SHMDW,2025-08-20 00:23:51
NEWTZ,2025-08-20 00:23:51
RELIW,2025-08-20 00:23:51
GECCZ,2025-08-20 00:23:51
HONDU,2025-08-20 00:23:51
NPACU,2025-08-20 00:23:51
RDAGU,2025-08-20 00:23:51
BNAIW,2025-08-20 00:23:51
COOT,2025-08-20 00:23:51
ECXWW,2025-08-20 00:23:51
HVIIU,2025-08-20 00:23:51
LFMDP,2025-08-20 00:23:51
CINGW,2025-08-20 00:23:51
IROHU,2025-08-20 00:23:51
SAIHW,2025-08-20 00:23:51
ADSEW,2025-08-20 00:23:51
ASTLW,2025-08-20 00:23:51
POLEW,2025-08-20 00:23:51
PFAI,2025-08-20 00:23:51
NCT,2025-08-20 00:23:51
HTOOW,2025-08-20 00:23:51
PIIIW,2025-08-20 00:23:51
PXSAW,2025-08-20 00:23:51
TOIIW,2025-08-20 00:23:51
WFCF,2025-08-20 00:23:51
GREEL,2025-08-20 00:23:51
ISRL,2025-08-20 00:23:51
SPKL,2025-08-20 00:23:51
MULN,2025-08-20 00:23:51
LCCCU,2025-08-20 00:23:51
WLDSW,2025-08-20 00:23:51
LPBB,2025-08-20 00:23:51
IPODU,2025-08-20 00:23:51
AENTW,2025-08-20 00:23:51
CRKN,2025-08-20 00:23:51
AFJK,2025-08-20 00:23:51
MAYS,2025-08-20 00:23:51
OAKU,2025-08-20 00:23:51
BKSY-WT,2025-08-20 00:23:51
HEPA,2025-08-20 00:23:51
ATXI,2025-08-20 00:23:51
HSPO,2025-08-20 00:23:51
NOTE-WT,2025-08-20 00:23:51
CTHR,2025-08-20 00:23:51
SCCD,2025-08-20 00:23:51
NKGN,2025-08-20 00:23:51
INAC,2025-08-20 00:23:51
CGCT,2025-08-20 00:23:51
MTEKW,2025-08-20 00:23:51
TAVI,2025-08-20 00:23:51
MOBQW,2025-08-20 00:23:51
CNTM,2025-08-20 00:23:51
VCICU,2025-08-20 00:23:51
ALCY,2025-08-20 00:23:51
GTENW,2025-08-20 00:23:51
NOEMR,2025-08-20 00:23:51
CCGWW,2025-08-20 00:23:51
ICCT,2025-08-20 00:23:51
EURK,2025-08-20 00:23:51
LPAAU,2025-08-20 00:23:51
AGM-A,2025-08-20 00:23:51
OCCIO,2025-08-20 00:23:51
PCG-PC,2025-08-20 00:23:51
SBXD-UN,2025-08-20 00:23:51
PCG-PE,2025-08-20 00:23:51
GB,2025-08-20 00:23:51
LGL-WT,2025-08-20 00:23:51
INN-PE,2025-08-20 00:23:51
EQV-UN,2025-08-20 00:23:51
ISRLU,2025-08-20 00:23:51
CHAR,2025-08-20 00:23:51
COLA,2025-08-20 00:23:51
VCICW,2025-08-20 00:23:51
PMVC,2025-08-20 00:23:51
WTMAU,2025-08-20 00:23:51
DFPH,2025-08-20 00:23:51
SPRB,2025-08-20 00:23:51
GDSTU,2025-08-20 00:23:51
IRRXU,2025-08-20 00:23:51
QVCGB,2025-08-20 00:23:51
AQUNU,2025-08-20 00:23:51
BYNO,2025-08-20 00:23:51
GDST,2025-08-20 00:23:51
FTII,2025-08-20 00:23:51
OABIW,2025-08-20 00:23:51
PCSC,2025-08-20 00:23:51
YHNA,2025-08-20 00:23:51
ATNF,2025-08-20 00:23:51
NCPLW,2025-08-20 00:23:51
MBAVU,2025-08-20 00:23:51
LOKVU,2025-08-20 00:23:51
DFSCW,2025-08-20 00:23:51
NXGLW,2025-08-20 00:23:51
PCAPW,2025-08-20 00:23:51
BFRIW,2025-08-20 00:23:51
WHLRD,2025-08-20 00:23:51
GSHRU,2025-08-20 00:23:51
TVAI,2025-08-20 00:23:51
CHARU,2025-08-20 00:23:51
OTRK,2025-08-20 00:23:51
PGAC,2025-08-20 00:23:51
SVREW,2025-08-20 00:23:51
GSRTU,2025-08-20 00:23:51
PELIU,2025-08-20 00:23:51
NOEM,2025-08-20 00:23:51
DTSQR,2025-08-20 00:23:51
XBPEW,2025-08-20 00:23:51
ASPCR,2025-08-20 00:23:51
OXBRW,2025-08-20 00:23:51
SZZLU,2025-08-20 00:23:51
TBMC,2025-08-20 00:23:51
PGACR,2025-08-20 00:23:51
LSBPW,2025-08-20 00:23:51
COOTW,2025-08-20 00:23:51
BKHA,2025-08-20 00:23:51
ATIIU,2025-08-20 00:23:51
SWVLW,2025-08-20 00:23:51
NTRBW,2025-08-20 00:23:51
DMAAR,2025-08-20 00:23:51
PRENW,2025-08-20 00:23:51
LOKVW,2025-08-20 00:23:51
CCCXU,2025-08-20 00:23:51
TVAIR,2025-08-20 00:23:51
SNTG,2025-08-20 00:23:51
FVNNR,2025-08-20 00:23:51
WHLRP,2025-08-20 00:23:51
WTG,2025-08-20 00:23:51
SZZL,2025-08-20 00:23:51
RAAQU,2025-08-20 00:23:51
HSPOW,2025-08-20 00:23:51
SNRE,2025-08-20 00:23:51
DTSQ,2025-08-20 00:23:51
FORL,2025-08-20 00:23:51
ATNFW,2025-08-20 00:23:51
FVN,2025-08-20 00:23:51
FACT,2025-08-20 00:23:51
VEEAW,2025-08-20 00:23:51
AFJKR,2025-08-20 00:23:51
NUAIW,2025-08-20 00:23:51
WENNW,2025-08-20 00:23:51
ODVWZ,2025-08-20 00:23:51
MRNOW,2025-08-20 00:23:51
WHFCL,2025-08-20 00:23:51
PMTRU,2025-08-20 00:23:51
WHLRL,2025-08-20 00:23:51
BBLGW,2025-08-20 00:23:51
NIXXW,2025-08-20 00:23:51
LFLYW,2025-08-20 00:23:51
VINO,2025-08-20 00:23:51
IGTAR,2025-08-20 00:23:51
FTIIW,2025-08-20 00:23:51
DYCQR,2025-08-20 00:23:51
HGASW,2025-08-20 00:23:51
AKO-A,2025-08-20 00:23:51
HVT-A,2025-08-20 00:23:51
BZFDW,2025-08-20 00:23:51
IOR,2025-08-20 00:23:51
AXAC,2025-08-20 00:23:51
SNAX,2025-08-20 00:23:51
WINV,2025-08-20 00:23:51
HPCO,2025-08-20 00:23:51
CCIR,2025-08-20 00:23:51
KNW,2025-08-20 00:23:51
MACIW,2025-08-20 00:23:51
RSLS,2025-08-20 00:23:51
MAYAU,2025-08-20 00:23:51
HSPTR,2025-08-20 00:23:51
CCIRU,2025-08-20 00:23:51
HSPOU,2025-08-20 00:23:51
VACHU,2025-08-20 00:23:51
GPATU,2025-08-20 00:23:51
BEAGU,2025-08-20 00:23:51
CCCXW,2025-08-20 00:23:51
EURKU,2025-08-20 00:23:51
POLEU,2025-08-20 00:23:51
NIVFW,2025-08-20 00:23:51
BOWN,2025-08-20 00:23:51
KTTAW,2025-08-20 00:23:51
BACQU,2025-08-20 00:23:51
MSPRZ,2025-08-20 00:23:51
NTWOU,2025-08-20 00:23:51
ESHA,2025-08-20 00:23:51
LPBBU,2025-08-20 00:23:51
HTFB,2025-08-20 00:23:51
BAYAU,2025-08-20 00:23:51
QETA,2025-08-20 00:23:51
VSEEW,2025-08-20 00:23:51
SEATW,2025-08-20 00:23:51
ANSCU,2025-08-20 00:23:51
RDACU,2025-08-20 00:23:51
DRDBU,2025-08-20 00:23:51
MLACR,2025-08-20 00:23:51
AMED,2025-08-20 00:23:51
MLACU,2025-08-20 00:23:51
CAPNU,2025-08-20 00:23:51
EMCGU,2025-08-20 00:23:51
EXEEZ,2025-08-20 00:23:51
IGMS,2025-08-20 00:23:51
MACIU,2025-08-20 00:23:51
KVACW,2025-08-20 00:23:51
KVACU,2025-08-20 00:23:51
EXEEW,2025-08-20 00:23:51
FSHPU,2025-08-20 00:23:51
ATMVU,2025-08-20 00:23:51
CCIXU,2025-08-20 00:23:51
GIGGU,2025-08-20 00:23:51
QETAR,2025-08-20 00:23:51
VSSYW,2025-08-20 00:23:51
ABLLW,2025-08-20 00:23:51
NAKAW,2025-08-20 00:23:51
SRZNW,2025-08-20 00:23:51
QETAU,2025-08-20 00:23:51
RMCOW,2025-08-20 00:23:51
YHNAU,2025-08-20 00:23:51
EURKR,2025-08-20 00:23:51
CCZ,2025-08-20 00:23:51
SPKLU,2025-08-20 00:23:51
SSY,2025-08-20 00:23:51
ALFUU,2025-08-20 00:23:51
DRDBW,2025-08-20 00:23:51
JSPRW,2025-08-20 00:23:51
RAINW,2025-08-20 00:23:51
OACCU,2025-08-20 00:23:51
NOEMU,2025-08-20 00:23:51
WLYB,2025-08-20 00:23:51
PLMKU,2025-08-20 00:23:51
COLAU,2025-08-20 00:23:51
SIMAU,2025-08-20 00:23:51
SVCC,2025-08-20 00:23:51
SVCCU,2025-08-20 00:23:51
NETDU,2025-08-20 00:23:51
IMAQR,2025-08-20 00:23:51
CHACU,2025-08-20 00:23:51
TAVIU,2025-08-20 00:23:51
BCGWW,2025-08-20 00:23:51
APCXW,2025-08-20 00:23:51
TDACU,2025-08-20 00:23:51
RDAC,2025-08-20 00:23:51
BRLSW,2025-08-20 00:23:51
SVCCW,2025-08-20 00:23:51
UYSCU,2025-08-20 00:23:51
AOGOW,2025-08-20 00:23:51
MOG-B,2025-08-20 00:23:51
SOUL-UN,2025-08-20 00:23:51
NMHIW,2025-08-20 00:23:51
MCAGR,2025-08-20 00:23:51
FGXCU,2025-08-20 00:23:51
CHPGR,2025-08-20 00:23:51
WTGUU,2025-08-20 00:23:51
NEHC,2025-08-20 00:23:51
STRM,2025-08-20 00:23:51
MAYAR,2025-08-20 00:23:51
EGHAU,2025-08-20 00:23:51
ZIVOW,2025-08-20 00:23:51
IRS-WT,2025-08-20 00:23:51
TAP-A,2025-08-20 00:23:51
SB-PC,2025-08-20 00:23:51
RAC-UN,2025-08-20 00:23:51
USM,2025-08-20 00:23:51
HLXB,2025-08-20 00:23:51
PMTRW,2025-08-20 00:23:51
TSBX,2025-08-20 00:23:51
NVACW,2025-08-20 00:23:51
GLLIW,2025-08-20 00:23:51
NKGNW,2025-08-20 00:23:51
MAQCW,2025-08-20 00:23:51
FGF,2025-08-20 00:23:51
BOWNR,2025-08-20 00:23:51
FGFPP,2025-08-20 00:23:51
DATS,2025-08-20 00:23:51
TVACW,2025-08-20 00:23:51
DATSW,2025-08-20 00:23:51
GDSTR,2025-08-20 00:23:51
GDSTW,2025-08-20 00:23:51
CMPOV,2025-08-20 00:23:51
BIO-B,2025-08-20 00:23:51
WSO-B,2025-08-20 00:23:51
IGTAW,2025-08-20 00:23:51
YOTAW,2025-08-20 00:23:51
LEGT-UN,2025-08-20 00:23:51
AIFER,2025-08-20 00:23:51
PARA,2025-08-20 00:23:51
PARAA,2025-08-20 00:23:51
CHEB,2025-08-20 00:23:51
OAKUU,2025-08-20 00:23:51
TVACU,2025-08-20 00:23:51
AIFE,2025-08-20 00:23:51
CHEB-UN,2025-08-20 00:23:51
BKHAU,2025-08-20 00:23:51
VAPE,2025-08-20 00:23:51
VAPEW,2025-08-20 00:23:51
VIGL,2025-08-20 00:23:51
INTEW,2025-08-20 00:23:51
NVEE,2025-08-20 00:23:51
ETWO,2025-08-20 00:23:51
METCL,2025-08-20 00:23:51
ETWO-WT,2025-08-20 00:23:51
GLLIR,2025-08-20 00:23:51
BIGC,2025-08-20 00:23:51
SAGE,2025-08-20 00:23:51
FHN-PB,2025-08-20 00:23:51
IMAQW,2025-08-20 00:23:51
AQUNR,2025-08-20 00:23:51
FTIIU,2025-08-20 00:23:51
CCCM,2025-08-20 00:23:51
CCCMU,2025-08-20 00:23:51
CCCMW,2025-08-20 00:23:51
VLCN,2025-08-20 00:23:51
PET,2025-08-20 00:23:51
PETWW,2025-08-20 00:23:51
TVAIU,2025-08-20 00:23:51
AEAEW,2025-08-20 00:23:51
KIRK,2025-08-20 00:23:51
PWOD,2025-08-20 00:23:51
SGMA,2025-08-20 00:23:51
HYAC-UN,2025-08-20 00:23:51
IKNA,2025-08-20 00:23:51
VERV,2025-08-20 00:23:51
AP-WT,2025-08-20 00:23:51
PUCKW,2025-08-20 00:23:51
TGI,2025-08-20 00:23:51
DLNG-PB,2025-08-20 00:23:51
WINVU,2025-08-20 00:23:51
WINVW,2025-08-20 00:23:51
WINVR,2025-08-20 00:23:51
ESSA,2025-08-20 00:23:51
DTC,2025-08-20 00:23:51
ELEV,2025-08-20 00:23:51
PETVW,2025-08-20 00:23:51
KDLY,2025-08-20 00:23:51
FARO,2025-08-20 00:23:51
SGAMU,2025-08-20 00:23:51
FMTO,2025-08-20 00:23:51
CHX,2025-08-20 00:23:51
TGP,2025-08-20 00:23:51
MBAC,2025-08-20 00:23:51
HES,2025-08-20 00:23:51
ESGRO,2025-08-20 00:23:51
TUGC,2025-08-20 00:23:51
CRACU,2025-08-20 00:23:51
FMBIP,2025-08-20 00:23:51
FLFVW,2025-08-20 00:23:51
HEOP,2025-08-20 00:23:51
HHLA,2025-08-20 00:23:51
LYL,2025-08-20 00:23:51
HORIU,2025-08-20 00:23:51
MTL,2025-08-20 00:23:51
TUGCU,2025-08-20 00:23:51
AZEK,2025-08-20 00:23:51
BRMK,2025-08-20 00:23:51
PGHL,2025-08-20 00:23:51
SCMAU,2025-08-20 00:23:51
SMR-WT,2025-08-20 00:23:51
TSVT,2025-08-20 00:23:51
VRMEW,2025-08-20 00:23:51
AVPTW,2025-08-20 00:23:51
CFFS,2025-08-20 00:23:51
ENPC-UN,2025-08-20 00:23:51
JOBS,2025-08-20 00:23:51
CFFSU,2025-08-20 00:23:51
BETS,2025-08-20 00:23:51
SNCRL,2025-08-20 00:23:51
CLRCW,2025-08-20 00:23:51
IVC,2025-08-20 00:23:51
BHACW,2025-08-20 00:23:51
APXT,2025-08-20 00:23:51
FCB,2025-08-20 00:23:51
GIMO,2025-08-20 00:23:51
EYEN,2025-08-20 00:23:51
IMCIW,2025-08-20 00:23:51
PMD,2025-08-20 00:23:51
APTS,2025-08-20 00:23:51
IVCA,2025-08-20 00:23:51
LTRY,2025-08-20 00:23:51
TANNI,2025-08-20 00:23:51
AKYA,2025-08-20 00:23:51
APOL,2025-08-20 00:23:51
AUS-UN,2025-08-20 00:23:51
LIME,2025-08-20 00:23:51
LIVBU,2025-08-20 00:23:51
MLAIW,2025-08-20 00:23:51
TGH,2025-08-20 00:23:51
TRIS,2025-08-20 00:23:51
CLBR-WT,2025-08-20 00:23:51
AGS,2025-08-20 00:23:51
ALSAU,2025-08-20 00:23:51
ATW,2025-08-20 00:23:51
BROG,2025-08-20 00:23:51
BSIIU,2025-08-20 00:23:51
BRCN,2025-08-20 00:23:51
CSSEP,2025-08-20 00:23:51
INBXV,2025-08-20 00:23:51
HEP,2025-08-20 00:23:51
HOFVW,2025-08-20 00:23:51
KACLR,2025-08-20 00:23:51
JUPWW,2025-08-20 00:23:51
LFAC,2025-08-20 00:23:51
MCADR,2025-08-20 00:23:51
MNRK,2025-08-20 00:23:51
MRIN,2025-08-20 00:23:51
NFX,2025-08-20 00:23:51
UTEK,2025-08-20 00:23:51
HCVIW,2025-08-20 00:23:51
AIMAU,2025-08-20 00:23:51
BULLZ,2025-08-20 00:23:51
BYLK,2025-08-20 00:23:51
COTV,2025-08-20 00:23:51
CSSE,2025-08-20 00:23:51
JNP,2025-08-20 00:23:51
JNS,2025-08-20 00:23:51
KMF,2025-08-20 00:23:51
IPAS,2025-08-20 00:23:51
LCAA,2025-08-20 00:23:51
MKTO,2025-08-20 00:23:51
SPKAU,2025-08-20 00:23:51
TVTY,2025-08-20 00:23:51
TETC,2025-08-20 00:23:51
VRN,2025-08-20 00:23:51
PFTAU,2025-08-20 00:23:51
SHYF,2025-08-20 00:23:51
DMF,2025-08-20 00:23:51
FGMCW,2025-08-20 00:23:51
KWESW,2025-08-20 00:23:51
EGL,2025-08-20 00:23:51
SLRN,2025-08-20 00:23:51
SFG,2025-08-20 00:23:51
NUBIW,2025-08-20 00:23:51
CBX,2025-08-20 00:23:51
MTGE,2025-08-20 00:23:51
KSMT,2025-08-20 00:23:51
SCCB,2025-08-20 00:23:51
FEXDU,2025-08-20 00:23:51
JOFFW,2025-08-20 00:23:51
KAHC,2025-08-20 00:23:51
ESACW,2025-08-20 00:23:51
CPUH,2025-08-20 00:23:51
IPVF,2025-08-20 00:23:51
MPAC,2025-08-20 00:23:51
TGAA,2025-08-20 00:23:51
TLGA-UN,2025-08-20 00:23:51
VMCA,2025-08-20 00:23:51
GTPAW,2025-08-20 00:23:51
LDTC,2025-08-20 00:23:51
CCTS,2025-08-20 00:23:51
SOAC-UN,2025-08-20 00:23:51
VIVO,2025-08-20 00:23:51
FSSI,2025-08-20 00:23:51
SFRWW,2025-08-20 00:23:51
CPAAW,2025-08-20 00:23:51
BRDS,2025-08-20 00:23:51
SAL,2025-08-20 00:23:51
FTOCU,2025-08-20 00:23:51
RAVN,2025-08-20 00:23:51
OLITW,2025-08-20 00:23:51
OBSV,2025-08-20 00:23:51
ESGC,2025-08-20 00:23:51
SNAXW,2025-08-20 00:23:51
HEES,2025-08-20 00:23:51
GTPA,2025-08-20 00:23:51
MEOAU,2025-08-20 00:23:51
SLAC-UN,2025-08-20 00:23:51
GSQD-UN,2025-08-20 00:23:51
GTPAU,2025-08-20 00:23:51
NMP,2025-08-20 00:23:51
ENERR,2025-08-20 00:23:51
AEBIV,2025-08-20 00:23:51
CGBSW,2025-08-20 00:23:51
GTER,2025-08-20 00:23:51
INZY,2025-08-20 00:23:51
CVII,2025-08-20 00:23:51
OSA,2025-08-20 00:23:51
ASCB,2025-08-20 00:23:51
CPAR,2025-08-20 00:23:51
DTP,2025-08-20 00:23:51
OEPW,2025-08-20 00:23:51
BMTC,2025-08-20 00:23:51
ENFA,2025-08-20 00:23:51
FTPA,2025-08-20 00:23:51
GMFIW,2025-08-20 00:23:51
IPVA,2025-08-20 00:23:51
DTJ,2025-08-20 00:23:51
LEAP-UN,2025-08-20 00:23:51
TCRZ,2025-08-20 00:23:51
EVGR,2025-08-20 00:23:51
EVGRU,2025-08-20 00:23:51
RACB,2025-08-20 00:23:51
SOCB,2025-08-20 00:23:51
SLGCW,2025-08-20 00:23:51
YVR,2025-08-20 00:23:51
DIST,2025-08-20 00:23:51
CCII,2025-08-20 00:23:51
BSAQ,2025-08-20 00:23:51
EIGR,2025-08-20 00:23:51
CUENW,2025-08-20 00:23:51
ITAQU,2025-08-20 00:23:51
TCACU,2025-08-20 00:23:51
RICO,2025-08-20 00:23:51
SBBP,2025-08-20 00:23:51
CTK,2025-08-20 00:23:51
EVRI,2025-08-20 00:23:51
STL,2025-08-20 00:23:51
JNPR,2025-08-20 00:23:51
NCBS,2025-08-20 00:23:51
POND-UN,2025-08-20 00:23:51
POSH,2025-08-20 00:23:51
BRKHU,2025-08-20 00:23:51
BUJAU,2025-08-20 00:23:51
CHRO,2025-08-20 00:23:51
CNTQU,2025-08-20 00:23:51
CSWI,2025-08-20 00:23:51
DAOOU,2025-08-20 00:23:51
DWA,2025-08-20 00:23:51
ESRX,2025-08-20 00:23:51
GMBLW,2025-08-20 00:23:51
GMBLZ,2025-08-20 00:23:51
GNBC,2025-08-20 00:23:51
GLYC,2025-08-20 00:23:51
HCXZ,2025-08-20 00:23:51
KRON,2025-08-20 00:23:51
MAAQW,2025-08-20 00:23:51
ONCH,2025-08-20 00:23:51
PEGRU,2025-08-20 00:23:51
SAMAU,2025-08-20 00:23:51
SNPX,2025-08-20 00:23:51
TMPO,2025-08-20 00:23:51
TWX,2025-08-20 00:23:51
AMIC,2025-08-20 00:23:51
DPL,2025-08-20 00:23:51
FRP,2025-08-20 00:23:51
LKCO,2025-08-20 00:23:51
FAZEW,2025-08-20 00:23:51
ENERW,2025-08-20 00:23:51
PFBI,2025-08-20 00:23:51
MSSA,2025-08-20 00:23:51
GLAC,2025-08-20 00:23:51
HMTV,2025-08-20 00:23:51
CITE,2025-08-20 00:23:51
FVT,2025-08-20 00:23:51
KACLU,2025-08-20 00:23:51
KKR-PC,2025-08-20 00:23:51
BUJA,2025-08-20 00:23:51
MGN,2025-08-20 00:23:51
RNR-PE,2025-08-20 00:23:51
DEN,2025-08-20 00:23:51
CLBR,2025-08-20 00:23:51
ATH-PC,2025-08-20 00:23:51
HOT,2025-08-20 00:23:51
BKDT,2025-08-20 00:23:51
PLIN,2025-08-20 00:23:51
QADB,2025-08-20 00:23:51
SKGRU,2025-08-20 00:23:51
TCN,2025-08-20 00:23:51
XLNX,2025-08-20 00:23:51
AZUL,2025-08-20 00:23:51
FNVTW,2025-08-20 00:23:51
BPMC,2025-08-20 00:23:51
JNVR,2025-08-20 00:23:51
MINM,2025-08-20 00:23:51
MER,2025-08-20 00:23:51
OBDE,2025-08-20 00:23:51
KDLYW,2025-08-20 00:23:51
OCX,2025-08-20 00:23:51
HAIAU,2025-08-20 00:23:51
OCAT,2025-08-20 00:23:51
JVSA,2025-08-20 00:23:51
SCRM,2025-08-20 00:23:51
STFC,2025-08-20 00:23:51
CCVI,2025-08-20 00:23:51
CFFE,2025-08-20 00:23:51
CMLFU,2025-08-20 00:23:51
HFC,2025-08-20 00:23:51
GLSTW,2025-08-20 00:23:51
FLFVR,2025-08-20 00:23:51
AF,2025-08-20 00:23:51
BSII,2025-08-20 00:23:51
CSC,2025-08-20 00:23:51
ENNVW,2025-08-20 00:23:51
DNAC,2025-08-20 00:23:51
ELRC,2025-08-20 00:23:51
ESAC,2025-08-20 00:23:51
LFG,2025-08-20 00:23:51
MOTV-UN,2025-08-20 00:23:51
PIK,2025-08-20 00:23:51
RXDX,2025-08-20 00:23:51
SHQAU,2025-08-20 00:23:51
TOPW,2025-08-20 00:23:51
ERS,2025-08-20 00:23:51
BRACU,2025-08-20 00:23:51
SBIGW,2025-08-20 00:23:51
DECAW,2025-08-20 00:23:51
QLGC,2025-08-20 00:23:51
PRBM-UN,2025-08-20 00:23:51
IQNT,2025-08-20 00:23:51
MMP,2025-08-20 00:23:51
NIR,2025-08-20 00:23:51
LSEA,2025-08-20 00:23:51
HMA,2025-08-20 00:23:51
RCFA,2025-08-20 00:23:51
LUB,2025-08-20 00:23:51
SFE,2025-08-20 00:23:51
CDEV,2025-08-20 00:23:51
VNME,2025-08-20 00:23:51
ANSS,2025-08-20 00:23:51
TPBA,2025-08-20 00:23:51
QOMO,2025-08-20 00:23:51
RNBW,2025-08-20 00:23:51
UBX,2025-08-20 00:23:51
BPACW,2025-08-20 00:23:51
SHPW,2025-08-20 00:23:51
TETE,2025-08-20 00:23:51
CSSEL,2025-08-20 00:23:51
SHLM,2025-08-20 00:23:51
MBNKP,2025-08-20 00:23:51
PROCW,2025-08-20 00:23:51
LIAN,2025-08-20 00:23:51
LANC,2025-08-20 00:23:51
PROC,2025-08-20 00:23:51
SVMH,2025-08-20 00:23:51
KACL,2025-08-20 00:23:51
LGHLW,2025-08-20 00:23:51
BLUE,2025-08-20 00:23:51
CMAX,2025-08-20 00:23:51
SVU,2025-08-20 00:23:51
LYT,2025-08-20 00:23:51
WSTC,2025-08-20 00:23:51
JTAIW,2025-08-20 00:23:51
SYT,2025-08-20 00:23:51
IVCB,2025-08-20 00:23:51
DMYY-UN,2025-08-20 00:23:51
LGF-A,2025-08-20 00:23:51
DFS,2025-08-20 00:23:51
USCT,2025-08-20 00:23:51
PFTA,2025-08-20 00:23:51
DMN,2025-08-20 00:23:51
SSPK,2025-08-20 00:23:51
APMIU,2025-08-20 00:23:51
RKUS,2025-08-20 00:23:51
SNC,2025-08-20 00:23:51
BWAQU,2025-08-20 00:23:51
EBTC,2025-08-20 00:23:51
AVHIW,2025-08-20 00:23:51
RTC,2025-08-20 00:23:51
ESGR,2025-08-20 00:23:51
LGF-B,2025-08-20 00:23:51
GFED,2025-08-20 00:23:51
NCNC,2025-08-20 00:23:51
PVAC,2025-08-20 00:23:51
AAM-UN,2025-08-20 00:23:51
RDUS,2025-08-20 00:23:51
REPH,2025-08-20 00:23:51
RETA,2025-08-20 00:23:51
VSAI,2025-08-20 00:23:51
RLOG,2025-08-20 00:23:51
DST,2025-08-20 00:23:51
CACB,2025-08-20 00:23:51
CPGX,2025-08-20 00:23:51
AIFEU,2025-08-20 00:23:51
ASEI,2025-08-20 00:23:51
MBRG,2025-08-20 00:23:51
DTSI,2025-08-20 00:23:51
HFFC,2025-08-20 00:23:51
BWLD,2025-08-20 00:23:51
CKPT,2025-08-20 00:23:51
GLACR,2025-08-20 00:23:51
CLRC,2025-08-20 00:23:51
GATEW,2025-08-20 00:23:51
ENDP,2025-08-20 00:23:51
GOLD,2025-08-20 00:23:51
KTWO,2025-08-20 00:23:51
ACTA,2025-08-20 00:23:51
ACW,2025-08-20 00:23:51
IXAQU,2025-08-20 00:23:51
GLBKV,2025-08-20 00:23:51
BNIXR,2025-08-20 00:23:51
RBPAA,2025-08-20 00:23:51
PEGRW,2025-08-20 00:23:51
PTRA,2025-08-20 00:23:51
LDTCW,2025-08-20 00:23:51
FRSGU,2025-08-20 00:23:51
WBKC,2025-08-20 00:23:51
ASCAW,2025-08-20 00:23:51
NOVA,2025-08-20 00:23:51
RAMMW,2025-08-20 00:23:51
LBDAV,2025-08-20 00:23:51
CVC,2025-08-20 00:23:51
RENEW,2025-08-20 00:23:51
USCTW,2025-08-20 00:23:51
ENCPW,2025-08-20 00:23:51
BHAC,2025-08-20 00:23:51
RGLS,2025-08-20 00:23:51
MSSAW,2025-08-20 00:23:51
PNK,2025-08-20 00:23:51
METR,2025-08-20 00:23:51
MHGC,2025-08-20 00:23:51
CLII,2025-08-20 00:23:51
DCRNW,2025-08-20 00:23:51
CMCAW,2025-08-20 00:23:51
EBAC,2025-08-20 00:23:51
FINMU,2025-08-20 00:23:51
FTAA,2025-08-20 00:23:51
GPAC,2025-08-20 00:23:51
HCNEU,2025-08-20 00:23:51
MACAU,2025-08-20 00:23:51
MCAAW,2025-08-20 00:23:51
MCAFU,2025-08-20 00:23:51
DUNEU,2025-08-20 00:23:51
LAXXU,2025-08-20 00:23:51
LGSTW,2025-08-20 00:23:51
PDOT-WT,2025-08-20 00:23:51
MURFU,2025-08-20 00:23:51
REVH,2025-08-20 00:23:51
SFTW,2025-08-20 00:23:51
RCHGU,2025-08-20 00:23:51
TACA,2025-08-20 00:23:51
TACA-UN,2025-08-20 00:23:51
UTAA,2025-08-20 00:23:51
VGAC,2025-08-20 00:23:51
DCT,2025-08-20 00:23:51
JAQC,2025-08-20 00:23:51
MUDSU,2025-08-20 00:23:51
SSAA,2025-08-20 00:23:51
THCAW,2025-08-20 00:23:51
TWND,2025-08-20 00:23:51
QFTA,2025-08-20 00:23:51
ROCRU,2025-08-20 00:23:51
SYNT,2025-08-20 00:23:51
BUJAR,2025-08-20 00:23:51
WR,2025-08-20 00:23:51
LAZY,2025-08-20 00:23:51
SOV,2025-08-20 00:23:51
BUJAW,2025-08-20 00:23:51
OIBR-C,2025-08-20 00:23:51
SHCAU,2025-08-20 00:23:51
FRC-PI,2025-08-20 00:23:51
SMIH,2025-08-20 00:23:51
DLCAW,2025-08-20 00:23:51
LIZI,2025-08-20 00:23:51
LFTRU,2025-08-20 00:23:51
CQH,2025-08-20 00:23:51
ENH,2025-08-20 00:23:51
EQD,2025-08-20 00:23:51
ACY,2025-08-20 00:23:51
AHRN,2025-08-20 00:23:51
ANAC-UN,2025-08-20 00:23:51
BPMP,2025-08-20 00:23:51
FEXDR,2025-08-20 00:23:51
JGGCR,2025-08-20 00:23:51
PEI-PD,2025-08-20 00:23:51
FTRP,2025-08-20 00:23:51
SGFY,2025-08-20 00:23:51
BSN-UN,2025-08-20 00:23:51
ENBL,2025-08-20 00:23:51
ADERU,2025-08-20 00:23:51
ALTU,2025-08-20 00:23:51
CRHC-UN,2025-08-20 00:23:51
DALS,2025-08-20 00:23:51
DMYS-UN,2025-08-20 00:23:51
JCS,2025-08-20 00:23:51
SABRP,2025-08-20 00:23:51
VORB,2025-08-20 00:23:51
IMGO,2025-08-20 00:23:51
RADI,2025-08-20 00:23:51
TLMDW,2025-08-20 00:23:51
KBNTW,2025-08-20 00:23:51
AIBBU,2025-08-20 00:23:51
AVCO,2025-08-20 00:23:51
GPP,2025-08-20 00:23:51
NSS,2025-08-20 00:23:51
OEG,2025-08-20 00:23:51
TIO,2025-08-20 00:23:51
FFFZ,2025-08-20 00:23:51
PEPLW,2025-08-20 00:23:51
WTFCP,2025-08-20 00:23:51
CBO,2025-08-20 00:23:51
BCACW,2025-08-20 00:23:51
CHEKZ,2025-08-20 00:23:51
CRXT,2025-08-20 00:23:51
CVII-WT,2025-08-20 00:23:51
EPHYW,2025-08-20 00:23:51
FSNB-WT,2025-08-20 00:23:51
GOED,2025-08-20 00:23:51
HSTO,2025-08-20 00:23:51
LEC,2025-08-20 00:23:51
LOTZW,2025-08-20 00:23:51
PKBO,2025-08-20 00:23:51
ROCL,2025-08-20 00:23:51
WARR,2025-08-20 00:23:51
ZVO,2025-08-20 00:23:51
AEH,2025-08-20 00:23:51
AMH-PE,2025-08-20 00:23:51
RWLK,2025-08-20 00:23:51
ESMT,2025-08-20 00:23:51
KTRA,2025-08-20 00:23:51
ONVO,2025-08-20 00:23:51
SEPA,2025-08-20 00:23:51
CIR,2025-08-20 00:23:51
CXAC-UN,2025-08-20 00:23:51
HHGCW,2025-08-20 00:23:51
AWH,2025-08-20 00:23:51
BTB,2025-08-20 00:23:51
CNSL,2025-08-20 00:23:51
DM,2025-08-20 00:23:51
ATVI,2025-08-20 00:23:51
PEV,2025-08-20 00:23:51
PXDT,2025-08-20 00:23:51
EVBS,2025-08-20 00:23:51
FANH,2025-08-20 00:23:51
FRGAP,2025-08-20 00:23:51
GHACU,2025-08-20 00:23:51
FACA-WT,2025-08-20 00:23:51
IMH,2025-08-20 00:23:51
NS-PB,2025-08-20 00:23:51
PLTNU,2025-08-20 00:23:51
PKBOW,2025-08-20 00:23:51
QDRO,2025-08-20 00:23:51
VTRU,2025-08-20 00:23:51
ARCH,2025-08-20 00:23:51
BTWNW,2025-08-20 00:23:51
EQRX,2025-08-20 00:23:51
GBBKW,2025-08-20 00:23:51
LAAAW,2025-08-20 00:23:51
OPNT,2025-08-20 00:23:51
RCFA-UN,2025-08-20 00:23:51
HCDIZ,2025-08-20 00:23:51
EXTO,2025-08-20 00:23:51
NUVOW,2025-08-20 00:23:51
YGF,2025-08-20 00:23:51
REVBU,2025-08-20 00:23:51
YELL,2025-08-20 00:23:51
AL-PA,2025-08-20 00:23:51
ALTR,2025-08-20 00:23:51
LLAP,2025-08-20 00:23:51
ENTFU,2025-08-20 00:23:51
TIG,2025-08-20 00:23:51
INBKL,2025-08-20 00:23:51
MBINO,2025-08-20 00:23:51
SRCL,2025-08-20 00:23:51
ORAN,2025-08-20 00:23:51
IBTX,2025-08-20 00:23:51
AGR,2025-08-20 00:23:51
MNTX,2025-08-20 00:23:51
LABP,2025-08-20 00:23:51
FATBV,2025-08-20 00:23:51
TCBPW,2025-08-20 00:23:51
OSAAW,2025-08-20 00:23:51
AEB,2025-08-20 00:23:51
AIII,2025-08-20 00:23:51
CHEAU,2025-08-20 00:23:51
APXIU,2025-08-20 00:23:51
CAVM,2025-08-20 00:23:51
LICY,2025-08-20 00:23:51
ENOC,2025-08-20 00:23:51
IGACW,2025-08-20 00:23:51
CPTK-WT,2025-08-20 00:23:51
GMCR,2025-08-20 00:23:51
SCX,2025-08-20 00:23:51
ISEE,2025-08-20 00:23:51
LUXAW,2025-08-20 00:23:51
SQNM,2025-08-20 00:23:51
OUST-WT,2025-08-20 00:23:51
FOUN,2025-08-20 00:23:51
IFIN-UN,2025-08-20 00:23:51
NOVV,2025-08-20 00:23:51
QIWI,2025-08-20 00:23:51
CTXRW,2025-08-20 00:23:51
TPGY-WT,2025-08-20 00:23:51
UB,2025-08-20 00:23:51
JXJT,2025-08-20 00:23:51
RKLY-WT,2025-08-20 00:23:51
SHCR,2025-08-20 00:23:51
SVFD,2025-08-20 00:23:51
APO-PB,2025-08-20 00:23:51
CEIX,2025-08-20 00:23:51
AMTBB,2025-08-20 00:23:51
CTLT,2025-08-20 00:23:51
AFAR,2025-08-20 00:23:51
RCHG,2025-08-20 00:23:51
CIXX,2025-08-20 00:23:51
CIDM,2025-08-20 00:23:51
HBANO,2025-08-20 00:23:51
EGLX,2025-08-20 00:23:51
GNOG,2025-08-20 00:23:51
GPS,2025-08-20 00:23:51
INST,2025-08-20 00:23:51
ACAB,2025-08-20 00:23:51
CSBK,2025-08-20 00:23:51
FNFG,2025-08-20 00:23:51
TWKS,2025-08-20 00:23:51
TMDI,2025-08-20 00:23:51
IMPR,2025-08-20 00:23:51
LBYAV,2025-08-20 00:23:51
HPY,2025-08-20 00:23:51
DS-PD,2025-08-20 00:23:51
EHLDV,2025-08-20 00:23:51
MTSN,2025-08-20 00:23:51
ROLLP,2025-08-20 00:23:51
LEJU,2025-08-20 00:23:51
TSYS,2025-08-20 00:23:51
NMRX,2025-08-20 00:23:51
AY,2025-08-20 00:23:51
VACC,2025-08-20 00:23:51
CTIB,2025-08-20 00:23:51
AKU,2025-08-20 00:23:51
ARNC,2025-08-20 00:23:51
ARVL,2025-08-20 00:23:51
LAAC,2025-08-20 00:23:51
PV-WT,2025-08-20 00:23:51
RDS-B,2025-08-20 00:23:51
SILK,2025-08-20 00:23:51
TCS,2025-08-20 00:23:51
STT-PD,2025-08-20 00:23:51
THCP,2025-08-20 00:23:51
THCPW,2025-08-20 00:23:51
CMRAW,2025-08-20 00:23:51
HNRA,2025-08-20 00:23:51
KSICW,2025-08-20 00:23:51
MBTCR,2025-08-20 00:23:51
MIT-WT,2025-08-20 00:23:51
SEDA,2025-08-20 00:23:51
SLGC,2025-08-20 00:23:51
VEV,2025-08-20 00:23:51
TWNK,2025-08-20 00:23:51
BOCN,2025-08-20 00:23:51
AFTR,2025-08-20 00:23:51
CARA,2025-08-20 00:23:51
PCGU,2025-08-20 00:23:51
WDCVV,2025-08-20 00:23:51
MBT,2025-08-20 00:23:51
VBIV,2025-08-20 00:23:51
MPLN-WT,2025-08-20 00:23:51
SBT,2025-08-20 00:23:51
TPX,2025-08-20 00:23:51
HCARU,2025-08-20 00:23:51
OMGA,2025-08-20 00:23:51
PGSS-WT,2025-08-20 00:23:51
UNTD,2025-08-20 00:23:51
QNGY,2025-08-20 00:23:51
APXTU,2025-08-20 00:23:51
GIAC,2025-08-20 00:23:51
MGTA,2025-08-20 00:23:51
AJX,2025-08-20 00:23:51
AMTI,2025-08-20 00:23:51
BDXB,2025-08-20 00:23:51
EZFL,2025-08-20 00:23:51
ALVR,2025-08-20 00:23:51
APGB-WT,2025-08-20 00:23:51
MCBC,2025-08-20 00:23:51
NRDY-WT,2025-08-20 00:23:51
LCA,2025-08-20 00:23:51
DBGIW,2025-08-20 00:23:51
NSTD-UN,2025-08-20 00:23:51
PRFT,2025-08-20 00:23:51
OTECW,2025-08-20 00:23:51
JBT,2025-08-20 00:23:51
PSTI,2025-08-20 00:23:51
CCLDP,2025-08-20 00:23:51
EXAR,2025-08-20 00:23:51
TELL,2025-08-20 00:23:51
POZN,2025-08-20 00:23:51
QOMOW,2025-08-20 00:23:51
TRCA-UN,2025-08-20 00:23:51
CSLMU,2025-08-20 00:23:51
DWIN-WT,2025-08-20 00:23:51
DTY,2025-08-20 00:23:51
FATAV,2025-08-20 00:23:51
GSEV,2025-08-20 00:23:51
HEAR,2025-08-20 00:23:51
LIFW,2025-08-20 00:23:51
MJN,2025-08-20 00:23:51
RCM,2025-08-20 00:23:51
SCAQW,2025-08-20 00:23:51
ADRA-WT,2025-08-20 00:23:51
BENEW,2025-08-20 00:23:51
KBAL,2025-08-20 00:23:51
NH,2025-08-20 00:23:51
ROI,2025-08-20 00:23:51
AAM-PB,2025-08-20 00:23:51
DBTX,2025-08-20 00:23:51
MBII,2025-08-20 00:23:51
MNK,2025-08-20 00:23:51
REGI,2025-08-20 00:23:51
RSYS,2025-08-20 00:23:51
PLM,2025-08-20 00:23:51
VENA,2025-08-20 00:23:51
TDW-WT,2025-08-20 00:23:51
VBLT,2025-08-20 00:23:51
ACBI,2025-08-20 00:23:51
DS,2025-08-20 00:23:51
EMCF,2025-08-20 00:23:51
GBL,2025-08-20 00:23:51
HHGCU,2025-08-20 00:23:51
PBY,2025-08-20 00:23:51
APGN,2025-08-20 00:23:51
AGTC,2025-08-20 00:23:51
CNBKA,2025-08-20 00:23:51
CSLT,2025-08-20 00:23:51
CIT,2025-08-20 00:23:51
ECOL,2025-08-20 00:23:51
LMNX,2025-08-20 00:23:51
OSN,2025-08-20 00:23:51
PMVC-WT,2025-08-20 00:23:51
HWCC,2025-08-20 00:23:51
IVR-PB,2025-08-20 00:23:51
HTBI,2025-08-20 00:23:51
JW-A,2025-08-20 00:23:51
PAE,2025-08-20 00:23:51
NPAB,2025-08-20 00:23:51
RXN,2025-08-20 00:23:51
SWM,2025-08-20 00:23:51
TANNZ,2025-08-20 00:23:51
GSV,2025-08-20 00:23:51
LONE,2025-08-20 00:23:51
ONCT,2025-08-20 00:23:51
OSMT,2025-08-20 00:23:51
PITA,2025-08-20 00:23:51
STRY-WT,2025-08-20 00:23:51
AMH-PF,2025-08-20 00:23:51
AXU,2025-08-20 00:23:51
BOCH,2025-08-20 00:23:51
BACA-WT,2025-08-20 00:23:51
CELP,2025-08-20 00:23:51
CFXA,2025-08-20 00:23:51
DRNA,2025-08-20 00:23:51
DISCA,2025-08-20 00:23:51
GNCA,2025-08-20 00:23:51
JMP,2025-08-20 00:23:51
HUDAU,2025-08-20 00:23:51
INFN,2025-08-20 00:23:51
NBEV,2025-08-20 00:23:51
RAAS,2025-08-20 00:23:51
QK,2025-08-20 00:23:51
SQBG,2025-08-20 00:23:51
NTCO,2025-08-20 00:23:51
XBIOW,2025-08-20 00:23:51
VIACA,2025-08-20 00:23:51
IPVIU,2025-08-20 00:23:51
PBFX,2025-08-20 00:23:51
WAVD,2025-08-20 00:23:51
AACQU,2025-08-20 00:23:51
BOAS-WT,2025-08-20 00:23:51
GVP,2025-08-20 00:23:51
RILYI,2025-08-20 00:23:51
UIHC,2025-08-20 00:23:51
STAR-PG,2025-08-20 00:23:51
DPSI,2025-08-20 00:23:51
FRTX,2025-08-20 00:23:51
GLADL,2025-08-20 00:23:51
EFSH,2025-08-20 00:23:51
LMDX,2025-08-20 00:23:51
HDLS,2025-08-20 00:23:51
INDIW,2025-08-20 00:23:51
NHWK,2025-08-20 00:23:51
MCLD,2025-08-20 00:23:51
MYNA,2025-08-20 00:23:51
SCMA,2025-08-20 00:23:51
SGIIU,2025-08-20 00:23:51
BLAC,2025-08-20 00:23:51
DICE,2025-08-20 00:23:51
NRF,2025-08-20 00:23:51
NYCB,2025-08-20 00:23:51
EMLDW,2025-08-20 00:23:51
ENTFW,2025-08-20 00:23:51
RDBX,2025-08-20 00:23:51
OBAS,2025-08-20 00:23:51
SBLKZ,2025-08-20 00:23:51
VEDL,2025-08-20 00:23:51
QRTEB,2025-08-20 00:23:51
WBK,2025-08-20 00:23:51
AEHA,2025-08-20 00:23:51
ANCX,2025-08-20 00:23:51
CAB,2025-08-20 00:23:51
ASLEW,2025-08-20 00:23:51
BANC-PE,2025-08-20 00:23:51
COMSW,2025-08-20 00:23:51
CVON,2025-08-20 00:23:51
CLAQU,2025-08-20 00:23:51
IMPX-WT,2025-08-20 00:23:51
LOJN,2025-08-20 00:23:51
DWCH,2025-08-20 00:23:51
LOCK,2025-08-20 00:23:51
ROIC,2025-08-20 00:23:51
POWRU,2025-08-20 00:23:51
UEPS,2025-08-20 00:23:51
RVNC,2025-08-20 00:23:51
WISA,2025-08-20 00:23:51
ALSAW,2025-08-20 00:23:51
BSMX,2025-08-20 00:23:51
BECN,2025-08-20 00:23:51
GAINM,2025-08-20 00:23:51
IQMD,2025-08-20 00:23:51
MCFE,2025-08-20 00:23:51
SCWX,2025-08-20 00:23:51
IVCBW,2025-08-20 00:23:51
MCAAU,2025-08-20 00:23:51
SWI,2025-08-20 00:23:51
PYR,2025-08-20 00:23:51
STCN,2025-08-20 00:23:51
CGA,2025-08-20 00:23:51
FMBIO,2025-08-20 00:23:51
CPSI,2025-08-20 00:23:51
NSTB-UN,2025-08-20 00:23:51
YTEN,2025-08-20 00:23:51
SPCMU,2025-08-20 00:23:51
DTRTW,2025-08-20 00:23:51
EPIQ,2025-08-20 00:23:51
PSUS,2025-08-20 00:23:51
HKIB,2025-08-20 00:23:51
BDR,2025-08-20 00:23:51
EUCRW,2025-08-20 00:23:51
GCACW,2025-08-20 00:23:51
BMAQU,2025-08-20 00:23:51
PYCR,2025-08-20 00:23:51
WMAR,2025-08-20 00:23:51
TOROV,2025-08-20 00:23:51
CDAQU,2025-08-20 00:23:51
SSIC,2025-08-20 00:23:51
EMKR,2025-08-20 00:23:51
GSAQ,2025-08-20 00:23:51
STDY,2025-08-20 00:23:51
BRSHW,2025-08-20 00:23:51
CYAD,2025-08-20 00:23:51
GPCOU,2025-08-20 00:23:51
KS,2025-08-20 00:23:51
MRNS,2025-08-20 00:23:51
SHCRW,2025-08-20 00:23:51
ANGIV,2025-08-20 00:23:51
ACHL,2025-08-20 00:23:51
GBBK,2025-08-20 00:23:51
EVBN,2025-08-20 00:23:51
QRTEP,2025-08-20 00:23:51
PSAG,2025-08-20 00:23:51
PLMIW,2025-08-20 00:23:51
AFINP,2025-08-20 00:23:51
UNFL,2025-08-20 00:23:51
CPG,2025-08-20 00:23:51
SLACU,2025-08-20 00:23:51
SRACU,2025-08-20 00:23:51
TRKA,2025-08-20 00:23:51
CHWA,2025-08-20 00:23:51
CST,2025-08-20 00:23:51
GOEVW,2025-08-20 00:23:51
KSU-P,2025-08-20 00:23:51
MN,2025-08-20 00:23:51
AIMC,2025-08-20 00:23:51
FUSN,2025-08-20 00:23:51
NAV,2025-08-20 00:23:51
NMMCW,2025-08-20 00:23:51
EVE-WT,2025-08-20 00:23:51
MTP,2025-08-20 00:23:51
MCAC,2025-08-20 00:23:51
CLIN,2025-08-20 00:23:51
ESEAV,2025-08-20 00:23:51
DGNR,2025-08-20 00:23:51
NBSTW,2025-08-20 00:23:51
RICE-UN,2025-08-20 00:23:51
OSI-WT,2025-08-20 00:23:51
UNAM,2025-08-20 00:23:51
VTAQR,2025-08-20 00:23:51
WPCB,2025-08-20 00:23:51
BOCNU,2025-08-20 00:23:51
CHFN,2025-08-20 00:23:51
EFHTW,2025-08-20 00:23:51
CONN,2025-08-20 00:23:51
VLDR,2025-08-20 00:23:51
NES,2025-08-20 00:23:51
PHYT-UN,2025-08-20 00:23:51
MPACU,2025-08-20 00:23:51
SJIV,2025-08-20 00:23:51
SVSVU,2025-08-20 00:23:51
SQ,2025-08-20 00:23:51
ISDR,2025-08-20 00:23:51
AHI,2025-08-20 00:23:51
SGE,2025-08-20 00:23:51
BOXD,2025-08-20 00:23:51
FEXD,2025-08-20 00:23:51
CPTNW,2025-08-20 00:23:51
VASC,2025-08-20 00:23:51
GENQ,2025-08-20 00:23:51
GSMG,2025-08-20 00:23:51
RF-PB,2025-08-20 00:23:51
VOXX,2025-08-20 00:23:51
ELVT,2025-08-20 00:23:51
MIXT,2025-08-20 00:23:51
GODN,2025-08-20 00:23:51
PALT,2025-08-20 00:23:51
TMTC,2025-08-20 00:23:51
SMLP,2025-08-20 00:23:51
SHUAW,2025-08-20 00:23:51
SIFYR,2025-08-20 00:23:51
AINC,2025-08-20 00:23:51
DTLK,2025-08-20 00:23:51
FNBG,2025-08-20 00:23:51
JOFF,2025-08-20 00:23:51
AHL-PC,2025-08-20 00:23:51
CMPI,2025-08-20 00:23:51
HCAR,2025-08-20 00:23:51
JMACU,2025-08-20 00:23:51
PIAI,2025-08-20 00:23:51
ARG,2025-08-20 00:23:51
SUNSV,2025-08-20 00:23:51
ADRT,2025-08-20 00:23:51
SVMHW,2025-08-20 00:23:51
BHSE,2025-08-20 00:23:51
DRQ,2025-08-20 00:23:51
SDC,2025-08-20 00:23:51
DYNS,2025-08-20 00:23:51
EVOJ,2025-08-20 00:23:51
FXCOR,2025-08-20 00:23:51
HECCU,2025-08-20 00:23:51
GSQB-UN,2025-08-20 00:23:51
WAVS,2025-08-20 00:23:51
SIVB,2025-08-20 00:23:51
CALT,2025-08-20 00:23:51
BTTR,2025-08-20 00:23:51
MDVL,2025-08-20 00:23:51
CHUY,2025-08-20 00:23:51
PHCF,2025-08-20 00:23:51
PLAOW,2025-08-20 00:23:51
SQSP,2025-08-20 00:23:51
SVNAU,2025-08-20 00:23:51
TSIBU,2025-08-20 00:23:51
CLAS-WT,2025-08-20 00:23:51
ZUO,2025-08-20 00:23:51
SWAV,2025-08-20 00:23:51
ACAHW,2025-08-20 00:23:51
AITR,2025-08-20 00:23:51
CALB,2025-08-20 00:23:51
NR,2025-08-20 00:23:51
SMTS,2025-08-20 00:23:51
ELAT,2025-08-20 00:23:51
LDHAW,2025-08-20 00:23:51
WEL-UN,2025-08-20 00:23:51
RNER,2025-08-20 00:23:51
AXNX,2025-08-20 00:23:51
FTAI-PB,2025-08-20 00:23:51
WTRU,2025-08-20 00:23:51
GACQW,2025-08-20 00:23:51
GIWWW,2025-08-20 00:23:51
HAIAW,2025-08-20 00:23:51
SAG,2025-08-20 00:23:51
TLGYW,2025-08-20 00:23:51
TNP-PF,2025-08-20 00:23:51
APEN,2025-08-20 00:23:51
BYU,2025-08-20 00:23:51
SAGAU,2025-08-20 00:23:51
GBRGW,2025-08-20 00:23:51
GODNU,2025-08-20 00:23:51
GBRGR,2025-08-20 00:23:51
UZC,2025-08-20 00:23:51
JWSM-UN,2025-08-20 00:23:51
LCY,2025-08-20 00:23:51
IPXXU,2025-08-20 00:23:51
VHAQ-UN,2025-08-20 00:23:51
VIA,2025-08-20 00:23:51
WE,2025-08-20 00:23:51
TWCT,2025-08-20 00:23:51
BKEPP,2025-08-20 00:23:51
BBG,2025-08-20 00:23:51
ETRN,2025-08-20 00:23:51
IMPL,2025-08-20 00:23:51
IRNT,2025-08-20 00:23:51
KLAQU,2025-08-20 00:23:51
DRCTW,2025-08-20 00:23:51
MDRRP,2025-08-20 00:23:51
SHPG,2025-08-20 00:23:51
ROCGU,2025-08-20 00:23:51
ROCLW,2025-08-20 00:23:51
VLD,2025-08-20 00:23:51
FRES,2025-08-20 00:23:51
RCRT,2025-08-20 00:23:51
SLNA,2025-08-20 00:23:51
BRD-WT,2025-08-20 00:23:51
AIG-PA,2025-08-20 00:23:51
AUVI,2025-08-20 00:23:51
BODY-WT,2025-08-20 00:23:51
AHC,2025-08-20 00:23:51
AMPS-WT,2025-08-20 00:23:51
ADEX-UN,2025-08-20 00:23:51
CHKEZ,2025-08-20 00:23:51
ENV,2025-08-20 00:23:51
CPLG,2025-08-20 00:23:51
GRALV,2025-08-20 00:23:51
TSIBW,2025-08-20 00:23:51
KRNLU,2025-08-20 00:23:51
MINDP,2025-08-20 00:23:51
EXN,2025-08-20 00:23:51
MCLDP,2025-08-20 00:23:51
REXX,2025-08-20 00:23:51
BFAC,2025-08-20 00:23:51
WAVSU,2025-08-20 00:23:51
RAI,2025-08-20 00:23:51
TNP-PE,2025-08-20 00:23:51
VCKAU,2025-08-20 00:23:51
FSBK,2025-08-20 00:23:51
WWE,2025-08-20 00:23:51
VYGG-WT,2025-08-20 00:23:51
WBEV,2025-08-20 00:23:51
USAP,2025-08-20 00:23:51
BKI,2025-08-20 00:23:51
KAMN,2025-08-20 00:23:51
AAC-WT,2025-08-20 00:23:51
TFFP,2025-08-20 00:23:51
SLVRW,2025-08-20 00:23:51
SCAI,2025-08-20 00:23:51
CAM,2025-08-20 00:23:51
BOWL,2025-08-20 00:23:51
FZT,2025-08-20 00:23:51
PF,2025-08-20 00:23:51
LJAQ,2025-08-20 00:23:51
FOXWW,2025-08-20 00:23:51
LBAI,2025-08-20 00:23:51
BELP,2025-08-20 00:23:51
DHBC,2025-08-20 00:23:51
ADGE,2025-08-20 00:23:51
CTV,2025-08-20 00:23:51
CPAQW,2025-08-20 00:23:51
COL,2025-08-20 00:23:51
BBBY,2025-08-20 00:23:51
GHIXU,2025-08-20 00:23:51
GXGX,2025-08-20 00:23:51
ELNK,2025-08-20 00:23:51
GI,2025-08-20 00:23:51
ININ,2025-08-20 00:23:51
FNCB,2025-08-20 00:23:51
GTH,2025-08-20 00:23:51
LAXXW,2025-08-20 00:23:51
GAPA-UN,2025-08-20 00:23:51
HYZN,2025-08-20 00:23:51
IPAX,2025-08-20 00:23:51
OZON,2025-08-20 00:23:51
SAMA,2025-08-20 00:23:51
ITHX,2025-08-20 00:23:51
JMPNZ,2025-08-20 00:23:51
PFIE,2025-08-20 00:23:51
PORT-WT,2025-08-20 00:23:51
SCAQ,2025-08-20 00:23:51
SRSAU,2025-08-20 00:23:51
VSAR,2025-08-20 00:23:51
SPHAU,2025-08-20 00:23:51
WEL-WT,2025-08-20 00:23:51
WFM,2025-08-20 00:23:51
SPCMW,2025-08-20 00:23:51
VENAW,2025-08-20 00:23:51
FRX,2025-08-20 00:23:51
OME,2025-08-20 00:23:51
MNTN-WT,2025-08-20 00:23:51
PICC-WT,2025-08-20 00:23:51
AMCC,2025-08-20 00:23:51
ACBA,2025-08-20 00:23:51
AMRI,2025-08-20 00:23:51
ASZ-WT,2025-08-20 00:23:51
DISA,2025-08-20 00:23:51
ECYT,2025-08-20 00:23:51
BPY,2025-08-20 00:23:51
LSXMB,2025-08-20 00:23:51
HPX-WT,2025-08-20 00:23:51
LMHA,2025-08-20 00:23:51
IO,2025-08-20 00:23:51
IZTC,2025-08-20 00:23:51
FLDDU,2025-08-20 00:23:51
QFTA-WT,2025-08-20 00:23:51
RCLFW,2025-08-20 00:23:51
ROSS-WT,2025-08-20 00:23:51
SPECW,2025-08-20 00:23:51
POND-WT,2025-08-20 00:23:51
PNACW,2025-08-20 00:23:51
RILYM,2025-08-20 00:23:51
PMGM,2025-08-20 00:23:51
TELZ,2025-08-20 00:23:51
TPVY,2025-08-20 00:23:51
VLTA,2025-08-20 00:23:51
GSS,2025-08-20 00:23:51
UP-WT,2025-08-20 00:23:51
FMI,2025-08-20 00:23:51
TNP,2025-08-20 00:23:51
MZOR,2025-08-20 00:23:51
OWLT-WT,2025-08-20 00:23:51
SFC,2025-08-20 00:23:51
XOXO,2025-08-20 00:23:51
EFHT,2025-08-20 00:23:51
LCW-WT,2025-08-20 00:23:51
BKMU,2025-08-20 00:23:51
ATSPU,2025-08-20 00:23:51
CSTA-WT,2025-08-20 00:23:51
ARPO,2025-08-20 00:23:51
BNNRW,2025-08-20 00:23:51
DGHI,2025-08-20 00:23:51
FREY-WT,2025-08-20 00:23:51
DHCAW,2025-08-20 00:23:51
EURN,2025-08-20 00:23:51
DSKEW,2025-08-20 00:23:51
GXGXW,2025-08-20 00:23:51
FFIEW,2025-08-20 00:23:51
IPAXW,2025-08-20 00:23:51
