successful_ticker,timestamp
SPG,2025-08-22 11:38:43
PDM,2025-08-22 11:38:43
NVRI,2025-08-22 11:38:43
UAA,2025-08-22 11:38:43
NGL,2025-08-22 11:38:43
NGVT,2025-08-22 11:38:43
SPGI,2025-08-22 11:38:43
KB,2025-08-22 11:38:43
KT,2025-08-22 11:38:43
LBRT,2025-08-22 11:38:43
UBER,2025-08-22 11:38:43
AX,2025-08-22 11:38:43
VLRS,2025-08-22 11:38:43
CMBT,2025-08-22 11:38:43
FDX,2025-08-22 11:38:43
FE,2025-08-22 11:38:43
BDX,2025-08-22 11:38:43
MS-PQ,2025-08-22 11:38:43
WTM,2025-08-22 11:38:43
WPC,2025-08-22 11:38:43
VNCE,2025-08-22 11:38:43
PEG,2025-08-22 11:38:43
ATO,2025-08-22 11:38:43
MSDL,2025-08-22 11:38:43
NVR,2025-08-22 11:38:43
SEE,2025-08-22 11:38:43
CMI,2025-08-22 11:38:43
PG,2025-08-22 11:38:43
CNF,2025-08-22 11:38:43
MRK,2025-08-22 11:38:43
XOM,2025-08-22 11:38:43
CMG,2025-08-22 11:38:43
MS,2025-08-22 11:38:43
TGT,2025-08-22 11:38:43
TJX,2025-08-22 11:38:43
BGS,2025-08-22 11:38:43
ABT,2025-08-22 11:38:43
GES,2025-08-22 11:38:43
BMO,2025-08-22 11:38:43
NSA,2025-08-22 11:38:43
MSM,2025-08-22 11:38:43
PACS,2025-08-22 11:38:43
BBVA,2025-08-22 11:38:43
AMC,2025-08-22 11:38:43
ADCT,2025-08-22 11:38:43
PGRE,2025-08-22 11:38:43
PFE,2025-08-22 11:38:43
BAC-PN,2025-08-22 11:38:43
AM,2025-08-22 11:38:43
BTI,2025-08-22 11:38:43
VTMX,2025-08-22 11:38:43
DHT,2025-08-22 11:38:43
GS-PA,2025-08-22 11:38:43
STT,2025-08-22 11:38:43
DB,2025-08-22 11:38:43
LTM,2025-08-22 11:38:43
FLR,2025-08-22 11:38:43
CAH,2025-08-22 11:38:43
AB,2025-08-22 11:38:43
BEPH,2025-08-22 11:38:43
AMP,2025-08-22 11:38:43
SLVM,2025-08-22 11:38:43
ALUR,2025-08-22 11:38:43
BBUC,2025-08-22 11:38:43
CSPI,2025-08-22 11:38:43
CL,2025-08-22 11:38:43
EFOI,2025-08-22 11:38:43
DSGR,2025-08-22 11:38:43
SPNT,2025-08-22 11:38:43
EVTL,2025-08-22 11:38:43
RYAN,2025-08-22 11:38:43
GM,2025-08-22 11:38:43
GFF,2025-08-22 11:38:43
CBAN,2025-08-22 11:38:43
HMC,2025-08-22 11:38:43
ATEN,2025-08-22 11:38:43
BKKT,2025-08-22 11:38:43
EIX,2025-08-22 11:38:43
BKV,2025-08-22 11:38:43
PHR,2025-08-22 11:38:43
FMX,2025-08-22 11:38:43
FF,2025-08-22 11:38:43
EVH,2025-08-22 11:38:43
KLG,2025-08-22 11:38:43
SR-PA,2025-08-22 11:38:43
GEF,2025-08-22 11:38:43
ATOS,2025-08-22 11:38:43
NPB,2025-08-22 11:38:43
CNH,2025-08-22 11:38:43
QXO,2025-08-22 11:38:43
SOJE,2025-08-22 11:38:43
BRFS,2025-08-22 11:38:43
HHH,2025-08-22 11:38:43
INGM,2025-08-22 11:38:43
MFH,2025-08-22 11:38:43
AN,2025-08-22 11:38:43
TRNO,2025-08-22 11:38:43
GRND,2025-08-22 11:38:43
AVAL,2025-08-22 11:38:43
NGS,2025-08-22 11:38:43
MS-PA,2025-08-22 11:38:43
FLS,2025-08-22 11:38:43
ROG,2025-08-22 11:38:43
TBB,2025-08-22 11:38:43
BBY,2025-08-22 11:38:43
MX,2025-08-22 11:38:43
HLI,2025-08-22 11:38:43
FTV,2025-08-22 11:38:43
MS-PE,2025-08-22 11:38:43
SPXC,2025-08-22 11:38:43
CAVA,2025-08-22 11:38:43
DEA,2025-08-22 11:38:43
BXP,2025-08-22 11:38:43
HIG,2025-08-22 11:38:43
QUAD,2025-08-22 11:38:43
PBI,2025-08-22 11:38:43
TMHC,2025-08-22 11:38:43
SBH,2025-08-22 11:38:43
BCBP,2025-08-22 11:38:43
MS-PP,2025-08-22 11:38:43
SQM,2025-08-22 11:38:43
NMAX,2025-08-22 11:38:43
CIVI,2025-08-22 11:38:43
SN,2025-08-22 11:38:43
OGS,2025-08-22 11:38:43
TDS,2025-08-22 11:38:43
UNF,2025-08-22 11:38:43
NRGV,2025-08-22 11:38:43
NET,2025-08-22 11:38:43
TPR,2025-08-22 11:38:43
MET,2025-08-22 11:38:43
VAL,2025-08-22 11:38:43
MDU,2025-08-22 11:38:43
BLDR,2025-08-22 11:38:43
NFG,2025-08-22 11:38:43
MTB,2025-08-22 11:38:43
SST,2025-08-22 11:38:43
USPH,2025-08-22 11:38:43
OOMA,2025-08-22 11:38:43
DEI,2025-08-22 11:38:43
EPR,2025-08-22 11:38:43
LXP,2025-08-22 11:38:43
CMP,2025-08-22 11:38:43
PMT,2025-08-22 11:38:43
LAC,2025-08-22 11:38:43
MC,2025-08-22 11:38:43
MTDR,2025-08-22 11:38:43
SSL,2025-08-22 11:38:43
IX,2025-08-22 11:38:43
CON,2025-08-22 11:38:43
BKH,2025-08-22 11:38:43
MTG,2025-08-22 11:38:43
CTRE,2025-08-22 11:38:43
INN,2025-08-22 11:38:43
TPH,2025-08-22 11:38:43
MGR,2025-08-22 11:38:43
ARX,2025-08-22 11:38:43
SKLZ,2025-08-22 11:38:43
AVNT,2025-08-22 11:38:43
OVV,2025-08-22 11:38:43
STWD,2025-08-22 11:38:43
CLW,2025-08-22 11:38:43
NEE,2025-08-22 11:38:43
STZ,2025-08-22 11:38:43
TIXT,2025-08-22 11:38:43
SES,2025-08-22 11:38:43
CE,2025-08-22 11:38:43
CRM,2025-08-22 11:38:43
APOS,2025-08-22 11:38:43
NEE-PR,2025-08-22 11:38:43
AAP,2025-08-22 11:38:43
BDC,2025-08-22 11:38:43
ATI,2025-08-22 11:38:43
AIR,2025-08-22 11:38:43
IPSC,2025-08-22 11:38:43
VHC,2025-08-22 11:38:43
PKE,2025-08-22 11:38:43
WS,2025-08-22 11:38:43
BE,2025-08-22 11:38:43
GEV,2025-08-22 11:38:43
TY,2025-08-22 11:38:43
CELU,2025-08-22 11:38:43
LUV,2025-08-22 11:38:43
GSK,2025-08-22 11:38:43
KLRS,2025-08-22 11:38:43
NOW,2025-08-22 11:38:43
VIPS,2025-08-22 11:38:43
LU,2025-08-22 11:38:43
RYN,2025-08-22 11:38:43
SOS,2025-08-22 11:38:43
CAAP,2025-08-22 11:38:43
NVT,2025-08-22 11:38:43
CIM,2025-08-22 11:38:43
STN,2025-08-22 11:38:43
RIO,2025-08-22 11:38:43
NVST,2025-08-22 11:38:43
LVWR,2025-08-22 11:38:43
ERJ,2025-08-22 11:38:43
FINV,2025-08-22 11:38:43
AL,2025-08-22 11:38:43
APO,2025-08-22 11:38:43
OBK,2025-08-22 11:38:43
FET,2025-08-22 11:38:43
CVS,2025-08-22 11:38:43
AAT,2025-08-22 11:38:43
ALL-PI,2025-08-22 11:38:43
DAVE,2025-08-22 11:38:43
AXL,2025-08-22 11:38:43
BAX,2025-08-22 11:38:43
DHR,2025-08-22 11:38:43
CSL,2025-08-22 11:38:43
CUBE,2025-08-22 11:38:43
AVBP,2025-08-22 11:38:43
CMCO,2025-08-22 11:38:43
AG,2025-08-22 11:38:43
AGCO,2025-08-22 11:38:43
SXI,2025-08-22 11:38:43
KIM-PL,2025-08-22 11:38:43
FENG,2025-08-22 11:38:43
TTI,2025-08-22 11:38:43
ALB,2025-08-22 11:38:43
AFGC,2025-08-22 11:38:43
KEY,2025-08-22 11:38:43
WT,2025-08-22 11:38:43
ECL,2025-08-22 11:38:43
CSV,2025-08-22 11:38:43
IRM,2025-08-22 11:38:43
ACM,2025-08-22 11:38:43
CRH,2025-08-22 11:38:43
COF-PL,2025-08-22 11:38:43
ACI,2025-08-22 11:38:43
CVEO,2025-08-22 11:38:43
BWLP,2025-08-22 11:38:43
ACET,2025-08-22 11:38:43
CPA,2025-08-22 11:38:43
AVTR,2025-08-22 11:38:43
EBR,2025-08-22 11:38:43
VVV,2025-08-22 11:38:43
ESRT,2025-08-22 11:38:43
AOMR,2025-08-22 11:38:43
MSCI,2025-08-22 11:38:43
SWX,2025-08-22 11:38:43
GNK,2025-08-22 11:38:43
PEN,2025-08-22 11:38:43
ALEX,2025-08-22 11:38:43
TDS-PU,2025-08-22 11:38:43
BAC-PO,2025-08-22 11:38:43
BAC-PP,2025-08-22 11:38:43
IIPR,2025-08-22 11:38:43
GNL,2025-08-22 11:38:43
AWI,2025-08-22 11:38:43
KEX,2025-08-22 11:38:43
AME,2025-08-22 11:38:43
AEBI,2025-08-22 11:38:43
BLSH,2025-08-22 11:38:43
DAC,2025-08-22 11:38:43
CMSD,2025-08-22 11:38:43
FBLA,2025-08-22 11:38:43
AXS-PE,2025-08-22 11:38:43
CRI,2025-08-22 11:38:43
AMN,2025-08-22 11:38:43
CMSA,2025-08-22 11:38:43
BSAC,2025-08-22 11:38:43
COF-PJ,2025-08-22 11:38:43
RF-PC,2025-08-22 11:38:43
BIPI,2025-08-22 11:38:43
SA,2025-08-22 11:38:43
BIO,2025-08-22 11:38:43
CIM-PB,2025-08-22 11:38:43
BML-PH,2025-08-22 11:38:43
ED,2025-08-22 11:38:43
BW-PA,2025-08-22 11:38:43
PDCC,2025-08-22 11:38:43
AXP,2025-08-22 11:38:43
ONTF,2025-08-22 11:38:43
VLTO,2025-08-22 11:38:43
MTN,2025-08-22 11:38:43
TG,2025-08-22 11:38:43
WY,2025-08-22 11:38:43
ODC,2025-08-22 11:38:43
TGLS,2025-08-22 11:38:43
NUS,2025-08-22 11:38:43
PSA-PF,2025-08-22 11:38:43
RBOT,2025-08-22 11:38:43
MEC,2025-08-22 11:38:43
NNN,2025-08-22 11:38:43
NKE,2025-08-22 11:38:43
LINC,2025-08-22 11:38:43
MET-PA,2025-08-22 11:38:43
GWRE,2025-08-22 11:38:43
AC,2025-08-22 11:38:43
AMCR,2025-08-22 11:38:43
AIT,2025-08-22 11:38:43
NOV,2025-08-22 11:38:43
ALG,2025-08-22 11:38:43
DAR,2025-08-22 11:38:43
AMX,2025-08-22 11:38:43
RITM,2025-08-22 11:38:43
BWSN,2025-08-22 11:38:43
SHCO,2025-08-22 11:38:43
EXPI,2025-08-22 11:38:43
FDP,2025-08-22 11:38:43
FBRT,2025-08-22 11:38:43
DK,2025-08-22 11:38:43
FCN,2025-08-22 11:38:43
ELF,2025-08-22 11:38:43
DRI,2025-08-22 11:38:43
CODI,2025-08-22 11:38:43
ASBP,2025-08-22 11:38:43
BRO,2025-08-22 11:38:43
CADE-PA,2025-08-22 11:38:43
GRDN,2025-08-22 11:38:43
HPP,2025-08-22 11:38:43
CCO,2025-08-22 11:38:43
IBM,2025-08-22 11:38:43
BLK,2025-08-22 11:38:43
PFS,2025-08-22 11:38:43
C,2025-08-22 11:38:43
KD,2025-08-22 11:38:43
EQR,2025-08-22 11:38:43
WEC,2025-08-22 11:38:43
EIC,2025-08-22 11:38:43
BRK-B,2025-08-22 11:38:43
AESI,2025-08-22 11:38:43
EHC,2025-08-22 11:38:43
F-PD,2025-08-22 11:38:43
BROS,2025-08-22 11:38:43
WFC-PD,2025-08-22 11:38:43
FLXS,2025-08-22 11:38:43
EGY,2025-08-22 11:38:43
DLR-PK,2025-08-22 11:38:43
C-PN,2025-08-22 11:38:43
BKD,2025-08-22 11:38:43
EFC,2025-08-22 11:38:43
NOMD,2025-08-22 11:38:43
PK,2025-08-22 11:38:43
TEL,2025-08-22 11:38:43
BLCO,2025-08-22 11:38:43
BNED,2025-08-22 11:38:43
KRC,2025-08-22 11:38:43
BRT,2025-08-22 11:38:43
SW,2025-08-22 11:38:43
RH,2025-08-22 11:38:43
BEN,2025-08-22 11:38:43
DXYZ,2025-08-22 11:38:43
ENS,2025-08-22 11:38:43
IBP,2025-08-22 11:38:43
ENTX,2025-08-22 11:38:43
F-PB,2025-08-22 11:38:43
ENR,2025-08-22 11:38:43
ENTA,2025-08-22 11:38:43
DNB,2025-08-22 11:38:43
ESAB,2025-08-22 11:38:43
PRMB,2025-08-22 11:38:43
KVYO,2025-08-22 11:38:43
MYE,2025-08-22 11:38:43
SRE,2025-08-22 11:38:43
RBA,2025-08-22 11:38:43
HR,2025-08-22 11:38:43
HPQ,2025-08-22 11:38:43
HPE,2025-08-22 11:38:43
OLO,2025-08-22 11:38:43
PAC,2025-08-22 11:38:43
FCX,2025-08-22 11:38:43
FLNG,2025-08-22 11:38:43
NIQ,2025-08-22 11:38:43
WRB-PH,2025-08-22 11:38:43
OEC,2025-08-22 11:38:43
EQV,2025-08-22 11:38:43
NXRT,2025-08-22 11:38:43
LSPD,2025-08-22 11:38:43
PUK,2025-08-22 11:38:43
FRO,2025-08-22 11:38:43
TSLX,2025-08-22 11:38:43
TBN,2025-08-22 11:38:43
FHI,2025-08-22 11:38:43
GLW,2025-08-22 11:38:43
AROC,2025-08-22 11:38:43
MO,2025-08-22 11:38:43
STEL,2025-08-22 11:38:43
EGO,2025-08-22 11:38:43
FNKO,2025-08-22 11:38:43
MLKN,2025-08-22 11:38:43
BCS,2025-08-22 11:38:43
NWG,2025-08-22 11:38:43
DDS,2025-08-22 11:38:43
VIK,2025-08-22 11:38:43
CARS,2025-08-22 11:38:43
SREA,2025-08-22 11:38:43
FC,2025-08-22 11:38:43
CURV,2025-08-22 11:38:43
DECK,2025-08-22 11:38:43
NTST,2025-08-22 11:38:43
DQ,2025-08-22 11:38:43
AR,2025-08-22 11:38:43
DRCT,2025-08-22 11:38:43
BHVN,2025-08-22 11:38:43
KEY-PJ,2025-08-22 11:38:43
XYZ,2025-08-22 11:38:43
MANU,2025-08-22 11:38:43
GL,2025-08-22 11:38:43
PSO,2025-08-22 11:38:43
GROV,2025-08-22 11:38:43
M,2025-08-22 11:38:43
BGM,2025-08-22 11:38:43
PLYM,2025-08-22 11:38:43
BRC,2025-08-22 11:38:43
HMN,2025-08-22 11:38:43
BGSF,2025-08-22 11:38:43
CMC,2025-08-22 11:38:43
LAW,2025-08-22 11:38:43
LVS,2025-08-22 11:38:43
PCG,2025-08-22 11:38:43
UNFI,2025-08-22 11:38:43
YETI,2025-08-22 11:38:43
FOUR,2025-08-22 11:38:43
BCO,2025-08-22 11:38:43
GBTG,2025-08-22 11:38:43
FPI,2025-08-22 11:38:43
ONON,2025-08-22 11:38:43
LAR,2025-08-22 11:38:43
YOU,2025-08-22 11:38:43
LOB,2025-08-22 11:38:43
PBH,2025-08-22 11:38:43
LTC,2025-08-22 11:38:43
VMI,2025-08-22 11:38:43
ARTV,2025-08-22 11:38:43
GSBD,2025-08-22 11:38:43
FRGE,2025-08-22 11:38:43
PB,2025-08-22 11:38:43
BH,2025-08-22 11:38:43
LHX,2025-08-22 11:38:43
HLLY,2025-08-22 11:38:43
LOW,2025-08-22 11:38:43
KNX,2025-08-22 11:38:43
FVR,2025-08-22 11:38:43
LYV,2025-08-22 11:38:43
LOAR,2025-08-22 11:38:43
FL,2025-08-22 11:38:43
UPS,2025-08-22 11:38:43
ALL,2025-08-22 11:38:43
WM,2025-08-22 11:38:43
INFY,2025-08-22 11:38:43
SOJD,2025-08-22 11:38:43
HRB,2025-08-22 11:38:43
SKM,2025-08-22 11:38:43
IMAX,2025-08-22 11:38:43
CMRE,2025-08-22 11:38:43
SHW,2025-08-22 11:38:43
LDOS,2025-08-22 11:38:43
CFG,2025-08-22 11:38:43
LEVI,2025-08-22 11:38:43
DOLE,2025-08-22 11:38:43
PATH,2025-08-22 11:38:43
GMS,2025-08-22 11:38:43
KO,2025-08-22 11:38:43
FSLY,2025-08-22 11:38:43
J,2025-08-22 11:38:43
HUBB,2025-08-22 11:38:43
PSTG,2025-08-22 11:38:43
HAFN,2025-08-22 11:38:43
QS,2025-08-22 11:38:43
WHG,2025-08-22 11:38:43
FUBO,2025-08-22 11:38:43
WLY,2025-08-22 11:38:43
HVT,2025-08-22 11:38:43
MFC,2025-08-22 11:38:43
CNP,2025-08-22 11:38:43
HGV,2025-08-22 11:38:43
RL,2025-08-22 11:38:43
UAN,2025-08-22 11:38:43
LUXE,2025-08-22 11:38:43
OC,2025-08-22 11:38:43
RYI,2025-08-22 11:38:43
SSD,2025-08-22 11:38:43
STEM,2025-08-22 11:38:43
TRTN-PA,2025-08-22 11:38:43
VZ,2025-08-22 11:38:43
TRU,2025-08-22 11:38:43
SFL,2025-08-22 11:38:43
SHG,2025-08-22 11:38:43
MGRE,2025-08-22 11:38:43
TCI,2025-08-22 11:38:43
MSI,2025-08-22 11:38:43
VIRT,2025-08-22 11:38:43
VOYG,2025-08-22 11:38:43
THS,2025-08-22 11:38:43
SONY,2025-08-22 11:38:43
TGNA,2025-08-22 11:38:43
RSI,2025-08-22 11:38:43
MP,2025-08-22 11:38:43
VRE,2025-08-22 11:38:43
MGY,2025-08-22 11:38:43
SHEL,2025-08-22 11:38:43
MMS,2025-08-22 11:38:43
MWA,2025-08-22 11:38:43
STNG,2025-08-22 11:38:43
MRP,2025-08-22 11:38:43
TFC-PR,2025-08-22 11:38:43
MG,2025-08-22 11:38:43
DY,2025-08-22 11:38:43
BF-A,2025-08-22 11:38:43
TRN,2025-08-22 11:38:43
ARMK,2025-08-22 11:38:43
GOLF,2025-08-22 11:38:43
PRGO,2025-08-22 11:38:43
MTW,2025-08-22 11:38:43
APTV,2025-08-22 11:38:43
PRKS,2025-08-22 11:38:43
BHC,2025-08-22 11:38:43
BAC-PM,2025-08-22 11:38:43
ESE,2025-08-22 11:38:43
AGM-PG,2025-08-22 11:38:43
BAC-PK,2025-08-22 11:38:43
AHT,2025-08-22 11:38:43
HEPS,2025-08-22 11:38:43
UHT,2025-08-22 11:38:43
BFAM,2025-08-22 11:38:43
HRTG,2025-08-22 11:38:43
STM,2025-08-22 11:38:43
CCL,2025-08-22 11:38:43
SOL,2025-08-22 11:38:43
YUM,2025-08-22 11:38:43
UHAL-B,2025-08-22 11:38:43
RMAX,2025-08-22 11:38:43
ASX,2025-08-22 11:38:43
PVH,2025-08-22 11:38:43
RGA,2025-08-22 11:38:43
ASB,2025-08-22 11:38:43
R,2025-08-22 11:38:43
KBDC,2025-08-22 11:38:43
RELX,2025-08-22 11:38:43
SCHW,2025-08-22 11:38:43
GOOS,2025-08-22 11:38:43
LADR,2025-08-22 11:38:43
UI,2025-08-22 11:38:43
SE,2025-08-22 11:38:43
IP,2025-08-22 11:38:43
SBS,2025-08-22 11:38:43
HUN,2025-08-22 11:38:43
MH,2025-08-22 11:38:43
MTH,2025-08-22 11:38:43
CB,2025-08-22 11:38:43
TALO,2025-08-22 11:38:43
ACN,2025-08-22 11:38:43
BBWI,2025-08-22 11:38:43
BORR,2025-08-22 11:38:43
SLGN,2025-08-22 11:38:43
HG,2025-08-22 11:38:43
DAVA,2025-08-22 11:38:43
DRH,2025-08-22 11:38:43
BBDO,2025-08-22 11:38:43
WKC,2025-08-22 11:38:43
AMPY,2025-08-22 11:38:43
CULP,2025-08-22 11:38:43
VST,2025-08-22 11:38:43
ALLE,2025-08-22 11:38:43
DXC,2025-08-22 11:38:43
IRIX,2025-08-22 11:38:43
MHK,2025-08-22 11:38:43
LAZ,2025-08-22 11:38:43
MTZ,2025-08-22 11:38:43
KZR,2025-08-22 11:38:43
VTEX,2025-08-22 11:38:43
WNC,2025-08-22 11:38:43
WAL,2025-08-22 11:38:43
LPX,2025-08-22 11:38:43
GPJA,2025-08-22 11:38:43
FOSL,2025-08-22 11:38:43
AHR,2025-08-22 11:38:43
WMB,2025-08-22 11:38:43
MAS,2025-08-22 11:38:43
HTB,2025-08-22 11:38:43
SMG,2025-08-22 11:38:43
CVNA,2025-08-22 11:38:43
NBHC,2025-08-22 11:38:43
CRON,2025-08-22 11:38:43
RVTY,2025-08-22 11:38:43
IEX,2025-08-22 11:38:43
LDI,2025-08-22 11:38:43
FUL,2025-08-22 11:38:43
AMRC,2025-08-22 11:38:43
WBX,2025-08-22 11:38:43
FTK,2025-08-22 11:38:43
SAND,2025-08-22 11:38:43
MTB-PJ,2025-08-22 11:38:43
SITC,2025-08-22 11:38:43
KOS,2025-08-22 11:38:43
JHG,2025-08-22 11:38:43
ARCO,2025-08-22 11:38:43
ZK,2025-08-22 11:38:43
EQNR,2025-08-22 11:38:43
MBC,2025-08-22 11:38:43
JD,2025-08-22 11:38:43
KMI,2025-08-22 11:38:43
CR,2025-08-22 11:38:43
BZFD,2025-08-22 11:38:43
ADM,2025-08-22 11:38:43
KEYS,2025-08-22 11:38:43
EMA,2025-08-22 11:38:43
ACHR,2025-08-22 11:38:43
BBU,2025-08-22 11:38:43
LION,2025-08-22 11:38:43
CNXN,2025-08-22 11:38:43
PH,2025-08-22 11:38:43
FIG,2025-08-22 11:38:43
HQL,2025-08-22 11:38:43
CCI,2025-08-22 11:38:43
TGE,2025-08-22 11:38:43
CHD,2025-08-22 11:38:43
PJT,2025-08-22 11:38:43
UZF,2025-08-22 11:38:43
UZE,2025-08-22 11:38:43
UZD,2025-08-22 11:38:43
NNI,2025-08-22 11:38:43
VTLE,2025-08-22 11:38:43
ACCO,2025-08-22 11:38:43
WEAV,2025-08-22 11:38:43
LTRN,2025-08-22 11:38:43
LB,2025-08-22 11:38:43
ABEV,2025-08-22 11:38:43
SCCO,2025-08-22 11:38:43
TEVA,2025-08-22 11:38:43
SBSW,2025-08-22 11:38:43
GETY,2025-08-22 11:38:43
KGC,2025-08-22 11:38:43
TEF,2025-08-22 11:38:43
T-PA,2025-08-22 11:38:43
GL-PD,2025-08-22 11:38:43
LYB,2025-08-22 11:38:43
MMI,2025-08-22 11:38:43
PAM,2025-08-22 11:38:43
DG,2025-08-22 11:38:43
RC,2025-08-22 11:38:43
DE,2025-08-22 11:38:43
PHG,2025-08-22 11:38:43
DAN,2025-08-22 11:38:43
TRGP,2025-08-22 11:38:43
AMBQ,2025-08-22 11:38:43
APAM,2025-08-22 11:38:43
USB-PR,2025-08-22 11:38:43
DT,2025-08-22 11:38:43
MEI,2025-08-22 11:38:43
PFLT,2025-08-22 11:38:43
RYAM,2025-08-22 11:38:43
FSS,2025-08-22 11:38:43
LC,2025-08-22 11:38:43
CATO,2025-08-22 11:38:43
SMHI,2025-08-22 11:38:43
CPS,2025-08-22 11:38:43
BC,2025-08-22 11:38:43
PLOW,2025-08-22 11:38:43
AAUC,2025-08-22 11:38:43
BRBR,2025-08-22 11:38:43
UTL,2025-08-22 11:38:43
GIB,2025-08-22 11:38:43
ZKH,2025-08-22 11:38:43
LZB,2025-08-22 11:38:43
LH,2025-08-22 11:38:43
POR,2025-08-22 11:38:43
STLA,2025-08-22 11:38:43
ESTC,2025-08-22 11:38:43
GTLS-PB,2025-08-22 11:38:43
TOST,2025-08-22 11:38:43
MAA,2025-08-22 11:38:43
UNP,2025-08-22 11:38:43
USB-PQ,2025-08-22 11:38:43
PSBD,2025-08-22 11:38:43
STE,2025-08-22 11:38:43
EPC,2025-08-22 11:38:43
DLB,2025-08-22 11:38:43
AGRO,2025-08-22 11:38:43
MT,2025-08-22 11:38:43
MEG,2025-08-22 11:38:43
GGG,2025-08-22 11:38:43
ZIM,2025-08-22 11:38:43
CNC,2025-08-22 11:38:43
VRTS,2025-08-22 11:38:43
AMT,2025-08-22 11:38:43
AIFF,2025-08-22 11:38:43
NPWR,2025-08-22 11:38:43
UGP,2025-08-22 11:38:43
KRNT,2025-08-22 11:38:43
REZI,2025-08-22 11:38:43
G,2025-08-22 11:38:43
MTX,2025-08-22 11:38:43
BSRR,2025-08-22 11:38:43
AMG,2025-08-22 11:38:43
EGP,2025-08-22 11:38:43
KBR,2025-08-22 11:38:43
APLE,2025-08-22 11:38:43
BHP,2025-08-22 11:38:43
CNK,2025-08-22 11:38:43
HII,2025-08-22 11:38:43
RES,2025-08-22 11:38:43
BBW,2025-08-22 11:38:43
HAYW,2025-08-22 11:38:43
ABNB,2025-08-22 11:38:43
ROK,2025-08-22 11:38:43
VRT,2025-08-22 11:38:43
FPH,2025-08-22 11:38:43
CLDT,2025-08-22 11:38:43
MHO,2025-08-22 11:38:43
XPER,2025-08-22 11:38:43
SAH,2025-08-22 11:38:43
RSKD,2025-08-22 11:38:43
FHN,2025-08-22 11:38:43
RNR,2025-08-22 11:38:43
MSGE,2025-08-22 11:38:43
SYK,2025-08-22 11:38:43
CLX,2025-08-22 11:38:43
NI,2025-08-22 11:38:43
LTH,2025-08-22 11:38:43
ZWS,2025-08-22 11:38:43
HGTY,2025-08-22 11:38:43
KVUE,2025-08-22 11:38:43
JMIA,2025-08-22 11:38:43
AQN,2025-08-22 11:38:43
RCUS,2025-08-22 11:38:43
ALV,2025-08-22 11:38:43
USB-PH,2025-08-22 11:38:43
GLAD,2025-08-22 11:38:43
DOUG,2025-08-22 11:38:43
ABG,2025-08-22 11:38:43
SR,2025-08-22 11:38:43
BY,2025-08-22 11:38:43
AVB,2025-08-22 11:38:43
CRD-B,2025-08-22 11:38:43
CDE,2025-08-22 11:38:43
BAC,2025-08-22 11:38:43
MLR,2025-08-22 11:38:43
MET-PF,2025-08-22 11:38:43
TLYS,2025-08-22 11:38:43
SKY,2025-08-22 11:38:43
ATH-PA,2025-08-22 11:38:43
YPF,2025-08-22 11:38:43
IFF,2025-08-22 11:38:43
SPRU,2025-08-22 11:38:43
CLB,2025-08-22 11:38:43
ARI,2025-08-22 11:38:43
CAPL,2025-08-22 11:38:43
GPC,2025-08-22 11:38:43
CHE,2025-08-22 11:38:43
CAT,2025-08-22 11:38:43
IBTA,2025-08-22 11:38:43
ARES,2025-08-22 11:38:43
SNX,2025-08-22 11:38:43
BMY,2025-08-22 11:38:43
BTX,2025-08-22 11:38:43
SCI,2025-08-22 11:38:43
BX,2025-08-22 11:38:43
DOCS,2025-08-22 11:38:43
CBRE,2025-08-22 11:38:43
RLX,2025-08-22 11:38:43
AXR,2025-08-22 11:38:43
YSG,2025-08-22 11:38:43
AFGD,2025-08-22 11:38:43
CNQ,2025-08-22 11:38:43
HLMN,2025-08-22 11:38:43
ANF,2025-08-22 11:38:43
BWA,2025-08-22 11:38:43
FERG,2025-08-22 11:38:43
S,2025-08-22 11:38:43
SLB,2025-08-22 11:38:43
NSC,2025-08-22 11:38:43
ALX,2025-08-22 11:38:43
ALTG,2025-08-22 11:38:43
HASI,2025-08-22 11:38:43
ALE,2025-08-22 11:38:43
BWMX,2025-08-22 11:38:43
LCII,2025-08-22 11:38:43
AMTM,2025-08-22 11:38:43
ETR,2025-08-22 11:38:43
SCL,2025-08-22 11:38:43
BALL,2025-08-22 11:38:43
ACRE,2025-08-22 11:38:43
ARL,2025-08-22 11:38:43
AEM,2025-08-22 11:38:43
BARK,2025-08-22 11:38:43
DOW,2025-08-22 11:38:43
SNOW,2025-08-22 11:38:43
ALL-PJ,2025-08-22 11:38:43
CBT,2025-08-22 11:38:43
EE,2025-08-22 11:38:43
ARR,2025-08-22 11:38:43
CLCO,2025-08-22 11:38:43
ELP,2025-08-22 11:38:43
GPK,2025-08-22 11:38:43
CXW,2025-08-22 11:38:43
SNV-PE,2025-08-22 11:38:43
ACR,2025-08-22 11:38:43
BAC-PB,2025-08-22 11:38:43
BMA,2025-08-22 11:38:43
DRRX,2025-08-22 11:38:43
BSM,2025-08-22 11:38:43
NX,2025-08-22 11:38:43
BAC-PL,2025-08-22 11:38:43
AORT,2025-08-22 11:38:43
HLN,2025-08-22 11:38:43
CNO,2025-08-22 11:38:43
JPM-PC,2025-08-22 11:38:43
DINO,2025-08-22 11:38:43
ECVT,2025-08-22 11:38:43
EXPO,2025-08-22 11:38:43
CNI,2025-08-22 11:38:43
PII,2025-08-22 11:38:43
UVE,2025-08-22 11:38:43
EVR,2025-08-22 11:38:43
UL,2025-08-22 11:38:43
SO,2025-08-22 11:38:43
TDY,2025-08-22 11:38:43
DBRG,2025-08-22 11:38:43
EAF,2025-08-22 11:38:43
HXL,2025-08-22 11:38:43
NRUC,2025-08-22 11:38:43
ELS,2025-08-22 11:38:43
JPM,2025-08-22 11:38:43
BCSF,2025-08-22 11:38:43
LMT,2025-08-22 11:38:43
DD,2025-08-22 11:38:43
CPNG,2025-08-22 11:38:43
LOOP,2025-08-22 11:38:43
CRCL,2025-08-22 11:38:43
AIZN,2025-08-22 11:38:43
EQH-PA,2025-08-22 11:38:43
VEEV,2025-08-22 11:38:43
KSS,2025-08-22 11:38:43
ETD,2025-08-22 11:38:43
PRIM,2025-08-22 11:38:43
CABO,2025-08-22 11:38:43
SMRT,2025-08-22 11:38:43
REXR,2025-08-22 11:38:43
CLF,2025-08-22 11:38:43
GHLD,2025-08-22 11:38:43
AIZ,2025-08-22 11:38:43
CPK,2025-08-22 11:38:43
SYF,2025-08-22 11:38:43
COF-PN,2025-08-22 11:38:43
XIFR,2025-08-22 11:38:43
CLPR,2025-08-22 11:38:43
AGI,2025-08-22 11:38:43
EVC,2025-08-22 11:38:43
TRV,2025-08-22 11:38:43
CCS,2025-08-22 11:38:43
AVD,2025-08-22 11:38:43
DFIN,2025-08-22 11:38:43
AP,2025-08-22 11:38:43
BOX,2025-08-22 11:38:43
BNS,2025-08-22 11:38:43
COLD,2025-08-22 11:38:43
AMWL,2025-08-22 11:38:43
CUK,2025-08-22 11:38:43
EAT,2025-08-22 11:38:43
BCRX,2025-08-22 11:38:43
UFI,2025-08-22 11:38:43
ENIC,2025-08-22 11:38:43
SYF-PA,2025-08-22 11:38:43
PSA-PJ,2025-08-22 11:38:43
APO-PA,2025-08-22 11:38:43
WFC-PL,2025-08-22 11:38:43
ASST,2025-08-22 11:38:43
FAF,2025-08-22 11:38:43
CPT,2025-08-22 11:38:43
OGN,2025-08-22 11:38:43
DHX,2025-08-22 11:38:43
WRB,2025-08-22 11:38:43
EXPD,2025-08-22 11:38:43
EXP,2025-08-22 11:38:43
DVA,2025-08-22 11:38:43
ALC,2025-08-22 11:38:43
ECC,2025-08-22 11:38:43
UNMA,2025-08-22 11:38:43
RM,2025-08-22 11:38:43
TVE,2025-08-22 11:38:43
F,2025-08-22 11:38:43
PSA-PR,2025-08-22 11:38:43
EMN,2025-08-22 11:38:43
CHCT,2025-08-22 11:38:43
EFX,2025-08-22 11:38:43
ANIX,2025-08-22 11:38:43
MAIN,2025-08-22 11:38:43
BLD,2025-08-22 11:38:43
NOTE,2025-08-22 11:38:43
USAC,2025-08-22 11:38:43
PRLB,2025-08-22 11:38:43
DDL,2025-08-22 11:38:43
DKS,2025-08-22 11:38:43
TRC,2025-08-22 11:38:43
WSO,2025-08-22 11:38:43
EQBK,2025-08-22 11:38:43
BBAI,2025-08-22 11:38:43
JPM-PJ,2025-08-22 11:38:43
BYD,2025-08-22 11:38:43
WPM,2025-08-22 11:38:43
WMT,2025-08-22 11:38:43
SGU,2025-08-22 11:38:43
ARW,2025-08-22 11:38:43
OTF,2025-08-22 11:38:43
EBF,2025-08-22 11:38:43
CRVL,2025-08-22 11:38:43
ATS,2025-08-22 11:38:43
KWR,2025-08-22 11:38:43
KORE,2025-08-22 11:38:43
TRP,2025-08-22 11:38:43
KMT,2025-08-22 11:38:43
THG,2025-08-22 11:38:43
GEL,2025-08-22 11:38:43
SPB,2025-08-22 11:38:43
MBI,2025-08-22 11:38:43
TKC,2025-08-22 11:38:43
RKT,2025-08-22 11:38:43
KRP,2025-08-22 11:38:43
GMED,2025-08-22 11:38:43
RRC,2025-08-22 11:38:43
ATH-PD,2025-08-22 11:38:43
TNK,2025-08-22 11:38:43
KMPR,2025-08-22 11:38:43
GFR,2025-08-22 11:38:43
GCI,2025-08-22 11:38:43
MFA,2025-08-22 11:38:43
LXU,2025-08-22 11:38:43
RBLX,2025-08-22 11:38:43
MCY,2025-08-22 11:38:43
MGRD,2025-08-22 11:38:43
ASAN,2025-08-22 11:38:43
RZC,2025-08-22 11:38:43
ROL,2025-08-22 11:38:43
AZZ,2025-08-22 11:38:43
LOMA,2025-08-22 11:38:43
SAN,2025-08-22 11:38:43
RY,2025-08-22 11:38:43
RAMP,2025-08-22 11:38:43
RERE,2025-08-22 11:38:43
MCO,2025-08-22 11:38:43
MGA,2025-08-22 11:38:43
TFIN,2025-08-22 11:38:43
MLM,2025-08-22 11:38:43
SEMR,2025-08-22 11:38:43
SUN,2025-08-22 11:38:43
SII,2025-08-22 11:38:43
KLC,2025-08-22 11:38:43
QTWO,2025-08-22 11:38:43
PLD,2025-08-22 11:38:43
KOP,2025-08-22 11:38:43
WTI,2025-08-22 11:38:43
TROX,2025-08-22 11:38:43
KUKE,2025-08-22 11:38:43
PNR,2025-08-22 11:38:43
IHG,2025-08-22 11:38:43
PM,2025-08-22 11:38:43
CNR,2025-08-22 11:38:43
KFRC,2025-08-22 11:38:43
EVTC,2025-08-22 11:38:43
FUN,2025-08-22 11:38:43
EQT,2025-08-22 11:38:43
SPIR,2025-08-22 11:38:43
CLVT,2025-08-22 11:38:43
GRBK,2025-08-22 11:38:43
GAP,2025-08-22 11:38:43
MKL,2025-08-22 11:38:43
WELL,2025-08-22 11:38:43
IVT,2025-08-22 11:38:43
JBS,2025-08-22 11:38:43
MUR,2025-08-22 11:38:43
VSTS,2025-08-22 11:38:43
VHI,2025-08-22 11:38:43
ALL-PH,2025-08-22 11:38:43
TWI,2025-08-22 11:38:43
EPAM,2025-08-22 11:38:43
IVR,2025-08-22 11:38:43
HMY,2025-08-22 11:38:43
BJ,2025-08-22 11:38:43
TSQ,2025-08-22 11:38:43
UCB,2025-08-22 11:38:43
KW,2025-08-22 11:38:43
ZTO,2025-08-22 11:38:43
PNNT,2025-08-22 11:38:43
RNR-PG,2025-08-22 11:38:43
PLNT,2025-08-22 11:38:43
SEI,2025-08-22 11:38:43
PWR,2025-08-22 11:38:43
GAM,2025-08-22 11:38:43
TWLO,2025-08-22 11:38:43
OMI,2025-08-22 11:38:43
NU,2025-08-22 11:38:43
EFXT,2025-08-22 11:38:43
ICE,2025-08-22 11:38:43
TGS,2025-08-22 11:38:43
FMS,2025-08-22 11:38:43
SB,2025-08-22 11:38:43
OKLO,2025-08-22 11:38:43
MPV,2025-08-22 11:38:43
JBGS,2025-08-22 11:38:43
V,2025-08-22 11:38:43
KFS,2025-08-22 11:38:43
MLI,2025-08-22 11:38:43
LULU,2025-08-22 11:38:43
TAK,2025-08-22 11:38:43
FCPT,2025-08-22 11:38:43
RCL,2025-08-22 11:38:43
PRO,2025-08-22 11:38:43
HWM,2025-08-22 11:38:43
ONTO,2025-08-22 11:38:43
ASIX,2025-08-22 11:38:43
CF,2025-08-22 11:38:43
TFC,2025-08-22 11:38:43
KMX,2025-08-22 11:38:43
NMG,2025-08-22 11:38:43
ALSN,2025-08-22 11:38:43
CDRE,2025-08-22 11:38:43
MET-PE,2025-08-22 11:38:43
KRG,2025-08-22 11:38:43
TDG,2025-08-22 11:38:43
ITW,2025-08-22 11:38:43
HOG,2025-08-22 11:38:43
KNSL,2025-08-22 11:38:43
DELL,2025-08-22 11:38:43
VICI,2025-08-22 11:38:43
BEP,2025-08-22 11:38:43
UA,2025-08-22 11:38:43
JEF,2025-08-22 11:38:43
SCM,2025-08-22 11:38:43
INSP,2025-08-22 11:38:43
K,2025-08-22 11:38:43
BCE,2025-08-22 11:38:43
NSP,2025-08-22 11:38:43
WOLF,2025-08-22 11:38:43
H,2025-08-22 11:38:43
PRS,2025-08-22 11:38:43
HLIO,2025-08-22 11:38:43
MGRT,2025-08-22 11:38:43
INR,2025-08-22 11:38:43
CPF,2025-08-22 11:38:43
RXO,2025-08-22 11:38:43
BRX,2025-08-22 11:38:43
VG,2025-08-22 11:38:43
BVN,2025-08-22 11:38:43
JELD,2025-08-22 11:38:43
RCI,2025-08-22 11:38:43
GFI,2025-08-22 11:38:43
AA,2025-08-22 11:38:43
YUMC,2025-08-22 11:38:43
NLY-PF,2025-08-22 11:38:43
SU,2025-08-22 11:38:43
SGI,2025-08-22 11:38:43
NLY,2025-08-22 11:38:43
MSIF,2025-08-22 11:38:43
ECCU,2025-08-22 11:38:43
CGAU,2025-08-22 11:38:43
WTRG,2025-08-22 11:38:43
SAFE,2025-08-22 11:38:43
VOYA,2025-08-22 11:38:43
KWM,2025-08-22 11:38:43
IQV,2025-08-22 11:38:43
IDA,2025-08-22 11:38:43
BH-A,2025-08-22 11:38:43
WBS,2025-08-22 11:38:43
VOYA-PB,2025-08-22 11:38:43
AGX,2025-08-22 11:38:43
TSN,2025-08-22 11:38:43
IGIC,2025-08-22 11:38:43
HBB,2025-08-22 11:38:43
EXR,2025-08-22 11:38:43
SBSI,2025-08-22 11:38:43
PRA,2025-08-22 11:38:43
ATUS,2025-08-22 11:38:43
WWW,2025-08-22 11:38:43
VVX,2025-08-22 11:38:43
WBS-PF,2025-08-22 11:38:43
ABM,2025-08-22 11:38:43
VIST,2025-08-22 11:38:43
CNS,2025-08-22 11:38:43
JXN,2025-08-22 11:38:43
BODI,2025-08-22 11:38:43
TYL,2025-08-22 11:38:43
XHR,2025-08-22 11:38:43
MNTN,2025-08-22 11:38:43
PINS,2025-08-22 11:38:43
AMBP,2025-08-22 11:38:43
XPRO,2025-08-22 11:38:43
TME,2025-08-22 11:38:43
KEN,2025-08-22 11:38:43
GCTS,2025-08-22 11:38:43
LXFR,2025-08-22 11:38:43
ATR,2025-08-22 11:38:43
WK,2025-08-22 11:38:43
VALE,2025-08-22 11:38:43
HSHP,2025-08-22 11:38:43
GE,2025-08-22 11:38:43
GTY,2025-08-22 11:38:43
GLP,2025-08-22 11:38:43
JPM-PM,2025-08-22 11:38:43
GXO,2025-08-22 11:38:43
VTS,2025-08-22 11:38:43
HZO,2025-08-22 11:38:43
JLL,2025-08-22 11:38:43
WOR,2025-08-22 11:38:43
HY,2025-08-22 11:38:43
TDOC,2025-08-22 11:38:43
PAAS,2025-08-22 11:38:43
WCC,2025-08-22 11:38:43
FOA,2025-08-22 11:38:43
HP,2025-08-22 11:38:43
TM,2025-08-22 11:38:43
FOR,2025-08-22 11:38:43
O,2025-08-22 11:38:43
AMH-PH,2025-08-22 11:38:43
HE,2025-08-22 11:38:43
AER,2025-08-22 11:38:43
CTVA,2025-08-22 11:38:43
RSG,2025-08-22 11:38:43
CNTB,2025-08-22 11:38:43
ORN,2025-08-22 11:38:43
CMS,2025-08-22 11:38:43
ARLO,2025-08-22 11:38:43
ZBH,2025-08-22 11:38:43
ASIC,2025-08-22 11:38:43
LII,2025-08-22 11:38:43
PD,2025-08-22 11:38:43
FN,2025-08-22 11:38:43
ACA,2025-08-22 11:38:43
MLP,2025-08-22 11:38:43
DOV,2025-08-22 11:38:43
BA,2025-08-22 11:38:43
AAMI,2025-08-22 11:38:43
WOW,2025-08-22 11:38:43
GKOS,2025-08-22 11:38:43
CSAN,2025-08-22 11:38:43
DKL,2025-08-22 11:38:43
BAM,2025-08-22 11:38:43
GCO,2025-08-22 11:38:43
CCK,2025-08-22 11:38:43
GEF-B,2025-08-22 11:38:43
CCM,2025-08-22 11:38:43
KKR,2025-08-22 11:38:43
ADT,2025-08-22 11:38:43
NOG,2025-08-22 11:38:43
AQNB,2025-08-22 11:38:43
CBZ,2025-08-22 11:38:43
ECO,2025-08-22 11:38:43
BOH,2025-08-22 11:38:43
IR,2025-08-22 11:38:43
FR,2025-08-22 11:38:43
CPAC,2025-08-22 11:38:43
RPM,2025-08-22 11:38:43
BAC-PQ,2025-08-22 11:38:43
AMPX,2025-08-22 11:38:43
ORCL,2025-08-22 11:38:43
MGPI,2025-08-22 11:38:43
SOR,2025-08-22 11:38:43
SARO,2025-08-22 11:38:43
CAL,2025-08-22 11:38:43
MDV,2025-08-22 11:38:43
RFL,2025-08-22 11:38:43
MPX,2025-08-22 11:38:43
ALAB,2025-08-22 11:38:43
NWN,2025-08-22 11:38:43
AXTA,2025-08-22 11:38:43
DUKB,2025-08-22 11:38:43
NVGS,2025-08-22 11:38:43
DGX,2025-08-22 11:38:43
VET,2025-08-22 11:38:43
MTB-PH,2025-08-22 11:38:43
SMP,2025-08-22 11:38:43
SCHW-PD,2025-08-22 11:38:43
ASPI,2025-08-22 11:38:43
MGRB,2025-08-22 11:38:43
ASH,2025-08-22 11:38:43
MED,2025-08-22 11:38:43
TSE,2025-08-22 11:38:43
LFT,2025-08-22 11:38:43
CNX,2025-08-22 11:38:43
MSGS,2025-08-22 11:38:43
RTO,2025-08-22 11:38:43
FTS,2025-08-22 11:38:43
SOBO,2025-08-22 11:38:43
BILL,2025-08-22 11:38:43
SOJC,2025-08-22 11:38:43
PRU,2025-08-22 11:38:43
CAG,2025-08-22 11:38:43
TYG,2025-08-22 11:38:43
JILL,2025-08-22 11:38:43
SLQT,2025-08-22 11:38:43
CADE,2025-08-22 11:38:43
SOC,2025-08-22 11:38:43
MPLX,2025-08-22 11:38:43
BSBR,2025-08-22 11:38:43
DBRG-PJ,2025-08-22 11:38:43
CION,2025-08-22 11:38:43
SGHC,2025-08-22 11:38:43
GTLB,2025-08-22 11:38:43
GPMT,2025-08-22 11:38:43
ATKR,2025-08-22 11:38:43
LNG,2025-08-22 11:38:43
AMR,2025-08-22 11:38:43
CDLR,2025-08-22 11:38:43
EXK,2025-08-22 11:38:43
NRG,2025-08-22 11:38:43
KTB,2025-08-22 11:38:43
DUK-PA,2025-08-22 11:38:43
JSPR,2025-08-22 11:38:43
PSA-PP,2025-08-22 11:38:43
TPL,2025-08-22 11:38:43
ISRG,2025-08-22 11:38:43
PAYC,2025-08-22 11:38:43
CYD,2025-08-22 11:38:43
JBI,2025-08-22 11:38:43
SPCE,2025-08-22 11:38:43
SLG,2025-08-22 11:38:43
HIW,2025-08-22 11:38:43
NXDR,2025-08-22 11:38:43
AVNS,2025-08-22 11:38:43
ORI,2025-08-22 11:38:43
OIS,2025-08-22 11:38:43
UGI,2025-08-22 11:38:43
GWH,2025-08-22 11:38:43
FI,2025-08-22 11:38:43
KEY-PK,2025-08-22 11:38:43
MA,2025-08-22 11:38:43
PAY,2025-08-22 11:38:43
PHI,2025-08-22 11:38:43
GOTU,2025-08-22 11:38:43
VLO,2025-08-22 11:38:43
VLN,2025-08-22 11:38:43
PBF,2025-08-22 11:38:43
EICB,2025-08-22 11:38:43
EB,2025-08-22 11:38:43
RVLV,2025-08-22 11:38:43
MCS,2025-08-22 11:38:43
HCA,2025-08-22 11:38:43
SNAP,2025-08-22 11:38:43
NEE-PN,2025-08-22 11:38:43
ONIT,2025-08-22 11:38:43
LNC,2025-08-22 11:38:43
JBL,2025-08-22 11:38:43
TK,2025-08-22 11:38:43
BGC,2025-08-22 11:38:43
BURL,2025-08-22 11:38:43
ONL,2025-08-22 11:38:43
OXY,2025-08-22 11:38:43
BFRG,2025-08-22 11:38:43
UMC,2025-08-22 11:38:43
TXO,2025-08-22 11:38:43
DTIL,2025-08-22 11:38:43
DLX,2025-08-22 11:38:43
TDC,2025-08-22 11:38:43
AIG,2025-08-22 11:38:43
CI,2025-08-22 11:38:43
MUFG,2025-08-22 11:38:43
AMTB,2025-08-22 11:38:43
MS-PL,2025-08-22 11:38:43
TXNM,2025-08-22 11:38:43
DTB,2025-08-22 11:38:43
AOS,2025-08-22 11:38:43
AMRZ,2025-08-22 11:38:43
CBL,2025-08-22 11:38:43
LEO,2025-08-22 11:38:43
SIG,2025-08-22 11:38:43
MUX,2025-08-22 11:38:43
MS-PF,2025-08-22 11:38:43
BR,2025-08-22 11:38:43
NOA,2025-08-22 11:38:43
CHH,2025-08-22 11:38:43
IAG,2025-08-22 11:38:43
SSTK,2025-08-22 11:38:43
INSW,2025-08-22 11:38:43
AIV,2025-08-22 11:38:43
OSCR,2025-08-22 11:38:43
ABR,2025-08-22 11:38:43
BB,2025-08-22 11:38:43
NOAH,2025-08-22 11:38:43
HIG-PG,2025-08-22 11:38:43
VNO,2025-08-22 11:38:43
CRK,2025-08-22 11:38:43
RPT,2025-08-22 11:38:43
BFS,2025-08-22 11:38:43
BTE,2025-08-22 11:38:43
RNGR,2025-08-22 11:38:43
MS-PO,2025-08-22 11:38:43
AON,2025-08-22 11:38:43
SEG,2025-08-22 11:38:43
CRL,2025-08-22 11:38:43
TR,2025-08-22 11:38:43
SNDA,2025-08-22 11:38:43
CG,2025-08-22 11:38:43
SPMC,2025-08-22 11:38:43
PERF,2025-08-22 11:38:43
BABA,2025-08-22 11:38:43
BW,2025-08-22 11:38:43
NXE,2025-08-22 11:38:43
NREF,2025-08-22 11:38:43
MTUS,2025-08-22 11:38:43
LMNR,2025-08-22 11:38:43
FSM,2025-08-22 11:38:43
LPG,2025-08-22 11:38:43
PAG,2025-08-22 11:38:43
BAH,2025-08-22 11:38:43
HOUS,2025-08-22 11:38:43
USB,2025-08-22 11:38:43
GIC,2025-08-22 11:38:43
CMSC,2025-08-22 11:38:43
ASC,2025-08-22 11:38:43
CHGG,2025-08-22 11:38:43
TPC,2025-08-22 11:38:43
AU,2025-08-22 11:38:43
CNM,2025-08-22 11:38:43
AFGB,2025-08-22 11:38:43
TPB,2025-08-22 11:38:43
DHI,2025-08-22 11:38:43
CX,2025-08-22 11:38:43
BZ,2025-08-22 11:38:43
AUB,2025-08-22 11:38:43
DOCN,2025-08-22 11:38:43
DOC,2025-08-22 11:38:43
COF-PI,2025-08-22 11:38:43
AKR,2025-08-22 11:38:43
CNMD,2025-08-22 11:38:43
SDHC,2025-08-22 11:38:43
CCRD,2025-08-22 11:38:43
CVLG,2025-08-22 11:38:43
AS,2025-08-22 11:38:43
NJR,2025-08-22 11:38:43
BEKE,2025-08-22 11:38:43
BML-PL,2025-08-22 11:38:43
ESS,2025-08-22 11:38:43
APD,2025-08-22 11:38:43
WMS,2025-08-22 11:38:43
TKR,2025-08-22 11:38:43
PSFE,2025-08-22 11:38:43
NEUE,2025-08-22 11:38:43
ANVS,2025-08-22 11:38:43
BAK,2025-08-22 11:38:43
CMS-PC,2025-08-22 11:38:43
AUNA,2025-08-22 11:38:43
PCOR,2025-08-22 11:38:43
ATGE,2025-08-22 11:38:43
BIPC,2025-08-22 11:38:43
CACI,2025-08-22 11:38:43
URI,2025-08-22 11:38:43
BRSP,2025-08-22 11:38:43
BALY,2025-08-22 11:38:43
BTU,2025-08-22 11:38:43
BANC,2025-08-22 11:38:43
DAO,2025-08-22 11:38:43
CLH,2025-08-22 11:38:43
TE,2025-08-22 11:38:43
CMCM,2025-08-22 11:38:43
CROX,2025-08-22 11:38:43
CTOS,2025-08-22 11:38:43
DTW,2025-08-22 11:38:43
CRBG,2025-08-22 11:38:43
SKYH,2025-08-22 11:38:43
FBK,2025-08-22 11:38:43
BRCC,2025-08-22 11:38:43
AFL,2025-08-22 11:38:43
CCU,2025-08-22 11:38:43
CWK,2025-08-22 11:38:43
DAL,2025-08-22 11:38:43
CMA,2025-08-22 11:38:43
CUBI,2025-08-22 11:38:43
KREF,2025-08-22 11:38:43
AMH,2025-08-22 11:38:43
PRM,2025-08-22 11:38:43
CRC,2025-08-22 11:38:43
CYRX,2025-08-22 11:38:43
F-PC,2025-08-22 11:38:43
CAKE,2025-08-22 11:38:43
CRD-A,2025-08-22 11:38:43
T,2025-08-22 11:38:43
SID,2025-08-22 11:38:43
RNG,2025-08-22 11:38:43
CM,2025-08-22 11:38:43
BCH,2025-08-22 11:38:43
BOW,2025-08-22 11:38:43
ZGN,2025-08-22 11:38:43
BG,2025-08-22 11:38:43
CPAY,2025-08-22 11:38:43
CAR,2025-08-22 11:38:43
ECG,2025-08-22 11:38:43
EPD,2025-08-22 11:38:43
WAT,2025-08-22 11:38:43
CIEN,2025-08-22 11:38:43
CIO,2025-08-22 11:38:43
GPI,2025-08-22 11:38:43
FCF,2025-08-22 11:38:43
AI,2025-08-22 11:38:43
ENVA,2025-08-22 11:38:43
UWMC,2025-08-22 11:38:43
CWEN,2025-08-22 11:38:43
FBIN,2025-08-22 11:38:43
CTDD,2025-08-22 11:38:43
CWEN-A,2025-08-22 11:38:43
OII,2025-08-22 11:38:43
EW,2025-08-22 11:38:43
FG,2025-08-22 11:38:43
BLND,2025-08-22 11:38:43
EDU,2025-08-22 11:38:43
COR,2025-08-22 11:38:43
BRSL,2025-08-22 11:38:43
ASR,2025-08-22 11:38:43
NPO,2025-08-22 11:38:43
ZEPP,2025-08-22 11:38:43
EG,2025-08-22 11:38:43
SRFM,2025-08-22 11:38:43
AII,2025-08-22 11:38:43
FFWM,2025-08-22 11:38:43
ES,2025-08-22 11:38:43
DLR-PL,2025-08-22 11:38:43
DDD,2025-08-22 11:38:43
BK,2025-08-22 11:38:43
WH,2025-08-22 11:38:43
SF,2025-08-22 11:38:43
OMC,2025-08-22 11:38:43
NVS,2025-08-22 11:38:43
ORA,2025-08-22 11:38:43
SHAK,2025-08-22 11:38:43
EME,2025-08-22 11:38:43
DNOW,2025-08-22 11:38:43
NXP,2025-08-22 11:38:43
ST,2025-08-22 11:38:43
TIMB,2025-08-22 11:38:43
LMND,2025-08-22 11:38:43
EQH,2025-08-22 11:38:43
IBN,2025-08-22 11:38:43
SDRL,2025-08-22 11:38:43
PAR,2025-08-22 11:38:43
ORC,2025-08-22 11:38:43
KN,2025-08-22 11:38:43
MPC,2025-08-22 11:38:43
LUCK,2025-08-22 11:38:43
CHMI,2025-08-22 11:38:43
MKC,2025-08-22 11:38:43
FMC,2025-08-22 11:38:43
CMDB,2025-08-22 11:38:43
B,2025-08-22 11:38:43
SAP,2025-08-22 11:38:43
MTD,2025-08-22 11:38:43
FLG,2025-08-22 11:38:43
SF-PC,2025-08-22 11:38:43
XYF,2025-08-22 11:38:43
SPR,2025-08-22 11:38:43
OAK-PB,2025-08-22 11:38:43
BOOT,2025-08-22 11:38:43
ETN,2025-08-22 11:38:43
SVV,2025-08-22 11:38:43
SPHR,2025-08-22 11:38:43
FIHL,2025-08-22 11:38:43
IOT,2025-08-22 11:38:43
CSTM,2025-08-22 11:38:43
HNI,2025-08-22 11:38:43
UP,2025-08-22 11:38:43
NC,2025-08-22 11:38:43
SRI,2025-08-22 11:38:43
PSX,2025-08-22 11:38:43
HI,2025-08-22 11:38:43
TFPM,2025-08-22 11:38:43
BP,2025-08-22 11:38:43
WU,2025-08-22 11:38:43
JCI,2025-08-22 11:38:43
JBTM,2025-08-22 11:38:43
NCLH,2025-08-22 11:38:43
ARAI,2025-08-22 11:38:43
FLO,2025-08-22 11:38:43
OWL,2025-08-22 11:38:43
GVA,2025-08-22 11:38:43
KNF,2025-08-22 11:38:43
IVZ,2025-08-22 11:38:43
WD,2025-08-22 11:38:43
MRC,2025-08-22 11:38:43
NUE,2025-08-22 11:38:43
WRBY,2025-08-22 11:38:43
ICL,2025-08-22 11:38:43
MCK,2025-08-22 11:38:43
UTI,2025-08-22 11:38:43
ODV,2025-08-22 11:38:43
FRT,2025-08-22 11:38:43
UHAL,2025-08-22 11:38:43
PPL,2025-08-22 11:38:43
HLT,2025-08-22 11:38:43
GBCI,2025-08-22 11:38:43
TAL,2025-08-22 11:38:43
FHN-PF,2025-08-22 11:38:43
SMFG,2025-08-22 11:38:43
XPOF,2025-08-22 11:38:43
WES,2025-08-22 11:38:43
MMC,2025-08-22 11:38:43
GBX,2025-08-22 11:38:43
FLUT,2025-08-22 11:38:43
RHI,2025-08-22 11:38:43
RNR-PF,2025-08-22 11:38:43
WIT,2025-08-22 11:38:43
GDOT,2025-08-22 11:38:43
ZTS,2025-08-22 11:38:43
KBH,2025-08-22 11:38:43
STAG,2025-08-22 11:38:43
NTR,2025-08-22 11:38:43
HSBC,2025-08-22 11:38:43
MOS,2025-08-22 11:38:43
SRL,2025-08-22 11:38:43
HPP-PC,2025-08-22 11:38:43
MD,2025-08-22 11:38:43
GOOD,2025-08-22 11:38:43
VTR,2025-08-22 11:38:43
MS-PI,2025-08-22 11:38:43
SPOT,2025-08-22 11:38:43
TREX,2025-08-22 11:38:43
VPG,2025-08-22 11:38:43
MUSA,2025-08-22 11:38:43
WGO,2025-08-22 11:38:43
LLY,2025-08-22 11:38:43
SUI,2025-08-22 11:38:43
TNET,2025-08-22 11:38:43
TS,2025-08-22 11:38:43
RAL,2025-08-22 11:38:43
ANRO,2025-08-22 11:38:43
LZM,2025-08-22 11:38:43
LEN-B,2025-08-22 11:38:43
YEXT,2025-08-22 11:38:43
WNS,2025-08-22 11:38:43
THO,2025-08-22 11:38:43
UTZ,2025-08-22 11:38:43
RLI,2025-08-22 11:38:43
MLNK,2025-08-22 11:38:43
RLJ,2025-08-22 11:38:43
HUYA,2025-08-22 11:38:43
SITE,2025-08-22 11:38:43
BNL,2025-08-22 11:38:43
RBRK,2025-08-22 11:38:43
YMM,2025-08-22 11:38:43
MHNC,2025-08-22 11:38:43
BEPC,2025-08-22 11:38:43
TFII,2025-08-22 11:38:43
USNA,2025-08-22 11:38:43
GMRE,2025-08-22 11:38:43
VIV,2025-08-22 11:38:43
HESM,2025-08-22 11:38:43
RMD,2025-08-22 11:38:43
HNGE,2025-08-22 11:38:43
TFC-PO,2025-08-22 11:38:43
THR,2025-08-22 11:38:43
TPVG,2025-08-22 11:38:43
LEA,2025-08-22 11:38:43
LEN,2025-08-22 11:38:43
SKIL,2025-08-22 11:38:43
MS-PK,2025-08-22 11:38:43
BYON,2025-08-22 11:38:43
GGB,2025-08-22 11:38:43
ADC,2025-08-22 11:38:43
CHPT,2025-08-22 11:38:43
RGR,2025-08-22 11:38:43
GENI,2025-08-22 11:38:43
MAX,2025-08-22 11:38:43
HBM,2025-08-22 11:38:43
GTES,2025-08-22 11:38:43
PUMP,2025-08-22 11:38:43
PSA-PL,2025-08-22 11:38:43
KAI,2025-08-22 11:38:43
CTO,2025-08-22 11:38:43
BHE,2025-08-22 11:38:43
UHS,2025-08-22 11:38:43
GIS,2025-08-22 11:38:43
HOMB,2025-08-22 11:38:43
COP,2025-08-22 11:38:43
BFH,2025-08-22 11:38:43
MOH,2025-08-22 11:38:43
LRMR,2025-08-22 11:38:43
KAR,2025-08-22 11:38:43
LPL,2025-08-22 11:38:43
INGR,2025-08-22 11:38:43
LRN,2025-08-22 11:38:43
PSA-PI,2025-08-22 11:38:43
GS-PD,2025-08-22 11:38:43
CFG-PH,2025-08-22 11:38:43
HCI,2025-08-22 11:38:43
IPG,2025-08-22 11:38:43
DLR,2025-08-22 11:38:43
PSN,2025-08-22 11:38:43
JHX,2025-08-22 11:38:43
IRTC,2025-08-22 11:38:43
BHR,2025-08-22 11:38:43
GSL,2025-08-22 11:38:43
JXN-PA,2025-08-22 11:38:43
PRSU,2025-08-22 11:38:43
PSA-PH,2025-08-22 11:38:43
JOE,2025-08-22 11:38:43
T-PC,2025-08-22 11:38:43
AWR,2025-08-22 11:38:43
GRNT,2025-08-22 11:38:43
HL,2025-08-22 11:38:43
CXT,2025-08-22 11:38:43
PR,2025-08-22 11:38:43
FNV,2025-08-22 11:38:43
MMM,2025-08-22 11:38:43
HUBS,2025-08-22 11:38:43
PSTL,2025-08-22 11:38:43
GNL-PA,2025-08-22 11:38:43
PSQH,2025-08-22 11:38:43
HRL,2025-08-22 11:38:43
AYI,2025-08-22 11:38:43
COUR,2025-08-22 11:38:43
SMR,2025-08-22 11:38:43
SWK,2025-08-22 11:38:43
REX,2025-08-22 11:38:43
KEQU,2025-08-22 11:38:43
MCD,2025-08-22 11:38:43
MDCX,2025-08-22 11:38:43
WST,2025-08-22 11:38:43
ALK,2025-08-22 11:38:43
HEI-A,2025-08-22 11:38:43
UBS,2025-08-22 11:38:43
TRAK,2025-08-22 11:38:43
DX,2025-08-22 11:38:43
PHIN,2025-08-22 11:38:43
SLF,2025-08-22 11:38:43
REVG,2025-08-22 11:38:43
TNC,2025-08-22 11:38:43
TBI,2025-08-22 11:38:43
BTCS,2025-08-22 11:38:43
BUR,2025-08-22 11:38:43
HKD,2025-08-22 11:38:43
PGR,2025-08-22 11:38:43
ARE,2025-08-22 11:38:43
WLKP,2025-08-22 11:38:43
ZVIA,2025-08-22 11:38:43
AZO,2025-08-22 11:38:43
BSX,2025-08-22 11:38:43
ING,2025-08-22 11:38:43
TDW,2025-08-22 11:38:43
SOLV,2025-08-22 11:38:43
EBS,2025-08-22 11:38:43
NEM,2025-08-22 11:38:43
RS,2025-08-22 11:38:43
WFG,2025-08-22 11:38:43
AD,2025-08-22 11:38:43
NIO,2025-08-22 11:38:43
FVCB,2025-08-22 11:38:43
NVO,2025-08-22 11:38:43
MAN,2025-08-22 11:38:43
TEN,2025-08-22 11:38:43
RBC,2025-08-22 11:38:43
BKSY,2025-08-22 11:38:43
CBNA,2025-08-22 11:38:43
IONQ,2025-08-22 11:38:43
PINE,2025-08-22 11:38:43
LUMN,2025-08-22 11:38:43
BMI,2025-08-22 11:38:43
WFC,2025-08-22 11:38:43
NLOP,2025-08-22 11:38:43
SMBK,2025-08-22 11:38:43
RDN,2025-08-22 11:38:43
NOK,2025-08-22 11:38:43
OGE,2025-08-22 11:38:43
ENOV,2025-08-22 11:38:43
HAL,2025-08-22 11:38:43
AHL,2025-08-22 11:38:43
NATL,2025-08-22 11:38:43
STC,2025-08-22 11:38:43
CP,2025-08-22 11:38:43
AEE,2025-08-22 11:38:43
MATX,2025-08-22 11:38:43
MPW,2025-08-22 11:38:43
HBI,2025-08-22 11:38:43
IFS,2025-08-22 11:38:43
BAP,2025-08-22 11:38:43
MOD,2025-08-22 11:38:43
UE,2025-08-22 11:38:43
DVN,2025-08-22 11:38:43
BIRK,2025-08-22 11:38:43
DTE,2025-08-22 11:38:43
INVX,2025-08-22 11:38:43
RDW,2025-08-22 11:38:43
IPI,2025-08-22 11:38:43
BWXT,2025-08-22 11:38:43
SJM,2025-08-22 11:38:43
NBR,2025-08-22 11:38:43
NL,2025-08-22 11:38:43
IH,2025-08-22 11:38:43
MITT,2025-08-22 11:38:43
GPN,2025-08-22 11:38:43
OWLT,2025-08-22 11:38:43
GTLS,2025-08-22 11:38:43
EMR,2025-08-22 11:38:43
E,2025-08-22 11:38:43
UDR,2025-08-22 11:38:43
AXS,2025-08-22 11:38:43
GLOB,2025-08-22 11:38:43
GPOR,2025-08-22 11:38:43
MTAL,2025-08-22 11:38:43
HQH,2025-08-22 11:38:43
ARDT,2025-08-22 11:38:43
BANC-PF,2025-08-22 11:38:43
MSA,2025-08-22 11:38:43
GS,2025-08-22 11:38:43
NPK,2025-08-22 11:38:43
ALIT,2025-08-22 11:38:43
AACT,2025-08-22 11:38:43
MNSO,2025-08-22 11:38:43
SON,2025-08-22 11:38:43
ALRS,2025-08-22 11:38:43
CAE,2025-08-22 11:38:43
OFG,2025-08-22 11:38:43
RDDT,2025-08-22 11:38:43
OTIS,2025-08-22 11:38:43
CHT,2025-08-22 11:38:43
CDP,2025-08-22 11:38:43
SMWB,2025-08-22 11:38:43
CWT,2025-08-22 11:38:43
BEPI,2025-08-22 11:38:43
L,2025-08-22 11:38:43
APH,2025-08-22 11:38:43
VATE,2025-08-22 11:38:43
ENB,2025-08-22 11:38:43
U,2025-08-22 11:38:43
SEM,2025-08-22 11:38:43
PSA-PO,2025-08-22 11:38:43
EDN,2025-08-22 11:38:43
JNJ,2025-08-22 11:38:43
SPG-PJ,2025-08-22 11:38:43
NHI,2025-08-22 11:38:43
USB-PP,2025-08-22 11:38:43
GRMN,2025-08-22 11:38:43
TTC,2025-08-22 11:38:43
ITT,2025-08-22 11:38:43
EVEX,2025-08-22 11:38:43
TAC,2025-08-22 11:38:43
STT-PG,2025-08-22 11:38:43
FIX,2025-08-22 11:38:43
NGVC,2025-08-22 11:38:43
ESI,2025-08-22 11:38:43
WSM,2025-08-22 11:38:43
HDB,2025-08-22 11:38:43
QGEN,2025-08-22 11:38:43
CEPU,2025-08-22 11:38:43
UMH,2025-08-22 11:38:43
ITUB,2025-08-22 11:38:43
PRI,2025-08-22 11:38:43
POST,2025-08-22 11:38:43
DSX,2025-08-22 11:38:43
INTG,2025-08-22 11:38:43
BLX,2025-08-22 11:38:43
EOG,2025-08-22 11:38:43
RWT,2025-08-22 11:38:43
COTY,2025-08-22 11:38:43
NEXA,2025-08-22 11:38:43
BRDG,2025-08-22 11:38:43
ADNT,2025-08-22 11:38:43
EYPT,2025-08-22 11:38:43
PDS,2025-08-22 11:38:43
PEB,2025-08-22 11:38:43
TDS-PV,2025-08-22 11:38:43
OPAD,2025-08-22 11:38:43
DTM,2025-08-22 11:38:43
VSCO,2025-08-22 11:38:43
ERO,2025-08-22 11:38:43
PL,2025-08-22 11:38:43
BKU,2025-08-22 11:38:43
TAP,2025-08-22 11:38:43
SNV,2025-08-22 11:38:43
NGG,2025-08-22 11:38:43
MCI,2025-08-22 11:38:43
SXC,2025-08-22 11:38:43
BBD,2025-08-22 11:38:43
STVN,2025-08-22 11:38:43
XYL,2025-08-22 11:38:43
DUK,2025-08-22 11:38:43
NUVB,2025-08-22 11:38:43
EIG,2025-08-22 11:38:43
AGO,2025-08-22 11:38:43
DCI,2025-08-22 11:38:43
KEY-PL,2025-08-22 11:38:43
CPRI,2025-08-22 11:38:43
ASPN,2025-08-22 11:38:43
SI,2025-08-22 11:38:43
VFC,2025-08-22 11:38:43
CSR,2025-08-22 11:38:43
AVY,2025-08-22 11:38:43
HSY,2025-08-22 11:38:43
TTAM,2025-08-22 11:38:43
SCHW-PJ,2025-08-22 11:38:43
SQNS,2025-08-22 11:38:43
KFY,2025-08-22 11:38:43
WAL-PA,2025-08-22 11:38:43
AWK,2025-08-22 11:38:43
ACVA,2025-08-22 11:38:43
BV,2025-08-22 11:38:43
PKX,2025-08-22 11:38:43
TT,2025-08-22 11:38:43
SNA,2025-08-22 11:38:43
NAT,2025-08-22 11:38:43
PMT-PB,2025-08-22 11:38:43
WTTR,2025-08-22 11:38:43
ET,2025-08-22 11:38:43
BXMT,2025-08-22 11:38:43
D,2025-08-22 11:38:43
DBI,2025-08-22 11:38:43
ZIP,2025-08-22 11:38:43
CURB,2025-08-22 11:38:43
BBDC,2025-08-22 11:38:43
RF,2025-08-22 11:38:43
CVE,2025-08-22 11:38:43
NEU,2025-08-22 11:38:43
DTG,2025-08-22 11:38:43
AGM,2025-08-22 11:38:43
CNNE,2025-08-22 11:38:43
CHWY,2025-08-22 11:38:43
CNA,2025-08-22 11:38:43
OHI,2025-08-22 11:38:43
NE,2025-08-22 11:38:43
ELPC,2025-08-22 11:38:43
UIS,2025-08-22 11:38:43
PSA,2025-08-22 11:38:43
AMBC,2025-08-22 11:38:43
APG,2025-08-22 11:38:43
WDH,2025-08-22 11:38:43
CBU,2025-08-22 11:38:43
AEO,2025-08-22 11:38:43
CRIS,2025-08-22 11:38:43
CXM,2025-08-22 11:38:43
ALLT,2025-08-22 11:38:43
CIVB,2025-08-22 11:38:43
NIC,2025-08-22 11:38:43
DFH,2025-08-22 11:38:43
AVA,2025-08-22 11:38:43
ELV,2025-08-22 11:38:43
MAGN,2025-08-22 11:38:43
KRO,2025-08-22 11:38:43
AHH,2025-08-22 11:38:43
BXC,2025-08-22 11:38:43
DV,2025-08-22 11:38:43
COOK,2025-08-22 11:38:43
TISI,2025-08-22 11:38:43
ARM,2025-08-22 11:38:43
DNA,2025-08-22 11:38:43
AVT,2025-08-22 11:38:43
FBP,2025-08-22 11:38:43
CTEV,2025-08-22 11:38:43
BN,2025-08-22 11:38:43
BML-PG,2025-08-22 11:38:43
TEO,2025-08-22 11:38:43
SKX,2025-08-22 11:38:43
GD,2025-08-22 11:38:43
DCO,2025-08-22 11:38:43
CANG,2025-08-22 11:38:43
ASGN,2025-08-22 11:38:43
WHD,2025-08-22 11:38:43
AFG,2025-08-22 11:38:43
BFLY,2025-08-22 11:38:43
INVH,2025-08-22 11:38:43
PSA-PK,2025-08-22 11:38:43
MGM,2025-08-22 11:38:43
OI,2025-08-22 11:38:43
TD,2025-08-22 11:38:43
PKST,2025-08-22 11:38:43
UNH,2025-08-22 11:38:43
CTRI,2025-08-22 11:38:43
LW,2025-08-22 11:38:43
IDT,2025-08-22 11:38:43
OPFI,2025-08-22 11:38:43
MTRN,2025-08-22 11:38:43
WDS,2025-08-22 11:38:43
CTRA,2025-08-22 11:38:43
NTB,2025-08-22 11:38:43
SXT,2025-08-22 11:38:43
BZH,2025-08-22 11:38:43
ATMU,2025-08-22 11:38:43
BUD,2025-08-22 11:38:43
MDXG,2025-08-22 11:38:43
HOV,2025-08-22 11:38:43
QBTS,2025-08-22 11:38:43
GNL-PD,2025-08-22 11:38:43
JKS,2025-08-22 11:38:43
EBR-B,2025-08-22 11:38:43
MOG-A,2025-08-22 11:38:43
SCS,2025-08-22 11:38:43
PNC,2025-08-22 11:38:43
A,2025-08-22 11:38:43
ANET,2025-08-22 11:38:43
BCC,2025-08-22 11:38:43
HLF,2025-08-22 11:38:43
NRDY,2025-08-22 11:38:43
KNTK,2025-08-22 11:38:43
BOC,2025-08-22 11:38:43
VAC,2025-08-22 11:38:43
COPL,2025-08-22 11:38:43
XPO,2025-08-22 11:38:43
LINE,2025-08-22 11:38:43
YRD,2025-08-22 11:38:43
OR,2025-08-22 11:38:43
CSW,2025-08-22 11:38:43
RRX,2025-08-22 11:38:43
CC,2025-08-22 11:38:43
DLNG,2025-08-22 11:38:43
WSR,2025-08-22 11:38:43
KODK,2025-08-22 11:38:43
NOC,2025-08-22 11:38:43
NYT,2025-08-22 11:38:43
AEG,2025-08-22 11:38:43
COF,2025-08-22 11:38:43
AEFC,2025-08-22 11:38:43
SG,2025-08-22 11:38:43
TFX,2025-08-22 11:38:43
EPAC,2025-08-22 11:38:43
SYF-PB,2025-08-22 11:38:43
OSK,2025-08-22 11:38:43
RHP,2025-08-22 11:38:43
PIPR,2025-08-22 11:38:43
OCFT,2025-08-22 11:38:43
EEX,2025-08-22 11:38:43
GHM,2025-08-22 11:38:43
ELAN,2025-08-22 11:38:43
DJCO,2025-08-22 11:38:43
EARN,2025-08-22 11:38:43
WRB-PF,2025-08-22 11:38:43
TNL,2025-08-22 11:38:43
NMM,2025-08-22 11:38:43
MCB,2025-08-22 11:38:43
SRG,2025-08-22 11:38:43
FSK,2025-08-22 11:38:43
KGS,2025-08-22 11:38:43
GNW,2025-08-22 11:38:43
OPY,2025-08-22 11:38:43
SNDR,2025-08-22 11:38:43
PFSI,2025-08-22 11:38:43
AES,2025-08-22 11:38:43
ATHS,2025-08-22 11:38:43
EC,2025-08-22 11:38:43
WFC-PZ,2025-08-22 11:38:43
TLK,2025-08-22 11:38:43
ESNT,2025-08-22 11:38:43
RIG,2025-08-22 11:38:43
OMF,2025-08-22 11:38:43
ELC,2025-08-22 11:38:43
NINE,2025-08-22 11:38:43
OLN,2025-08-22 11:38:43
GPRK,2025-08-22 11:38:43
SMC,2025-08-22 11:38:43
NPKI,2025-08-22 11:38:43
SAM,2025-08-22 11:38:43
OKE,2025-08-22 11:38:43
YELP,2025-08-22 11:38:43
SD,2025-08-22 11:38:43
CTS,2025-08-22 11:38:43
OLP,2025-08-22 11:38:43
WFC-PY,2025-08-22 11:38:43
SF-PD,2025-08-22 11:38:43
OBDC,2025-08-22 11:38:43
FIS,2025-08-22 11:38:43
EHAB,2025-08-22 11:38:43
EQH-PC,2025-08-22 11:38:43
PNW,2025-08-22 11:38:43
MNMD,2025-08-22 11:38:43
CUZ,2025-08-22 11:38:43
AIN,2025-08-22 11:38:43
CRS,2025-08-22 11:38:43
CIA,2025-08-22 11:38:43
DIN,2025-08-22 11:38:43
CVX,2025-08-22 11:38:43
ZH,2025-08-22 11:38:43
ABCB,2025-08-22 11:38:43
USB-PS,2025-08-22 11:38:43
XPEV,2025-08-22 11:38:43
JPM-PD,2025-08-22 11:38:43
DIS,2025-08-22 11:38:43
ACEL,2025-08-22 11:38:43
ZETA,2025-08-22 11:38:43
CIG,2025-08-22 11:38:43
TUYA,2025-08-22 11:38:43
DEO,2025-08-22 11:38:43
DRD,2025-08-22 11:38:43
COHR,2025-08-22 11:38:43
BIP,2025-08-22 11:38:43
EL,2025-08-22 11:38:43
AGL,2025-08-22 11:38:43
CWH,2025-08-22 11:38:43
DBD,2025-08-22 11:38:43
PHM,2025-08-22 11:38:43
CRGY,2025-08-22 11:38:43
BBAR,2025-08-22 11:38:43
CWAN,2025-08-22 11:38:43
ELME,2025-08-22 11:38:43
CARR,2025-08-22 11:38:43
SUZ,2025-08-22 11:38:43
WPP,2025-08-22 11:38:43
RF-PE,2025-08-22 11:38:43
BKE,2025-08-22 11:38:43
BHLB,2025-08-22 11:38:43
TTE,2025-08-22 11:38:43
FLOC,2025-08-22 11:38:43
CINT,2025-08-22 11:38:43
CW,2025-08-22 11:38:43
SAR,2025-08-22 11:38:43
CCJ,2025-08-22 11:38:43
ABBV,2025-08-22 11:38:43
KEY-PI,2025-08-22 11:38:43
TOL,2025-08-22 11:38:43
TV,2025-08-22 11:38:43
KIM-PM,2025-08-22 11:38:43
DEC,2025-08-22 11:38:43
AJG,2025-08-22 11:38:43
RF-PF,2025-08-22 11:38:43
FNF,2025-08-22 11:38:43
THC,2025-08-22 11:38:43
KNOP,2025-08-22 11:38:43
TEX,2025-08-22 11:38:43
RACE,2025-08-22 11:38:43
CMTG,2025-08-22 11:38:43
SHO,2025-08-22 11:38:43
MATV,2025-08-22 11:38:43
RJF,2025-08-22 11:38:43
VEL,2025-08-22 11:38:43
PBR-A,2025-08-22 11:38:43
MIAX,2025-08-22 11:38:43
TU,2025-08-22 11:38:43
RZB,2025-08-22 11:38:43
TSM,2025-08-22 11:38:43
SSB,2025-08-22 11:38:43
FND,2025-08-22 11:38:43
SKE,2025-08-22 11:38:43
VYX,2025-08-22 11:38:43
LEG,2025-08-22 11:38:43
ULS,2025-08-22 11:38:43
GIL,2025-08-22 11:38:43
KR,2025-08-22 11:38:43
FDS,2025-08-22 11:38:43
GEG,2025-08-22 11:38:43
GME,2025-08-22 11:38:43
LYG,2025-08-22 11:38:43
FIGS,2025-08-22 11:38:43
SKT,2025-08-22 11:38:43
MITP,2025-08-22 11:38:43
RTX,2025-08-22 11:38:43
MIR,2025-08-22 11:38:43
LNN,2025-08-22 11:38:43
MAC,2025-08-22 11:38:43
JOBY,2025-08-22 11:38:43
SFBS,2025-08-22 11:38:43
RDY,2025-08-22 11:38:43
HIMS,2025-08-22 11:38:43
PBR,2025-08-22 11:38:43
TWO,2025-08-22 11:38:43
PARR,2025-08-22 11:38:43
FSLR,2025-08-22 11:38:43
KOF,2025-08-22 11:38:43
KRMN,2025-08-22 11:38:43
WTS,2025-08-22 11:38:43
GFL,2025-08-22 11:38:43
HD,2025-08-22 11:38:43
HAE,2025-08-22 11:38:43
FVRR,2025-08-22 11:38:43
IT,2025-08-22 11:38:43
HEI,2025-08-22 11:38:43
MDT,2025-08-22 11:38:43
LND,2025-08-22 11:38:43
PRG,2025-08-22 11:38:43
PBI-PB,2025-08-22 11:38:43
MOV,2025-08-22 11:38:43
WF,2025-08-22 11:38:43
TX,2025-08-22 11:38:43
TIC,2025-08-22 11:38:43
IRT,2025-08-22 11:38:43
ITGR,2025-08-22 11:38:43
PKG,2025-08-22 11:38:43
ALL-PB,2025-08-22 11:38:43
GWW,2025-08-22 11:38:43
HUM,2025-08-22 11:38:43
IIIN,2025-08-22 11:38:43
YALA,2025-08-22 11:38:43
CIB,2025-08-22 11:38:43
CFR,2025-08-22 11:38:43
GNE,2025-08-22 11:38:43
PAGS,2025-08-22 11:38:43
HLX,2025-08-22 11:38:43
SPH,2025-08-22 11:38:43
HIPO,2025-08-22 11:38:43
FNB,2025-08-22 11:38:43
IRS,2025-08-22 11:38:43
PACK,2025-08-22 11:38:43
INFA,2025-08-22 11:38:43
SM,2025-08-22 11:38:43
RNST,2025-08-22 11:38:43
W,2025-08-22 11:38:43
OXM,2025-08-22 11:38:43
GNRC,2025-08-22 11:38:43
PRH,2025-08-22 11:38:43
PBA,2025-08-22 11:38:43
HRI,2025-08-22 11:38:43
TBBB,2025-08-22 11:38:43
WFC-PC,2025-08-22 11:38:43
WEX,2025-08-22 11:38:43
COMP,2025-08-22 11:38:43
CFG-PE,2025-08-22 11:38:43
MFG,2025-08-22 11:38:43
GSBC,2025-08-22 11:38:43
DAY,2025-08-22 11:38:43
ASA,2025-08-22 11:38:43
ICON,2025-08-22 11:38:43
PPG,2025-08-22 11:38:43
IDN,2025-08-22 11:38:43
NMR,2025-08-22 11:38:43
LAD,2025-08-22 11:38:43
FSCO,2025-08-22 11:38:43
CGNT,2025-08-22 11:38:43
FGNXP,2025-08-22 11:38:43
WCN,2025-08-22 11:38:43
NABL,2025-08-22 11:38:43
DMAC,2025-08-22 11:38:43
EPRT,2025-08-22 11:38:43
VNT,2025-08-22 11:38:43
VSH,2025-08-22 11:38:43
QSR,2025-08-22 11:38:43
EWBC,2025-08-22 11:38:43
VTOL,2025-08-22 11:38:43
SYY,2025-08-22 11:38:43
KIM,2025-08-22 11:38:43
AVAH,2025-08-22 11:38:43
FICO,2025-08-22 11:38:43
PX,2025-08-22 11:38:43
CTBB,2025-08-22 11:38:43
CVI,2025-08-22 11:38:43
SILA,2025-08-22 11:38:43
ATHM,2025-08-22 11:38:43
BLTE,2025-08-22 11:38:43
GTN,2025-08-22 11:38:43
CYH,2025-08-22 11:38:43
GRC,2025-08-22 11:38:43
GNTY,2025-08-22 11:38:43
CARE,2025-08-22 11:38:43
KEP,2025-08-22 11:38:43
SUPV,2025-08-22 11:38:43
IHS,2025-08-22 11:38:43
WMK,2025-08-22 11:38:43
SNN,2025-08-22 11:38:43
BF-B,2025-08-22 11:38:43
PFGC,2025-08-22 11:38:43
ETOR,2025-08-22 11:38:43
BDN,2025-08-22 11:38:43
GATX,2025-08-22 11:38:43
BTCM,2025-08-22 11:38:43
ASLE,2025-08-22 11:38:43
CQP,2025-08-22 11:38:43
WFC-PA,2025-08-22 11:38:43
ALLY,2025-08-22 11:38:43
TRTX,2025-08-22 11:38:43
JPM-PL,2025-08-22 11:38:43
CALX,2025-08-22 11:38:43
TKO,2025-08-22 11:38:43
QD,2025-08-22 11:38:43
FMNB,2025-08-22 11:38:43
ENGS,2025-08-22 11:38:43
OUT,2025-08-22 11:38:43
TFC-PI,2025-08-22 11:38:43
BRLT,2025-08-22 11:38:43
NCDL,2025-08-22 11:38:43
ADV,2025-08-22 11:38:43
ABSI,2025-08-22 11:38:43
HYAC,2025-08-22 11:38:43
CLMB,2025-08-22 11:38:43
MBUU,2025-08-22 11:38:43
MEDP,2025-08-22 11:38:43
HBCP,2025-08-22 11:38:43
MOBX,2025-08-22 11:38:43
POOL,2025-08-22 11:38:43
SERA,2025-08-22 11:38:43
LCUT,2025-08-22 11:38:43
GEO,2025-08-22 11:38:43
INOD,2025-08-22 11:38:43
TLN,2025-08-22 11:38:43
CHCO,2025-08-22 11:38:43
JACK,2025-08-22 11:38:43
HTGC,2025-08-22 11:38:43
ATXG,2025-08-22 11:38:43
LIF,2025-08-22 11:38:43
FRAF,2025-08-22 11:38:43
ALGN,2025-08-22 11:38:43
MODG,2025-08-22 11:38:43
ALGT,2025-08-22 11:38:43
HTH,2025-08-22 11:38:43
INLF,2025-08-22 11:38:43
BNC,2025-08-22 11:38:43
SORA,2025-08-22 11:38:43
JPM-PK,2025-08-22 11:38:43
AKAM,2025-08-22 11:38:43
BSLK,2025-08-22 11:38:43
HNVR,2025-08-22 11:38:43
CRDO,2025-08-22 11:38:43
HCC,2025-08-22 11:38:43
KROS,2025-08-22 11:38:43
GDDY,2025-08-22 11:38:43
ADTX,2025-08-22 11:38:43
FITBI,2025-08-22 11:38:43
HOOD,2025-08-22 11:38:43
GCMG,2025-08-22 11:38:43
USFD,2025-08-22 11:38:43
FFIC,2025-08-22 11:38:43
FTI,2025-08-22 11:38:43
CLS,2025-08-22 11:38:43
ICU,2025-08-22 11:38:43
CSX,2025-08-22 11:38:43
MRUS,2025-08-22 11:38:43
ARIS,2025-08-22 11:38:43
CORZ,2025-08-22 11:38:43
AAL,2025-08-22 11:38:43
YOUL,2025-08-22 11:38:43
AAOI,2025-08-22 11:38:43
GABC,2025-08-22 11:38:43
BANF,2025-08-22 11:38:43
ABVC,2025-08-22 11:38:43
APA,2025-08-22 11:38:43
RIGL,2025-08-22 11:38:43
EPSM,2025-08-22 11:38:43
CTRN,2025-08-22 11:38:43
COCO,2025-08-22 11:38:43
PLBY,2025-08-22 11:38:43
BWB,2025-08-22 11:38:43
VEON,2025-08-22 11:38:43
AIFU,2025-08-22 11:38:43
RNAC,2025-08-22 11:38:43
CCAP,2025-08-22 11:38:43
BVS,2025-08-22 11:38:43
SNTI,2025-08-22 11:38:43
BSVN,2025-08-22 11:38:43
GRABW,2025-08-22 11:38:43
ARTNA,2025-08-22 11:38:43
VSTM,2025-08-22 11:38:43
CSGS,2025-08-22 11:38:43
CLAR,2025-08-22 11:38:43
POAI,2025-08-22 11:38:43
DLTR,2025-08-22 11:38:43
MVIS,2025-08-22 11:38:43
DFSC,2025-08-22 11:38:43
BITF,2025-08-22 11:38:43
LTRX,2025-08-22 11:38:43
TH,2025-08-22 11:38:43
LBTYK,2025-08-22 11:38:43
ITOS,2025-08-22 11:38:43
IBKR,2025-08-22 11:38:43
EOLS,2025-08-22 11:38:43
CNXC,2025-08-22 11:38:43
BETR,2025-08-22 11:38:43
FFBC,2025-08-22 11:38:43
CTLP,2025-08-22 11:38:43
BTCT,2025-08-22 11:38:43
MASI,2025-08-22 11:38:43
EDBL,2025-08-22 11:38:43
BMRA,2025-08-22 11:38:43
ENSG,2025-08-22 11:38:43
LEXX,2025-08-22 11:38:43
SMTC,2025-08-22 11:38:43
DSP,2025-08-22 11:38:43
BMRN,2025-08-22 11:38:43
ACIC,2025-08-22 11:38:43
ARBE,2025-08-22 11:38:43
LWAY,2025-08-22 11:38:43
DOMH,2025-08-22 11:38:43
MGIC,2025-08-22 11:38:43
CISS,2025-08-22 11:38:43
LITE,2025-08-22 11:38:43
ACB,2025-08-22 11:38:43
MQ,2025-08-22 11:38:43
HIND,2025-08-22 11:38:43
HOLX,2025-08-22 11:38:43
HLIT,2025-08-22 11:38:43
LPTX,2025-08-22 11:38:43
BELFB,2025-08-22 11:38:43
GOVX,2025-08-22 11:38:43
GDRX,2025-08-22 11:38:43
CYBR,2025-08-22 11:38:43
CVBF,2025-08-22 11:38:43
LITM,2025-08-22 11:38:43
FNGR,2025-08-22 11:38:43
CLSK,2025-08-22 11:38:43
RR,2025-08-22 11:38:43
DPRO,2025-08-22 11:38:43
MPB,2025-08-22 11:38:43
MNY,2025-08-22 11:38:43
CATY,2025-08-22 11:38:43
DEFT,2025-08-22 11:38:43
ANTX,2025-08-22 11:38:43
ABOS,2025-08-22 11:38:43
XNET,2025-08-22 11:38:43
FFIV,2025-08-22 11:38:43
MSTR,2025-08-22 11:38:43
NBBK,2025-08-22 11:38:43
OTTR,2025-08-22 11:38:43
ALMS,2025-08-22 11:38:43
PCVX,2025-08-22 11:38:43
CHRW,2025-08-22 11:38:43
PHIO,2025-08-22 11:38:43
IOBT,2025-08-22 11:38:43
FNWB,2025-08-22 11:38:43
ATLN,2025-08-22 11:38:43
ELPW,2025-08-22 11:38:43
ATER,2025-08-22 11:38:43
CVCO,2025-08-22 11:38:43
CTKB,2025-08-22 11:38:43
GFAI,2025-08-22 11:38:43
UFCS,2025-08-22 11:38:43
AUGO,2025-08-22 11:38:43
TATT,2025-08-22 11:38:43
FORD,2025-08-22 11:38:43
INBK,2025-08-22 11:38:43
BSET,2025-08-22 11:38:43
CVV,2025-08-22 11:38:43
IBRX,2025-08-22 11:38:43
AFRM,2025-08-22 11:38:43
BRZE,2025-08-22 11:38:43
CASH,2025-08-22 11:38:43
OUST,2025-08-22 11:38:43
AMWD,2025-08-22 11:38:43
DOGZ,2025-08-22 11:38:43
BYRN,2025-08-22 11:38:43
XXII,2025-08-22 11:38:43
BDTX,2025-08-22 11:38:43
DRS,2025-08-22 11:38:43
CHEF,2025-08-22 11:38:43
MSAI,2025-08-22 11:38:43
CHYM,2025-08-22 11:38:43
ACGLN,2025-08-22 11:38:43
CEPO,2025-08-22 11:38:43
BNAI,2025-08-22 11:38:43
CORT,2025-08-22 11:38:43
IINN,2025-08-22 11:38:43
CCB,2025-08-22 11:38:43
BPYPM,2025-08-22 11:38:43
AXON,2025-08-22 11:38:43
BSGM,2025-08-22 11:38:43
EZPW,2025-08-22 11:38:43
LPSN,2025-08-22 11:38:43
CLNE,2025-08-22 11:38:43
EWCZ,2025-08-22 11:38:43
ADSE,2025-08-22 11:38:43
BHRB,2025-08-22 11:38:43
GRFS,2025-08-22 11:38:43
KINS,2025-08-22 11:38:43
ACRS,2025-08-22 11:38:43
EYE,2025-08-22 11:38:43
COYA,2025-08-22 11:38:43
AIRS,2025-08-22 11:38:43
DH,2025-08-22 11:38:43
EGHT,2025-08-22 11:38:43
BKR,2025-08-22 11:38:43
COST,2025-08-22 11:38:43
MSEX,2025-08-22 11:38:43
LPCN,2025-08-22 11:38:43
PCT,2025-08-22 11:38:43
BWIN,2025-08-22 11:38:43
ENSC,2025-08-22 11:38:43
MDB,2025-08-22 11:38:43
CWBC,2025-08-22 11:38:43
MDAI,2025-08-22 11:38:43
VRME,2025-08-22 11:38:43
AOSL,2025-08-22 11:38:43
ACHV,2025-08-22 11:38:43
ELTX,2025-08-22 11:38:43
CAMT,2025-08-22 11:38:43
PRFX,2025-08-22 11:38:43
BDMD,2025-08-22 11:38:43
APLT,2025-08-22 11:38:43
CRWV,2025-08-22 11:38:43
COKE,2025-08-22 11:38:43
BDSX,2025-08-22 11:38:43
CSWC,2025-08-22 11:38:43
ASND,2025-08-22 11:38:43
ASML,2025-08-22 11:38:43
RMR,2025-08-22 11:38:43
ELUT,2025-08-22 11:38:43
BCYC,2025-08-22 11:38:43
ABEO,2025-08-22 11:38:43
ADUR,2025-08-22 11:38:43
ARVN,2025-08-22 11:38:43
CRAI,2025-08-22 11:38:43
CSTE,2025-08-22 11:38:43
AKRO,2025-08-22 11:38:43
AMD,2025-08-22 11:38:43
SNWV,2025-08-22 11:38:43
APEI,2025-08-22 11:38:43
EPSN,2025-08-22 11:38:43
WDFC,2025-08-22 11:38:43
CART,2025-08-22 11:38:43
CHSN,2025-08-22 11:38:43
CSCO,2025-08-22 11:38:43
AOUT,2025-08-22 11:38:43
FEIM,2025-08-22 11:38:43
DHIL,2025-08-22 11:38:43
APVO,2025-08-22 11:38:43
CDXS,2025-08-22 11:38:43
CERO,2025-08-22 11:38:43
EBMT,2025-08-22 11:38:43
AGNC,2025-08-22 11:38:43
ETSY,2025-08-22 11:38:43
ACTU,2025-08-22 11:38:43
BLMZ,2025-08-22 11:38:43
APPS,2025-08-22 11:38:43
HIFS,2025-08-22 11:38:43
SUNS,2025-08-22 11:38:43
CECO,2025-08-22 11:38:43
CPIX,2025-08-22 11:38:43
APPF,2025-08-22 11:38:43
QUIK,2025-08-22 11:38:43
FBIZ,2025-08-22 11:38:43
LUCY,2025-08-22 11:38:43
IBG,2025-08-22 11:38:43
FLD,2025-08-22 11:38:43
AEIS,2025-08-22 11:38:43
OCUL,2025-08-22 11:38:43
DXLG,2025-08-22 11:38:43
MJID,2025-08-22 11:38:43
FRSH,2025-08-22 11:38:43
CCRN,2025-08-22 11:38:43
ECBK,2025-08-22 11:38:43
ORMP,2025-08-22 11:38:43
ILMN,2025-08-22 11:38:43
MNSB,2025-08-22 11:38:43
FRST,2025-08-22 11:38:43
EXPE,2025-08-22 11:38:43
EGAN,2025-08-22 11:38:43
SNFCA,2025-08-22 11:38:43
IMNN,2025-08-22 11:38:43
FRME,2025-08-22 11:38:43
INKT,2025-08-22 11:38:43
PTNM,2025-08-22 11:38:43
FENC,2025-08-22 11:38:43
BCAX,2025-08-22 11:38:43
VYNE,2025-08-22 11:38:43
MRKR,2025-08-22 11:38:43
METC,2025-08-22 11:38:43
NEOG,2025-08-22 11:38:43
EMPD,2025-08-22 11:38:43
IVF,2025-08-22 11:38:43
HAS,2025-08-22 11:38:43
AIOT,2025-08-22 11:38:43
NEWT,2025-08-22 11:38:43
GLSI,2025-08-22 11:38:43
NVCR,2025-08-22 11:38:43
TECK,2025-08-22 11:38:43
MMYT,2025-08-22 11:38:43
DXPE,2025-08-22 11:38:43
RAVE,2025-08-22 11:38:43
EVER,2025-08-22 11:38:43
LUCD,2025-08-22 11:38:43
GH,2025-08-22 11:38:43
MNDR,2025-08-22 11:38:43
RANI,2025-08-22 11:38:43
CMTL,2025-08-22 11:38:43
NEPH,2025-08-22 11:38:43
FOX,2025-08-22 11:38:43
ERAS,2025-08-22 11:38:43
MCRB,2025-08-22 11:38:43
ATRO,2025-08-22 11:38:43
GMGI,2025-08-22 11:38:43
MBIO,2025-08-22 11:38:43
UPXI,2025-08-22 11:38:43
LGHL,2025-08-22 11:38:43
WFF,2025-08-22 11:38:43
KARO,2025-08-22 11:38:43
AVO,2025-08-22 11:38:43
LQDT,2025-08-22 11:38:43
FORR,2025-08-22 11:38:43
FSFG,2025-08-22 11:38:43
GNTX,2025-08-22 11:38:43
API,2025-08-22 11:38:43
LPTH,2025-08-22 11:38:43
CRNT,2025-08-22 11:38:43
IHRT,2025-08-22 11:38:43
NIU,2025-08-22 11:38:43
ATHA,2025-08-22 11:38:43
MBLY,2025-08-22 11:38:43
MFIC,2025-08-22 11:38:43
RUSHA,2025-08-22 11:38:43
PRPH,2025-08-22 11:38:43
VOLT,2025-08-22 11:38:43
GV,2025-08-22 11:38:43
FSBW,2025-08-22 11:38:43
UAL,2025-08-22 11:38:43
TSSI,2025-08-22 11:38:43
PLXS,2025-08-22 11:38:43
LLYVK,2025-08-22 11:38:43
VMEO,2025-08-22 11:38:43
ASRV,2025-08-22 11:38:43
TTWO,2025-08-22 11:38:43
IDCC,2025-08-22 11:38:43
BINI,2025-08-22 11:38:43
LIVN,2025-08-22 11:38:43
HST,2025-08-22 11:38:43
CMRC,2025-08-22 11:38:43
FTCI,2025-08-22 11:38:43
RRR,2025-08-22 11:38:43
KLTO,2025-08-22 11:38:43
SPTN,2025-08-22 11:38:43
TBH,2025-08-22 11:38:43
MBINN,2025-08-22 11:38:43
GLDD,2025-08-22 11:38:43
CMPR,2025-08-22 11:38:43
VKTX,2025-08-22 11:38:43
BIVI,2025-08-22 11:38:43
FLNT,2025-08-22 11:38:43
RCMT,2025-08-22 11:38:43
MVBF,2025-08-22 11:38:43
BNZI,2025-08-22 11:38:43
MYRG,2025-08-22 11:38:43
CNTA,2025-08-22 11:38:43
LOVE,2025-08-22 11:38:43
KALV,2025-08-22 11:38:43
JCAP,2025-08-22 11:38:43
ABP,2025-08-22 11:38:43
BLMN,2025-08-22 11:38:43
KAVL,2025-08-22 11:38:43
HYPD,2025-08-22 11:38:43
OPBK,2025-08-22 11:38:43
BKYI,2025-08-22 11:38:43
HFFG,2025-08-22 11:38:43
ESCA,2025-08-22 11:38:43
ASTS,2025-08-22 11:38:43
GLPG,2025-08-22 11:38:43
LIXT,2025-08-22 11:38:43
FTEK,2025-08-22 11:38:43
KC,2025-08-22 11:38:43
WMG,2025-08-22 11:38:43
HAIN,2025-08-22 11:38:43
ABVE,2025-08-22 11:38:43
BPOP,2025-08-22 11:38:43
DLPN,2025-08-22 11:38:43
HMST,2025-08-22 11:38:43
RDZN,2025-08-22 11:38:43
RLAY,2025-08-22 11:38:43
BGLC,2025-08-22 11:38:43
MKTX,2025-08-22 11:38:43
BWAY,2025-08-22 11:38:43
MNDY,2025-08-22 11:38:43
LRCX,2025-08-22 11:38:43
LE,2025-08-22 11:38:43
SMCI,2025-08-22 11:38:43
AAME,2025-08-22 11:38:43
HONE,2025-08-22 11:38:43
FGEN,2025-08-22 11:38:43
GCTK,2025-08-22 11:38:43
MDGL,2025-08-22 11:38:43
WLK,2025-08-22 11:38:43
DYN,2025-08-22 11:38:43
GBIO,2025-08-22 11:38:43
JKHY,2025-08-22 11:38:43
TLSA,2025-08-22 11:38:43
TDIC,2025-08-22 11:38:43
CSBR,2025-08-22 11:38:43
AXSM,2025-08-22 11:38:43
WEYS,2025-08-22 11:38:43
IMDX,2025-08-22 11:38:43
BYND,2025-08-22 11:38:43
NBIX,2025-08-22 11:38:43
CGBD,2025-08-22 11:38:43
LGND,2025-08-22 11:38:43
CUPR,2025-08-22 11:38:43
ETHZ,2025-08-22 11:38:43
SANM,2025-08-22 11:38:43
AWRE,2025-08-22 11:38:43
BWFG,2025-08-22 11:38:43
PEP,2025-08-22 11:38:43
GOCO,2025-08-22 11:38:43
EPIX,2025-08-22 11:38:43
FULC,2025-08-22 11:38:43
TEAD,2025-08-22 11:38:43
PCTY,2025-08-22 11:38:43
KRUS,2025-08-22 11:38:43
JANX,2025-08-22 11:38:43
CFFI,2025-08-22 11:38:43
IBIO,2025-08-22 11:38:43
LASR,2025-08-22 11:38:43
KRRO,2025-08-22 11:38:43
HBANL,2025-08-22 11:38:43
BJRI,2025-08-22 11:38:43
RMBI,2025-08-22 11:38:43
FSUN,2025-08-22 11:38:43
FIVE,2025-08-22 11:38:43
SBAC,2025-08-22 11:38:43
AIRG,2025-08-22 11:38:43
JUNS,2025-08-22 11:38:43
MAZE,2025-08-22 11:38:43
GTI,2025-08-22 11:38:43
RAPP,2025-08-22 11:38:43
RVSB,2025-08-22 11:38:43
CAPT,2025-08-22 11:38:43
BIYA,2025-08-22 11:38:43
INTZ,2025-08-22 11:38:43
GAIN,2025-08-22 11:38:43
AMBR,2025-08-22 11:38:43
HAFC,2025-08-22 11:38:43
FUFU,2025-08-22 11:38:43
LCFY,2025-08-22 11:38:43
PLAY,2025-08-22 11:38:43
BANR,2025-08-22 11:38:43
JYNT,2025-08-22 11:38:43
CBLL,2025-08-22 11:38:43
BSAAU,2025-08-22 11:38:43
LGVN,2025-08-22 11:38:43
PTEN,2025-08-22 11:38:43
FWONA,2025-08-22 11:38:43
NVA,2025-08-22 11:38:43
GAUZ,2025-08-22 11:38:43
AARD,2025-08-22 11:38:43
SPCB,2025-08-22 11:38:43
QNCX,2025-08-22 11:38:43
MRVL,2025-08-22 11:38:43
QH,2025-08-22 11:38:43
CVRX,2025-08-22 11:38:43
CELH,2025-08-22 11:38:43
APADU,2025-08-22 11:38:43
BCARU,2025-08-22 11:38:43
TIGO,2025-08-22 11:38:43
FCEL,2025-08-22 11:38:43
AMSF,2025-08-22 11:38:43
DNTH,2025-08-22 11:38:43
GLIBA,2025-08-22 11:38:43
FOXF,2025-08-22 11:38:43
LXEO,2025-08-22 11:38:43
CLSD,2025-08-22 11:38:43
STRL,2025-08-22 11:38:43
NVTS,2025-08-22 11:38:43
HIVE,2025-08-22 11:38:43
FBGL,2025-08-22 11:38:43
ACIU,2025-08-22 11:38:43
IMAB,2025-08-22 11:38:43
AEVA,2025-08-22 11:38:43
ODFL,2025-08-22 11:38:43
VRSN,2025-08-22 11:38:43
ENPH,2025-08-22 11:38:43
LSBK,2025-08-22 11:38:43
INTR,2025-08-22 11:38:43
MLYS,2025-08-22 11:38:43
ARQT,2025-08-22 11:38:43
AISP,2025-08-22 11:38:43
JBHT,2025-08-22 11:38:43
CRBU,2025-08-22 11:38:43
BBIO,2025-08-22 11:38:43
EXTR,2025-08-22 11:38:43
HUT,2025-08-22 11:38:43
MAT,2025-08-22 11:38:43
CEG,2025-08-22 11:38:43
STOK,2025-08-22 11:38:43
ATOM,2025-08-22 11:38:43
PHUN,2025-08-22 11:38:43
ADMA,2025-08-22 11:38:43
AVBH,2025-08-22 11:38:43
LQDA,2025-08-22 11:38:43
RELI,2025-08-22 11:38:43
CGEN,2025-08-22 11:38:43
NWSA,2025-08-22 11:38:43
FNLC,2025-08-22 11:38:43
CHTR,2025-08-22 11:38:43
LZ,2025-08-22 11:38:43
ARGX,2025-08-22 11:38:43
NAMS,2025-08-22 11:38:43
MSW,2025-08-22 11:38:43
CPOP,2025-08-22 11:38:43
LAZR,2025-08-22 11:38:43
OMCL,2025-08-22 11:38:43
CEPT,2025-08-22 11:38:43
GOSS,2025-08-22 11:38:43
TAOX,2025-08-22 11:38:43
RTAC,2025-08-22 11:38:43
SEAT,2025-08-22 11:38:43
AQMS,2025-08-22 11:38:43
XP,2025-08-22 11:38:43
VRNS,2025-08-22 11:38:43
ASRT,2025-08-22 11:38:43
RWAY,2025-08-22 11:38:43
JAKK,2025-08-22 11:38:43
AQST,2025-08-22 11:38:43
HTO,2025-08-22 11:38:43
CTXR,2025-08-22 11:38:43
IRBT,2025-08-22 11:38:43
GAMB,2025-08-22 11:38:43
HOTH,2025-08-22 11:38:43
FSBC,2025-08-22 11:38:43
SKK,2025-08-22 11:38:43
TMO,2025-08-22 11:38:43
ALCO,2025-08-22 11:38:43
CTSO,2025-08-22 11:38:43
MKLYU,2025-08-22 11:38:43
RNTX,2025-08-22 11:38:43
GRAL,2025-08-22 11:38:43
INNV,2025-08-22 11:38:43
CADL,2025-08-22 11:38:43
FER,2025-08-22 11:38:43
BATRA,2025-08-22 11:38:43
FDUS,2025-08-22 11:38:43
ALTO,2025-08-22 11:38:43
LASE,2025-08-22 11:38:43
CMCSA,2025-08-22 11:38:43
SDST,2025-08-22 11:38:43
DLHC,2025-08-22 11:38:43
HQY,2025-08-22 11:38:43
CCNE,2025-08-22 11:38:43
ARLP,2025-08-22 11:38:43
ADIL,2025-08-22 11:38:43
ACNB,2025-08-22 11:38:43
JAMF,2025-08-22 11:38:43
SCVL,2025-08-22 11:38:43
BUSE,2025-08-22 11:38:43
PMTS,2025-08-22 11:38:43
ACTG,2025-08-22 11:38:43
NHTC,2025-08-22 11:38:43
AVIR,2025-08-22 11:38:43
COLL,2025-08-22 11:38:43
CLRB,2025-08-22 11:38:43
CCEC,2025-08-22 11:38:43
GLNG,2025-08-22 11:38:43
CUE,2025-08-22 11:38:43
CGC,2025-08-22 11:38:43
ATRC,2025-08-22 11:38:43
BLKB,2025-08-22 11:38:43
CALM,2025-08-22 11:38:43
ENLT,2025-08-22 11:38:43
SRBK,2025-08-22 11:38:43
ANGO,2025-08-22 11:38:43
COMM,2025-08-22 11:38:43
BLDE,2025-08-22 11:38:43
EH,2025-08-22 11:38:43
RVMD,2025-08-22 11:38:43
FATE,2025-08-22 11:38:43
XENE,2025-08-22 11:38:43
FCFS,2025-08-22 11:38:43
DMLP,2025-08-22 11:38:43
AVPT,2025-08-22 11:38:43
BNGO,2025-08-22 11:38:43
AGMH,2025-08-22 11:38:43
USCB,2025-08-22 11:38:43
EMBC,2025-08-22 11:38:43
ATYR,2025-08-22 11:38:43
ARWR,2025-08-22 11:38:43
KELYA,2025-08-22 11:38:43
BRR,2025-08-22 11:38:43
ALLO,2025-08-22 11:38:43
CRUS,2025-08-22 11:38:43
EVCM,2025-08-22 11:38:43
CRVO,2025-08-22 11:38:43
ATAI,2025-08-22 11:38:43
AMPG,2025-08-22 11:38:43
EML,2025-08-22 11:38:43
BOKF,2025-08-22 11:38:43
DPZ,2025-08-22 11:38:43
ALNT,2025-08-22 11:38:43
EWTX,2025-08-22 11:38:43
CERT,2025-08-22 11:38:43
AMOD,2025-08-22 11:38:43
ACHC,2025-08-22 11:38:43
SCLX,2025-08-22 11:38:43
SNBR,2025-08-22 11:38:43
CXAI,2025-08-22 11:38:43
CYCC,2025-08-22 11:38:43
ULCC,2025-08-22 11:38:43
LMB,2025-08-22 11:38:43
CEVA,2025-08-22 11:38:43
BIOA,2025-08-22 11:38:43
CTOR,2025-08-22 11:38:43
ARCB,2025-08-22 11:38:43
DIOD,2025-08-22 11:38:43
CCCC,2025-08-22 11:38:43
NMRK,2025-08-22 11:38:43
NSIT,2025-08-22 11:38:43
DHAI,2025-08-22 11:38:43
TRST,2025-08-22 11:38:43
BTM,2025-08-22 11:38:43
BLIN,2025-08-22 11:38:43
BRY,2025-08-22 11:38:43
BWMN,2025-08-22 11:38:43
AREB,2025-08-22 11:38:43
AEHR,2025-08-22 11:38:43
BTMD,2025-08-22 11:38:43
ACMR,2025-08-22 11:38:43
PETS,2025-08-22 11:38:43
CRNX,2025-08-22 11:38:43
DORM,2025-08-22 11:38:43
AMRK,2025-08-22 11:38:43
BNTX,2025-08-22 11:38:43
JFIN,2025-08-22 11:38:43
LFWD,2025-08-22 11:38:43
CBRL,2025-08-22 11:38:43
PCB,2025-08-22 11:38:43
TTEC,2025-08-22 11:38:43
BMBL,2025-08-22 11:38:43
AMRN,2025-08-22 11:38:43
ULBI,2025-08-22 11:38:43
ECPG,2025-08-22 11:38:43
MRTN,2025-08-22 11:38:43
MENS,2025-08-22 11:38:43
AEMD,2025-08-22 11:38:43
IKT,2025-08-22 11:38:43
SYM,2025-08-22 11:38:43
ACRV,2025-08-22 11:38:43
CASY,2025-08-22 11:38:43
LESL,2025-08-22 11:38:43
ADP,2025-08-22 11:38:43
IRMD,2025-08-22 11:38:43
CBUS,2025-08-22 11:38:43
CENT,2025-08-22 11:38:43
COOP,2025-08-22 11:38:43
INBS,2025-08-22 11:38:43
ESQ,2025-08-22 11:38:43
ERIC,2025-08-22 11:38:43
LOAN,2025-08-22 11:38:43
LECO,2025-08-22 11:38:43
TEM,2025-08-22 11:38:43
LI,2025-08-22 11:38:43
FISI,2025-08-22 11:38:43
LYTS,2025-08-22 11:38:43
TCMD,2025-08-22 11:38:43
LAND,2025-08-22 11:38:43
ICG,2025-08-22 11:38:43
MCHX,2025-08-22 11:38:43
FRD,2025-08-22 11:38:43
KOD,2025-08-22 11:38:43
FWRG,2025-08-22 11:38:43
UYSC,2025-08-22 11:38:43
TSAT,2025-08-22 11:38:43
LKQ,2025-08-22 11:38:43
FTRE,2025-08-22 11:38:43
LARK,2025-08-22 11:38:43
HIMX,2025-08-22 11:38:43
AZTA,2025-08-22 11:38:43
GILD,2025-08-22 11:38:43
IVVD,2025-08-22 11:38:43
LENZ,2025-08-22 11:38:43
PPTA,2025-08-22 11:38:43
GELS,2025-08-22 11:38:43
ARCT,2025-08-22 11:38:43
PRVA,2025-08-22 11:38:43
ZSPC,2025-08-22 11:38:43
LBTYA,2025-08-22 11:38:43
WFRD,2025-08-22 11:38:43
GILT,2025-08-22 11:38:43
HTHT,2025-08-22 11:38:43
GLIBK,2025-08-22 11:38:43
AVR,2025-08-22 11:38:43
TARA,2025-08-22 11:38:43
FSEA,2025-08-22 11:38:43
STHO,2025-08-22 11:38:43
PACB,2025-08-22 11:38:43
GFS,2025-08-22 11:38:43
ASTC,2025-08-22 11:38:43
LMFA,2025-08-22 11:38:43
BLFS,2025-08-22 11:38:43
WLDN,2025-08-22 11:38:43
ATNI,2025-08-22 11:38:43
GANX,2025-08-22 11:38:43
FOXA,2025-08-22 11:38:43
FITBO,2025-08-22 11:38:43
GHRS,2025-08-22 11:38:43
MLCO,2025-08-22 11:38:43
GNLN,2025-08-22 11:38:43
IPAR,2025-08-22 11:38:43
CVLT,2025-08-22 11:38:43
ESLT,2025-08-22 11:38:43
MAR,2025-08-22 11:38:43
GLPI,2025-08-22 11:38:43
FANG,2025-08-22 11:38:43
MITK,2025-08-22 11:38:43
MATW,2025-08-22 11:38:43
SNOA,2025-08-22 11:38:43
ARTW,2025-08-22 11:38:43
RZLV,2025-08-22 11:38:43
ESOA,2025-08-22 11:38:43
SIRI,2025-08-22 11:38:43
ACT,2025-08-22 11:38:43
SION,2025-08-22 11:38:43
FBNC,2025-08-22 11:38:43
NBTB,2025-08-22 11:38:43
MSBIP,2025-08-22 11:38:43
MGEE,2025-08-22 11:38:43
MCVT,2025-08-22 11:38:43
ELDN,2025-08-22 11:38:43
MURA,2025-08-22 11:38:43
MBCN,2025-08-22 11:38:43
SBGI,2025-08-22 11:38:43
LYFT,2025-08-22 11:38:43
RIVN,2025-08-22 11:38:43
MGNI,2025-08-22 11:38:43
SENEA,2025-08-22 11:38:43
LNT,2025-08-22 11:38:43
FCUV,2025-08-22 11:38:43
MCW,2025-08-22 11:38:43
MAPS,2025-08-22 11:38:43
MKSI,2025-08-22 11:38:43
SOUN,2025-08-22 11:38:43
OBT,2025-08-22 11:38:43
MDLZ,2025-08-22 11:38:43
OPXS,2025-08-22 11:38:43
MBOT,2025-08-22 11:38:43
PGY,2025-08-22 11:38:43
LRHC,2025-08-22 11:38:43
GO,2025-08-22 11:38:43
MYFW,2025-08-22 11:38:43
MYSZ,2025-08-22 11:38:43
OTEX,2025-08-22 11:38:43
MBX,2025-08-22 11:38:43
FTDR,2025-08-22 11:38:43
LYEL,2025-08-22 11:38:43
MYSE,2025-08-22 11:38:43
MTSR,2025-08-22 11:38:43
FTHM,2025-08-22 11:38:43
HALO,2025-08-22 11:38:43
HWKN,2025-08-22 11:38:43
EVO,2025-08-22 11:38:43
IPWR,2025-08-22 11:38:43
CFFN,2025-08-22 11:38:43
CBNK,2025-08-22 11:38:43
HSAI,2025-08-22 11:38:43
CINF,2025-08-22 11:38:43
CDTX,2025-08-22 11:38:43
ANPA,2025-08-22 11:38:43
KE,2025-08-22 11:38:43
APYX,2025-08-22 11:38:43
TXT,2025-08-22 11:38:43
JRSH,2025-08-22 11:38:43
APP,2025-08-22 11:38:43
MEOH,2025-08-22 11:38:43
IMKTA,2025-08-22 11:38:43
CARM,2025-08-22 11:38:43
IBEX,2025-08-22 11:38:43
LIND,2025-08-22 11:38:43
RBB,2025-08-22 11:38:43
CRDL,2025-08-22 11:38:43
BJDX,2025-08-22 11:38:43
EM,2025-08-22 11:38:43
HELE,2025-08-22 11:38:43
VFS,2025-08-22 11:38:43
MSFT,2025-08-22 11:38:43
HUBG,2025-08-22 11:38:43
KALU,2025-08-22 11:38:43
BOLD,2025-08-22 11:38:43
GSIT,2025-08-22 11:38:43
GAIA,2025-08-22 11:38:43
FTRK,2025-08-22 11:38:43
PSTV,2025-08-22 11:38:43
NKSH,2025-08-22 11:38:43
GTBP,2025-08-22 11:38:43
IMUX,2025-08-22 11:38:43
IMA,2025-08-22 11:38:43
NXL,2025-08-22 11:38:43
HOPE,2025-08-22 11:38:43
BBSI,2025-08-22 11:38:43
MGTX,2025-08-22 11:38:43
KRT,2025-08-22 11:38:43
INSG,2025-08-22 11:38:43
CGEM,2025-08-22 11:38:43
AVTX,2025-08-22 11:38:43
GT,2025-08-22 11:38:43
TWFG,2025-08-22 11:38:43
GNLX,2025-08-22 11:38:43
IVDA,2025-08-22 11:38:43
GRWG,2025-08-22 11:38:43
DYAI,2025-08-22 11:38:43
FAST,2025-08-22 11:38:43
UMBF,2025-08-22 11:38:43
ALGM,2025-08-22 11:38:43
RGC,2025-08-22 11:38:43
ABAT,2025-08-22 11:38:43
DRUG,2025-08-22 11:38:43
GOGO,2025-08-22 11:38:43
ATRA,2025-08-22 11:38:43
LFCR,2025-08-22 11:38:43
SLE,2025-08-22 11:38:43
NVX,2025-08-22 11:38:43
FLL,2025-08-22 11:38:43
GAME,2025-08-22 11:38:43
JRVR,2025-08-22 11:38:43
ONCY,2025-08-22 11:38:43
HLVX,2025-08-22 11:38:43
CAC,2025-08-22 11:38:43
HOWL,2025-08-22 11:38:43
FLEX,2025-08-22 11:38:43
DFLI,2025-08-22 11:38:43
DOCU,2025-08-22 11:38:43
MASS,2025-08-22 11:38:43
IBCP,2025-08-22 11:38:43
NDSN,2025-08-22 11:38:43
UDMY,2025-08-22 11:38:43
AKAN,2025-08-22 11:38:43
HSDT,2025-08-22 11:38:43
HOND,2025-08-22 11:38:43
MDXH,2025-08-22 11:38:43
ARHS,2025-08-22 11:38:43
UVV,2025-08-22 11:38:43
HITI,2025-08-22 11:38:43
FWONK,2025-08-22 11:38:43
CCOI,2025-08-22 11:38:43
MCRI,2025-08-22 11:38:43
ATXS,2025-08-22 11:38:43
IAS,2025-08-22 11:38:43
MTSI,2025-08-22 11:38:43
STAK,2025-08-22 11:38:43
BTBD,2025-08-22 11:38:43
LAWR,2025-08-22 11:38:43
DUOL,2025-08-22 11:38:43
INVE,2025-08-22 11:38:43
ROIV,2025-08-22 11:38:43
INVA,2025-08-22 11:38:43
GSIW,2025-08-22 11:38:43
FITB,2025-08-22 11:38:43
GSM,2025-08-22 11:38:43
SYRE,2025-08-22 11:38:43
PRTS,2025-08-22 11:38:43
INM,2025-08-22 11:38:43
FBIO,2025-08-22 11:38:43
UPB,2025-08-22 11:38:43
INVZ,2025-08-22 11:38:43
HLNE,2025-08-22 11:38:43
CPRT,2025-08-22 11:38:43
MNST,2025-08-22 11:38:43
BTBT,2025-08-22 11:38:43
DCTH,2025-08-22 11:38:43
BSY,2025-08-22 11:38:43
CMPO,2025-08-22 11:38:43
MIMI,2025-08-22 11:38:43
ASPS,2025-08-22 11:38:43
AZN,2025-08-22 11:38:43
BMRC,2025-08-22 11:38:43
ADVM,2025-08-22 11:38:43
GREE,2025-08-22 11:38:43
VRA,2025-08-22 11:38:43
DCGO,2025-08-22 11:38:43
CPRX,2025-08-22 11:38:43
MATH,2025-08-22 11:38:43
DAKT,2025-08-22 11:38:43
CCLD,2025-08-22 11:38:43
BHF,2025-08-22 11:38:43
CDRO,2025-08-22 11:38:43
LBRDK,2025-08-22 11:38:43
CDNS,2025-08-22 11:38:43
BEAT,2025-08-22 11:38:43
BRFH,2025-08-22 11:38:43
PPBI,2025-08-22 11:38:43
BASE,2025-08-22 11:38:43
ANAB,2025-08-22 11:38:43
TZUP,2025-08-22 11:38:43
SNGX,2025-08-22 11:38:43
FRPT,2025-08-22 11:38:43
BWEN,2025-08-22 11:38:43
AUR,2025-08-22 11:38:43
ACDC,2025-08-22 11:38:43
GPCR,2025-08-22 11:38:43
CSGP,2025-08-22 11:38:43
MTCH,2025-08-22 11:38:43
BHFAM,2025-08-22 11:38:43
MODD,2025-08-22 11:38:43
FNWD,2025-08-22 11:38:43
TRMB,2025-08-22 11:38:43
IOSP,2025-08-22 11:38:43
KYIV,2025-08-22 11:38:43
AXTI,2025-08-22 11:38:43
SNCR,2025-08-22 11:38:43
ORGN,2025-08-22 11:38:43
AAPL,2025-08-22 11:38:43
AVGO,2025-08-22 11:38:43
LILA,2025-08-22 11:38:43
ADEA,2025-08-22 11:38:43
WGRX,2025-08-22 11:38:43
KVHI,2025-08-22 11:38:43
XMTR,2025-08-22 11:38:43
BNTC,2025-08-22 11:38:43
CZWI,2025-08-22 11:38:43
HVMCU,2025-08-22 11:38:43
ALOT,2025-08-22 11:38:43
CAPR,2025-08-22 11:38:43
MKTW,2025-08-22 11:38:43
LX,2025-08-22 11:38:43
CPB,2025-08-22 11:38:43
BTDR,2025-08-22 11:38:43
TCBX,2025-08-22 11:38:43
NXPI,2025-08-22 11:38:43
MESA,2025-08-22 11:38:43
MORN,2025-08-22 11:38:43
LCCC,2025-08-22 11:38:43
COFS,2025-08-22 11:38:43
OCTO,2025-08-22 11:38:43
FPAY,2025-08-22 11:38:43
BBNX,2025-08-22 11:38:43
BEEM,2025-08-22 11:38:43
FKWL,2025-08-22 11:38:43
HOLO,2025-08-22 11:38:43
MESO,2025-08-22 11:38:43
DTST,2025-08-22 11:38:43
ATEX,2025-08-22 11:38:43
JBIO,2025-08-22 11:38:43
PHLT,2025-08-22 11:38:43
ATLO,2025-08-22 11:38:43
BLZE,2025-08-22 11:38:43
LCNB,2025-08-22 11:38:43
CJET,2025-08-22 11:38:43
GSHD,2025-08-22 11:38:43
GASS,2025-08-22 11:38:43
LNTH,2025-08-22 11:38:43
CLST,2025-08-22 11:38:43
EVGO,2025-08-22 11:38:43
UTMD,2025-08-22 11:38:43
KDP,2025-08-22 11:38:43
HTZ,2025-08-22 11:38:43
EVLV,2025-08-22 11:38:43
DGII,2025-08-22 11:38:43
LILAK,2025-08-22 11:38:43
CPSS,2025-08-22 11:38:43
DFDV,2025-08-22 11:38:43
BCAB,2025-08-22 11:38:43
AZ,2025-08-22 11:38:43
BHAT,2025-08-22 11:38:43
CBSH,2025-08-22 11:38:43
HUMA,2025-08-22 11:38:43
AMAL,2025-08-22 11:38:43
SIFY,2025-08-22 11:38:43
OPI,2025-08-22 11:38:43
LIN,2025-08-22 11:38:43
BMEA,2025-08-22 11:38:43
DIBS,2025-08-22 11:38:43
LNW,2025-08-22 11:38:43
DUO,2025-08-22 11:38:43
CENTA,2025-08-22 11:38:43
EXC,2025-08-22 11:38:43
COGT,2025-08-22 11:38:43
AERT,2025-08-22 11:38:43
AFBI,2025-08-22 11:38:43
EA,2025-08-22 11:38:43
ORKA,2025-08-22 11:38:43
TPG,2025-08-22 11:38:43
SBC,2025-08-22 11:38:43
CABA,2025-08-22 11:38:43
TLX,2025-08-22 11:38:43
CRCT,2025-08-22 11:38:43
EBC,2025-08-22 11:38:43
DRVN,2025-08-22 11:38:43
INBX,2025-08-22 11:38:43
IESC,2025-08-22 11:38:43
BLUWU,2025-08-22 11:38:43
PMVP,2025-08-22 11:38:43
TRS,2025-08-22 11:38:43
AVXL,2025-08-22 11:38:43
LOPE,2025-08-22 11:38:43
LCID,2025-08-22 11:38:43
CTAS,2025-08-22 11:38:43
INAB,2025-08-22 11:38:43
AYTU,2025-08-22 11:38:43
BBOT,2025-08-22 11:38:43
ACNT,2025-08-22 11:38:43
COLM,2025-08-22 11:38:43
CMBM,2025-08-22 11:38:43
DXCM,2025-08-22 11:38:43
JEM,2025-08-22 11:38:43
ASYS,2025-08-22 11:38:43
CENX,2025-08-22 11:38:43
HURN,2025-08-22 11:38:43
CAAS,2025-08-22 11:38:43
KIDS,2025-08-22 11:38:43
ANEB,2025-08-22 11:38:43
BRAG,2025-08-22 11:38:43
ADTN,2025-08-22 11:38:43
ARQ,2025-08-22 11:38:43
VNMEU,2025-08-22 11:38:43
ATEC,2025-08-22 11:38:43
NITO,2025-08-22 11:38:43
ANIK,2025-08-22 11:38:43
UNM,2025-08-22 11:38:43
ACIW,2025-08-22 11:38:43
FFIN,2025-08-22 11:38:43
DYNX,2025-08-22 11:38:43
BCTX,2025-08-22 11:38:43
CXDO,2025-08-22 11:38:43
DKI,2025-08-22 11:38:43
ASTL,2025-08-22 11:38:43
AMBA,2025-08-22 11:38:43
CCBG,2025-08-22 11:38:43
COLB,2025-08-22 11:38:43
CIGI,2025-08-22 11:38:43
BAND,2025-08-22 11:38:43
ALBT,2025-08-22 11:38:43
ALXO,2025-08-22 11:38:43
BSBK,2025-08-22 11:38:43
CLOV,2025-08-22 11:38:43
NICE,2025-08-22 11:38:43
CWCO,2025-08-22 11:38:43
ASTH,2025-08-22 11:38:43
CYCU,2025-08-22 11:38:43
CCCS,2025-08-22 11:38:43
AMKR,2025-08-22 11:38:43
CWD,2025-08-22 11:38:43
COIN,2025-08-22 11:38:43
CERS,2025-08-22 11:38:43
NKTX,2025-08-22 11:38:43
FRPH,2025-08-22 11:38:43
CAI,2025-08-22 11:38:43
CGON,2025-08-22 11:38:43
SLNO,2025-08-22 11:38:43
CNVS,2025-08-22 11:38:43
CGNX,2025-08-22 11:38:43
DVAX,2025-08-22 11:38:43
AROW,2025-08-22 11:38:43
ALLR,2025-08-22 11:38:43
ALT,2025-08-22 11:38:43
INACU,2025-08-22 11:38:43
IZEA,2025-08-22 11:38:43
BOOM,2025-08-22 11:38:43
CYN,2025-08-22 11:38:43
APPN,2025-08-22 11:38:43
AIRJW,2025-08-22 11:38:43
HRTX,2025-08-22 11:38:43
GP,2025-08-22 11:38:43
MVSTW,2025-08-22 11:38:43
MCFT,2025-08-22 11:38:43
GPRE,2025-08-22 11:38:43
AVDL,2025-08-22 11:38:43
FLNC,2025-08-22 11:38:43
BRKR,2025-08-22 11:38:43
FEMY,2025-08-22 11:38:43
EFSI,2025-08-22 11:38:43
SEZL,2025-08-22 11:38:43
ONB,2025-08-22 11:38:43
FONR,2025-08-22 11:38:43
MYGN,2025-08-22 11:38:43
CHCI,2025-08-22 11:38:43
VMC,2025-08-22 11:38:43
ERNA,2025-08-22 11:38:43
MEIP,2025-08-22 11:38:43
KZIA,2025-08-22 11:38:43
FMAO,2025-08-22 11:38:43
HPK,2025-08-22 11:38:43
FORM,2025-08-22 11:38:43
GEOS,2025-08-22 11:38:43
HYPR,2025-08-22 11:38:43
DAWN,2025-08-22 11:38:43
MOGO,2025-08-22 11:38:43
ELAB,2025-08-22 11:38:43
RAYA,2025-08-22 11:38:43
KSPI,2025-08-22 11:38:43
MRBK,2025-08-22 11:38:43
EMPG,2025-08-22 11:38:43
ZD,2025-08-22 11:38:43
WGS,2025-08-22 11:38:43
ECX,2025-08-22 11:38:43
EQIX,2025-08-22 11:38:43
MRNA,2025-08-22 11:38:43
HNRG,2025-08-22 11:38:43
ZENA,2025-08-22 11:38:43
ENVX,2025-08-22 11:38:43
SMXT,2025-08-22 11:38:43
MXL,2025-08-22 11:38:43
WHR,2025-08-22 11:38:43
KOPN,2025-08-22 11:38:43
LOCO,2025-08-22 11:38:43
BKNG,2025-08-22 11:38:43
SUNE,2025-08-22 11:38:43
PLAB,2025-08-22 11:38:43
HFWA,2025-08-22 11:38:43
KYMR,2025-08-22 11:38:43
HCTI,2025-08-22 11:38:43
HCMAU,2025-08-22 11:38:43
PNFP,2025-08-22 11:38:43
MZTI,2025-08-22 11:38:43
LWLG,2025-08-22 11:38:43
TRI,2025-08-22 11:38:43
HCKT,2025-08-22 11:38:43
RPD,2025-08-22 11:38:43
DJT,2025-08-22 11:38:43
MIST,2025-08-22 11:38:43
HON,2025-08-22 11:38:43
ATLX,2025-08-22 11:38:43
MIRA,2025-08-22 11:38:43
GEHC,2025-08-22 11:38:43
HUBC,2025-08-22 11:38:43
AVNW,2025-08-22 11:38:43
LEE,2025-08-22 11:38:43
GBFH,2025-08-22 11:38:43
GYRE,2025-08-22 11:38:43
HRMY,2025-08-22 11:38:43
FYBR,2025-08-22 11:38:43
HWH,2025-08-22 11:38:43
INTC,2025-08-22 11:38:43
METCB,2025-08-22 11:38:43
PNTG,2025-08-22 11:38:43
WAY,2025-08-22 11:38:43
TNDM,2025-08-22 11:38:43
VERI,2025-08-22 11:38:43
JBLU,2025-08-22 11:38:43
HWBK,2025-08-22 11:38:43
IRD,2025-08-22 11:38:43
WHLR,2025-08-22 11:38:43
MBRX,2025-08-22 11:38:43
FIBK,2025-08-22 11:38:43
CODX,2025-08-22 11:38:43
IAC,2025-08-22 11:38:43
GOOGL,2025-08-22 11:38:43
GGAL,2025-08-22 11:38:43
MGRC,2025-08-22 11:38:43
GOOG,2025-08-22 11:38:43
LTBR,2025-08-22 11:38:43
MYNZ,2025-08-22 11:38:43
BFST,2025-08-22 11:38:43
LFUS,2025-08-22 11:38:43
LLYVA,2025-08-22 11:38:43
GRPN,2025-08-22 11:38:43
BLFY,2025-08-22 11:38:43
GLRE,2025-08-22 11:38:43
GCBC,2025-08-22 11:38:43
RENB,2025-08-22 11:38:43
INMD,2025-08-22 11:38:43
CHA,2025-08-22 11:38:43
MBWM,2025-08-22 11:38:43
INGN,2025-08-22 11:38:43
GDHG,2025-08-22 11:38:43
APLD,2025-08-22 11:38:43
BEAM,2025-08-22 11:38:43
BHFAN,2025-08-22 11:38:43
INDB,2025-08-22 11:38:43
ISPR,2025-08-22 11:38:43
IART,2025-08-22 11:38:43
GSRT,2025-08-22 11:38:43
CARG,2025-08-22 11:38:43
ISTR,2025-08-22 11:38:43
JAZZ,2025-08-22 11:38:43
CAMP,2025-08-22 11:38:43
DLO,2025-08-22 11:38:43
DVLT,2025-08-22 11:38:43
IRWD,2025-08-22 11:38:43
INO,2025-08-22 11:38:43
ZLAB,2025-08-22 11:38:43
GLBE,2025-08-22 11:38:43
BHFAO,2025-08-22 11:38:43
DBX,2025-08-22 11:38:43
IQ,2025-08-22 11:38:43
BLNK,2025-08-22 11:38:43
LPLA,2025-08-22 11:38:43
TZOO,2025-08-22 11:38:43
AMCX,2025-08-22 11:38:43
AUDC,2025-08-22 11:38:43
INSM,2025-08-22 11:38:43
GRAB,2025-08-22 11:38:43
FDMT,2025-08-22 11:38:43
DASH,2025-08-22 11:38:43
VRNA,2025-08-22 11:38:43
PCAR,2025-08-22 11:38:43
ICUI,2025-08-22 11:38:43
EOSE,2025-08-22 11:38:43
IMPP,2025-08-22 11:38:43
GTM,2025-08-22 11:38:43
ERII,2025-08-22 11:38:43
AUUD,2025-08-22 11:38:43
AMSC,2025-08-22 11:38:43
AGEN,2025-08-22 11:38:43
MLGO,2025-08-22 11:38:43
BTSG,2025-08-22 11:38:43
LIMN,2025-08-22 11:38:43
NESR,2025-08-22 11:38:43
INDV,2025-08-22 11:38:43
ALRM,2025-08-22 11:38:43
ALTS,2025-08-22 11:38:43
IMMX,2025-08-22 11:38:43
BBLG,2025-08-22 11:38:43
ICFI,2025-08-22 11:38:43
ELVA,2025-08-22 11:38:43
MYPS,2025-08-22 11:38:43
KMB,2025-08-22 11:38:43
CURI,2025-08-22 11:38:43
FCAP,2025-08-22 11:38:43
FWRD,2025-08-22 11:38:43
JMSB,2025-08-22 11:38:43
PODD,2025-08-22 11:38:43
VERX,2025-08-22 11:38:43
FDBC,2025-08-22 11:38:43
FELE,2025-08-22 11:38:43
HSIC,2025-08-22 11:38:43
TENB,2025-08-22 11:38:43
LAMR,2025-08-22 11:38:43
HSII,2025-08-22 11:38:43
KOSS,2025-08-22 11:38:43
GDYN,2025-08-22 11:38:43
BLBD,2025-08-22 11:38:43
FTEL,2025-08-22 11:38:43
ECDA,2025-08-22 11:38:43
TCBK,2025-08-22 11:38:43
GEN,2025-08-22 11:38:43
MSGY,2025-08-22 11:38:43
AVDX,2025-08-22 11:38:43
IPA,2025-08-22 11:38:43
CLBK,2025-08-22 11:38:43
PWP,2025-08-22 11:38:43
MIDD,2025-08-22 11:38:43
MODV,2025-08-22 11:38:43
EDIT,2025-08-22 11:38:43
LAKE,2025-08-22 11:38:43
MRCY,2025-08-22 11:38:43
CRGO,2025-08-22 11:38:43
CHRD,2025-08-22 11:38:43
MLTX,2025-08-22 11:38:43
MTEKW,2025-08-22 11:38:43
ASMB,2025-08-22 11:38:43
IMCR,2025-08-22 11:38:43
ARRY,2025-08-22 11:38:43
PZZA,2025-08-22 11:38:43
ARDX,2025-08-22 11:38:43
STKS,2025-08-22 11:38:43
FBRX,2025-08-22 11:38:43
ALHC,2025-08-22 11:38:43
HGBL,2025-08-22 11:38:43
AIRO,2025-08-22 11:38:43
BTOG,2025-08-22 11:38:43
FSTR,2025-08-22 11:38:43
ACLS,2025-08-22 11:38:43
KITT,2025-08-22 11:38:43
FIVN,2025-08-22 11:38:43
ADI,2025-08-22 11:38:43
CDT,2025-08-22 11:38:43
BBCP,2025-08-22 11:38:43
SFIX,2025-08-22 11:38:43
ADD,2025-08-22 11:38:43
DLTH,2025-08-22 11:38:43
ESTA,2025-08-22 11:38:43
ANTE,2025-08-22 11:38:43
AGRI,2025-08-22 11:38:43
NWBI,2025-08-22 11:38:43
MU,2025-08-22 11:38:43
ALMU,2025-08-22 11:38:43
KLIC,2025-08-22 11:38:43
SY,2025-08-22 11:38:43
HOVR,2025-08-22 11:38:43
TXRH,2025-08-22 11:38:43
MTEK,2025-08-22 11:38:43
LGIH,2025-08-22 11:38:43
ORIC,2025-08-22 11:38:43
MOB,2025-08-22 11:38:43
AUTL,2025-08-22 11:38:43
CBIO,2025-08-22 11:38:43
ARKO,2025-08-22 11:38:43
BEEP,2025-08-22 11:38:43
CGTX,2025-08-22 11:38:43
QRHC,2025-08-22 11:38:43
LAB,2025-08-22 11:38:43
SSTI,2025-08-22 11:38:43
KHC,2025-08-22 11:38:43
GDEN,2025-08-22 11:38:43
CFLT,2025-08-22 11:38:43
VRTX,2025-08-22 11:38:43
MRCC,2025-08-22 11:38:43
MTRX,2025-08-22 11:38:43
ITRN,2025-08-22 11:38:43
KURA,2025-08-22 11:38:43
DCOM,2025-08-22 11:38:43
CISO,2025-08-22 11:38:43
APOG,2025-08-22 11:38:43
CLYM,2025-08-22 11:38:43
DOX,2025-08-22 11:38:43
HCM,2025-08-22 11:38:43
RCKY,2025-08-22 11:38:43
AUID,2025-08-22 11:38:43
CNDT,2025-08-22 11:38:43
ESEA,2025-08-22 11:38:43
ANGI,2025-08-22 11:38:43
ISSC,2025-08-22 11:38:43
BIRD,2025-08-22 11:38:43
TGL,2025-08-22 11:38:43
DENN,2025-08-22 11:38:43
MOFG,2025-08-22 11:38:43
BILI,2025-08-22 11:38:43
BFIN,2025-08-22 11:38:43
INCY,2025-08-22 11:38:43
CNTX,2025-08-22 11:38:43
ALZN,2025-08-22 11:38:43
GIBO,2025-08-22 11:38:43
HURA,2025-08-22 11:38:43
FFAI,2025-08-22 11:38:43
BPRN,2025-08-22 11:38:43
GXAI,2025-08-22 11:38:43
FIZZ,2025-08-22 11:38:43
CNTY,2025-08-22 11:38:43
IOTR,2025-08-22 11:38:43
HNNA,2025-08-22 11:38:43
AMPH,2025-08-22 11:38:43
EGBN,2025-08-22 11:38:43
SMBC,2025-08-22 11:38:43
AIHS,2025-08-22 11:38:43
ABVX,2025-08-22 11:38:43
KLTR,2025-08-22 11:38:43
JJSF,2025-08-22 11:38:43
KNDI,2025-08-22 11:38:43
DSGX,2025-08-22 11:38:43
AMGN,2025-08-22 11:38:43
FTLF,2025-08-22 11:38:43
FIP,2025-08-22 11:38:43
ALGS,2025-08-22 11:38:43
GEVO,2025-08-22 11:38:43
HCAT,2025-08-22 11:38:43
BIIB,2025-08-22 11:38:43
DERM,2025-08-22 11:38:43
SSNC,2025-08-22 11:38:43
WATT,2025-08-22 11:38:43
BLDP,2025-08-22 11:38:43
IQST,2025-08-22 11:38:43
AGYS,2025-08-22 11:38:43
AFJK,2025-08-22 11:38:43
BOTJ,2025-08-22 11:38:43
HURC,2025-08-22 11:38:43
BCML,2025-08-22 11:38:43
LBRDA,2025-08-22 11:38:43
GLMD,2025-08-22 11:38:43
NWS,2025-08-22 11:38:43
ARAY,2025-08-22 11:38:43
ANY,2025-08-22 11:38:43
OGI,2025-08-22 11:38:43
CWST,2025-08-22 11:38:43
DNUT,2025-08-22 11:38:43
CDZI,2025-08-22 11:38:43
CZFS,2025-08-22 11:38:43
COHU,2025-08-22 11:38:43
DAIC,2025-08-22 11:38:43
BAFN,2025-08-22 11:38:43
BOLT,2025-08-22 11:38:43
AMPL,2025-08-22 11:38:43
CEP,2025-08-22 11:38:43
AHCO,2025-08-22 11:38:43
SUUN,2025-08-22 11:38:43
CSAI,2025-08-22 11:38:43
ZUMZ,2025-08-22 11:38:43
FAAS,2025-08-22 11:38:43
ARQQ,2025-08-22 11:38:43
DSWL,2025-08-22 11:38:43
CZNC,2025-08-22 11:38:43
CYTK,2025-08-22 11:38:43
BYSI,2025-08-22 11:38:43
ALDX,2025-08-22 11:38:43
AMAT,2025-08-22 11:38:43
ALKS,2025-08-22 11:38:43
FLY,2025-08-22 11:38:43
OABIW,2025-08-22 11:38:43
CSIQ,2025-08-22 11:38:43
FGMC,2025-08-22 11:38:43
TIL,2025-08-22 11:38:43
DARE,2025-08-22 11:38:43
CBAT,2025-08-22 11:38:43
ALNY,2025-08-22 11:38:43
ALVO,2025-08-22 11:38:43
ESPR,2025-08-22 11:38:43
APGE,2025-08-22 11:38:43
DKNG,2025-08-22 11:38:43
BZUN,2025-08-22 11:38:43
APLS,2025-08-22 11:38:43
ALEC,2025-08-22 11:38:43
BZAI,2025-08-22 11:38:43
CLDX,2025-08-22 11:38:43
CHKP,2025-08-22 11:38:43
CPHC,2025-08-22 11:38:43
BULL,2025-08-22 11:38:43
AVAV,2025-08-22 11:38:43
SKYT,2025-08-22 11:38:43
LUNG,2025-08-22 11:38:43
BMR,2025-08-22 11:38:43
CLFD,2025-08-22 11:38:43
CLPT,2025-08-22 11:38:43
IMVT,2025-08-22 11:38:43
CLLS,2025-08-22 11:38:43
FLYW,2025-08-22 11:38:43
CRDF,2025-08-22 11:38:43
TCOM,2025-08-22 11:38:43
KRNY,2025-08-22 11:38:43
GRYP,2025-08-22 11:38:43
DOYU,2025-08-22 11:38:43
CVGI,2025-08-22 11:38:43
QURE,2025-08-22 11:38:43
RIME,2025-08-22 11:38:43
CLNN,2025-08-22 11:38:43
BL,2025-08-22 11:38:43
IIIV,2025-08-22 11:38:43
KIDZ,2025-08-22 11:38:43
SKWD,2025-08-22 11:38:43
CLMT,2025-08-22 11:38:43
MRVI,2025-08-22 11:38:43
ABL,2025-08-22 11:38:43
EBAY,2025-08-22 11:38:43
ACLX,2025-08-22 11:38:43
BLNE,2025-08-22 11:38:43
ENLV,2025-08-22 11:38:43
CHMG,2025-08-22 11:38:43
CCSI,2025-08-22 11:38:43
MTLS,2025-08-22 11:38:43
CNSP,2025-08-22 11:38:43
MAMA,2025-08-22 11:38:43
DGXX,2025-08-22 11:38:43
AURA,2025-08-22 11:38:43
MAMO,2025-08-22 11:38:43
CRSP,2025-08-22 11:38:43
AEP,2025-08-22 11:38:43
BVFL,2025-08-22 11:38:43
BON,2025-08-22 11:38:43
CHRS,2025-08-22 11:38:43
LIQT,2025-08-22 11:38:43
COSM,2025-08-22 11:38:43
CTMX,2025-08-22 11:38:43
AGIO,2025-08-22 11:38:43
META,2025-08-22 11:38:43
MSBI,2025-08-22 11:38:43
DGNX,2025-08-22 11:38:43
AEI,2025-08-22 11:38:43
LUNR,2025-08-22 11:38:43
ILLR,2025-08-22 11:38:43
LMAT,2025-08-22 11:38:43
ADAP,2025-08-22 11:38:43
SIDU,2025-08-22 11:38:43
GREEL,2025-08-22 11:38:43
FINW,2025-08-22 11:38:43
ORRF,2025-08-22 11:38:43
HDSN,2025-08-22 11:38:43
FTNT,2025-08-22 11:38:43
MNPR,2025-08-22 11:38:43
FROG,2025-08-22 11:38:43
MGYR,2025-08-22 11:38:43
RAY,2025-08-22 11:38:43
KG,2025-08-22 11:38:43
EVRG,2025-08-22 11:38:43
UPBD,2025-08-22 11:38:43
HQI,2025-08-22 11:38:43
EFSC,2025-08-22 11:38:43
CSTL,2025-08-22 11:38:43
LOGI,2025-08-22 11:38:43
HWC,2025-08-22 11:38:43
MNOV,2025-08-22 11:38:43
MANH,2025-08-22 11:38:43
DHC,2025-08-22 11:38:43
IEP,2025-08-22 11:38:43
MVST,2025-08-22 11:38:43
EQ,2025-08-22 11:38:43
INTA,2025-08-22 11:38:43
NXST,2025-08-22 11:38:43
IBOC,2025-08-22 11:38:43
UNCY,2025-08-22 11:38:43
MXCT,2025-08-22 11:38:43
FRSX,2025-08-22 11:38:43
BGL,2025-08-22 11:38:43
MNTK,2025-08-22 11:38:43
TFSL,2025-08-22 11:38:43
STAA,2025-08-22 11:38:43
MCHP,2025-08-22 11:38:43
FHB,2025-08-22 11:38:43
TOI,2025-08-22 11:38:43
EVOK,2025-08-22 11:38:43
MCBS,2025-08-22 11:38:43
ADSK,2025-08-22 11:38:43
FA,2025-08-22 11:38:43
COLA,2025-08-22 11:38:43
MPAA,2025-08-22 11:38:43
CMPX,2025-08-22 11:38:43
BMGL,2025-08-22 11:38:43
ATHR,2025-08-22 11:38:43
ASUR,2025-08-22 11:38:43
APM,2025-08-22 11:38:43
IOVA,2025-08-22 11:38:43
USAU,2025-08-22 11:38:43
ENTO,2025-08-22 11:38:43
KSCP,2025-08-22 11:38:43
MRM,2025-08-22 11:38:43
MBIN,2025-08-22 11:38:43
AIRE,2025-08-22 11:38:43
LKFN,2025-08-22 11:38:43
JBSS,2025-08-22 11:38:43
AIP,2025-08-22 11:38:43
EXE,2025-08-22 11:38:43
KYTX,2025-08-22 11:38:43
WAB,2025-08-22 11:38:43
MAXN,2025-08-22 11:38:43
VS,2025-08-22 11:38:43
POWI,2025-08-22 11:38:43
KMTS,2025-08-22 11:38:43
LAUR,2025-08-22 11:38:43
GDS,2025-08-22 11:38:43
MARA,2025-08-22 11:38:43
WVE,2025-08-22 11:38:43
WTW,2025-08-22 11:38:43
CCEP,2025-08-22 11:38:43
MNDO,2025-08-22 11:38:43
EHTH,2025-08-22 11:38:43
RGEN,2025-08-22 11:38:43
BIOX,2025-08-22 11:38:43
MMSI,2025-08-22 11:38:43
EXFY,2025-08-22 11:38:43
ERIE,2025-08-22 11:38:43
ASTE,2025-08-22 11:38:43
ICHR,2025-08-22 11:38:43
ICLR,2025-08-22 11:38:43
MIND,2025-08-22 11:38:43
FDSB,2025-08-22 11:38:43
LNSR,2025-08-22 11:38:43
HSTM,2025-08-22 11:38:43
BIDU,2025-08-22 11:38:43
MELI,2025-08-22 11:38:43
BCPC,2025-08-22 11:38:43
DNLI,2025-08-22 11:38:43
PLTR,2025-08-22 11:38:43
Z,2025-08-22 11:38:43
LZMH,2025-08-22 11:38:43
LSCC,2025-08-22 11:38:43
UVSP,2025-08-22 11:38:43
HTBK,2025-08-22 11:38:43
AIRJ,2025-08-22 11:38:43
CAEP,2025-08-22 11:38:43
VSEC,2025-08-22 11:38:43
MGNX,2025-08-22 11:38:43
IMG,2025-08-22 11:38:43
IMRX,2025-08-22 11:38:43
EPWK,2025-08-22 11:38:43
DTI,2025-08-22 11:38:43
LSTR,2025-08-22 11:38:43
IXHL,2025-08-22 11:38:43
HRZN,2025-08-22 11:38:43
LHAI,2025-08-22 11:38:43
AMTX,2025-08-22 11:38:43
INTU,2025-08-22 11:38:43
INTS,2025-08-22 11:38:43
MRAM,2025-08-22 11:38:43
GUTS,2025-08-22 11:38:43
RXT,2025-08-22 11:38:43
III,2025-08-22 11:38:43
CHPG,2025-08-22 11:38:43
ENGN,2025-08-22 11:38:43
IDXX,2025-08-22 11:38:43
IMTE,2025-08-22 11:38:43
CRWD,2025-08-22 11:38:43
ELVN,2025-08-22 11:38:43
HBAN,2025-08-22 11:38:43
CLBT,2025-08-22 11:38:43
AFCG,2025-08-22 11:38:43
GSAT,2025-08-22 11:38:43
REG,2025-08-22 11:38:43
GHC,2025-08-22 11:38:43
IRDM,2025-08-22 11:38:43
GBDC,2025-08-22 11:38:43
NDLS,2025-08-22 11:38:43
KGEI,2025-08-22 11:38:43
BTAI,2025-08-22 11:38:43
GTX,2025-08-22 11:38:43
MTVA,2025-08-22 11:38:43
GTEC,2025-08-22 11:38:43
LAES,2025-08-22 11:38:43
MGRM,2025-08-22 11:38:43
CIFR,2025-08-22 11:38:43
KRYS,2025-08-22 11:38:43
RVPH,2025-08-22 11:38:43
BBGI,2025-08-22 11:38:43
NVFY,2025-08-22 11:38:43
SLDB,2025-08-22 11:38:43
BOSC,2025-08-22 11:38:43
KNSA,2025-08-22 11:38:43
HSCS,2025-08-22 11:38:43
CETX,2025-08-22 11:38:43
PYXS,2025-08-22 11:38:43
HTLD,2025-08-22 11:38:43
ANTA,2025-08-22 11:38:43
FXNC,2025-08-22 11:38:43
TEAM,2025-08-22 11:38:43
BTSGU,2025-08-22 11:38:43
IREN,2025-08-22 11:38:43
SHOP,2025-08-22 11:38:43
BAER,2025-08-22 11:38:43
AACB,2025-08-22 11:38:43
CVGW,2025-08-22 11:38:43
MGX,2025-08-22 11:38:43
ILPT,2025-08-22 11:38:43
CTW,2025-08-22 11:38:43
TLSI,2025-08-22 11:38:43
ORLY,2025-08-22 11:38:43
RELY,2025-08-22 11:38:43
FSP,2025-08-22 11:38:43
FMBH,2025-08-22 11:38:43
WIX,2025-08-22 11:38:43
HLP,2025-08-22 11:38:43
CNET,2025-08-22 11:38:43
FTAI,2025-08-22 11:38:43
TBCH,2025-08-22 11:38:43
AKBA,2025-08-22 11:38:43
KALA,2025-08-22 11:38:43
SBRA,2025-08-22 11:38:43
FUTU,2025-08-22 11:38:43
CASI,2025-08-22 11:38:43
INEO,2025-08-22 11:38:43
FUNC,2025-08-22 11:38:43
MBINM,2025-08-22 11:38:43
ICMB,2025-08-22 11:38:43
KLXE,2025-08-22 11:38:43
CRNC,2025-08-22 11:38:43
FCBC,2025-08-22 11:38:43
EJH,2025-08-22 11:38:43
REKR,2025-08-22 11:38:43
IPDN,2025-08-22 11:38:43
TREE,2025-08-22 11:38:43
BOF,2025-08-22 11:38:43
AUPH,2025-08-22 11:38:43
CZR,2025-08-22 11:38:43
GWRS,2025-08-22 11:38:43
SGN,2025-08-22 11:38:43
SGMO,2025-08-22 11:38:43
MDIA,2025-08-22 11:38:43
MOMO,2025-08-22 11:38:43
FLUX,2025-08-22 11:38:43
FCCO,2025-08-22 11:38:43
GLUE,2025-08-22 11:38:43
GIII,2025-08-22 11:38:43
OPRA,2025-08-22 11:38:43
NFE,2025-08-22 11:38:43
CDLX,2025-08-22 11:38:43
KRKR,2025-08-22 11:38:43
LCTX,2025-08-22 11:38:43
SNY,2025-08-22 11:38:43
SURG,2025-08-22 11:38:43
DIT,2025-08-22 11:38:43
LOBO,2025-08-22 11:38:43
URBN,2025-08-22 11:38:43
PDLB,2025-08-22 11:38:43
TRINZ,2025-08-22 11:38:43
CVU,2025-08-22 11:38:43
WXM,2025-08-22 11:38:43
CFSB,2025-08-22 11:38:43
AACG,2025-08-22 11:38:43
TXG,2025-08-22 11:38:43
PLBC,2025-08-22 11:38:43
NAMM,2025-08-22 11:38:43
PDEX,2025-08-22 11:38:43
IONR,2025-08-22 11:38:43
PANL,2025-08-22 11:38:43
LFST,2025-08-22 11:38:43
SFHG,2025-08-22 11:38:43
PAMT,2025-08-22 11:38:43
MGIH,2025-08-22 11:38:43
VRM,2025-08-22 11:38:43
TURB,2025-08-22 11:38:43
PMAX,2025-08-22 11:38:43
GRI,2025-08-22 11:38:43
AAPG,2025-08-22 11:38:43
GTE,2025-08-22 11:38:43
AFYA,2025-08-22 11:38:43
COO,2025-08-22 11:38:43
CYBN,2025-08-22 11:38:43
TMP,2025-08-22 11:38:43
PC,2025-08-22 11:38:43
ADAG,2025-08-22 11:38:43
SACH,2025-08-22 11:38:43
CRWS,2025-08-22 11:38:43
MSS,2025-08-22 11:38:43
LSE,2025-08-22 11:38:43
NIXX,2025-08-22 11:38:43
MWYN,2025-08-22 11:38:43
HBNC,2025-08-22 11:38:43
SOHO,2025-08-22 11:38:43
SOWG,2025-08-22 11:38:43
GTENU,2025-08-22 11:38:43
MEGL,2025-08-22 11:38:43
LDWY,2025-08-22 11:38:43
TCBIO,2025-08-22 11:38:43
USGO,2025-08-22 11:38:43
RYAAY,2025-08-22 11:38:43
CTM,2025-08-22 11:38:43
SGRY,2025-08-22 11:38:43
ROKU,2025-08-22 11:38:43
SELX,2025-08-22 11:38:43
SEDG,2025-08-22 11:38:43
VCTR,2025-08-22 11:38:43
SWKHL,2025-08-22 11:38:43
OSTX,2025-08-22 11:38:43
BGFV,2025-08-22 11:38:43
FOXX,2025-08-22 11:38:43
ENVB,2025-08-22 11:38:43
SIGA,2025-08-22 11:38:43
HXHX,2025-08-22 11:38:43
PGEN,2025-08-22 11:38:43
PANW,2025-08-22 11:38:43
DDOG,2025-08-22 11:38:43
TRUD,2025-08-22 11:38:43
SMMT,2025-08-22 11:38:43
WAVE,2025-08-22 11:38:43
NERV,2025-08-22 11:38:43
WSBC,2025-08-22 11:38:43
MPWR,2025-08-22 11:38:43
ALDF,2025-08-22 11:38:43
QNTM,2025-08-22 11:38:43
ADN,2025-08-22 11:38:43
PAVS,2025-08-22 11:38:43
STNE,2025-08-22 11:38:43
VRNT,2025-08-22 11:38:43
MOLN,2025-08-22 11:38:43
NEON,2025-08-22 11:38:43
VWAVW,2025-08-22 11:38:43
ONFO,2025-08-22 11:38:43
ZNTL,2025-08-22 11:38:43
YYAI,2025-08-22 11:38:43
LFVN,2025-08-22 11:38:43
BCARW,2025-08-22 11:38:43
SEED,2025-08-22 11:38:43
NWTN,2025-08-22 11:38:43
SWBI,2025-08-22 11:38:43
GIFT,2025-08-22 11:38:43
NVEC,2025-08-22 11:38:43
DOMO,2025-08-22 11:38:43
BUUU,2025-08-22 11:38:43
PENN,2025-08-22 11:38:43
ZJYL,2025-08-22 11:38:43
FLGT,2025-08-22 11:38:43
HUIZ,2025-08-22 11:38:43
TRUT,2025-08-22 11:38:43
PSHG,2025-08-22 11:38:43
NTAP,2025-08-22 11:38:43
CPBI,2025-08-22 11:38:43
GCT,2025-08-22 11:38:43
SPPL,2025-08-22 11:38:43
CLWT,2025-08-22 11:38:43
NCSM,2025-08-22 11:38:43
CRAQ,2025-08-22 11:38:43
OCCIO,2025-08-22 11:38:43
EVGN,2025-08-22 11:38:43
PASG,2025-08-22 11:38:43
SND,2025-08-22 11:38:43
LWAC,2025-08-22 11:38:43
NWPX,2025-08-22 11:38:43
PBYI,2025-08-22 11:38:43
SNDL,2025-08-22 11:38:43
SWIM,2025-08-22 11:38:43
STI,2025-08-22 11:38:43
CCTG,2025-08-22 11:38:43
SHOT,2025-08-22 11:38:43
SGD,2025-08-22 11:38:43
NIPG,2025-08-22 11:38:43
PHVS,2025-08-22 11:38:43
CUB,2025-08-22 11:38:43
TUSK,2025-08-22 11:38:43
TACOU,2025-08-22 11:38:43
NTIC,2025-08-22 11:38:43
NVAX,2025-08-22 11:38:43
SNDK,2025-08-22 11:38:43
TAYD,2025-08-22 11:38:43
TCX,2025-08-22 11:38:43
MAAS,2025-08-22 11:38:43
SNT,2025-08-22 11:38:43
WALD,2025-08-22 11:38:43
EEFT,2025-08-22 11:38:43
ROP,2025-08-22 11:38:43
NWGL,2025-08-22 11:38:43
RBNE,2025-08-22 11:38:43
INSE,2025-08-22 11:38:43
URG,2025-08-22 11:38:43
URGN,2025-08-22 11:38:43
SNYR,2025-08-22 11:38:43
NEO,2025-08-22 11:38:43
CDW,2025-08-22 11:38:43
TROO,2025-08-22 11:38:43
QNST,2025-08-22 11:38:43
YNOT,2025-08-22 11:38:43
PRDO,2025-08-22 11:38:43
ILAG,2025-08-22 11:38:43
RHLD,2025-08-22 11:38:43
AXIL,2025-08-22 11:38:43
CLGN,2025-08-22 11:38:43
IMXI,2025-08-22 11:38:43
BANX,2025-08-22 11:38:43
CRML,2025-08-22 11:38:43
TORO,2025-08-22 11:38:43
CRMT,2025-08-22 11:38:43
UEC,2025-08-22 11:38:43
NB,2025-08-22 11:38:43
AGNCO,2025-08-22 11:38:43
HTCR,2025-08-22 11:38:43
MDWD,2025-08-22 11:38:43
BDRX,2025-08-22 11:38:43
SLS,2025-08-22 11:38:43
VRAR,2025-08-22 11:38:43
CHDN,2025-08-22 11:38:43
TENX,2025-08-22 11:38:43
GLE,2025-08-22 11:38:43
ACU,2025-08-22 11:38:43
AKTX,2025-08-22 11:38:43
VRCA,2025-08-22 11:38:43
PBFS,2025-08-22 11:38:43
TRML,2025-08-22 11:38:43
UCTT,2025-08-22 11:38:43
INUV,2025-08-22 11:38:43
AREN,2025-08-22 11:38:43
PLUS,2025-08-22 11:38:43
LINK,2025-08-22 11:38:43
MLEC,2025-08-22 11:38:43
SGLY,2025-08-22 11:38:43
REGN,2025-08-22 11:38:43
YQ,2025-08-22 11:38:43
CEPF,2025-08-22 11:38:43
ONDS,2025-08-22 11:38:43
ADPT,2025-08-22 11:38:43
THRM,2025-08-22 11:38:43
OCG,2025-08-22 11:38:43
RVSN,2025-08-22 11:38:43
LPAAU,2025-08-22 11:38:43
TRSG,2025-08-22 11:38:43
JOUT,2025-08-22 11:38:43
RZLT,2025-08-22 11:38:43
CENN,2025-08-22 11:38:43
CTGO,2025-08-22 11:38:43
LNZA,2025-08-22 11:38:43
PRTC,2025-08-22 11:38:43
MDRR,2025-08-22 11:38:43
OYSE,2025-08-22 11:38:43
LIEN,2025-08-22 11:38:43
ADGM,2025-08-22 11:38:43
OPK,2025-08-22 11:38:43
POWWP,2025-08-22 11:38:43
TACT,2025-08-22 11:38:43
CVAC,2025-08-22 11:38:43
RMSG,2025-08-22 11:38:43
CMMB,2025-08-22 11:38:43
FERAR,2025-08-22 11:38:43
PTMN,2025-08-22 11:38:43
DTSS,2025-08-22 11:38:43
SIEB,2025-08-22 11:38:43
OBE,2025-08-22 11:38:43
PAYO,2025-08-22 11:38:43
CHAC,2025-08-22 11:38:43
LGCY,2025-08-22 11:38:43
CYCN,2025-08-22 11:38:43
ZURA,2025-08-22 11:38:43
ELMD,2025-08-22 11:38:43
ASTI,2025-08-22 11:38:43
KFII,2025-08-22 11:38:43
FCNCO,2025-08-22 11:38:43
BRID,2025-08-22 11:38:43
TRAW,2025-08-22 11:38:43
ANDE,2025-08-22 11:38:43
OYSEU,2025-08-22 11:38:43
TTGT,2025-08-22 11:38:43
NNE,2025-08-22 11:38:43
DDC,2025-08-22 11:38:43
SEVN,2025-08-22 11:38:43
SQFT,2025-08-22 11:38:43
OPRX,2025-08-22 11:38:43
LGCB,2025-08-22 11:38:43
EYEG,2025-08-22 11:38:43
CREV,2025-08-22 11:38:43
AIMD,2025-08-22 11:38:43
GLXG,2025-08-22 11:38:43
YMAT,2025-08-22 11:38:43
GAINZ,2025-08-22 11:38:43
CVKD,2025-08-22 11:38:43
SSEAU,2025-08-22 11:38:43
NRDS,2025-08-22 11:38:43
FULT,2025-08-22 11:38:43
PEBK,2025-08-22 11:38:43
CCIX,2025-08-22 11:38:43
TNFA,2025-08-22 11:38:43
INDI,2025-08-22 11:38:43
KMDA,2025-08-22 11:38:43
PRK,2025-08-22 11:38:43
OFLX,2025-08-22 11:38:43
OFSSH,2025-08-22 11:38:43
XPL,2025-08-22 11:38:43
BPYPP,2025-08-22 11:38:43
NCI,2025-08-22 11:38:43
SAFX,2025-08-22 11:38:43
JBDI,2025-08-22 11:38:43
BRNS,2025-08-22 11:38:43
ODYS,2025-08-22 11:38:43
GROY,2025-08-22 11:38:43
DVS,2025-08-22 11:38:43
ETHZW,2025-08-22 11:38:43
ODP,2025-08-22 11:38:43
STTK,2025-08-22 11:38:43
LFMD,2025-08-22 11:38:43
TALK,2025-08-22 11:38:43
NXPL,2025-08-22 11:38:43
TNON,2025-08-22 11:38:43
DWSN,2025-08-22 11:38:43
NSYS,2025-08-22 11:38:43
XRX,2025-08-22 11:38:43
PAPL,2025-08-22 11:38:43
SHIP,2025-08-22 11:38:43
MPTI,2025-08-22 11:38:43
PRQR,2025-08-22 11:38:43
OMCC,2025-08-22 11:38:43
SSP,2025-08-22 11:38:43
TGB,2025-08-22 11:38:43
ELA,2025-08-22 11:38:43
WING,2025-08-22 11:38:43
EXOD,2025-08-22 11:38:43
KTTA,2025-08-22 11:38:43
SMPL,2025-08-22 11:38:43
FORLU,2025-08-22 11:38:43
ESP,2025-08-22 11:38:43
SHIM,2025-08-22 11:38:43
TECH,2025-08-22 11:38:43
EXEL,2025-08-22 11:38:43
EQX,2025-08-22 11:38:43
MSPR,2025-08-22 11:38:43
FGI,2025-08-22 11:38:43
DXST,2025-08-22 11:38:43
ZEO,2025-08-22 11:38:43
NXTC,2025-08-22 11:38:43
OCSL,2025-08-22 11:38:43
FTAIN,2025-08-22 11:38:43
ODD,2025-08-22 11:38:43
FSI,2025-08-22 11:38:43
OLLI,2025-08-22 11:38:43
RCT,2025-08-22 11:38:43
OSIS,2025-08-22 11:38:43
VTAK,2025-08-22 11:38:43
NEWP,2025-08-22 11:38:43
MMA,2025-08-22 11:38:43
VTRS,2025-08-22 11:38:43
VNTG,2025-08-22 11:38:43
YHGJ,2025-08-22 11:38:43
HTCO,2025-08-22 11:38:43
ALKT,2025-08-22 11:38:43
TOYO,2025-08-22 11:38:43
GRVY,2025-08-22 11:38:43
IPCXR,2025-08-22 11:38:43
MTNB,2025-08-22 11:38:43
YB,2025-08-22 11:38:43
DC,2025-08-22 11:38:43
PRGS,2025-08-22 11:38:43
PROK,2025-08-22 11:38:43
VOD,2025-08-22 11:38:43
VREX,2025-08-22 11:38:43
UAMY,2025-08-22 11:38:43
PCAPW,2025-08-22 11:38:43
TWNP,2025-08-22 11:38:43
IDR,2025-08-22 11:38:43
LBGJ,2025-08-22 11:38:43
XBIT,2025-08-22 11:38:43
TMQ,2025-08-22 11:38:43
TWST,2025-08-22 11:38:43
BEAGU,2025-08-22 11:38:43
RRGB,2025-08-22 11:38:43
PBHC,2025-08-22 11:38:43
AMST,2025-08-22 11:38:43
MGRX,2025-08-22 11:38:43
HYLN,2025-08-22 11:38:43
VABK,2025-08-22 11:38:43
REE,2025-08-22 11:38:43
BANL,2025-08-22 11:38:43
IAUX,2025-08-22 11:38:43
RMBS,2025-08-22 11:38:43
PODC,2025-08-22 11:38:43
BCTXZ,2025-08-22 11:38:43
PLUG,2025-08-22 11:38:43
PSMT,2025-08-22 11:38:43
PRTA,2025-08-22 11:38:43
CNFR,2025-08-22 11:38:43
ALF,2025-08-22 11:38:43
VRDN,2025-08-22 11:38:43
IMRN,2025-08-22 11:38:43
PEGA,2025-08-22 11:38:43
OLED,2025-08-22 11:38:43
WHLRD,2025-08-22 11:38:43
TBLA,2025-08-22 11:38:43
GIGM,2025-08-22 11:38:43
PYPD,2025-08-22 11:38:43
SCWO,2025-08-22 11:38:43
THRY,2025-08-22 11:38:43
XELB,2025-08-22 11:38:43
JLHL,2025-08-22 11:38:43
CNEY,2025-08-22 11:38:43
NRXP,2025-08-22 11:38:43
REVB,2025-08-22 11:38:43
QSI,2025-08-22 11:38:43
SPRC,2025-08-22 11:38:43
LOKVU,2025-08-22 11:38:43
RILYT,2025-08-22 11:38:43
LBTYB,2025-08-22 11:38:43
SBFG,2025-08-22 11:38:43
QTRX,2025-08-22 11:38:43
RRBI,2025-08-22 11:38:43
LIVE,2025-08-22 11:38:43
RFIL,2025-08-22 11:38:43
QTTB,2025-08-22 11:38:43
SVCO,2025-08-22 11:38:43
RDVT,2025-08-22 11:38:43
PNFPP,2025-08-22 11:38:43
RNW,2025-08-22 11:38:43
RDWR,2025-08-22 11:38:43
LNKS,2025-08-22 11:38:43
NCRA,2025-08-22 11:38:43
SPFI,2025-08-22 11:38:43
RNXT,2025-08-22 11:38:43
GOODO,2025-08-22 11:38:43
PMNT,2025-08-22 11:38:43
PTHL,2025-08-22 11:38:43
PRCT,2025-08-22 11:38:43
STGW,2025-08-22 11:38:43
WWR,2025-08-22 11:38:43
RLYB,2025-08-22 11:38:43
NCPL,2025-08-22 11:38:43
LVTX,2025-08-22 11:38:43
STRW,2025-08-22 11:38:43
NAAS,2025-08-22 11:38:43
PCH,2025-08-22 11:38:43
SINT,2025-08-22 11:38:43
RITR,2025-08-22 11:38:43
NCNA,2025-08-22 11:38:43
RSVR,2025-08-22 11:38:43
PRAX,2025-08-22 11:38:43
TRIN,2025-08-22 11:38:43
MCRP,2025-08-22 11:38:43
RAAQ,2025-08-22 11:38:43
NCTY,2025-08-22 11:38:43
QVCGP,2025-08-22 11:38:43
TROW,2025-08-22 11:38:43
RGNX,2025-08-22 11:38:43
RICK,2025-08-22 11:38:43
NMIH,2025-08-22 11:38:43
ISPO,2025-08-22 11:38:43
ARMN,2025-08-22 11:38:43
IMCC,2025-08-22 11:38:43
PT,2025-08-22 11:38:43
RLGT,2025-08-22 11:38:43
APUS,2025-08-22 11:38:43
SGC,2025-08-22 11:38:43
PAGP,2025-08-22 11:38:43
NEXT,2025-08-22 11:38:43
CORZZ,2025-08-22 11:38:43
AIRT,2025-08-22 11:38:43
GNS,2025-08-22 11:38:43
ANSC,2025-08-22 11:38:43
ZXZZT,2025-08-22 11:38:43
GECCI,2025-08-22 11:38:43
MLACU,2025-08-22 11:38:43
RMCF,2025-08-22 11:38:43
ITIC,2025-08-22 11:38:43
BACCU,2025-08-22 11:38:43
HUSA,2025-08-22 11:38:43
TILE,2025-08-22 11:38:43
PDD,2025-08-22 11:38:43
PHAT,2025-08-22 11:38:43
JSM,2025-08-22 11:38:43
MTEX,2025-08-22 11:38:43
UBCP,2025-08-22 11:38:43
MRNO,2025-08-22 11:38:43
BWBBP,2025-08-22 11:38:43
TWG,2025-08-22 11:38:43
RDNW,2025-08-22 11:38:43
MRX,2025-08-22 11:38:43
VTYX,2025-08-22 11:38:43
FERA,2025-08-22 11:38:43
OLB,2025-08-22 11:38:43
STXS,2025-08-22 11:38:43
SAIH,2025-08-22 11:38:43
TRDA,2025-08-22 11:38:43
EPM,2025-08-22 11:38:43
PMTR,2025-08-22 11:38:43
SOPH,2025-08-22 11:38:43
RBCAA,2025-08-22 11:38:43
DFSCW,2025-08-22 11:38:43
SAIL,2025-08-22 11:38:43
SHOO,2025-08-22 11:38:43
RARE,2025-08-22 11:38:43
STKL,2025-08-22 11:38:43
SNCY,2025-08-22 11:38:43
USEA,2025-08-22 11:38:43
PNRG,2025-08-22 11:38:43
OMH,2025-08-22 11:38:43
YI,2025-08-22 11:38:43
HBT,2025-08-22 11:38:43
OXLCZ,2025-08-22 11:38:43
FATN,2025-08-22 11:38:43
OPCH,2025-08-22 11:38:43
ANGH,2025-08-22 11:38:43
ATHE,2025-08-22 11:38:43
VICR,2025-08-22 11:38:43
HROW,2025-08-22 11:38:43
UBFO,2025-08-22 11:38:43
NA,2025-08-22 11:38:43
OXLCL,2025-08-22 11:38:43
SPOK,2025-08-22 11:38:43
QLYS,2025-08-22 11:38:43
DGICA,2025-08-22 11:38:43
HSPT,2025-08-22 11:38:43
PWM,2025-08-22 11:38:43
OXLCN,2025-08-22 11:38:43
ETON,2025-08-22 11:38:43
AQB,2025-08-22 11:38:43
HBANM,2025-08-22 11:38:43
VSEE,2025-08-22 11:38:43
XTNT,2025-08-22 11:38:43
NBY,2025-08-22 11:38:43
PSKY,2025-08-22 11:38:43
CHR,2025-08-22 11:38:43
PALI,2025-08-22 11:38:43
OESX,2025-08-22 11:38:43
VIVK,2025-08-22 11:38:43
ORIQU,2025-08-22 11:38:43
MYSEW,2025-08-22 11:38:43
VLYPP,2025-08-22 11:38:43
TMDX,2025-08-22 11:38:43
HROWM,2025-08-22 11:38:43
USEG,2025-08-22 11:38:43
HWCPZ,2025-08-22 11:38:43
XTIA,2025-08-22 11:38:43
SWIN,2025-08-22 11:38:43
SOHOB,2025-08-22 11:38:43
AACI,2025-08-22 11:38:43
RVYL,2025-08-22 11:38:43
NSRX,2025-08-22 11:38:43
THCH,2025-08-22 11:38:43
XAIR,2025-08-22 11:38:43
FLGC,2025-08-22 11:38:43
WLDS,2025-08-22 11:38:43
NEWTH,2025-08-22 11:38:43
JZ,2025-08-22 11:38:43
PAX,2025-08-22 11:38:43
NNDM,2025-08-22 11:38:43
GWAV,2025-08-22 11:38:43
TACO,2025-08-22 11:38:43
NXXT,2025-08-22 11:38:43
AEYE,2025-08-22 11:38:43
TRUE,2025-08-22 11:38:43
SMTK,2025-08-22 11:38:43
PENG,2025-08-22 11:38:43
TTAN,2025-08-22 11:38:43
STRK,2025-08-22 11:38:43
ETNB,2025-08-22 11:38:43
HVII,2025-08-22 11:38:43
ZYXI,2025-08-22 11:38:43
INTJ,2025-08-22 11:38:43
IPOD,2025-08-22 11:38:43
WULF,2025-08-22 11:38:43
TVTX,2025-08-22 11:38:43
TIGR,2025-08-22 11:38:43
POLA,2025-08-22 11:38:43
BFC,2025-08-22 11:38:43
CDZIP,2025-08-22 11:38:43
OKUR,2025-08-22 11:38:43
PTON,2025-08-22 11:38:43
NAKA,2025-08-22 11:38:43
ICCC,2025-08-22 11:38:43
GLBZ,2025-08-22 11:38:43
CHSCN,2025-08-22 11:38:43
PCAP,2025-08-22 11:38:43
NYMTI,2025-08-22 11:38:43
NUWE,2025-08-22 11:38:43
TACH,2025-08-22 11:38:43
MLAB,2025-08-22 11:38:43
EVEX-WT,2025-08-22 11:38:43
NVVE,2025-08-22 11:38:43
LVRO,2025-08-22 11:38:43
AFRI,2025-08-22 11:38:43
NUVL,2025-08-22 11:38:43
CCEL,2025-08-22 11:38:43
PECO,2025-08-22 11:38:43
SMID,2025-08-22 11:38:43
TLIH,2025-08-22 11:38:43
PGAC,2025-08-22 11:38:43
MAIA,2025-08-22 11:38:43
OVLY,2025-08-22 11:38:43
NODK,2025-08-22 11:38:43
CDIO,2025-08-22 11:38:43
ZIMV,2025-08-22 11:38:43
MHUA,2025-08-22 11:38:43
TANH,2025-08-22 11:38:43
PAL,2025-08-22 11:38:43
UROY,2025-08-22 11:38:43
TSEM,2025-08-22 11:38:43
CREX,2025-08-22 11:38:43
NAGE,2025-08-22 11:38:43
BHFAL,2025-08-22 11:38:43
BTOC,2025-08-22 11:38:43
TCBS,2025-08-22 11:38:43
NVNI,2025-08-22 11:38:43
HTFL,2025-08-22 11:38:43
IBO,2025-08-22 11:38:43
RTACW,2025-08-22 11:38:43
WORX,2025-08-22 11:38:43
PSNY,2025-08-22 11:38:43
NHC,2025-08-22 11:38:43
AMRX,2025-08-22 11:38:43
CNOB,2025-08-22 11:38:43
SSYS,2025-08-22 11:38:43
DCBO,2025-08-22 11:38:43
INMB,2025-08-22 11:38:43
TYRA,2025-08-22 11:38:43
EBON,2025-08-22 11:38:43
EUDA,2025-08-22 11:38:43
OPTT,2025-08-22 11:38:43
TSHA,2025-08-22 11:38:43
BLRX,2025-08-22 11:38:43
STRA,2025-08-22 11:38:43
LGPS,2025-08-22 11:38:43
PCAPU,2025-08-22 11:38:43
YGMZ,2025-08-22 11:38:43
TNXP,2025-08-22 11:38:43
PRTG,2025-08-22 11:38:43
WDC,2025-08-22 11:38:43
SHBI,2025-08-22 11:38:43
EONR,2025-08-22 11:38:43
CBOE,2025-08-22 11:38:43
SLM,2025-08-22 11:38:43
ROOT,2025-08-22 11:38:43
XNCR,2025-08-22 11:38:43
CELZ,2025-08-22 11:38:43
UBSI,2025-08-22 11:38:43
PLMK,2025-08-22 11:38:43
REGCO,2025-08-22 11:38:43
PROV,2025-08-22 11:38:43
BMHL,2025-08-22 11:38:43
CRTO,2025-08-22 11:38:43
VCICU,2025-08-22 11:38:43
REAL,2025-08-22 11:38:43
SCNI,2025-08-22 11:38:43
SGRP,2025-08-22 11:38:43
FUSB,2025-08-22 11:38:43
SLAB,2025-08-22 11:38:43
VOR,2025-08-22 11:38:43
MAGH,2025-08-22 11:38:43
AEHL,2025-08-22 11:38:43
LIMNW,2025-08-22 11:38:43
SHLS,2025-08-22 11:38:43
BRTX,2025-08-22 11:38:43
EDSA,2025-08-22 11:38:43
OPOF,2025-08-22 11:38:43
CASS,2025-08-22 11:38:43
RUM,2025-08-22 11:38:43
EGHA,2025-08-22 11:38:43
PRE,2025-08-22 11:38:43
AZI,2025-08-22 11:38:43
INBKZ,2025-08-22 11:38:43
AGH,2025-08-22 11:38:43
ARBB,2025-08-22 11:38:43
AGNCL,2025-08-22 11:38:43
NTCL,2025-08-22 11:38:43
AGNCP,2025-08-22 11:38:43
NAVI,2025-08-22 11:38:43
ATII,2025-08-22 11:38:43
DMAAU,2025-08-22 11:38:43
OCFC,2025-08-22 11:38:43
BREA,2025-08-22 11:38:43
OCC,2025-08-22 11:38:43
PRSO,2025-08-22 11:38:43
INDP,2025-08-22 11:38:43
NXGL,2025-08-22 11:38:43
GGR,2025-08-22 11:38:43
MMLP,2025-08-22 11:38:43
SAGT,2025-08-22 11:38:43
DALN,2025-08-22 11:38:43
SIMO,2025-08-22 11:38:43
YYGH,2025-08-22 11:38:43
BACC,2025-08-22 11:38:43
BURU,2025-08-22 11:38:43
NYMT,2025-08-22 11:38:43
ZYME,2025-08-22 11:38:43
ZDGE,2025-08-22 11:38:43
CATX,2025-08-22 11:38:43
RCKT,2025-08-22 11:38:43
BAOS,2025-08-22 11:38:43
LHSW,2025-08-22 11:38:43
CLIK,2025-08-22 11:38:43
DTSQR,2025-08-22 11:38:43
RMNI,2025-08-22 11:38:43
NOTV,2025-08-22 11:38:43
EXAS,2025-08-22 11:38:43
HFBL,2025-08-22 11:38:43
LGO,2025-08-22 11:38:43
SMSI,2025-08-22 11:38:43
RBKB,2025-08-22 11:38:43
NG,2025-08-22 11:38:43
ASM,2025-08-22 11:38:43
UK,2025-08-22 11:38:43
PIII,2025-08-22 11:38:43
CGBDL,2025-08-22 11:38:43
NOVT,2025-08-22 11:38:43
ELWS,2025-08-22 11:38:43
ON,2025-08-22 11:38:43
OYSER,2025-08-22 11:38:43
SWKH,2025-08-22 11:38:43
VEEE,2025-08-22 11:38:43
ELTK,2025-08-22 11:38:43
CGCT,2025-08-22 11:38:43
GDC,2025-08-22 11:38:43
NTES,2025-08-22 11:38:43
RELL,2025-08-22 11:38:43
DHCNL,2025-08-22 11:38:43
CMND,2025-08-22 11:38:43
ZION,2025-08-22 11:38:43
NNNN,2025-08-22 11:38:43
CLPS,2025-08-22 11:38:43
HCWC,2025-08-22 11:38:43
REI,2025-08-22 11:38:43
IZM,2025-08-22 11:38:43
OGEN,2025-08-22 11:38:43
CELC,2025-08-22 11:38:43
HCWB,2025-08-22 11:38:43
TLRY,2025-08-22 11:38:43
WBTN,2025-08-22 11:38:43
NNOX,2025-08-22 11:38:43
TRNS,2025-08-22 11:38:43
DEVS,2025-08-22 11:38:43
SCAG,2025-08-22 11:38:43
SELF,2025-08-22 11:38:43
BPYPN,2025-08-22 11:38:43
SXTC,2025-08-22 11:38:43
INDO,2025-08-22 11:38:43
TASK,2025-08-22 11:38:43
CGTL,2025-08-22 11:38:43
CING,2025-08-22 11:38:43
LGL,2025-08-22 11:38:43
RAPT,2025-08-22 11:38:43
WPRT,2025-08-22 11:38:43
BPYPO,2025-08-22 11:38:43
NSTS,2025-08-22 11:38:43
JL,2025-08-22 11:38:43
CHNR,2025-08-22 11:38:43
XYLO,2025-08-22 11:38:43
GPRO,2025-08-22 11:38:43
AIM,2025-08-22 11:38:43
EZGO,2025-08-22 11:38:43
RFAIR,2025-08-22 11:38:43
SPHL,2025-08-22 11:38:43
BCAL,2025-08-22 11:38:43
UTSI,2025-08-22 11:38:43
BNR,2025-08-22 11:38:43
ELBM,2025-08-22 11:38:43
DDI,2025-08-22 11:38:43
SOAR,2025-08-22 11:38:43
PRLD,2025-08-22 11:38:43
MERC,2025-08-22 11:38:43
SEIC,2025-08-22 11:38:43
TBPH,2025-08-22 11:38:43
CME,2025-08-22 11:38:43
PDFS,2025-08-22 11:38:43
DXR,2025-08-22 11:38:43
VSA,2025-08-22 11:38:43
FATBP,2025-08-22 11:38:43
VBTX,2025-08-22 11:38:43
CMCL,2025-08-22 11:38:43
DRDB,2025-08-22 11:38:43
OFIX,2025-08-22 11:38:43
SDA,2025-08-22 11:38:43
TELA,2025-08-22 11:38:43
TARS,2025-08-22 11:38:43
SBUX,2025-08-22 11:38:43
ASPCR,2025-08-22 11:38:43
SSII,2025-08-22 11:38:43
CRBP,2025-08-22 11:38:43
BOXL,2025-08-22 11:38:43
ATCH,2025-08-22 11:38:43
ARTL,2025-08-22 11:38:43
PLG,2025-08-22 11:38:43
CTNT,2025-08-22 11:38:43
FAT,2025-08-22 11:38:43
MKDW,2025-08-22 11:38:43
BYFC,2025-08-22 11:38:43
CAN,2025-08-22 11:38:43
BRLS,2025-08-22 11:38:43
NXTT,2025-08-22 11:38:43
SFM,2025-08-22 11:38:43
PSIG,2025-08-22 11:38:43
NVCT,2025-08-22 11:38:43
NUAI,2025-08-22 11:38:43
ZTEK,2025-08-22 11:38:43
NRIM,2025-08-22 11:38:43
WENN,2025-08-22 11:38:43
OMAB,2025-08-22 11:38:43
QCOM,2025-08-22 11:38:43
OACC,2025-08-22 11:38:43
WSBF,2025-08-22 11:38:43
GERN,2025-08-22 11:38:43
GNTA,2025-08-22 11:38:43
PVBC,2025-08-22 11:38:43
OLPX,2025-08-22 11:38:43
EVTV,2025-08-22 11:38:43
WINA,2025-08-22 11:38:43
NVNO,2025-08-22 11:38:43
NTLA,2025-08-22 11:38:43
RILYN,2025-08-22 11:38:43
ICCM,2025-08-22 11:38:43
UCL,2025-08-22 11:38:43
MLAC,2025-08-22 11:38:43
SIGIP,2025-08-22 11:38:43
MLACR,2025-08-22 11:38:43
TNMG,2025-08-22 11:38:43
FLYX,2025-08-22 11:38:43
BRRWU,2025-08-22 11:38:43
EFSCP,2025-08-22 11:38:43
OCCIN,2025-08-22 11:38:43
PRME,2025-08-22 11:38:43
SNPS,2025-08-22 11:38:43
SNDX,2025-08-22 11:38:43
WAFDP,2025-08-22 11:38:43
WERN,2025-08-22 11:38:43
OCCI,2025-08-22 11:38:43
WIMI,2025-08-22 11:38:43
FBYD,2025-08-22 11:38:43
TXMD,2025-08-22 11:38:43
XAGE,2025-08-22 11:38:43
TPST,2025-08-22 11:38:43
ZS,2025-08-22 11:38:43
OSUR,2025-08-22 11:38:43
TNYA,2025-08-22 11:38:43
NPCE,2025-08-22 11:38:43
TAIT,2025-08-22 11:38:43
NYAX,2025-08-22 11:38:43
PUBM,2025-08-22 11:38:43
PKBK,2025-08-22 11:38:43
FOLD,2025-08-22 11:38:43
OMER,2025-08-22 11:38:43
FBLG,2025-08-22 11:38:43
OTLK,2025-08-22 11:38:43
FGBIP,2025-08-22 11:38:43
MNRO,2025-08-22 11:38:43
VCYT,2025-08-22 11:38:43
WBUY,2025-08-22 11:38:43
NMTC,2025-08-22 11:38:43
ONEG,2025-08-22 11:38:43
ONCHU,2025-08-22 11:38:43
ATLC,2025-08-22 11:38:43
TOUR,2025-08-22 11:38:43
ISPC,2025-08-22 11:38:43
PLX,2025-08-22 11:38:43
PPIH,2025-08-22 11:38:43
TBRG,2025-08-22 11:38:43
ZBAI,2025-08-22 11:38:43
PCLA,2025-08-22 11:38:43
WAFD,2025-08-22 11:38:43
GRCE,2025-08-22 11:38:43
UG,2025-08-22 11:38:43
PBPB,2025-08-22 11:38:43
PLAG,2025-08-22 11:38:43
SBET,2025-08-22 11:38:43
IBAC,2025-08-22 11:38:43
FLX,2025-08-22 11:38:43
HNST,2025-08-22 11:38:43
FITBP,2025-08-22 11:38:43
VMD,2025-08-22 11:38:43
FIGX,2025-08-22 11:38:43
ENTG,2025-08-22 11:38:43
OBLG,2025-08-22 11:38:43
PPSI,2025-08-22 11:38:43
WBD,2025-08-22 11:38:43
VIRC,2025-08-22 11:38:43
UPST,2025-08-22 11:38:43
KPLT,2025-08-22 11:38:43
PATK,2025-08-22 11:38:43
IVP,2025-08-22 11:38:43
COEP,2025-08-22 11:38:43
NEGG,2025-08-22 11:38:43
ONBPP,2025-08-22 11:38:43
WABC,2025-08-22 11:38:43
SUPN,2025-08-22 11:38:43
BELFA,2025-08-22 11:38:43
CHSCP,2025-08-22 11:38:43
HBIO,2025-08-22 11:38:43
RGP,2025-08-22 11:38:43
PBBK,2025-08-22 11:38:43
SCOR,2025-08-22 11:38:43
ATMC,2025-08-22 11:38:43
USLM,2025-08-22 11:38:43
YIBO,2025-08-22 11:38:43
RILYZ,2025-08-22 11:38:43
UTHR,2025-08-22 11:38:43
STRF,2025-08-22 11:38:43
KAPA,2025-08-22 11:38:43
GURE,2025-08-22 11:38:43
VINP,2025-08-22 11:38:43
SYNA,2025-08-22 11:38:43
FAMI,2025-08-22 11:38:43
XGN,2025-08-22 11:38:43
IMNM,2025-08-22 11:38:43
WETO,2025-08-22 11:38:43
OXSQZ,2025-08-22 11:38:43
SGML,2025-08-22 11:38:43
KTCC,2025-08-22 11:38:43
STRS,2025-08-22 11:38:43
STEC,2025-08-22 11:38:43
HOUR,2025-08-22 11:38:43
VECO,2025-08-22 11:38:43
SYBX,2025-08-22 11:38:43
IMO,2025-08-22 11:38:43
VTVT,2025-08-22 11:38:43
IRON,2025-08-22 11:38:43
JFB,2025-08-22 11:38:43
STFS,2025-08-22 11:38:43
THAR,2025-08-22 11:38:43
RUN,2025-08-22 11:38:43
SWAG,2025-08-22 11:38:43
GDEV,2025-08-22 11:38:43
GTEN,2025-08-22 11:38:43
TURN,2025-08-22 11:38:43
MRSN,2025-08-22 11:38:43
RDCM,2025-08-22 11:38:43
SBLK,2025-08-22 11:38:43
STRRP,2025-08-22 11:38:43
TRVG,2025-08-22 11:38:43
SYNX,2025-08-22 11:38:43
GTIM,2025-08-22 11:38:43
GITS,2025-08-22 11:38:43
RWAYZ,2025-08-22 11:38:43
MACI,2025-08-22 11:38:43
TRIP,2025-08-22 11:38:43
VOXR,2025-08-22 11:38:43
KULR,2025-08-22 11:38:43
WNW,2025-08-22 11:38:43
YOSH,2025-08-22 11:38:43
HYMC,2025-08-22 11:38:43
SYPR,2025-08-22 11:38:43
SABR,2025-08-22 11:38:43
SPNS,2025-08-22 11:38:43
SSBI,2025-08-22 11:38:43
VENU,2025-08-22 11:38:43
TVGN,2025-08-22 11:38:43
GALT,2025-08-22 11:38:43
CALI,2025-08-22 11:38:43
TECTP,2025-08-22 11:38:43
OPEN,2025-08-22 11:38:43
TKNO,2025-08-22 11:38:43
OVID,2025-08-22 11:38:43
GNSS,2025-08-22 11:38:43
PW,2025-08-22 11:38:43
POCI,2025-08-22 11:38:43
TLPH,2025-08-22 11:38:43
FSV,2025-08-22 11:38:43
TGTX,2025-08-22 11:38:43
LSTA,2025-08-22 11:38:43
JZXN,2025-08-22 11:38:43
VERA,2025-08-22 11:38:43
NAK,2025-08-22 11:38:43
JG,2025-08-22 11:38:43
CAPS,2025-08-22 11:38:43
FIGXW,2025-08-22 11:38:43
AAON,2025-08-22 11:38:43
PTCT,2025-08-22 11:38:43
ALAR,2025-08-22 11:38:43
PRZO,2025-08-22 11:38:43
SOPA,2025-08-22 11:38:43
PRPO,2025-08-22 11:38:43
TECX,2025-08-22 11:38:43
JFU,2025-08-22 11:38:43
MB,2025-08-22 11:38:43
DGICB,2025-08-22 11:38:43
REGCP,2025-08-22 11:38:43
CHSCO,2025-08-22 11:38:43
PRPL,2025-08-22 11:38:43
CFBK,2025-08-22 11:38:43
IPCX,2025-08-22 11:38:43
GIPR,2025-08-22 11:38:43
TVRD,2025-08-22 11:38:43
YXT,2025-08-22 11:38:43
JDZG,2025-08-22 11:38:43
REPL,2025-08-22 11:38:43
EPRX,2025-08-22 11:38:43
PI,2025-08-22 11:38:43
PFG,2025-08-22 11:38:43
IPCXU,2025-08-22 11:38:43
RDGT,2025-08-22 11:38:43
NMFCZ,2025-08-22 11:38:43
WAI,2025-08-22 11:38:43
BEAG,2025-08-22 11:38:43
ZDAI,2025-08-22 11:38:43
JVA,2025-08-22 11:38:43
WNEB,2025-08-22 11:38:43
RMCO,2025-08-22 11:38:43
RKLB,2025-08-22 11:38:43
HKIT,2025-08-22 11:38:43
PBM,2025-08-22 11:38:43
WKEY,2025-08-22 11:38:43
CRAQR,2025-08-22 11:38:43
SATS,2025-08-22 11:38:43
TNGX,2025-08-22 11:38:43
SAFT,2025-08-22 11:38:43
DBVT,2025-08-22 11:38:43
UNB,2025-08-22 11:38:43
NEWTI,2025-08-22 11:38:43
VGAS,2025-08-22 11:38:43
PSNL,2025-08-22 11:38:43
IPM,2025-08-22 11:38:43
SONM,2025-08-22 11:38:43
LVLU,2025-08-22 11:38:43
HBANP,2025-08-22 11:38:43
UPLD,2025-08-22 11:38:43
EGHAR,2025-08-22 11:38:43
SLNH,2025-08-22 11:38:43
OPPJ,2025-08-22 11:38:43
ESGL,2025-08-22 11:38:43
MHH,2025-08-22 11:38:43
ATNM,2025-08-22 11:38:43
PINC,2025-08-22 11:38:43
OPHC,2025-08-22 11:38:43
SEB,2025-08-22 11:38:43
LOT,2025-08-22 11:38:43
UGRO,2025-08-22 11:38:43
RDNT,2025-08-22 11:38:43
PAA,2025-08-22 11:38:43
SCHL,2025-08-22 11:38:43
ULTA,2025-08-22 11:38:43
LSF,2025-08-22 11:38:43
REAX,2025-08-22 11:38:43
AACIU,2025-08-22 11:38:43
USAS,2025-08-22 11:38:43
RLMD,2025-08-22 11:38:43
ONBPO,2025-08-22 11:38:43
TKLF,2025-08-22 11:38:43
CACC,2025-08-22 11:38:43
SLRX,2025-08-22 11:38:43
TDAC,2025-08-22 11:38:43
SOHU,2025-08-22 11:38:43
IMPPP,2025-08-22 11:38:43
LRE,2025-08-22 11:38:43
WRAP,2025-08-22 11:38:43
TBBK,2025-08-22 11:38:43
BRKL,2025-08-22 11:38:43
MREO,2025-08-22 11:38:43
BTG,2025-08-22 11:38:43
ONCO,2025-08-22 11:38:43
SRAD,2025-08-22 11:38:43
NHICU,2025-08-22 11:38:43
WDAY,2025-08-22 11:38:43
SCYX,2025-08-22 11:38:43
CALC,2025-08-22 11:38:43
ULY,2025-08-22 11:38:43
SLP,2025-08-22 11:38:43
ZKIN,2025-08-22 11:38:43
JOB,2025-08-22 11:38:43
SKBL,2025-08-22 11:38:43
JWEL,2025-08-22 11:38:43
SLMBP,2025-08-22 11:38:43
TTMI,2025-08-22 11:38:43
REFI,2025-08-22 11:38:43
PFXNZ,2025-08-22 11:38:43
LEGN,2025-08-22 11:38:43
PFBC,2025-08-22 11:38:43
ZCMD,2025-08-22 11:38:43
FCNCA,2025-08-22 11:38:43
OSBC,2025-08-22 11:38:43
ACXP,2025-08-22 11:38:43
SER,2025-08-22 11:38:43
BATRK,2025-08-22 11:38:43
VIVS,2025-08-22 11:38:43
ZJK,2025-08-22 11:38:43
DAIO,2025-08-22 11:38:43
REFR,2025-08-22 11:38:43
GMAB,2025-08-22 11:38:43
PLMR,2025-08-22 11:38:43
GLBS,2025-08-22 11:38:43
EXOZ,2025-08-22 11:38:43
VIASP,2025-08-22 11:38:43
GDTC,2025-08-22 11:38:43
RYTM,2025-08-22 11:38:43
ADVB,2025-08-22 11:38:43
EHGO,2025-08-22 11:38:43
STX,2025-08-22 11:38:43
TMDE,2025-08-22 11:38:43
CJMB,2025-08-22 11:38:43
ALDFU,2025-08-22 11:38:43
ONEW,2025-08-22 11:38:43
TCRT,2025-08-22 11:38:43
AACBR,2025-08-22 11:38:43
HTLM,2025-08-22 11:38:43
DMRC,2025-08-22 11:38:43
MTA,2025-08-22 11:38:43
RWAYL,2025-08-22 11:38:43
LANDO,2025-08-22 11:38:43
PHAR,2025-08-22 11:38:43
GIFI,2025-08-22 11:38:43
UBXG,2025-08-22 11:38:43
APRE,2025-08-22 11:38:43
TCRX,2025-08-22 11:38:43
NRSN,2025-08-22 11:38:43
WWD,2025-08-22 11:38:43
ATIIU,2025-08-22 11:38:43
ABLV,2025-08-22 11:38:43
CDNA,2025-08-22 11:38:43
XOS,2025-08-22 11:38:43
MSGM,2025-08-22 11:38:43
PKOH,2025-08-22 11:38:43
BHM,2025-08-22 11:38:43
ROST,2025-08-22 11:38:43
RXST,2025-08-22 11:38:43
DGLY,2025-08-22 11:38:43
SLN,2025-08-22 11:38:43
QFIN,2025-08-22 11:38:43
ATMV,2025-08-22 11:38:43
WTGUU,2025-08-22 11:38:43
GAINL,2025-08-22 11:38:43
MAG,2025-08-22 11:38:43
VZLA,2025-08-22 11:38:43
SSRM,2025-08-22 11:38:43
VIR,2025-08-22 11:38:43
LANDM,2025-08-22 11:38:43
TMUS,2025-08-22 11:38:43
SEGG,2025-08-22 11:38:43
VWAV,2025-08-22 11:38:43
CNL,2025-08-22 11:38:43
COCP,2025-08-22 11:38:43
TDUP,2025-08-22 11:38:43
FEAM,2025-08-22 11:38:43
GLXY,2025-08-22 11:38:43
SHC,2025-08-22 11:38:43
EHLD,2025-08-22 11:38:43
PDSB,2025-08-22 11:38:43
SRTS,2025-08-22 11:38:43
GRRR,2025-08-22 11:38:43
RAND,2025-08-22 11:38:43
PAYS,2025-08-22 11:38:43
GLGG,2025-08-22 11:38:43
SOBR,2025-08-22 11:38:43
UUUU,2025-08-22 11:38:43
QNRX,2025-08-22 11:38:43
NYMTL,2025-08-22 11:38:43
TXN,2025-08-22 11:38:43
SCKT,2025-08-22 11:38:43
PCRX,2025-08-22 11:38:43
STRZ,2025-08-22 11:38:43
AGAE,2025-08-22 11:38:43
NEUP,2025-08-22 11:38:43
ATPC,2025-08-22 11:38:43
AGNCM,2025-08-22 11:38:43
EXLS,2025-08-22 11:38:43
UOKA,2025-08-22 11:38:43
NLSP,2025-08-22 11:38:43
CMCT,2025-08-22 11:38:43
YORKU,2025-08-22 11:38:43
DCOMG,2025-08-22 11:38:43
NIVF,2025-08-22 11:38:43
YORK,2025-08-22 11:38:43
SWVL,2025-08-22 11:38:43
SRRK,2025-08-22 11:38:43
PTLE,2025-08-22 11:38:43
NAMMW,2025-08-22 11:38:43
SIBN,2025-08-22 11:38:43
STIM,2025-08-22 11:38:43
SNTG,2025-08-22 11:38:43
CLRO,2025-08-22 11:38:43
RUSHB,2025-08-22 11:38:43
ACGL,2025-08-22 11:38:43
CCCXU,2025-08-22 11:38:43
NUKK,2025-08-22 11:38:43
BKTI,2025-08-22 11:38:43
NHIC,2025-08-22 11:38:43
COSO,2025-08-22 11:38:43
ANIP,2025-08-22 11:38:43
UNTY,2025-08-22 11:38:43
ULH,2025-08-22 11:38:43
SLNG,2025-08-22 11:38:43
SKYE,2025-08-22 11:38:43
NTCT,2025-08-22 11:38:43
ACOG,2025-08-22 11:38:43
SKYW,2025-08-22 11:38:43
EDRY,2025-08-22 11:38:43
ARKR,2025-08-22 11:38:43
ORGO,2025-08-22 11:38:43
AGNCN,2025-08-22 11:38:43
ARBK,2025-08-22 11:38:43
AMLX,2025-08-22 11:38:43
GRNQ,2025-08-22 11:38:43
EFTY,2025-08-22 11:38:43
PLUR,2025-08-22 11:38:43
ROCK,2025-08-22 11:38:43
PETZ,2025-08-22 11:38:43
DSY,2025-08-22 11:38:43
SPWRW,2025-08-22 11:38:43
ISRLU,2025-08-22 11:38:43
PULM,2025-08-22 11:38:43
XOMAO,2025-08-22 11:38:43
WYHG,2025-08-22 11:38:43
PONY,2025-08-22 11:38:43
RCEL,2025-08-22 11:38:43
ORIS,2025-08-22 11:38:43
INV,2025-08-22 11:38:43
EDAP,2025-08-22 11:38:43
OSRH,2025-08-22 11:38:43
GAINN,2025-08-22 11:38:43
XOMAP,2025-08-22 11:38:43
IE,2025-08-22 11:38:43
NYMTN,2025-08-22 11:38:43
TER,2025-08-22 11:38:43
STEP,2025-08-22 11:38:43
TOVX,2025-08-22 11:38:43
LSB,2025-08-22 11:38:43
SLND,2025-08-22 11:38:43
SPWH,2025-08-22 11:38:43
NTWK,2025-08-22 11:38:43
LWACU,2025-08-22 11:38:43
THFF,2025-08-22 11:38:43
SHFS,2025-08-22 11:38:43
XOMA,2025-08-22 11:38:43
AENT,2025-08-22 11:38:43
OCS,2025-08-22 11:38:43
HIT,2025-08-22 11:38:43
NYMTG,2025-08-22 11:38:43
LIDR,2025-08-22 11:38:43
PTGX,2025-08-22 11:38:43
SXTP,2025-08-22 11:38:43
NSSC,2025-08-22 11:38:43
NYMTH,2025-08-22 11:38:43
ORKT,2025-08-22 11:38:43
UONE,2025-08-22 11:38:43
VCIG,2025-08-22 11:38:43
SFWL,2025-08-22 11:38:43
UMAC,2025-08-22 11:38:43
OCGN,2025-08-22 11:38:43
KVAC,2025-08-22 11:38:43
OFAL,2025-08-22 11:38:43
SVII,2025-08-22 11:38:43
FGMCU,2025-08-22 11:38:43
LXRX,2025-08-22 11:38:43
HOVNP,2025-08-22 11:38:43
SAIC,2025-08-22 11:38:43
RETO,2025-08-22 11:38:43
PNBK,2025-08-22 11:38:43
AMZN,2025-08-22 11:38:43
BACQ,2025-08-22 11:38:43
NWFL,2025-08-22 11:38:43
EP,2025-08-22 11:38:43
PACH,2025-08-22 11:38:43
NRC,2025-08-22 11:38:43
PHGE,2025-08-22 11:38:43
OTLY,2025-08-22 11:38:43
NXT,2025-08-22 11:38:43
TSLA,2025-08-22 11:38:43
NTGR,2025-08-22 11:38:43
FSHP,2025-08-22 11:38:43
WRD,2025-08-22 11:38:43
TSBK,2025-08-22 11:38:43
PHOE,2025-08-22 11:38:43
NUTX,2025-08-22 11:38:43
OMEX,2025-08-22 11:38:43
TGEN,2025-08-22 11:38:43
QCRH,2025-08-22 11:38:43
GLADZ,2025-08-22 11:38:43
PEPG,2025-08-22 11:38:43
NTWO,2025-08-22 11:38:43
NTRA,2025-08-22 11:38:43
NTRB,2025-08-22 11:38:43
STSS,2025-08-22 11:38:43
YMT,2025-08-22 11:38:43
FARM,2025-08-22 11:38:43
SRZN,2025-08-22 11:38:43
WSC,2025-08-22 11:38:43
FGNX,2025-08-22 11:38:43
MNTS,2025-08-22 11:38:43
RILYL,2025-08-22 11:38:43
QDEL,2025-08-22 11:38:43
WRN,2025-08-22 11:38:43
PAVM,2025-08-22 11:38:43
ORLA,2025-08-22 11:38:43
OM,2025-08-22 11:38:43
PROP,2025-08-22 11:38:43
STRD,2025-08-22 11:38:43
TSCO,2025-08-22 11:38:43
UFPI,2025-08-22 11:38:43
ZBRA,2025-08-22 11:38:43
OPAL,2025-08-22 11:38:43
RPTX,2025-08-22 11:38:43
UEIC,2025-08-22 11:38:43
NVDA,2025-08-22 11:38:43
NEOV,2025-08-22 11:38:43
SDM,2025-08-22 11:38:43
DRIO,2025-08-22 11:38:43
LYRA,2025-08-22 11:38:43
NBTX,2025-08-22 11:38:43
TRUP,2025-08-22 11:38:43
RTACU,2025-08-22 11:38:43
FLYY,2025-08-22 11:38:43
CPSH,2025-08-22 11:38:43
EPOW,2025-08-22 11:38:43
FGBI,2025-08-22 11:38:43
VBNK,2025-08-22 11:38:43
KELYB,2025-08-22 11:38:43
INAC,2025-08-22 11:38:43
BCG,2025-08-22 11:38:43
CTSH,2025-08-22 11:38:43
GENVR,2025-08-22 11:38:43
ARBKL,2025-08-22 11:38:43
CCG,2025-08-22 11:38:43
PELI,2025-08-22 11:38:43
FLYE,2025-08-22 11:38:43
ZIONP,2025-08-22 11:38:43
APT,2025-08-22 11:38:43
SMX,2025-08-22 11:38:43
ATMCU,2025-08-22 11:38:43
SRCE,2025-08-22 11:38:43
VC,2025-08-22 11:38:43
ZVRA,2025-08-22 11:38:43
ZG,2025-08-22 11:38:43
SNAL,2025-08-22 11:38:43
DMAA,2025-08-22 11:38:43
CETY,2025-08-22 11:38:43
TVA,2025-08-22 11:38:43
PACHW,2025-08-22 11:38:43
MOVE,2025-08-22 11:38:43
IPHA,2025-08-22 11:38:43
BHFAP,2025-08-22 11:38:43
ACAD,2025-08-22 11:38:43
TDTH,2025-08-22 11:38:43
GLTO,2025-08-22 11:38:43
SLGL,2025-08-22 11:38:43
BHST,2025-08-22 11:38:43
RGS,2025-08-22 11:38:43
FCNCP,2025-08-22 11:38:43
BENF,2025-08-22 11:38:43
EVAX,2025-08-22 11:38:43
APWC,2025-08-22 11:38:43
CTNM,2025-08-22 11:38:43
WSBCP,2025-08-22 11:38:43
QVCGA,2025-08-22 11:38:43
SGHT,2025-08-22 11:38:43
PSIX,2025-08-22 11:38:43
NWE,2025-08-22 11:38:43
VFF,2025-08-22 11:38:43
HHS,2025-08-22 11:38:43
EDUC,2025-08-22 11:38:43
WILC,2025-08-22 11:38:43
SONO,2025-08-22 11:38:43
VTGN,2025-08-22 11:38:43
GIG,2025-08-22 11:38:43
SFNC,2025-08-22 11:38:43
YJ,2025-08-22 11:38:43
SCPH,2025-08-22 11:38:43
VLGEA,2025-08-22 11:38:43
SPT,2025-08-22 11:38:43
YAAS,2025-08-22 11:38:43
ITRI,2025-08-22 11:38:43
TELO,2025-08-22 11:38:43
HMR,2025-08-22 11:38:43
STRO,2025-08-22 11:38:43
ZBAO,2025-08-22 11:38:43
SABS,2025-08-22 11:38:43
SMLR,2025-08-22 11:38:43
SYTA,2025-08-22 11:38:43
XTLB,2025-08-22 11:38:43
XRAY,2025-08-22 11:38:43
XHG,2025-08-22 11:38:43
XRTX,2025-08-22 11:38:43
STRC,2025-08-22 11:38:43
NISN,2025-08-22 11:38:43
WHLRP,2025-08-22 11:38:43
IMMR,2025-08-22 11:38:43
SYBT,2025-08-22 11:38:43
XFOR,2025-08-22 11:38:43
UCAR,2025-08-22 11:38:43
WHF,2025-08-22 11:38:43
SEER,2025-08-22 11:38:43
HTOO,2025-08-22 11:38:43
INHD,2025-08-22 11:38:43
RPRX,2025-08-22 11:38:43
TRMK,2025-08-22 11:38:43
TRMD,2025-08-22 11:38:43
NATH,2025-08-22 11:38:43
XERS,2025-08-22 11:38:43
MBAV,2025-08-22 11:38:43
INN-PF,2025-08-22 11:38:43
SHEN,2025-08-22 11:38:43
STAI,2025-08-22 11:38:43
PSNYW,2025-08-22 11:38:43
SOGP,2025-08-22 11:38:43
WTO,2025-08-22 11:38:43
LOKVW,2025-08-22 11:38:43
NMRA,2025-08-22 11:38:43
LPA,2025-08-22 11:38:43
BRBS,2025-08-22 11:38:43
TAOP,2025-08-22 11:38:43
IMMP,2025-08-22 11:38:43
GECCH,2025-08-22 11:38:43
LSH,2025-08-22 11:38:43
CMT,2025-08-22 11:38:43
WLFC,2025-08-22 11:38:43
SFBC,2025-08-22 11:38:43
XEL,2025-08-22 11:38:43
RCON,2025-08-22 11:38:43
SBCF,2025-08-22 11:38:43
WVVIP,2025-08-22 11:38:43
WKSP,2025-08-22 11:38:43
WTF,2025-08-22 11:38:43
LSAK,2025-08-22 11:38:43
BLIV,2025-08-22 11:38:43
XCH,2025-08-22 11:38:43
VNDA,2025-08-22 11:38:43
PRCH,2025-08-22 11:38:43
IVA,2025-08-22 11:38:43
LANDP,2025-08-22 11:38:43
LNKB,2025-08-22 11:38:43
CVM,2025-08-22 11:38:43
MFI,2025-08-22 11:38:43
KPTI,2025-08-22 11:38:43
XPON,2025-08-22 11:38:43
AGFY,2025-08-22 11:38:43
UPC,2025-08-22 11:38:43
IONS,2025-08-22 11:38:43
XTKG,2025-08-22 11:38:43
HCSG,2025-08-22 11:38:43
RENT,2025-08-22 11:38:43
UFPT,2025-08-22 11:38:43
OSPN,2025-08-22 11:38:43
OXLCG,2025-08-22 11:38:43
ONC,2025-08-22 11:38:43
GNFT,2025-08-22 11:38:43
XBIO,2025-08-22 11:38:43
GORO,2025-08-22 11:38:43
OXBR,2025-08-22 11:38:43
TOPP,2025-08-22 11:38:43
QRVO,2025-08-22 11:38:43
GOODN,2025-08-22 11:38:43
FLWS,2025-08-22 11:38:43
FMST,2025-08-22 11:38:43
QLGN,2025-08-22 11:38:43
FIGXU,2025-08-22 11:38:43
WTBA,2025-08-22 11:38:43
OXLC,2025-08-22 11:38:43
RGCO,2025-08-22 11:38:43
WVVI,2025-08-22 11:38:43
WLGS,2025-08-22 11:38:43
MFIN,2025-08-22 11:38:43
USARW,2025-08-22 11:38:43
WKHS,2025-08-22 11:38:43
GNPX,2025-08-22 11:38:43
VSTA,2025-08-22 11:38:43
MYO,2025-08-22 11:38:43
ATLCL,2025-08-22 11:38:43
WB,2025-08-22 11:38:43
REBN,2025-08-22 11:38:43
OKTA,2025-08-22 11:38:43
WOK,2025-08-22 11:38:43
ARCC,2025-08-22 11:38:43
GENC,2025-08-22 11:38:43
VMAR,2025-08-22 11:38:43
OXLCP,2025-08-22 11:38:43
WCT,2025-08-22 11:38:43
IFRX,2025-08-22 11:38:43
PAHC,2025-08-22 11:38:43
SGBX,2025-08-22 11:38:43
PCYO,2025-08-22 11:38:43
KXIN,2025-08-22 11:38:43
PMCB,2025-08-22 11:38:43
SBFM,2025-08-22 11:38:43
RYOJ,2025-08-22 11:38:43
WSFS,2025-08-22 11:38:43
HAO,2025-08-22 11:38:43
OXLCO,2025-08-22 11:38:43
ANNX,2025-08-22 11:38:43
ATMVR,2025-08-22 11:38:43
NVMI,2025-08-22 11:38:43
ATLCZ,2025-08-22 11:38:43
MTC,2025-08-22 11:38:43
DUOT,2025-08-22 11:38:43
TYGO,2025-08-22 11:38:43
HROWL,2025-08-22 11:38:43
PGNY,2025-08-22 11:38:43
PPC,2025-08-22 11:38:43
SHMD,2025-08-22 11:38:43
NAMI,2025-08-22 11:38:43
CHSCM,2025-08-22 11:38:43
XWEL,2025-08-22 11:38:43
ELSE,2025-08-22 11:38:43
PROF,2025-08-22 11:38:43
CIIT,2025-08-22 11:38:43
NFLX,2025-08-22 11:38:43
VITL,2025-08-22 11:38:43
NPAC,2025-08-22 11:38:43
KLAC,2025-08-22 11:38:43
SGA,2025-08-22 11:38:43
RDI,2025-08-22 11:38:43
CHSCL,2025-08-22 11:38:43
JXG,2025-08-22 11:38:43
GRO,2025-08-22 11:38:43
JTAI,2025-08-22 11:38:43
JYD,2025-08-22 11:38:43
REYN,2025-08-22 11:38:43
ROMA,2025-08-22 11:38:43
VYGR,2025-08-22 11:38:43
HOFT,2025-08-22 11:38:43
SNSE,2025-08-22 11:38:43
SDOT,2025-08-22 11:38:43
ZOOZ,2025-08-22 11:38:43
RILYG,2025-08-22 11:38:43
AIXI,2025-08-22 11:38:43
SLDP,2025-08-22 11:38:43
FORL,2025-08-22 11:38:43
MDBH,2025-08-22 11:38:43
RILY,2025-08-22 11:38:43
ECOR,2025-08-22 11:38:43
VNET,2025-08-22 11:38:43
OS,2025-08-22 11:38:43
INTT,2025-08-22 11:38:43
NMFC,2025-08-22 11:38:43
OPRT,2025-08-22 11:38:43
RGLD,2025-08-22 11:38:43
VCEL,2025-08-22 11:38:43
STRT,2025-08-22 11:38:43
PDYN,2025-08-22 11:38:43
NEWTZ,2025-08-22 11:38:43
VERU,2025-08-22 11:38:43
KBSX,2025-08-22 11:38:43
OST,2025-08-22 11:38:43
DWTX,2025-08-22 11:38:43
NDRA,2025-08-22 11:38:43
XHLD,2025-08-22 11:38:43
VTSI,2025-08-22 11:38:43
REPX,2025-08-22 11:38:43
FHTX,2025-08-22 11:38:43
DRTS,2025-08-22 11:38:43
OKYO,2025-08-22 11:38:43
PTC,2025-08-22 11:38:43
CCIIU,2025-08-22 11:38:43
UHG,2025-08-22 11:38:43
NFBK,2025-08-22 11:38:43
PHH,2025-08-22 11:38:43
GECC,2025-08-22 11:38:43
STKH,2025-08-22 11:38:43
RDHL,2025-08-22 11:38:43
BFRI,2025-08-22 11:38:43
IROH,2025-08-22 11:38:43
UPWK,2025-08-22 11:38:43
CODA,2025-08-22 11:38:43
ANNA,2025-08-22 11:38:43
KRMD,2025-08-22 11:38:43
INFU,2025-08-22 11:38:43
BSAA,2025-08-22 11:38:43
CREG,2025-08-22 11:38:43
BHB,2025-08-22 11:38:43
SBEV,2025-08-22 11:38:43
FIEE,2025-08-22 11:38:43
TTNP,2025-08-22 11:38:43
NEXN,2025-08-22 11:38:43
EU,2025-08-22 11:38:43
CASK,2025-08-22 11:38:43
LBRDP,2025-08-22 11:38:43
OSW,2025-08-22 11:38:43
VNOM,2025-08-22 11:38:43
TPCS,2025-08-22 11:38:43
NKTR,2025-08-22 11:38:43
CRESY,2025-08-22 11:38:43
APLM,2025-08-22 11:38:43
PFAI,2025-08-22 11:38:43
CNCK,2025-08-22 11:38:43
EDHL,2025-08-22 11:38:43
DSGN,2025-08-22 11:38:43
AIRTP,2025-08-22 11:38:43
MKZR,2025-08-22 11:38:43
NNVC,2025-08-22 11:38:43
PCSA,2025-08-22 11:38:43
CHEK,2025-08-22 11:38:43
SUPX,2025-08-22 11:38:43
SZZL,2025-08-22 11:38:43
AACBU,2025-08-22 11:38:43
ZENV,2025-08-22 11:38:43
IDAI,2025-08-22 11:38:43
UXIN,2025-08-22 11:38:43
NYMTZ,2025-08-22 11:38:43
SOND,2025-08-22 11:38:43
ZBIO,2025-08-22 11:38:43
NATR,2025-08-22 11:38:43
TRON,2025-08-22 11:38:43
ACON,2025-08-22 11:38:43
GECCZ,2025-08-22 11:38:43
PEBO,2025-08-22 11:38:43
MTEN,2025-08-22 11:38:43
FRGT,2025-08-22 11:38:43
UNIT,2025-08-22 11:38:43
GAINI,2025-08-22 11:38:43
RNA,2025-08-22 11:38:43
ANL,2025-08-22 11:38:43
HCAI,2025-08-22 11:38:43
AFJKR,2025-08-22 11:38:43
GORV,2025-08-22 11:38:43
TRIB,2025-08-22 11:38:43
GROW,2025-08-22 11:38:43
RYET,2025-08-22 11:38:43
LGCL,2025-08-22 11:38:43
OMSE,2025-08-22 11:38:43
TTSH,2025-08-22 11:38:43
PMN,2025-08-22 11:38:43
WYNN,2025-08-22 11:38:43
SWKS,2025-08-22 11:38:43
SQFTP,2025-08-22 11:38:43
ZEUS,2025-08-22 11:38:43
PN,2025-08-22 11:38:43
BCAR,2025-08-22 11:38:43
BAYA,2025-08-22 11:38:43
AREC,2025-08-22 11:38:43
PRAA,2025-08-22 11:38:43
IPX,2025-08-22 11:38:43
TTD,2025-08-22 11:38:43
BAYAR,2025-08-22 11:38:43
OBAWU,2025-08-22 11:38:43
VANI,2025-08-22 11:38:43
AMIX,2025-08-22 11:38:43
VALN,2025-08-22 11:38:43
NWTG,2025-08-22 11:38:43
ZYBT,2025-08-22 11:38:43
LEU,2025-08-22 11:38:43
XPEL,2025-08-22 11:38:43
STLD,2025-08-22 11:38:43
NHPAP,2025-08-22 11:38:43
SMTI,2025-08-22 11:38:43
PAYX,2025-08-22 11:38:43
STBA,2025-08-22 11:38:43
DAAQ,2025-08-22 11:38:43
NMPAU,2025-08-22 11:38:43
PRTH,2025-08-22 11:38:43
RKDA,2025-08-22 11:38:43
ASO,2025-08-22 11:38:43
COOT,2025-08-22 11:38:43
NNBR,2025-08-22 11:38:43
XLO,2025-08-22 11:38:43
NECB,2025-08-22 11:38:43
TCBI,2025-08-22 11:38:43
EMX,2025-08-22 11:38:43
MAYA,2025-08-22 11:38:43
RILYK,2025-08-22 11:38:43
BNCWW,2025-08-22 11:38:43
NWL,2025-08-22 11:38:43
RIOT,2025-08-22 11:38:43
POWL,2025-08-22 11:38:43
FORA,2025-08-22 11:38:43
SILO,2025-08-22 11:38:43
NTHI,2025-08-22 11:38:43
LXEH,2025-08-22 11:38:43
BLBX,2025-08-22 11:38:43
DCOMP,2025-08-22 11:38:43
UUU,2025-08-22 11:38:43
OPTX,2025-08-22 11:38:43
SAIA,2025-08-22 11:38:43
SIGI,2025-08-22 11:38:43
POET,2025-08-22 11:38:43
CNOBP,2025-08-22 11:38:43
LVO,2025-08-22 11:38:43
CRMD,2025-08-22 11:38:43
IPW,2025-08-22 11:38:43
NFGC,2025-08-22 11:38:43
ATAT,2025-08-22 11:38:43
ACGLO,2025-08-22 11:38:43
NCT,2025-08-22 11:38:43
KYIVW,2025-08-22 11:38:43
ONMD,2025-08-22 11:38:43
IMTX,2025-08-22 11:38:43
USIO,2025-08-22 11:38:43
AXGN,2025-08-22 11:38:43
SRPT,2025-08-22 11:38:43
SCSC,2025-08-22 11:38:43
AXINU,2025-08-22 11:38:43
SHPH,2025-08-22 11:38:43
OP,2025-08-22 11:38:43
SKYX,2025-08-22 11:38:43
HKPD,2025-08-22 11:38:43
JFBR,2025-08-22 11:38:43
XCUR,2025-08-22 11:38:43
SAMG,2025-08-22 11:38:43
EDTK,2025-08-22 11:38:43
VRSK,2025-08-22 11:38:43
CRVS,2025-08-22 11:38:43
NBN,2025-08-22 11:38:43
OSS,2025-08-22 11:38:43
DRMA,2025-08-22 11:38:43
TW,2025-08-22 11:38:43
GMHS,2025-08-22 11:38:43
WYFI,2025-08-22 11:38:43
QUBT,2025-08-22 11:38:43
HCHL,2025-08-22 11:38:43
ATGL,2025-08-22 11:38:43
TIPT,2025-08-22 11:38:43
SLRC,2025-08-22 11:38:43
BCDA,2025-08-22 11:38:43
VIOT,2025-08-22 11:38:43
ABUS,2025-08-22 11:38:43
BIAF,2025-08-22 11:38:43
ABTS,2025-08-22 11:38:43
RCAT,2025-08-22 11:38:43
TIVC,2025-08-22 11:38:43
YCBD,2025-08-22 11:38:43
SPWR,2025-08-22 11:38:43
TITN,2025-08-22 11:38:43
BMNR,2025-08-22 11:38:43
ABLLL,2025-08-22 11:38:43
SLSN,2025-08-22 11:38:43
CLIR,2025-08-22 11:38:43
COCH,2025-08-22 11:38:43
CTRM,2025-08-22 11:38:43
NYMTM,2025-08-22 11:38:43
TLS,2025-08-22 11:38:43
EGHAU,2025-08-22 11:38:43
TOWN,2025-08-22 11:38:43
GSUN,2025-08-22 11:38:43
SPAI,2025-08-22 11:38:43
OXLCI,2025-08-22 11:38:43
PGC,2025-08-22 11:38:43
PTIX,2025-08-22 11:38:43
MAMK,2025-08-22 11:38:43
TIRX,2025-08-22 11:38:43
OPINL,2025-08-22 11:38:43
SLDE,2025-08-22 11:38:43
CNFRZ,2025-08-22 11:38:43
YTRA,2025-08-22 11:38:43
IROQ,2025-08-22 11:38:43
NGD,2025-08-22 11:38:43
OZKAP,2025-08-22 11:38:43
SVM,2025-08-22 11:38:43
PERI,2025-08-22 11:38:43
CIX,2025-08-22 11:38:43
VACH,2025-08-22 11:38:43
SOTK,2025-08-22 11:38:43
NCL,2025-08-22 11:38:43
RSSS,2025-08-22 11:38:43
ACCS,2025-08-22 11:38:43
HIHO,2025-08-22 11:38:43
WENNU,2025-08-22 11:38:43
TCPC,2025-08-22 11:38:43
SERV,2025-08-22 11:38:43
SSKN,2025-08-22 11:38:43
CURR,2025-08-22 11:38:43
SILC,2025-08-22 11:38:43
NYXH,2025-08-22 11:38:43
TACOW,2025-08-22 11:38:43
ADUS,2025-08-22 11:38:43
ALTI,2025-08-22 11:38:43
NHPBP,2025-08-22 11:38:43
EKSO,2025-08-22 11:38:43
CARV,2025-08-22 11:38:43
WEST,2025-08-22 11:38:43
WEN,2025-08-22 11:38:43
QUMSU,2025-08-22 11:38:43
ARMP,2025-08-22 11:38:43
SVRE,2025-08-22 11:38:43
PFIS,2025-08-22 11:38:43
RNAZ,2025-08-22 11:38:43
ASNS,2025-08-22 11:38:43
NCEW,2025-08-22 11:38:43
WYY,2025-08-22 11:38:43
OFS,2025-08-22 11:38:43
SIF,2025-08-22 11:38:43
WETH,2025-08-22 11:38:43
PSEC,2025-08-22 11:38:43
OBIO,2025-08-22 11:38:43
FATBB,2025-08-22 11:38:43
APDN,2025-08-22 11:38:43
RGTI,2025-08-22 11:38:43
QMMM,2025-08-22 11:38:43
PVLA,2025-08-22 11:38:43
VRRM,2025-08-22 11:38:43
PLSE,2025-08-22 11:38:43
AUBN,2025-08-22 11:38:43
FBIOP,2025-08-22 11:38:43
YMAB,2025-08-22 11:38:43
PLTK,2025-08-22 11:38:43
VVPR,2025-08-22 11:38:43
AHG,2025-08-22 11:38:43
BNRG,2025-08-22 11:38:43
TTEK,2025-08-22 11:38:43
CBFV,2025-08-22 11:38:43
CDTG,2025-08-22 11:38:43
NEWTG,2025-08-22 11:38:43
CGABL,2025-08-22 11:38:43
NAUT,2025-08-22 11:38:43
LPBB,2025-08-22 11:38:43
OABI,2025-08-22 11:38:43
SENS,2025-08-22 11:38:43
NAII,2025-08-22 11:38:43
OBA,2025-08-22 11:38:43
PLRZ,2025-08-22 11:38:43
VVOS,2025-08-22 11:38:43
FGL,2025-08-22 11:38:43
WFCF,2025-08-22 11:38:43
PESI,2025-08-22 11:38:43
FGMCR,2025-08-22 11:38:43
HDL,2025-08-22 11:38:43
GAU,2025-08-22 11:38:43
NTRP,2025-08-22 11:38:43
VBIX,2025-08-22 11:38:43
UFG,2025-08-22 11:38:43
PLRX,2025-08-22 11:38:43
SNES,2025-08-22 11:38:43
NTNX,2025-08-22 11:38:43
SRXH,2025-08-22 11:38:43
BRRWW,2025-08-22 11:38:43
GLDG,2025-08-22 11:38:43
ABCL,2025-08-22 11:38:43
SNEX,2025-08-22 11:38:43
NDAQ,2025-08-22 11:38:43
KTOS,2025-08-22 11:38:43
TMC,2025-08-22 11:38:43
WSBK,2025-08-22 11:38:43
TMCI,2025-08-22 11:38:43
TPGXL,2025-08-22 11:38:43
SRDX,2025-08-22 11:38:43
CCLDO,2025-08-22 11:38:43
TPET,2025-08-22 11:38:43
DNN,2025-08-22 11:38:43
MPU,2025-08-22 11:38:43
SKYQ,2025-08-22 11:38:43
SCNX,2025-08-22 11:38:43
EEIQ,2025-08-22 11:38:43
DTSQ,2025-08-22 11:38:43
PTLO,2025-08-22 11:38:43
GPUS,2025-08-22 11:38:43
SFST,2025-08-22 11:38:43
GPAT,2025-08-22 11:38:43
CIGL,2025-08-22 11:38:43
CLDI,2025-08-22 11:38:43
NRIX,2025-08-22 11:38:43
UONEK,2025-08-22 11:38:43
FRMEP,2025-08-22 11:38:43
SOFI,2025-08-22 11:38:43
EVI,2025-08-22 11:38:43
NSPR,2025-08-22 11:38:43
OVBC,2025-08-22 11:38:43
NPACU,2025-08-22 11:38:43
SOCAU,2025-08-22 11:38:43
PLPC,2025-08-22 11:38:43
RFAI,2025-08-22 11:38:43
VSAT,2025-08-22 11:38:43
MNKD,2025-08-22 11:38:43
ESLA,2025-08-22 11:38:43
FEBO,2025-08-22 11:38:43
SATL,2025-08-22 11:38:43
PACHU,2025-08-22 11:38:43
WTFC,2025-08-22 11:38:43
SAVA,2025-08-22 11:38:43
ITRG,2025-08-22 11:38:43
FOSLL,2025-08-22 11:38:43
JCSE,2025-08-22 11:38:43
OLMA,2025-08-22 11:38:43
GMM,2025-08-22 11:38:43
RAIL,2025-08-22 11:38:43
ITP,2025-08-22 11:38:43
FULTP,2025-08-22 11:38:43
INCR,2025-08-22 11:38:43
NCMI,2025-08-22 11:38:43
VGZ,2025-08-22 11:38:43
TC,2025-08-22 11:38:43
GCL,2025-08-22 11:38:43
PLCE,2025-08-22 11:38:43
RAIN,2025-08-22 11:38:43
XBP,2025-08-22 11:38:43
JAGX,2025-08-22 11:38:43
WW,2025-08-22 11:38:43
TWIN,2025-08-22 11:38:43
CRSR,2025-08-22 11:38:43
CMPS,2025-08-22 11:38:43
IPGP,2025-08-22 11:38:43
LICN,2025-08-22 11:38:43
AYRO,2025-08-22 11:38:43
IROHR,2025-08-22 11:38:43
TOP,2025-08-22 11:38:43
FRBA,2025-08-22 11:38:43
LODE,2025-08-22 11:38:43
ITRM,2025-08-22 11:38:43
SPKL,2025-08-22 11:38:43
PLUT,2025-08-22 11:38:43
HSON,2025-08-22 11:38:43
OXSQ,2025-08-22 11:38:43
PMEC,2025-08-22 11:38:43
HUHU,2025-08-22 11:38:43
GRAN,2025-08-22 11:38:43
SLXN,2025-08-22 11:38:43
YSXT,2025-08-22 11:38:43
QIPT,2025-08-22 11:38:43
SKIN,2025-08-22 11:38:43
YORW,2025-08-22 11:38:43
LEGH,2025-08-22 11:38:43
PLL,2025-08-22 11:38:43
MIRM,2025-08-22 11:38:43
THTX,2025-08-22 11:38:43
SONN,2025-08-22 11:38:43
HBNB,2025-08-22 11:38:43
TRUG,2025-08-22 11:38:43
GTERU,2025-08-22 11:38:43
SPSC,2025-08-22 11:38:43
RPID,2025-08-22 11:38:43
HONDU,2025-08-22 11:38:43
SVRA,2025-08-22 11:38:43
NCNO,2025-08-22 11:38:43
SVC,2025-08-22 11:38:43
NGNE,2025-08-22 11:38:43
GYRO,2025-08-22 11:38:43
VERO,2025-08-22 11:38:43
ROAD,2025-08-22 11:38:43
WHFCL,2025-08-22 11:38:43
UAVS,2025-08-22 11:38:43
SPRO,2025-08-22 11:38:43
LPRO,2025-08-22 11:38:43
WHWK,2025-08-22 11:38:43
NN,2025-08-22 11:38:43
SANA,2025-08-22 11:38:43
WOOF,2025-08-22 11:38:43
MASK,2025-08-22 11:38:43
TRINI,2025-08-22 11:38:43
POWW,2025-08-22 11:38:43
SISI,2025-08-22 11:38:43
LOKV,2025-08-22 11:38:43
GENK,2025-08-22 11:38:43
KMRK,2025-08-22 11:38:43
VALU,2025-08-22 11:38:43
NBIS,2025-08-22 11:38:43
SGMT,2025-08-22 11:38:43
VERB,2025-08-22 11:38:43
GEGGL,2025-08-22 11:38:43
TRNR,2025-08-22 11:38:43
QSG,2025-08-22 11:38:43
STRR,2025-08-22 11:38:43
RXRX,2025-08-22 11:38:43
SEPN,2025-08-22 11:38:43
VUZI,2025-08-22 11:38:43
SVIIR,2025-08-22 11:38:43
TOMZ,2025-08-22 11:38:43
VRAX,2025-08-22 11:38:43
RDAG,2025-08-22 11:38:43
LPAA,2025-08-22 11:38:43
RPAY,2025-08-22 11:38:43
SITM,2025-08-22 11:38:43
RYDE,2025-08-22 11:38:43
IMOS,2025-08-22 11:38:43
SPRY,2025-08-22 11:38:43
GVH,2025-08-22 11:38:43
VEEA,2025-08-22 11:38:43
DOOO,2025-08-22 11:38:43
LEDS,2025-08-22 11:38:43
PXS,2025-08-22 11:38:43
WAFU,2025-08-22 11:38:43
OMDA,2025-08-22 11:38:43
RADX,2025-08-22 11:38:43
JOYY,2025-08-22 11:38:43
RDIB,2025-08-22 11:38:43
IDYA,2025-08-22 11:38:43
CAPNR,2025-08-22 11:38:43
PYPL,2025-08-22 11:38:43
ADBE,2025-08-22 11:38:43
FRHC,2025-08-22 11:38:43
MIGI,2025-08-22 11:38:43
OZK,2025-08-22 11:38:43
CSCI,2025-08-22 11:38:43
NAOV,2025-08-22 11:38:43
HUDI,2025-08-22 11:38:43
KPRX,2025-08-22 11:38:43
GHI,2025-08-22 11:38:43
MBBC,2025-08-22 11:38:43
YHC,2025-08-22 11:38:43
QMCO,2025-08-22 11:38:43
VIAV,2025-08-22 11:38:43
NEXM,2025-08-22 11:38:43
DTCK,2025-08-22 11:38:43
PFSA,2025-08-22 11:38:43
FACT,2025-08-22 11:38:43
SUGP,2025-08-22 11:38:43
PXLW,2025-08-22 11:38:43
PPBT,2025-08-22 11:38:43
LANV,2025-08-22 11:38:43
EGG,2025-08-22 11:38:43
RBBN,2025-08-22 11:38:43
WBA,2025-08-22 11:38:43
SDGR,2025-08-22 11:38:43
BAIG,2025-08-22 11:38:43
AMZE,2025-08-22 11:38:43
VLY,2025-08-22 11:38:43
ADNWW,2025-08-22 11:38:43
TRTN-PD,2025-08-22 11:38:43
NOEM,2025-08-22 11:38:43
CPHI,2025-08-22 11:38:43
SAY,2025-08-22 11:38:43
QBTS-WT,2025-08-22 11:38:43
AEON,2025-08-22 11:38:43
SOHON,2025-08-22 11:38:43
SFB,2025-08-22 11:38:43
CANF,2025-08-22 11:38:43
RMTI,2025-08-22 11:38:43
PZG,2025-08-22 11:38:43
USAR,2025-08-22 11:38:43
FTFT,2025-08-22 11:38:43
SVREW,2025-08-22 11:38:43
ISBA,2025-08-22 11:38:43
DJTWW,2025-08-22 11:38:43
DXF,2025-08-22 11:38:43
NEN,2025-08-22 11:38:43
SLI,2025-08-22 11:38:43
FISK,2025-08-22 11:38:43
IFBD,2025-08-22 11:38:43
SATLW,2025-08-22 11:38:43
DMYY,2025-08-22 11:38:43
WRLD,2025-08-22 11:38:43
GHG,2025-08-22 11:38:43
BATL,2025-08-22 11:38:43
HYFM,2025-08-22 11:38:43
VXRT,2025-08-22 11:38:43
ZM,2025-08-22 11:38:43
RILYP,2025-08-22 11:38:43
TERN,2025-08-22 11:38:43
VSME,2025-08-22 11:38:43
VNO-PN,2025-08-22 11:38:43
VLYPO,2025-08-22 11:38:43
SSSS,2025-08-22 11:38:43
AZTR,2025-08-22 11:38:43
TDI,2025-08-22 11:38:43
SFD,2025-08-22 11:38:43
AUST,2025-08-22 11:38:43
WCC-PA,2025-08-22 11:38:43
SOHOO,2025-08-22 11:38:43
BNH,2025-08-22 11:38:43
TRVI,2025-08-22 11:38:43
LWACW,2025-08-22 11:38:43
BNT,2025-08-22 11:38:43
KMPB,2025-08-22 11:38:43
VNO-PL,2025-08-22 11:38:43
ATLCP,2025-08-22 11:38:43
EFC-PC,2025-08-22 11:38:43
VNO-PM,2025-08-22 11:38:43
CUBI-PE,2025-08-22 11:38:43
INLX,2025-08-22 11:38:43
TBHC,2025-08-22 11:38:43
VLYPN,2025-08-22 11:38:43
TLF,2025-08-22 11:38:43
SPNT-PB,2025-08-22 11:38:43
FTAIM,2025-08-22 11:38:43
TOON,2025-08-22 11:38:43
ABR-PF,2025-08-22 11:38:43
BAC-PS,2025-08-22 11:38:43
SEAL-PA,2025-08-22 11:38:43
NVAWW,2025-08-22 11:38:43
GLOP-PA,2025-08-22 11:38:43
ATCO-PH,2025-08-22 11:38:43
RZLVW,2025-08-22 11:38:43
EIIA,2025-08-22 11:38:43
MFA-PC,2025-08-22 11:38:43
TVC,2025-08-22 11:38:43
TRTX-PC,2025-08-22 11:38:43
AHH-PA,2025-08-22 11:38:43
CODI-PA,2025-08-22 11:38:43
BIPJ,2025-08-22 11:38:43
BHR-PB,2025-08-22 11:38:43
LOCL,2025-08-22 11:38:43
RCD,2025-08-22 11:38:43
AIRI,2025-08-22 11:38:43
NXGLW,2025-08-22 11:38:43
MSN,2025-08-22 11:38:43
DFLIW,2025-08-22 11:38:43
GBR,2025-08-22 11:38:43
DRH-PA,2025-08-22 11:38:43
GMRE-PA,2025-08-22 11:38:43
RAC,2025-08-22 11:38:43
AENTW,2025-08-22 11:38:43
TVAI,2025-08-22 11:38:43
NLY-PI,2025-08-22 11:38:43
CLDT-PA,2025-08-22 11:38:43
ARR-PC,2025-08-22 11:38:43
GAM-PB,2025-08-22 11:38:43
GRRRW,2025-08-22 11:38:43
EICC,2025-08-22 11:38:43
PEB-PG,2025-08-22 11:38:43
SBXD,2025-08-22 11:38:43
PEB-PH,2025-08-22 11:38:43
PSA-PG,2025-08-22 11:38:43
BTMWW,2025-08-22 11:38:43
CRMLW,2025-08-22 11:38:43
BRIA,2025-08-22 11:38:43
GS-PC,2025-08-22 11:38:43
ICR-PA,2025-08-22 11:38:43
ABPWW,2025-08-22 11:38:43
SLSR,2025-08-22 11:38:43
ABR-PD,2025-08-22 11:38:43
EQS,2025-08-22 11:38:43
LUD,2025-08-22 11:38:43
DBRG-PI,2025-08-22 11:38:43
CRESW,2025-08-22 11:38:43
VNRX,2025-08-22 11:38:43
BGLWW,2025-08-22 11:38:43
SVIIW,2025-08-22 11:38:43
SENEB,2025-08-22 11:38:43
RITM-PC,2025-08-22 11:38:43
NCPLW,2025-08-22 11:38:43
BQ,2025-08-22 11:38:43
PELIU,2025-08-22 11:38:43
HUMAW,2025-08-22 11:38:43
CLSKW,2025-08-22 11:38:43
ISOU,2025-08-22 11:38:43
MFA-PB,2025-08-22 11:38:43
CHPGU,2025-08-22 11:38:43
HFSI,2025-08-22 11:38:43
FRT-PC,2025-08-22 11:38:43
PCTTW,2025-08-22 11:38:43
QVCC,2025-08-22 11:38:43
IGC,2025-08-22 11:38:43
FGN,2025-08-22 11:38:43
SOUNW,2025-08-22 11:38:43
INN-PE,2025-08-22 11:38:43
XIN,2025-08-22 11:38:43
RVP,2025-08-22 11:38:43
ELON,2025-08-22 11:38:43
SHO-PH,2025-08-22 11:38:43
ATH-PB,2025-08-22 11:38:43
NSA-PA,2025-08-22 11:38:43
ASB-PF,2025-08-22 11:38:43
AMH-PG,2025-08-22 11:38:43
JACS-UN,2025-08-22 11:38:43
AHL-PD,2025-08-22 11:38:43
MRT,2025-08-22 11:38:43
RMBL,2025-08-22 11:38:43
THM,2025-08-22 11:38:43
NRP,2025-08-22 11:38:43
FURY,2025-08-22 11:38:43
GROY-WT,2025-08-22 11:38:43
RMCOW,2025-08-22 11:38:43
TMCWW,2025-08-22 11:38:43
BRK-A,2025-08-22 11:38:43
KKRS,2025-08-22 11:38:43
BZAIW,2025-08-22 11:38:43
NYC,2025-08-22 11:38:43
CRGOW,2025-08-22 11:38:43
ADSEW,2025-08-22 11:38:43
ALVOW,2025-08-22 11:38:43
ZONE,2025-08-22 11:38:43
BAC-PE,2025-08-22 11:38:43
CORZW,2025-08-22 11:38:43
DAVEW,2025-08-22 11:38:43
SLDPW,2025-08-22 11:38:43
OUSTZ,2025-08-22 11:38:43
RGTIW,2025-08-22 11:38:43
MLSS,2025-08-22 11:38:43
BHR-PD,2025-08-22 11:38:43
KREF-PA,2025-08-22 11:38:43
AKO-B,2025-08-22 11:38:43
HTZWW,2025-08-22 11:38:43
ASBA,2025-08-22 11:38:43
GSL-PB,2025-08-22 11:38:43
CIM-PD,2025-08-22 11:38:43
TRT,2025-08-22 11:38:43
ZOOZW,2025-08-22 11:38:43
TRTN-PC,2025-08-22 11:38:43
JACS,2025-08-22 11:38:43
PSA-PQ,2025-08-22 11:38:43
AMS,2025-08-22 11:38:43
ENO,2025-08-22 11:38:43
LGMK,2025-08-22 11:38:43
COE,2025-08-22 11:38:43
NRXS,2025-08-22 11:38:43
FHN-PC,2025-08-22 11:38:43
TWO-PA,2025-08-22 11:38:43
LNC-PD,2025-08-22 11:38:43
ENGNW,2025-08-22 11:38:43
WENNW,2025-08-22 11:38:43
CIG-C,2025-08-22 11:38:43
DTSTW,2025-08-22 11:38:43
RLJ-PA,2025-08-22 11:38:43
NVNIW,2025-08-22 11:38:43
PMT-PC,2025-08-22 11:38:43
ZEOWW,2025-08-22 11:38:43
MFICL,2025-08-22 11:38:43
PGYWW,2025-08-22 11:38:43
CTA-PA,2025-08-22 11:38:43
GCMGW,2025-08-22 11:38:43
TRTN-PE,2025-08-22 11:38:43
SLNHP,2025-08-22 11:38:43
ONMDW,2025-08-22 11:38:43
PMT-PA,2025-08-22 11:38:43
KFFB,2025-08-22 11:38:43
HYMCL,2025-08-22 11:38:43
AHL-PE,2025-08-22 11:38:43
SCCC,2025-08-22 11:38:43
GNL-PB,2025-08-22 11:38:43
PL-WT,2025-08-22 11:38:43
NXC,2025-08-22 11:38:43
KITTW,2025-08-22 11:38:43
PBMWW,2025-08-22 11:38:43
CAPN,2025-08-22 11:38:43
OPTXW,2025-08-22 11:38:43
USB-PA,2025-08-22 11:38:43
LOGC,2025-08-22 11:38:43
SBXD-UN,2025-08-22 11:38:43
MYND,2025-08-22 11:38:43
IOR,2025-08-22 11:38:43
ACR-PC,2025-08-22 11:38:43
OXY-WT,2025-08-22 11:38:43
ILLRW,2025-08-22 11:38:43
KFIIU,2025-08-22 11:38:43
MULN,2025-08-22 11:38:43
PMTRU,2025-08-22 11:38:43
PTIXW,2025-08-22 11:38:43
SCCG,2025-08-22 11:38:43
PEB-PE,2025-08-22 11:38:43
REXR-PC,2025-08-22 11:38:43
AISPW,2025-08-22 11:38:43
MNYWW,2025-08-22 11:38:43
AAM,2025-08-22 11:38:43
PDPA,2025-08-22 11:38:43
BGI,2025-08-22 11:38:43
MGLD,2025-08-22 11:38:43
CDIOW,2025-08-22 11:38:43
MSPRW,2025-08-22 11:38:43
TWO-PB,2025-08-22 11:38:43
DX-PC,2025-08-22 11:38:43
EPR-PE,2025-08-22 11:38:43
MDCXW,2025-08-22 11:38:43
AMTD,2025-08-22 11:38:43
RCB,2025-08-22 11:38:43
RCC,2025-08-22 11:38:43
BNZIW,2025-08-22 11:38:43
OAK-PA,2025-08-22 11:38:43
ARGO-PA,2025-08-22 11:38:43
ECC-PD,2025-08-22 11:38:43
TRX,2025-08-22 11:38:43
SJ,2025-08-22 11:38:43
ET-PI,2025-08-22 11:38:43
MAYS,2025-08-22 11:38:43
HPKEW,2025-08-22 11:38:43
SRG-PA,2025-08-22 11:38:43
NTIP,2025-08-22 11:38:43
ADC-PA,2025-08-22 11:38:43
SPEGU,2025-08-22 11:38:43
JOBY-WT,2025-08-22 11:38:43
GCLWW,2025-08-22 11:38:43
CET,2025-08-22 11:38:43
AGM-PE,2025-08-22 11:38:43
HOFV,2025-08-22 11:38:43
GLOP-PC,2025-08-22 11:38:43
BFLY-WT,2025-08-22 11:38:43
FUFUW,2025-08-22 11:38:43
STG,2025-08-22 11:38:43
COHN,2025-08-22 11:38:43
BEDU,2025-08-22 11:38:43
DSS,2025-08-22 11:38:43
GBLI,2025-08-22 11:38:43
CXAIW,2025-08-22 11:38:43
RITM-PD,2025-08-22 11:38:43
BRN,2025-08-22 11:38:43
RWT-PA,2025-08-22 11:38:43
AUROW,2025-08-22 11:38:43
ECCF,2025-08-22 11:38:43
BNJ,2025-08-22 11:38:43
JFBRW,2025-08-22 11:38:43
PXSAW,2025-08-22 11:38:43
IIPR-PA,2025-08-22 11:38:43
AACIW,2025-08-22 11:38:43
CMPOW,2025-08-22 11:38:43
VSEEW,2025-08-22 11:38:43
CTO-PA,2025-08-22 11:38:43
ATXI,2025-08-22 11:38:43
EFC-PA,2025-08-22 11:38:43
YCBD-PA,2025-08-22 11:38:43
AHT-PD,2025-08-22 11:38:43
ECDAW,2025-08-22 11:38:43
BULLW,2025-08-22 11:38:43
MFAN,2025-08-22 11:38:43
ACR-PD,2025-08-22 11:38:43
SF-PB,2025-08-22 11:38:43
BIP-PB,2025-08-22 11:38:43
CDROW,2025-08-22 11:38:43
WHLRL,2025-08-22 11:38:43
CODI-PB,2025-08-22 11:38:43
AKA,2025-08-22 11:38:43
GNL-PE,2025-08-22 11:38:43
RC-PE,2025-08-22 11:38:43
CODI-PC,2025-08-22 11:38:43
JCTC,2025-08-22 11:38:43
NLY-PG,2025-08-22 11:38:43
EICA,2025-08-22 11:38:43
BSLKW,2025-08-22 11:38:43
ZCAR,2025-08-22 11:38:43
MAPSW,2025-08-22 11:38:43
DLR-PJ,2025-08-22 11:38:43
KIDZW,2025-08-22 11:38:43
BTBDW,2025-08-22 11:38:43
MSC,2025-08-22 11:38:43
NTZ,2025-08-22 11:38:43
BWNB,2025-08-22 11:38:43
BBAI-WT,2025-08-22 11:38:43
MI,2025-08-22 11:38:43
BENFW,2025-08-22 11:38:43
MSAIW,2025-08-22 11:38:43
CIFRW,2025-08-22 11:38:43
AGM-PD,2025-08-22 11:38:43
OPPE,2025-08-22 11:38:43
HPAI,2025-08-22 11:38:43
AMBI,2025-08-22 11:38:43
EUDAW,2025-08-22 11:38:43
CIM-PA,2025-08-22 11:38:43
RUMBW,2025-08-22 11:38:43
NNAVW,2025-08-22 11:38:43
IPODU,2025-08-22 11:38:43
SHO-PI,2025-08-22 11:38:43
OPFI-WT,2025-08-22 11:38:43
ROLR,2025-08-22 11:38:43
EPR-PG,2025-08-22 11:38:43
SEAL-PB,2025-08-22 11:38:43
WBS-PG,2025-08-22 11:38:43
RITM-PB,2025-08-22 11:38:43
QVCD,2025-08-22 11:38:43
DBRG-PH,2025-08-22 11:38:43
UMH-PD,2025-08-22 11:38:43
ASTLW,2025-08-22 11:38:43
CREVW,2025-08-22 11:38:43
CDR-PB,2025-08-22 11:38:43
PSA-PN,2025-08-22 11:38:43
PSA-PS,2025-08-22 11:38:43
BIP-PA,2025-08-22 11:38:43
STSSW,2025-08-22 11:38:43
IPB,2025-08-22 11:38:43
PSA-PM,2025-08-22 11:38:43
MITT-PA,2025-08-22 11:38:43
EAI,2025-08-22 11:38:43
SNV-PD,2025-08-22 11:38:43
MKC-V,2025-08-22 11:38:43
PED,2025-08-22 11:38:43
SHFSW,2025-08-22 11:38:43
PDYNW,2025-08-22 11:38:43
CYCUW,2025-08-22 11:38:43
AFRIW,2025-08-22 11:38:43
ADVWW,2025-08-22 11:38:43
ENFY,2025-08-22 11:38:43
APCX,2025-08-22 11:38:43
BML-PJ,2025-08-22 11:38:43
OZ,2025-08-22 11:38:43
RWTN,2025-08-22 11:38:43
EVGOW,2025-08-22 11:38:43
PCG-PA,2025-08-22 11:38:43
EOSEW,2025-08-22 11:38:43
VCIC,2025-08-22 11:38:43
SOUL,2025-08-22 11:38:43
PFX,2025-08-22 11:38:43
SWVLW,2025-08-22 11:38:43
OCEA,2025-08-22 11:38:43
BFS-PD,2025-08-22 11:38:43
AUUDW,2025-08-22 11:38:43
ELLO,2025-08-22 11:38:43
BOH-PA,2025-08-22 11:38:43
MITQ,2025-08-22 11:38:43
MSPRZ,2025-08-22 11:38:43
GRAF,2025-08-22 11:38:43
SLG-PI,2025-08-22 11:38:43
DRMAW,2025-08-22 11:38:43
MOGU,2025-08-22 11:38:43
STRN,2025-08-22 11:38:43
BCOR,2025-08-22 11:38:43
FBRT-PE,2025-08-22 11:38:43
ATMCW,2025-08-22 11:38:43
ARGD,2025-08-22 11:38:43
NOTE-WT,2025-08-22 11:38:43
CDTTW,2025-08-22 11:38:43
ACHR-WT,2025-08-22 11:38:43
ATH-PE,2025-08-22 11:38:43
ISPOW,2025-08-22 11:38:43
TRPA,2025-08-22 11:38:43
SHMDW,2025-08-22 11:38:43
REXR-PB,2025-08-22 11:38:43
SYTAW,2025-08-22 11:38:43
HOVRW,2025-08-22 11:38:43
EMP,2025-08-22 11:38:43
NVVEW,2025-08-22 11:38:43
RITM-PA,2025-08-22 11:38:43
BFRIW,2025-08-22 11:38:43
HVIIU,2025-08-22 11:38:43
MWG,2025-08-22 11:38:43
LITB,2025-08-22 11:38:43
AGM-PF,2025-08-22 11:38:43
BCLI,2025-08-22 11:38:43
AHT-PF,2025-08-22 11:38:43
CMRE-PD,2025-08-22 11:38:43
BC-PA,2025-08-22 11:38:43
FCRX,2025-08-22 11:38:43
BACK,2025-08-22 11:38:43
BIPH,2025-08-22 11:38:43
QSIAW,2025-08-22 11:38:43
AMPX-WT,2025-08-22 11:38:43
BKSY-WT,2025-08-22 11:38:43
TWO-PC,2025-08-22 11:38:43
ATIIW,2025-08-22 11:38:43
SONDW,2025-08-22 11:38:43
TRTN-PB,2025-08-22 11:38:43
NAMSW,2025-08-22 11:38:43
GPMT-PA,2025-08-22 11:38:43
EXEEL,2025-08-22 11:38:43
VLN-WT,2025-08-22 11:38:43
SAT,2025-08-22 11:38:43
KIM-PN,2025-08-22 11:38:43
ABVEW,2025-08-22 11:38:43
HEPA,2025-08-22 11:38:43
SCLXW,2025-08-22 11:38:43
ECCX,2025-08-22 11:38:43
ABR-PE,2025-08-22 11:38:43
WRB-PG,2025-08-22 11:38:43
ECCC,2025-08-22 11:38:43
NXN,2025-08-22 11:38:43
ECXWW,2025-08-22 11:38:43
HNNAZ,2025-08-22 11:38:43
ECCW,2025-08-22 11:38:43
VAL-WT,2025-08-22 11:38:43
EVLVW,2025-08-22 11:38:43
MRNOW,2025-08-22 11:38:43
BEP-PA,2025-08-22 11:38:43
VNO-PO,2025-08-22 11:38:43
SBDS,2025-08-22 11:38:43
CGCTW,2025-08-22 11:38:43
NGL-PB,2025-08-22 11:38:43
FLDDW,2025-08-22 11:38:43
AMBO,2025-08-22 11:38:43
MITN,2025-08-22 11:38:43
CYCCP,2025-08-22 11:38:43
HOLOW,2025-08-22 11:38:43
APLMW,2025-08-22 11:38:43
GRP-UN,2025-08-22 11:38:43
COF-PK,2025-08-22 11:38:43
NUKKW,2025-08-22 11:38:43
HWM-P,2025-08-22 11:38:43
PEB-PF,2025-08-22 11:38:43
PCG-PG,2025-08-22 11:38:43
FOXO,2025-08-22 11:38:43
PIIIW,2025-08-22 11:38:43
FAASW,2025-08-22 11:38:43
CUBB,2025-08-22 11:38:43
CINGW,2025-08-22 11:38:43
EFC-PB,2025-08-22 11:38:43
IVR-PC,2025-08-22 11:38:43
GRBK-PA,2025-08-22 11:38:43
NWTNW,2025-08-22 11:38:43
CHMI-PA,2025-08-22 11:38:43
SACH-PA,2025-08-22 11:38:43
TOIIW,2025-08-22 11:38:43
ADXN,2025-08-22 11:38:43
HUBCZ,2025-08-22 11:38:43
IONQ-WT,2025-08-22 11:38:43
DHAIW,2025-08-22 11:38:43
NUVB-WT,2025-08-22 11:38:43
BLDEW,2025-08-22 11:38:43
EQV-UN,2025-08-22 11:38:43
ACONW,2025-08-22 11:38:43
SABSW,2025-08-22 11:38:43
FFAIW,2025-08-22 11:38:43
TVGNW,2025-08-22 11:38:43
HVIIR,2025-08-22 11:38:43
CUBI-PF,2025-08-22 11:38:43
WRB-PE,2025-08-22 11:38:43
CVR,2025-08-22 11:38:43
WGSWW,2025-08-22 11:38:43
AHT-PI,2025-08-22 11:38:43
SAZ,2025-08-22 11:38:43
FORTY,2025-08-22 11:38:43
TBLAW,2025-08-22 11:38:43
CEROW,2025-08-22 11:38:43
XAGEW,2025-08-22 11:38:43
CDR-PC,2025-08-22 11:38:43
CIO-PA,2025-08-22 11:38:43
AHT-PG,2025-08-22 11:38:43
XOSWW,2025-08-22 11:38:43
MFAO,2025-08-22 11:38:43
LEXXW,2025-08-22 11:38:43
GLOP-PB,2025-08-22 11:38:43
AFGE,2025-08-22 11:38:43
NETDW,2025-08-22 11:38:43
XBPEW,2025-08-22 11:38:43
TOPS,2025-08-22 11:38:43
BC-PC,2025-08-22 11:38:43
MITT-PB,2025-08-22 11:38:43
BFS-PE,2025-08-22 11:38:43
GLP-PB,2025-08-22 11:38:43
EPR-PC,2025-08-22 11:38:43
PSEC-PA,2025-08-22 11:38:43
CIM-PC,2025-08-22 11:38:43
ARBEW,2025-08-22 11:38:43
CMRE-PC,2025-08-22 11:38:43
BKKT-WT,2025-08-22 11:38:43
FHN-PE,2025-08-22 11:38:43
CFR-PB,2025-08-22 11:38:43
RJF-PB,2025-08-22 11:38:43
HOOK,2025-08-22 11:38:43
LOTWW,2025-08-22 11:38:43
AIMDW,2025-08-22 11:38:43
SB-PD,2025-08-22 11:38:43
PRENW,2025-08-22 11:38:43
SMAP,2025-08-22 11:38:43
PTPI,2025-08-22 11:38:43
ORGNW,2025-08-22 11:38:43
KPLTW,2025-08-22 11:38:43
ICUCW,2025-08-22 11:38:43
ECCV,2025-08-22 11:38:43
ASB-PE,2025-08-22 11:38:43
GGROW,2025-08-22 11:38:43
ZVSA,2025-08-22 11:38:43
RVPHW,2025-08-22 11:38:43
LIXTW,2025-08-22 11:38:43
SBEV-WT,2025-08-22 11:38:43
DSYWW,2025-08-22 11:38:43
MITT-PC,2025-08-22 11:38:43
SCCF,2025-08-22 11:38:43
OSRHW,2025-08-22 11:38:43
COEPW,2025-08-22 11:38:43
ONFOW,2025-08-22 11:38:43
TALKW,2025-08-22 11:38:43
ARQQW,2025-08-22 11:38:43
DYNXU,2025-08-22 11:38:43
VINC,2025-08-22 11:38:43
BEATW,2025-08-22 11:38:43
IROHW,2025-08-22 11:38:43
LGL-WT,2025-08-22 11:38:43
LIDRW,2025-08-22 11:38:43
TEN-PE,2025-08-22 11:38:43
SANG,2025-08-22 11:38:43
MYPSW,2025-08-22 11:38:43
NXLIW,2025-08-22 11:38:43
RNWWW,2025-08-22 11:38:43
NGL-PC,2025-08-22 11:38:43
MNTSW,2025-08-22 11:38:43
PCG-PD,2025-08-22 11:38:43
WLDSW,2025-08-22 11:38:43
PSFE-WT,2025-08-22 11:38:43
HTFC,2025-08-22 11:38:43
CCNEP,2025-08-22 11:38:43
DYCQ,2025-08-22 11:38:43
PTHS,2025-08-22 11:38:43
WLACW,2025-08-22 11:38:43
EDBLW,2025-08-22 11:38:43
CTA-PB,2025-08-22 11:38:43
KLTOW,2025-08-22 11:38:43
NXPLW,2025-08-22 11:38:43
LTRYW,2025-08-22 11:38:43
NRXPW,2025-08-22 11:38:43
RECT,2025-08-22 11:38:43
FMSTW,2025-08-22 11:38:43
SAJ,2025-08-22 11:38:43
DLNG-PA,2025-08-22 11:38:43
HTOOW,2025-08-22 11:38:43
GIGGW,2025-08-22 11:38:43
BAERW,2025-08-22 11:38:43
ARKOW,2025-08-22 11:38:43
RANGR,2025-08-22 11:38:43
JSPRW,2025-08-22 11:38:43
BLUW,2025-08-22 11:38:43
AEVAW,2025-08-22 11:38:43
AAM-UN,2025-08-22 11:38:43
ALFUW,2025-08-22 11:38:43
SDSTW,2025-08-22 11:38:43
JHLN,2025-08-22 11:38:43
LEGT-UN,2025-08-22 11:38:43
CRKN,2025-08-22 11:38:43
RVMDW,2025-08-22 11:38:43
DSX-PB,2025-08-22 11:38:43
REVBW,2025-08-22 11:38:43
PCG-PB,2025-08-22 11:38:43
AMODW,2025-08-22 11:38:43
CCIXW,2025-08-22 11:38:43
SCCD,2025-08-22 11:38:43
SBCWW,2025-08-22 11:38:43
BFRGW,2025-08-22 11:38:43
SAIHW,2025-08-22 11:38:43
OXBRW,2025-08-22 11:38:43
MOBXW,2025-08-22 11:38:43
HYAC-UN,2025-08-22 11:38:43
BCTXW,2025-08-22 11:38:43
DAAQU,2025-08-22 11:38:43
NREF-PA,2025-08-22 11:38:43
ENJ,2025-08-22 11:38:43
SQFTW,2025-08-22 11:38:43
LCFYW,2025-08-22 11:38:43
GOVXW,2025-08-22 11:38:43
PMTU,2025-08-22 11:38:43
SANW,2025-08-22 11:38:43
BZFDW,2025-08-22 11:38:43
VCICW,2025-08-22 11:38:43
ASBPW,2025-08-22 11:38:43
ISRL,2025-08-22 11:38:43
JUNE,2025-08-22 11:38:43
WLACU,2025-08-22 11:38:43
ESBA,2025-08-22 11:38:43
SLXNW,2025-08-22 11:38:43
NKGN,2025-08-22 11:38:43
WLAC,2025-08-22 11:38:43
DRTSW,2025-08-22 11:38:43
WALDW,2025-08-22 11:38:43
OUSTW,2025-08-22 11:38:43
ESLAW,2025-08-22 11:38:43
CKX,2025-08-22 11:38:43
SIMA,2025-08-22 11:38:43
OACCU,2025-08-22 11:38:43
HLLY-WT,2025-08-22 11:38:43
BLUWW,2025-08-22 11:38:43
EXEEZ,2025-08-22 11:38:43
RANG,2025-08-22 11:38:43
UKOMW,2025-08-22 11:38:43
BARK-WT,2025-08-22 11:38:43
BETRW,2025-08-22 11:38:43
AMPGW,2025-08-22 11:38:43
AREBW,2025-08-22 11:38:43
BNAIW,2025-08-22 11:38:43
EXEEW,2025-08-22 11:38:43
LEGT,2025-08-22 11:38:43
JENA,2025-08-22 11:38:43
CURIW,2025-08-22 11:38:43
HSCSW,2025-08-22 11:38:43
IGTAR,2025-08-22 11:38:43
HSPOW,2025-08-22 11:38:43
NLSPW,2025-08-22 11:38:43
OXSQG,2025-08-22 11:38:43
MBAVW,2025-08-22 11:38:43
AKO-A,2025-08-22 11:38:43
TY-P,2025-08-22 11:38:43
CMLS,2025-08-22 11:38:43
RIBBR,2025-08-22 11:38:43
MKDWW,2025-08-22 11:38:43
GDEVW,2025-08-22 11:38:43
INVZW,2025-08-22 11:38:43
CNO-PA,2025-08-22 11:38:43
TBMC,2025-08-22 11:38:43
MDV-PA,2025-08-22 11:38:43
RSVRW,2025-08-22 11:38:43
RVSNW,2025-08-22 11:38:43
POLE,2025-08-22 11:38:43
CMRE-PB,2025-08-22 11:38:43
CELG-RI,2025-08-22 11:38:43
TDACW,2025-08-22 11:38:43
CMS-PB,2025-08-22 11:38:43
IINNW,2025-08-22 11:38:43
HGASW,2025-08-22 11:38:43
RBOT-WT,2025-08-22 11:38:43
LCCCU,2025-08-22 11:38:43
IHT,2025-08-22 11:38:43
SEATW,2025-08-22 11:38:43
DAICW,2025-08-22 11:38:43
TAVI,2025-08-22 11:38:43
LIPO,2025-08-22 11:38:43
AIEV,2025-08-22 11:38:43
HPAIW,2025-08-22 11:38:43
ALTG-PA,2025-08-22 11:38:43
TVAIR,2025-08-22 11:38:43
MHLA,2025-08-22 11:38:43
GTN-A,2025-08-22 11:38:43
LXP-PC,2025-08-22 11:38:43
COCHW,2025-08-22 11:38:43
MOG-B,2025-08-22 11:38:43
BDL,2025-08-22 11:38:43
LFT-PA,2025-08-22 11:38:43
PCG-PE,2025-08-22 11:38:43
MXC,2025-08-22 11:38:43
SVCCW,2025-08-22 11:38:43
MAA-PI,2025-08-22 11:38:43
CHAR,2025-08-22 11:38:43
WTMA,2025-08-22 11:38:43
CHPGR,2025-08-22 11:38:43
HCXY,2025-08-22 11:38:43
EFC-PD,2025-08-22 11:38:43
CHACU,2025-08-22 11:38:43
WLYB,2025-08-22 11:38:43
OGCP,2025-08-22 11:38:43
HTFB,2025-08-22 11:38:43
AWX,2025-08-22 11:38:43
PCTTU,2025-08-22 11:38:43
NIXXW,2025-08-22 11:38:43
CHMI-PB,2025-08-22 11:38:43
PCI,2025-08-22 11:38:43
SVCC,2025-08-22 11:38:43
ETI-P,2025-08-22 11:38:43
FLAG,2025-08-22 11:38:43
DYCQU,2025-08-22 11:38:43
BIAFW,2025-08-22 11:38:43
ASPCU,2025-08-22 11:38:43
ICCT,2025-08-22 11:38:43
KCHVR,2025-08-22 11:38:43
TAVIU,2025-08-22 11:38:43
YHNA,2025-08-22 11:38:43
CSWCZ,2025-08-22 11:38:43
CNTM,2025-08-22 11:38:43
COLAU,2025-08-22 11:38:43
PCG-PI,2025-08-22 11:38:43
MOBBW,2025-08-22 11:38:43
HSPTU,2025-08-22 11:38:43
PMVC,2025-08-22 11:38:43
QVCGB,2025-08-22 11:38:43
SDHIU,2025-08-22 11:38:43
QSEAU,2025-08-22 11:38:43
BACQU,2025-08-22 11:38:43
TDACU,2025-08-22 11:38:43
RIBBU,2025-08-22 11:38:43
WINT,2025-08-22 11:38:43
EMCGW,2025-08-22 11:38:43
AXAC,2025-08-22 11:38:43
FERAU,2025-08-22 11:38:43
IRRXU,2025-08-22 11:38:43
SYRS,2025-08-22 11:38:43
FSHPR,2025-08-22 11:38:43
LCCCR,2025-08-22 11:38:43
SNAX,2025-08-22 11:38:43
IBACR,2025-08-22 11:38:43
ALCY,2025-08-22 11:38:43
FTII,2025-08-22 11:38:43
FACTU,2025-08-22 11:38:43
EMCG,2025-08-22 11:38:43
MNSBP,2025-08-22 11:38:43
WTMAU,2025-08-22 11:38:43
MAYAU,2025-08-22 11:38:43
UYSCU,2025-08-22 11:38:43
HPCO,2025-08-22 11:38:43
LPAAW,2025-08-22 11:38:43
BYNO,2025-08-22 11:38:43
FTIIU,2025-08-22 11:38:43
ANGHW,2025-08-22 11:38:43
OBAWW,2025-08-22 11:38:43
HUBCW,2025-08-22 11:38:43
COLAR,2025-08-22 11:38:43
IVDAW,2025-08-22 11:38:43
GDST,2025-08-22 11:38:43
DFPH,2025-08-22 11:38:43
TACHU,2025-08-22 11:38:43
PGACR,2025-08-22 11:38:43
PMTRW,2025-08-22 11:38:43
GPATU,2025-08-22 11:38:43
VRPX,2025-08-22 11:38:43
CLNNW,2025-08-22 11:38:43
SYRA,2025-08-22 11:38:43
WINV,2025-08-22 11:38:43
CRAQU,2025-08-22 11:38:43
CCCXW,2025-08-22 11:38:43
COOTW,2025-08-22 11:38:43
AQUNU,2025-08-22 11:38:43
ALFUU,2025-08-22 11:38:43
MLECW,2025-08-22 11:38:43
AERTW,2025-08-22 11:38:43
HSPTR,2025-08-22 11:38:43
GDSTU,2025-08-22 11:38:43
PCSC,2025-08-22 11:38:43
SVIIU,2025-08-22 11:38:43
QETAU,2025-08-22 11:38:43
FVNNU,2025-08-22 11:38:43
NRSNW,2025-08-22 11:38:43
CUBWU,2025-08-22 11:38:43
UWMC-WT,2025-08-22 11:38:43
EURK,2025-08-22 11:38:43
SIMAU,2025-08-22 11:38:43
BCGWW,2025-08-22 11:38:43
RANGU,2025-08-22 11:38:43
CGCTU,2025-08-22 11:38:43
VSSYW,2025-08-22 11:38:43
CAPTW,2025-08-22 11:38:43
CUBWW,2025-08-22 11:38:43
SRZNW,2025-08-22 11:38:43
SES-WT,2025-08-22 11:38:43
DC-WT,2025-08-22 11:38:43
CCIXU,2025-08-22 11:38:43
PERF-WT,2025-08-22 11:38:43
NTRBW,2025-08-22 11:38:43
CELUW,2025-08-22 11:38:43
HSPOR,2025-08-22 11:38:43
LFMDP,2025-08-22 11:38:43
VEEAW,2025-08-22 11:38:43
SPKLW,2025-08-22 11:38:43
HL-PB,2025-08-22 11:38:43
QETA,2025-08-22 11:38:43
SDHI,2025-08-22 11:38:43
NOEMR,2025-08-22 11:38:43
CCGWW,2025-08-22 11:38:43
MOBQW,2025-08-22 11:38:43
MACIW,2025-08-22 11:38:43
OAKU,2025-08-22 11:38:43
CTHR,2025-08-22 11:38:43
VFSWW,2025-08-22 11:38:43
ANSCW,2025-08-22 11:38:43
PLMKW,2025-08-22 11:38:43
KVACU,2025-08-22 11:38:43
NOEMW,2025-08-22 11:38:43
FLYX-WT,2025-08-22 11:38:43
TPIC,2025-08-22 11:38:43
GPATW,2025-08-22 11:38:43
ALCYU,2025-08-22 11:38:43
SSSSL,2025-08-22 11:38:43
RIBB,2025-08-22 11:38:43
PELIR,2025-08-22 11:38:43
GRAF-UN,2025-08-22 11:38:43
THRD,2025-08-22 11:38:43
MAYAR,2025-08-22 11:38:43
GOGL,2025-08-22 11:38:43
STR,2025-08-22 11:38:43
RDAGW,2025-08-22 11:38:43
RELIW,2025-08-22 11:38:43
WTGUR,2025-08-22 11:38:43
FEDU,2025-08-22 11:38:43
JENA-UN,2025-08-22 11:38:43
SPRB,2025-08-22 11:38:43
FGIWW,2025-08-22 11:38:43
NUAIW,2025-08-22 11:38:43
GECCO,2025-08-22 11:38:43
NETD,2025-08-22 11:38:43
PETVW,2025-08-22 11:38:43
ATMCR,2025-08-22 11:38:43
IPODW,2025-08-22 11:38:43
PCG-PH,2025-08-22 11:38:43
EMCGR,2025-08-22 11:38:43
OCEAW,2025-08-22 11:38:43
ASPC,2025-08-22 11:38:43
BKHAR,2025-08-22 11:38:43
RC-PC,2025-08-22 11:38:43
QSEA,2025-08-22 11:38:43
CRGX,2025-08-22 11:38:43
SIM,2025-08-22 11:38:43
NPACW,2025-08-22 11:38:43
DRDBW,2025-08-22 11:38:43
ZCARW,2025-08-22 11:38:43
AHT-PH,2025-08-22 11:38:43
POLEW,2025-08-22 11:38:43
GIPRW,2025-08-22 11:38:43
POAS,2025-08-22 11:38:43
SDHIR,2025-08-22 11:38:43
HSPO,2025-08-22 11:38:43
PPYAW,2025-08-22 11:38:43
GFAIW,2025-08-22 11:38:43
SCAGW,2025-08-22 11:38:43
GSHR,2025-08-22 11:38:43
SZZLU,2025-08-22 11:38:43
AGM-A,2025-08-22 11:38:43
YOTAW,2025-08-22 11:38:43
DYCQR,2025-08-22 11:38:43
SKYH-WT,2025-08-22 11:38:43
SIMAW,2025-08-22 11:38:43
GWH-WT,2025-08-22 11:38:43
NTWOW,2025-08-22 11:38:43
YHNAR,2025-08-22 11:38:43
ALCYW,2025-08-22 11:38:43
NEOVW,2025-08-22 11:38:43
SWAGW,2025-08-22 11:38:43
GTENW,2025-08-22 11:38:43
RFAIU,2025-08-22 11:38:43
CCIR,2025-08-22 11:38:43
SBFMW,2025-08-22 11:38:43
ABLVW,2025-08-22 11:38:43
LSBPW,2025-08-22 11:38:43
FVNNR,2025-08-22 11:38:43
IROHU,2025-08-22 11:38:43
FTIIW,2025-08-22 11:38:43
OTRK,2025-08-22 11:38:43
ATNF,2025-08-22 11:38:43
CHARU,2025-08-22 11:38:43
VINO,2025-08-22 11:38:43
LFLYW,2025-08-22 11:38:43
HVT-A,2025-08-22 11:38:43
MBAVU,2025-08-22 11:38:43
RAAQU,2025-08-22 11:38:43
GSHRU,2025-08-22 11:38:43
NIVFW,2025-08-22 11:38:43
BBLGW,2025-08-22 11:38:43
GLLIW,2025-08-22 11:38:43
BKHA,2025-08-22 11:38:43
KFIIR,2025-08-22 11:38:43
RDAGU,2025-08-22 11:38:43
GB,2025-08-22 11:38:43
ATNFW,2025-08-22 11:38:43
GSRTU,2025-08-22 11:38:43
PCG-PC,2025-08-22 11:38:43
WTG,2025-08-22 11:38:43
FVN,2025-08-22 11:38:43
DMAAR,2025-08-22 11:38:43
ODVWZ,2025-08-22 11:38:43
FBYDW,2025-08-22 11:38:43
ATMVU,2025-08-22 11:38:43
SNRE,2025-08-22 11:38:43
NVACW,2025-08-22 11:38:43
TSBX,2025-08-22 11:38:43
NAKAW,2025-08-22 11:38:43
TFINP,2025-08-22 11:38:43
BAYAU,2025-08-22 11:38:43
IRS-WT,2025-08-22 11:38:43
SVCCU,2025-08-22 11:38:43
MAQCW,2025-08-22 11:38:43
EURKU,2025-08-22 11:38:43
LPBBU,2025-08-22 11:38:43
TAP-A,2025-08-22 11:38:43
SSY,2025-08-22 11:38:43
RAC-UN,2025-08-22 11:38:43
NTWOU,2025-08-22 11:38:43
APCXW,2025-08-22 11:38:43
SPKLU,2025-08-22 11:38:43
RAINW,2025-08-22 11:38:43
FGF,2025-08-22 11:38:43
SB-PC,2025-08-22 11:38:43
USM,2025-08-22 11:38:43
GDSTR,2025-08-22 11:38:43
EURKR,2025-08-22 11:38:43
RDACU,2025-08-22 11:38:43
BOWNR,2025-08-22 11:38:43
ESHA,2025-08-22 11:38:43
NMHIW,2025-08-22 11:38:43
ANSCU,2025-08-22 11:38:43
RDAC,2025-08-22 11:38:43
HLXB,2025-08-22 11:38:43
NOEMU,2025-08-22 11:38:43
NEHC,2025-08-22 11:38:43
AMED,2025-08-22 11:38:43
ZIVOW,2025-08-22 11:38:43
DRDBU,2025-08-22 11:38:43
IGMS,2025-08-22 11:38:43
DATS,2025-08-22 11:38:43
KVACW,2025-08-22 11:38:43
TVACW,2025-08-22 11:38:43
MACIU,2025-08-22 11:38:43
VACHU,2025-08-22 11:38:43
FGFPP,2025-08-22 11:38:43
NETDU,2025-08-22 11:38:43
KNW,2025-08-22 11:38:43
BRLSW,2025-08-22 11:38:43
CCIRU,2025-08-22 11:38:43
POLEU,2025-08-22 11:38:43
CAPNU,2025-08-22 11:38:43
PLMKU,2025-08-22 11:38:43
BOWN,2025-08-22 11:38:43
IMAQR,2025-08-22 11:38:43
RSLS,2025-08-22 11:38:43
SOUL-UN,2025-08-22 11:38:43
GIGGU,2025-08-22 11:38:43
STRM,2025-08-22 11:38:43
QETAR,2025-08-22 11:38:43
AOGOW,2025-08-22 11:38:43
FGXCU,2025-08-22 11:38:43
FSHPU,2025-08-22 11:38:43
KTTAW,2025-08-22 11:38:43
HSPOU,2025-08-22 11:38:43
ABLLW,2025-08-22 11:38:43
MCAGR,2025-08-22 11:38:43
CCZ,2025-08-22 11:38:43
EMCGU,2025-08-22 11:38:43
YHNAU,2025-08-22 11:38:43
NKGNW,2025-08-22 11:38:43
ATH-PC,2025-08-22 11:38:43
AFAM,2025-08-22 11:38:43
QLGC,2025-08-22 11:38:43
SBBP,2025-08-22 11:38:43
AMIC,2025-08-22 11:38:43
STL-PA,2025-08-22 11:38:43
PMGMW,2025-08-22 11:38:43
WSO-B,2025-08-22 11:38:43
AUS-UN,2025-08-22 11:38:43
CMPOV,2025-08-22 11:38:43
ALSA,2025-08-22 11:38:43
DATSW,2025-08-22 11:38:43
GDSTW,2025-08-22 11:38:43
AF,2025-08-22 11:38:43
APTI,2025-08-22 11:38:43
ATW,2025-08-22 11:38:43
AIMAU,2025-08-22 11:38:43
BIO-B,2025-08-22 11:38:43
AAWW,2025-08-22 11:38:43
AFFX,2025-08-22 11:38:43
PLIN,2025-08-22 11:38:43
IGTAW,2025-08-22 11:38:43
AGS,2025-08-22 11:38:43
AUBAP,2025-08-22 11:38:43
ASCB,2025-08-22 11:38:43
VPCB,2025-08-22 11:38:43
MOOV,2025-08-22 11:38:43
APOL,2025-08-22 11:38:43
AMSG,2025-08-22 11:38:43
ANSS,2025-08-22 11:38:43
LPNT,2025-08-22 11:38:43
AKYA,2025-08-22 11:38:43
AAGRW,2025-08-22 11:38:43
PLCM,2025-08-22 11:38:43
ATCO-PD,2025-08-22 11:38:43
APXT,2025-08-22 11:38:43
RRD,2025-08-22 11:38:43
AIB,2025-08-22 11:38:43
ANAD,2025-08-22 11:38:43
AIMBU,2025-08-22 11:38:43
PGRWW,2025-08-22 11:38:43
PET,2025-08-22 11:38:43
VERV,2025-08-22 11:38:43
VLCN,2025-08-22 11:38:43
APTS,2025-08-22 11:38:43
STL,2025-08-22 11:38:43
VAPE,2025-08-22 11:38:43
TREC,2025-08-22 11:38:43
TVACU,2025-08-22 11:38:43
PETWW,2025-08-22 11:38:43
BIGC,2025-08-22 11:38:43
LVOPP,2025-08-22 11:38:43
DLNG-PB,2025-08-22 11:38:43
SAGE,2025-08-22 11:38:43
TUGC,2025-08-22 11:38:43
ITQ,2025-08-22 11:38:43
IKNA,2025-08-22 11:38:43
KIRK,2025-08-22 11:38:43
INTEW,2025-08-22 11:38:43
SGMA,2025-08-22 11:38:43
TGP,2025-08-22 11:38:43
DTC,2025-08-22 11:38:43
NVEE,2025-08-22 11:38:43
MMP,2025-08-22 11:38:43
WINVR,2025-08-22 11:38:43
METCL,2025-08-22 11:38:43
ETWO-WT,2025-08-22 11:38:43
TVAIU,2025-08-22 11:38:43
ALOHA,2025-08-22 11:38:43
DBDRU,2025-08-22 11:38:43
AQUNR,2025-08-22 11:38:43
ETWO,2025-08-22 11:38:43
CCCMU,2025-08-22 11:38:43
BKHAU,2025-08-22 11:38:43
PUCKW,2025-08-22 11:38:43
AIFER,2025-08-22 11:38:43
AIFE,2025-08-22 11:38:43
WINVU,2025-08-22 11:38:43
OAKUU,2025-08-22 11:38:43
PARAA,2025-08-22 11:38:43
VIGL,2025-08-22 11:38:43
ESSA,2025-08-22 11:38:43
SGAMU,2025-08-22 11:38:43
PARA,2025-08-22 11:38:43
VAPEW,2025-08-22 11:38:43
FHN-PB,2025-08-22 11:38:43
PWOD,2025-08-22 11:38:43
CCCM,2025-08-22 11:38:43
AP-WT,2025-08-22 11:38:43
KDLY,2025-08-22 11:38:43
TGI,2025-08-22 11:38:43
ELEV,2025-08-22 11:38:43
IMAQW,2025-08-22 11:38:43
WINVW,2025-08-22 11:38:43
GLLIR,2025-08-22 11:38:43
CHEB,2025-08-22 11:38:43
CCCMW,2025-08-22 11:38:43
PMD,2025-08-22 11:38:43
CHEB-UN,2025-08-22 11:38:43
AEAEW,2025-08-22 11:38:43
CPUH,2025-08-22 11:38:43
CVII,2025-08-22 11:38:43
CLBR-WT,2025-08-22 11:38:43
DAOOU,2025-08-22 11:38:43
CXAC,2025-08-22 11:38:43
COTV,2025-08-22 11:38:43
CSLR,2025-08-22 11:38:43
CITE,2025-08-22 11:38:43
CITEU,2025-08-22 11:38:43
DCRNU,2025-08-22 11:38:43
DADA,2025-08-22 11:38:43
CRAC,2025-08-22 11:38:43
DCRC,2025-08-22 11:38:43
CLBR-UN,2025-08-22 11:38:43
CRACU,2025-08-22 11:38:43
DCFC,2025-08-22 11:38:43
CNTG,2025-08-22 11:38:43
CNTQU,2025-08-22 11:38:43
DGAS,2025-08-22 11:38:43
CSSE,2025-08-22 11:38:43
CPAAW,2025-08-22 11:38:43
CMCA,2025-08-22 11:38:43
DEN,2025-08-22 11:38:43
CTAQ,2025-08-22 11:38:43
CSSEP,2025-08-22 11:38:43
CPAR,2025-08-22 11:38:43
COVA,2025-08-22 11:38:43
CRSAU,2025-08-22 11:38:43
CONE,2025-08-22 11:38:43
CWAY,2025-08-22 11:38:43
CHX,2025-08-22 11:38:43
CMLFU,2025-08-22 11:38:43
CSWI,2025-08-22 11:38:43
CLBR,2025-08-22 11:38:43
CUENW,2025-08-22 11:38:43
CTK,2025-08-22 11:38:43
CBMX,2025-08-22 11:38:43
BETS,2025-08-22 11:38:43
BRCN,2025-08-22 11:38:43
CIFC,2025-08-22 11:38:43
BUJAU,2025-08-22 11:38:43
CFFS,2025-08-22 11:38:43
BRDS,2025-08-22 11:38:43
BRKHU,2025-08-22 11:38:43
AVPTW,2025-08-22 11:38:43
CCTS,2025-08-22 11:38:43
CFFSU,2025-08-22 11:38:43
BLT,2025-08-22 11:38:43
CLRCW,2025-08-22 11:38:43
CHRO,2025-08-22 11:38:43
DIST,2025-08-22 11:38:43
BKDT,2025-08-22 11:38:43
BYLK,2025-08-22 11:38:43
DHCA,2025-08-22 11:38:43
CFX,2025-08-22 11:38:43
CGBS,2025-08-22 11:38:43
BWAQW,2025-08-22 11:38:43
CANO,2025-08-22 11:38:43
BNIXW,2025-08-22 11:38:43
DNAC,2025-08-22 11:38:43
BMAC,2025-08-22 11:38:43
CCTSU,2025-08-22 11:38:43
CFFE,2025-08-22 11:38:43
BMTC,2025-08-22 11:38:43
CLBH,2025-08-22 11:38:43
CENQU,2025-08-22 11:38:43
DMF,2025-08-22 11:38:43
BULLZ,2025-08-22 11:38:43
BHACW,2025-08-22 11:38:43
BSII,2025-08-22 11:38:43
CCVI,2025-08-22 11:38:43
BPMC,2025-08-22 11:38:43
CCII,2025-08-22 11:38:43
AXDX,2025-08-22 11:38:43
BBOX,2025-08-22 11:38:43
BUJA,2025-08-22 11:38:43
CHEA,2025-08-22 11:38:43
AZEK,2025-08-22 11:38:43
BSAQ,2025-08-22 11:38:43
AVEO,2025-08-22 11:38:43
CEC,2025-08-22 11:38:43
CAA,2025-08-22 11:38:43
BRMK,2025-08-22 11:38:43
CFACU,2025-08-22 11:38:43
DPL,2025-08-22 11:38:43
ASCBU,2025-08-22 11:38:43
BSIIU,2025-08-22 11:38:43
CEAD,2025-08-22 11:38:43
CGBSW,2025-08-22 11:38:43
CBX,2025-08-22 11:38:43
CSC,2025-08-22 11:38:43
BROG,2025-08-22 11:38:43
CEADW,2025-08-22 11:38:43
BRAC,2025-08-22 11:38:43
AZUL,2025-08-22 11:38:43
CLEU,2025-08-22 11:38:43
DHHCW,2025-08-22 11:38:43
ELRC,2025-08-22 11:38:43
BEAV,2025-08-22 11:38:43
DNAY,2025-08-22 11:38:43
GMBLW,2025-08-22 11:38:43
GTPA,2025-08-22 11:38:43
HOFVW,2025-08-22 11:38:43
GMFIW,2025-08-22 11:38:43
JNS,2025-08-22 11:38:43
HAIA,2025-08-22 11:38:43
IMCIW,2025-08-22 11:38:43
INZY,2025-08-22 11:38:43
HBMD,2025-08-22 11:38:43
GSQD-UN,2025-08-22 11:38:43
HYMCW,2025-08-22 11:38:43
IGT,2025-08-22 11:38:43
HAAC,2025-08-22 11:38:43
GTPB,2025-08-22 11:38:43
HEES,2025-08-22 11:38:43
JNPR,2025-08-22 11:38:43
IVC,2025-08-22 11:38:43
IMS,2025-08-22 11:38:43
HAIAU,2025-08-22 11:38:43
HCDIW,2025-08-22 11:38:43
GLAQU,2025-08-22 11:38:43
IVCAW,2025-08-22 11:38:43
HMTV,2025-08-22 11:38:43
GXP,2025-08-22 11:38:43
GTER,2025-08-22 11:38:43
JNVR,2025-08-22 11:38:43
IPXL,2025-08-22 11:38:43
HHLA-UN,2025-08-22 11:38:43
IPAS,2025-08-22 11:38:43
HEP,2025-08-22 11:38:43
HEOP,2025-08-22 11:38:43
GTPAW,2025-08-22 11:38:43
HES,2025-08-22 11:38:43
GMBLZ,2025-08-22 11:38:43
JNP,2025-08-22 11:38:43
HNR,2025-08-22 11:38:43
GTPAU,2025-08-22 11:38:43
GLAC,2025-08-22 11:38:43
HFC,2025-08-22 11:38:43
IVCA,2025-08-22 11:38:43
GLSTW,2025-08-22 11:38:43
HAWK,2025-08-22 11:38:43
GNBC,2025-08-22 11:38:43
HHLA,2025-08-22 11:38:43
EYESW,2025-08-22 11:38:43
EVGRU,2025-08-22 11:38:43
DWAC,2025-08-22 11:38:43
FGMCW,2025-08-22 11:38:43
ENERW,2025-08-22 11:38:43
FTOCU,2025-08-22 11:38:43
ESGRO,2025-08-22 11:38:43
EVHC,2025-08-22 11:38:43
FTPA,2025-08-22 11:38:43
FLFVR,2025-08-22 11:38:43
FUEL,2025-08-22 11:38:43
FEIC,2025-08-22 11:38:43
GAN,2025-08-22 11:38:43
FCB,2025-08-22 11:38:43
FAZEW,2025-08-22 11:38:43
EGC,2025-08-22 11:38:43
ENPC-UN,2025-08-22 11:38:43
ESGRP,2025-08-22 11:38:43
FVT,2025-08-22 11:38:43
FLFVW,2025-08-22 11:38:43
GIMO,2025-08-22 11:38:43
EGL,2025-08-22 11:38:43
EIGR,2025-08-22 11:38:43
FNVTW,2025-08-22 11:38:43
EVRI,2025-08-22 11:38:43
FVE,2025-08-22 11:38:43
ESACW,2025-08-22 11:38:43
FSSI,2025-08-22 11:38:43
ENFA,2025-08-22 11:38:43
EXCVV,2025-08-22 11:38:43
FRGI,2025-08-22 11:38:43
FMBIP,2025-08-22 11:38:43
ELEC,2025-08-22 11:38:43
DYAX,2025-08-22 11:38:43
ITAQU,2025-08-22 11:38:43
DWA,2025-08-22 11:38:43
FRXB-UN,2025-08-22 11:38:43
ESGC,2025-08-22 11:38:43
FARO,2025-08-22 11:38:43
FNVTU,2025-08-22 11:38:43
ESAC,2025-08-22 11:38:43
FRWAU,2025-08-22 11:38:43
FLIC,2025-08-22 11:38:43
IQNT,2025-08-22 11:38:43
ERS,2025-08-22 11:38:43
EYEN,2025-08-22 11:38:43
FEXDU,2025-08-22 11:38:43
FRP,2025-08-22 11:38:43
ESACU,2025-08-22 11:38:43
FLME,2025-08-22 11:38:43
ENNVW,2025-08-22 11:38:43
ENERR,2025-08-22 11:38:43
GLYC,2025-08-22 11:38:43
DTJ,2025-08-22 11:38:43
FCACU,2025-08-22 11:38:43
EVGR,2025-08-22 11:38:43
MPAC,2025-08-22 11:38:43
MTGE,2025-08-22 11:38:43
POND-UN,2025-08-22 11:38:43
MCADR,2025-08-22 11:38:43
NFX,2025-08-22 11:38:43
FATBW,2025-08-22 11:38:43
MINM,2025-08-22 11:38:43
MIMO-WT,2025-08-22 11:38:43
NESRW,2025-08-22 11:38:43
MAAQW,2025-08-22 11:38:43
MHLD,2025-08-22 11:38:43
MMV,2025-08-22 11:38:43
MTL,2025-08-22 11:38:43
NUBIW,2025-08-22 11:38:43
NCBS,2025-08-22 11:38:43
MER,2025-08-22 11:38:43
NEE-PQ,2025-08-22 11:38:43
POSH,2025-08-22 11:38:43
MLAI,2025-08-22 11:38:43
LYL,2025-08-22 11:38:43
MTVC-UN,2025-08-22 11:38:43
PLTN,2025-08-22 11:38:43
MKTO,2025-08-22 11:38:43
MIME,2025-08-22 11:38:43
MOTV-UN,2025-08-22 11:38:43
MGN,2025-08-22 11:38:43
NLTX,2025-08-22 11:38:43
PTN,2025-08-22 11:38:43
CPLA,2025-08-22 11:38:43
MSSA,2025-08-22 11:38:43
PTOCW,2025-08-22 11:38:43
MEOAU,2025-08-22 11:38:43
MUDS,2025-08-22 11:38:43
MENT,2025-08-22 11:38:43
MOCO,2025-08-22 11:38:43
MLAIW,2025-08-22 11:38:43
MBAC,2025-08-22 11:38:43
LRFC,2025-08-22 11:38:43
MURF,2025-08-22 11:38:43
MRIN,2025-08-22 11:38:43
LTCHW,2025-08-22 11:38:43
JOFFW,2025-08-22 11:38:43
LLTC,2025-08-22 11:38:43
PGACU,2025-08-22 11:38:43
MPRA,2025-08-22 11:38:43
LIONW,2025-08-22 11:38:43
LFAC,2025-08-22 11:38:43
JWN,2025-08-22 11:38:43
OEPW,2025-08-22 11:38:43
MNRK,2025-08-22 11:38:43
LFG,2025-08-22 11:38:43
LIVBU,2025-08-22 11:38:43
BRACU,2025-08-22 11:38:43
LKCO,2025-08-22 11:38:43
OBDE,2025-08-22 11:38:43
KDLYW,2025-08-22 11:38:43
KACLR,2025-08-22 11:38:43
DECAW,2025-08-22 11:38:43
KAHC,2025-08-22 11:38:43
LFACU,2025-08-22 11:38:43
LITTU,2025-08-22 11:38:43
OMEG,2025-08-22 11:38:43
PEGRU,2025-08-22 11:38:43
FNVT,2025-08-22 11:38:43
LNCE,2025-08-22 11:38:43
OPTN,2025-08-22 11:38:43
LEAP-UN,2025-08-22 11:38:43
JUPWW,2025-08-22 11:38:43
KSMT,2025-08-22 11:38:43
LDTC,2025-08-22 11:38:43
OFC,2025-08-22 11:38:43
NRACU,2025-08-22 11:38:43
PLAO,2025-08-22 11:38:43
PFBI,2025-08-22 11:38:43
OSTRW,2025-08-22 11:38:43
OBAW,2025-08-22 11:38:43
KIND,2025-08-22 11:38:43
OMP,2025-08-22 11:38:43
KRON,2025-08-22 11:38:43
LATNU,2025-08-22 11:38:43
OB,2025-08-22 11:38:43
LACQ,2025-08-22 11:38:43
OCX,2025-08-22 11:38:43
PCYG,2025-08-22 11:38:43
KMF,2025-08-22 11:38:43
PFTAU,2025-08-22 11:38:43
KACLU,2025-08-22 11:38:43
NPBC,2025-08-22 11:38:43
LIBYW,2025-08-22 11:38:43
LCAA,2025-08-22 11:38:43
PEI-PB,2025-08-22 11:38:43
KKR-PC,2025-08-22 11:38:43
PIK,2025-08-22 11:38:43
OSA,2025-08-22 11:38:43
JOBS,2025-08-22 11:38:43
KWESW,2025-08-22 11:38:43
NVACR,2025-08-22 11:38:43
OBSV,2025-08-22 11:38:43
JVSA,2025-08-22 11:38:43
LVRA,2025-08-22 11:38:43
PRLHW,2025-08-22 11:38:43
HCXZ,2025-08-22 11:38:43
PHUNW,2025-08-22 11:38:43
OLITW,2025-08-22 11:38:43
HCVI,2025-08-22 11:38:43
IPOD-UN,2025-08-22 11:38:43
LIME,2025-08-22 11:38:43
FMTO,2025-08-22 11:38:43
ME,2025-08-22 11:38:43
NFNT,2025-08-22 11:38:43
IXYS,2025-08-22 11:38:43
PHAS,2025-08-22 11:38:43
LMDXW,2025-08-22 11:38:43
PRBM-UN,2025-08-22 11:38:43
LMIA,2025-08-22 11:38:43
NNAGW,2025-08-22 11:38:43
PGHL,2025-08-22 11:38:43
RDS-A,2025-08-22 11:38:43
QADB,2025-08-22 11:38:43
LILM,2025-08-22 11:38:43
HOT,2025-08-22 11:38:43
ONCH,2025-08-22 11:38:43
NFH,2025-08-22 11:38:43
INBXV,2025-08-22 11:38:43
HORIU,2025-08-22 11:38:43
HDNG,2025-08-22 11:38:43
IPVF,2025-08-22 11:38:43
LTRY,2025-08-22 11:38:43
NIR,2025-08-22 11:38:43
IPVA,2025-08-22 11:38:43
ESRX,2025-08-22 11:38:43
OCAT,2025-08-22 11:38:43
OHAAW,2025-08-22 11:38:43
NMP,2025-08-22 11:38:43
DTP,2025-08-22 11:38:43
MONCW,2025-08-22 11:38:43
RAAC,2025-08-22 11:38:43
HCVIW,2025-08-22 11:38:43
SCMAU,2025-08-22 11:38:43
SMAPU,2025-08-22 11:38:43
RTLR,2025-08-22 11:38:43
SEDA-WT,2025-08-22 11:38:43
REIS,2025-08-22 11:38:43
SQLLW,2025-08-22 11:38:43
RICO,2025-08-22 11:38:43
SLCT,2025-08-22 11:38:43
ALSAR,2025-08-22 11:38:43
SCCB,2025-08-22 11:38:43
SOAC-UN,2025-08-22 11:38:43
SFRWW,2025-08-22 11:38:43
SBIGW,2025-08-22 11:38:43
ALLK,2025-08-22 11:38:43
SHUAU,2025-08-22 11:38:43
SI-PA,2025-08-22 11:38:43
ROCG,2025-08-22 11:38:43
SLACW,2025-08-22 11:38:43
AEBIV,2025-08-22 11:38:43
ROVR,2025-08-22 11:38:43
SLRN,2025-08-22 11:38:43
ALSAU,2025-08-22 11:38:43
SATX,2025-08-22 11:38:43
SJR,2025-08-22 11:38:43
RDFN,2025-08-22 11:38:43
RXDX,2025-08-22 11:38:43
SHLT,2025-08-22 11:38:43
SCLE,2025-08-22 11:38:43
ROCR,2025-08-22 11:38:43
SPCM,2025-08-22 11:38:43
RNR-PE,2025-08-22 11:38:43
SCMAW,2025-08-22 11:38:43
SNPX,2025-08-22 11:38:43
REXI,2025-08-22 11:38:43
SHYF,2025-08-22 11:38:43
SLGCW,2025-08-22 11:38:43
REVEU,2025-08-22 11:38:43
SBNYP,2025-08-22 11:38:43
RAVN,2025-08-22 11:38:43
SMR-WT,2025-08-22 11:38:43
SNPR,2025-08-22 11:38:43
SAMAU,2025-08-22 11:38:43
SLAC-UN,2025-08-22 11:38:43
SNCRL,2025-08-22 11:38:43
SHQAU,2025-08-22 11:38:43
RVAC,2025-08-22 11:38:43
RACB,2025-08-22 11:38:43
SNAXW,2025-08-22 11:38:43
SINO,2025-08-22 11:38:43
SNMX,2025-08-22 11:38:43
SPFR-UN,2025-08-22 11:38:43
SCOB,2025-08-22 11:38:43
SCRM,2025-08-22 11:38:43
SAL,2025-08-22 11:38:43
RIVR,2025-08-22 11:38:43
SKGRU,2025-08-22 11:38:43
RFACW,2025-08-22 11:38:43
SGTX,2025-08-22 11:38:43
SFG,2025-08-22 11:38:43
SODR,2025-08-22 11:38:43
FPAC-UN,2025-08-22 11:38:43
SOCB,2025-08-22 11:38:43
TOPW,2025-08-22 11:38:43
STFC,2025-08-22 11:38:43
SUP,2025-08-22 11:38:43
TRTL,2025-08-22 11:38:43
SRM,2025-08-22 11:38:43
TGAA,2025-08-22 11:38:43
JVSAR,2025-08-22 11:38:43
SST-WT,2025-08-22 11:38:43
TUGCU,2025-08-22 11:38:43
SPTK,2025-08-22 11:38:43
TGVCU,2025-08-22 11:38:43
TLGA-UN,2025-08-22 11:38:43
SUNW,2025-08-22 11:38:43
CMAX,2025-08-22 11:38:43
SVNAW,2025-08-22 11:38:43
LYT,2025-08-22 11:38:43
TSVT,2025-08-22 11:38:43
SWTX,2025-08-22 11:38:43
TRIS,2025-08-22 11:38:43
JTAIW,2025-08-22 11:38:43
TVTY,2025-08-22 11:38:43
TANNI,2025-08-22 11:38:43
TETC,2025-08-22 11:38:43
SWAGU,2025-08-22 11:38:43
SSBK,2025-08-22 11:38:43
TWX,2025-08-22 11:38:43
TBSAU,2025-08-22 11:38:43
SRGA,2025-08-22 11:38:43
TCRZ,2025-08-22 11:38:43
TCBP,2025-08-22 11:38:43
TMPO,2025-08-22 11:38:43
SSNI,2025-08-22 11:38:43
STR-WT,2025-08-22 11:38:43
SPKAU,2025-08-22 11:38:43
SPGC,2025-08-22 11:38:43
EVA,2025-08-22 11:38:43
TCN,2025-08-22 11:38:43
WSTC,2025-08-22 11:38:43
TCACU,2025-08-22 11:38:43
TGVCW,2025-08-22 11:38:43
TGH,2025-08-22 11:38:43
SRC,2025-08-22 11:38:43
TPBA,2025-08-22 11:38:43
ML,2025-08-22 11:38:43
PRLH,2025-08-22 11:38:43
TRTL-WT,2025-08-22 11:38:43
VSTEW,2025-08-22 11:38:43
RNBW,2025-08-22 11:38:43
STER,2025-08-22 11:38:43
PHX,2025-08-22 11:38:43
LIOX,2025-08-22 11:38:43
BLUE,2025-08-22 11:38:43
ZI,2025-08-22 11:38:43
VRN,2025-08-22 11:38:43
RCFA,2025-08-22 11:38:43
IMTXW,2025-08-22 11:38:43
ESIO,2025-08-22 11:38:43
SHPW,2025-08-22 11:38:43
WWAC,2025-08-22 11:38:43
PERY,2025-08-22 11:38:43
PROC,2025-08-22 11:38:43
AFMD,2025-08-22 11:38:43
XOG,2025-08-22 11:38:43
SFE,2025-08-22 11:38:43
CSSEL,2025-08-22 11:38:43
DESP,2025-08-22 11:38:43
LGHLW,2025-08-22 11:38:43
UBX,2025-08-22 11:38:43
CLRCR,2025-08-22 11:38:43
SVU,2025-08-22 11:38:43
YVR,2025-08-22 11:38:43
CSSEN,2025-08-22 11:38:43
ICAD,2025-08-22 11:38:43
PLYA,2025-08-22 11:38:43
X,2025-08-22 11:38:43
WTGU,2025-08-22 11:38:43
VIVO,2025-08-22 11:38:43
VRMEW,2025-08-22 11:38:43
VMCA,2025-08-22 11:38:43
PROCW,2025-08-22 11:38:43
KACL,2025-08-22 11:38:43
LANC,2025-08-22 11:38:43
HMA,2025-08-22 11:38:43
LUB,2025-08-22 11:38:43
TETE,2025-08-22 11:38:43
MBNKP,2025-08-22 11:38:43
XLNX,2025-08-22 11:38:43
UTEK,2025-08-22 11:38:43
OCFCP,2025-08-22 11:38:43
CDEV,2025-08-22 11:38:43
SHLM,2025-08-22 11:38:43
LIAN,2025-08-22 11:38:43
VNME,2025-08-22 11:38:43
SVMH,2025-08-22 11:38:43
YOTAR,2025-08-22 11:38:43
VMCAU,2025-08-22 11:38:43
LSEA,2025-08-22 11:38:43
QOMO,2025-08-22 11:38:43
SPGS,2025-08-22 11:38:43
BPACW,2025-08-22 11:38:43
ESGR,2025-08-22 11:38:43
PFTA,2025-08-22 11:38:43
DMYY-UN,2025-08-22 11:38:43
ISBC,2025-08-22 11:38:43
GRFX,2025-08-22 11:38:43
BRKH,2025-08-22 11:38:43
RKUS,2025-08-22 11:38:43
AVHIW,2025-08-22 11:38:43
LGF-B,2025-08-22 11:38:43
EVOP,2025-08-22 11:38:43
DFS,2025-08-22 11:38:43
AGAC-UN,2025-08-22 11:38:43
SVT,2025-08-22 11:38:43
RTC,2025-08-22 11:38:43
USCT,2025-08-22 11:38:43
RGF,2025-08-22 11:38:43
NCNC,2025-08-22 11:38:43
EBTC,2025-08-22 11:38:43
EACQ,2025-08-22 11:38:43
GFED,2025-08-22 11:38:43
CNGLW,2025-08-22 11:38:43
NSTG,2025-08-22 11:38:43
SSPK,2025-08-22 11:38:43
APMIU,2025-08-22 11:38:43
ZAPP,2025-08-22 11:38:43
PBSK,2025-08-22 11:38:43
BWAQU,2025-08-22 11:38:43
DMN,2025-08-22 11:38:43
SNC,2025-08-22 11:38:43
LGF-A,2025-08-22 11:38:43
SYT,2025-08-22 11:38:43
COB,2025-08-22 11:38:43
RCACU,2025-08-22 11:38:43
GLST,2025-08-22 11:38:43
ASCBW,2025-08-22 11:38:43
FREY,2025-08-22 11:38:43
ASCAW,2025-08-22 11:38:43
CKPT,2025-08-22 11:38:43
HFFC,2025-08-22 11:38:43
IVCB,2025-08-22 11:38:43
RBPAA,2025-08-22 11:38:43
APIC,2025-08-22 11:38:43
CLRC,2025-08-22 11:38:43
IXAQ,2025-08-22 11:38:43
RDUS,2025-08-22 11:38:43
SWC,2025-08-22 11:38:43
PTRA,2025-08-22 11:38:43
AIFEU,2025-08-22 11:38:43
LDTCW,2025-08-22 11:38:43
ACW,2025-08-22 11:38:43
FRSGU,2025-08-22 11:38:43
REPH,2025-08-22 11:38:43
BNIX,2025-08-22 11:38:43
KTWO,2025-08-22 11:38:43
GATEW,2025-08-22 11:38:43
GOLD,2025-08-22 11:38:43
GLSTR,2025-08-22 11:38:43
EDGW,2025-08-22 11:38:43
GLBAV,2025-08-22 11:38:43
ASEI,2025-08-22 11:38:43
RETA,2025-08-22 11:38:43
DST,2025-08-22 11:38:43
LGF,2025-08-22 11:38:43
ASBB,2025-08-22 11:38:43
PEGRW,2025-08-22 11:38:43
GLACR,2025-08-22 11:38:43
WBKC,2025-08-22 11:38:43
IXAQU,2025-08-22 11:38:43
RENE,2025-08-22 11:38:43
CLINW,2025-08-22 11:38:43
BOWNU,2025-08-22 11:38:43
ACTA,2025-08-22 11:38:43
PVAC,2025-08-22 11:38:43
VSAI,2025-08-22 11:38:43
AIMAW,2025-08-22 11:38:43
TGAAU,2025-08-22 11:38:43
QTEKW,2025-08-22 11:38:43
IVCBU,2025-08-22 11:38:43
FRONW,2025-08-22 11:38:43
CPGX,2025-08-22 11:38:43
ENDP,2025-08-22 11:38:43
CIIGU,2025-08-22 11:38:43
RLOG,2025-08-22 11:38:43
SLH,2025-08-22 11:38:43
LSEAW,2025-08-22 11:38:43
TLGY,2025-08-22 11:38:43
BNIXR,2025-08-22 11:38:43
SPI,2025-08-22 11:38:43
DTSI,2025-08-22 11:38:43
GLBKV,2025-08-22 11:38:43
MBRG,2025-08-22 11:38:43
BSF,2025-08-22 11:38:43
KWE,2025-08-22 11:38:43
REDU,2025-08-22 11:38:43
KLXI,2025-08-22 11:38:43
CACB,2025-08-22 11:38:43
FMD,2025-08-22 11:38:43
BWLD,2025-08-22 11:38:43
TSRO,2025-08-22 11:38:43
RAMMW,2025-08-22 11:38:43
CVC,2025-08-22 11:38:43
FRC-PI,2025-08-22 11:38:43
EBAC,2025-08-22 11:38:43
CLII,2025-08-22 11:38:43
RENEW,2025-08-22 11:38:43
NOVA,2025-08-22 11:38:43
ACAXW,2025-08-22 11:38:43
LBDKV,2025-08-22 11:38:43
MTBC,2025-08-22 11:38:43
GSDWW,2025-08-22 11:38:43
DUNEU,2025-08-22 11:38:43
DCRNW,2025-08-22 11:38:43
PRSR,2025-08-22 11:38:43
WFBI,2025-08-22 11:38:43
ENCPW,2025-08-22 11:38:43
BHAC,2025-08-22 11:38:43
CMCAW,2025-08-22 11:38:43
ATCOL,2025-08-22 11:38:43
MURFU,2025-08-22 11:38:43
DLCAW,2025-08-22 11:38:43
SHCAU,2025-08-22 11:38:43
HORI,2025-08-22 11:38:43
REVH,2025-08-22 11:38:43
RGLS,2025-08-22 11:38:43
TETEU,2025-08-22 11:38:43
MHGC,2025-08-22 11:38:43
SMIH,2025-08-22 11:38:43
METR,2025-08-22 11:38:43
USCTW,2025-08-22 11:38:43
CYTO,2025-08-22 11:38:43
ARRW,2025-08-22 11:38:43
DECA,2025-08-22 11:38:43
IXAQW,2025-08-22 11:38:43
DCRDW,2025-08-22 11:38:43
RWODR,2025-08-22 11:38:43
SOV,2025-08-22 11:38:43
ASTSW,2025-08-22 11:38:43
PNK,2025-08-22 11:38:43
BUJAW,2025-08-22 11:38:43
OIBR-C,2025-08-22 11:38:43
MSSAW,2025-08-22 11:38:43
LBDAV,2025-08-22 11:38:43
LGNDV,2025-08-22 11:38:43
SFTW,2025-08-22 11:38:43
VIIAW,2025-08-22 11:38:43
MCAFU,2025-08-22 11:38:43
GATE,2025-08-22 11:38:43
QFTA,2025-08-22 11:38:43
VMGAW,2025-08-22 11:38:43
SCOAW,2025-08-22 11:38:43
SVAC,2025-08-22 11:38:43
PDOT-WT,2025-08-22 11:38:43
HTAQ,2025-08-22 11:38:43
BUJAR,2025-08-22 11:38:43
MUDSU,2025-08-22 11:38:43
SSAA,2025-08-22 11:38:43
ACFC,2025-08-22 11:38:43
GPAC,2025-08-22 11:38:43
MACAU,2025-08-22 11:38:43
GDNRW,2025-08-22 11:38:43
SYNT,2025-08-22 11:38:43
TACA-UN,2025-08-22 11:38:43
GMII,2025-08-22 11:38:43
LGSTW,2025-08-22 11:38:43
RAACW,2025-08-22 11:38:43
SHACU,2025-08-22 11:38:43
BYNOW,2025-08-22 11:38:43
CALL,2025-08-22 11:38:43
SNGXW,2025-08-22 11:38:43
LAZY,2025-08-22 11:38:43
FTAA,2025-08-22 11:38:43
PGRW,2025-08-22 11:38:43
DCT,2025-08-22 11:38:43
VSTE,2025-08-22 11:38:43
JAQC,2025-08-22 11:38:43
PRLHU,2025-08-22 11:38:43
ESSC,2025-08-22 11:38:43
FINMU,2025-08-22 11:38:43
PRPB,2025-08-22 11:38:43
WR,2025-08-22 11:38:43
JATT,2025-08-22 11:38:43
UTAA,2025-08-22 11:38:43
HCCCW,2025-08-22 11:38:43
TACA,2025-08-22 11:38:43
HCNEU,2025-08-22 11:38:43
REVHU,2025-08-22 11:38:43
TWND,2025-08-22 11:38:43
ROCRU,2025-08-22 11:38:43
VGAC,2025-08-22 11:38:43
LAXXU,2025-08-22 11:38:43
RCACW,2025-08-22 11:38:43
THCAW,2025-08-22 11:38:43
MCAAW,2025-08-22 11:38:43
OTEC,2025-08-22 11:38:43
HCIIU,2025-08-22 11:38:43
INKAW,2025-08-22 11:38:43
RCHGU,2025-08-22 11:38:43
MSSAR,2025-08-22 11:38:43
FRBN,2025-08-22 11:38:43
SMMF,2025-08-22 11:38:43
LIZI,2025-08-22 11:38:43
BPMP,2025-08-22 11:38:43
PEI-PD,2025-08-22 11:38:43
GOED,2025-08-22 11:38:43
BGRY,2025-08-22 11:38:43
ARIZR,2025-08-22 11:38:43
SCVX-UN,2025-08-22 11:38:43
EQD,2025-08-22 11:38:43
ALTA,2025-08-22 11:38:43
ENIA,2025-08-22 11:38:43
CRXT,2025-08-22 11:38:43
AUY,2025-08-22 11:38:43
STET-UN,2025-08-22 11:38:43
FATH-WT,2025-08-22 11:38:43
LFTRU,2025-08-22 11:38:43
PEI,2025-08-22 11:38:43
ACY,2025-08-22 11:38:43
RVLP,2025-08-22 11:38:43
LSAQ,2025-08-22 11:38:43
BFI,2025-08-22 11:38:43
BOAC-UN,2025-08-22 11:38:43
CVII-WT,2025-08-22 11:38:43
QTNT,2025-08-22 11:38:43
CRTX,2025-08-22 11:38:43
CQH,2025-08-22 11:38:43
AHRN,2025-08-22 11:38:43
SGOC,2025-08-22 11:38:43
FSPR,2025-08-22 11:38:43
SIEN,2025-08-22 11:38:43
HCDIP,2025-08-22 11:38:43
ENJYW,2025-08-22 11:38:43
SSU,2025-08-22 11:38:43
ENH,2025-08-22 11:38:43
FSNB-WT,2025-08-22 11:38:43
JGGCR,2025-08-22 11:38:43
MACU,2025-08-22 11:38:43
EPHYW,2025-08-22 11:38:43
BCACW,2025-08-22 11:38:43
FEXDR,2025-08-22 11:38:43
BHSEW,2025-08-22 11:38:43
JMBA,2025-08-22 11:38:43
SAGAR,2025-08-22 11:38:43
PCX,2025-08-22 11:38:43
IEA,2025-08-22 11:38:43
PSB-PX,2025-08-22 11:38:43
ALTU,2025-08-22 11:38:43
CBO,2025-08-22 11:38:43
ANAC-UN,2025-08-22 11:38:43
SGFY,2025-08-22 11:38:43
JVSAU,2025-08-22 11:38:43
WTFCP,2025-08-22 11:38:43
SHIPZ,2025-08-22 11:38:43
ADOCR,2025-08-22 11:38:43
AVCTW,2025-08-22 11:38:43
JCS,2025-08-22 11:38:43
DMYS-UN,2025-08-22 11:38:43
RADI,2025-08-22 11:38:43
AVCO,2025-08-22 11:38:43
CVIIW,2025-08-22 11:38:43
LEGAW,2025-08-22 11:38:43
WTFCM,2025-08-22 11:38:43
VORB,2025-08-22 11:38:43
TIO,2025-08-22 11:38:43
IOAC,2025-08-22 11:38:43
CRHC-UN,2025-08-22 11:38:43
ATEK-UN,2025-08-22 11:38:43
PEPLW,2025-08-22 11:38:43
BLEUR,2025-08-22 11:38:43
GPP,2025-08-22 11:38:43
KAIR,2025-08-22 11:38:43
SABRP,2025-08-22 11:38:43
BSN-UN,2025-08-22 11:38:43
ENBL,2025-08-22 11:38:43
NOGNW,2025-08-22 11:38:43
TRHC,2025-08-22 11:38:43
HAPP,2025-08-22 11:38:43
SMFR,2025-08-22 11:38:43
IMGO,2025-08-22 11:38:43
KBNTW,2025-08-22 11:38:43
FTRP,2025-08-22 11:38:43
FFFZ,2025-08-22 11:38:43
TRKAW,2025-08-22 11:38:43
DALS,2025-08-22 11:38:43
CCXI,2025-08-22 11:38:43
PBAXU,2025-08-22 11:38:43
FUSE-UN,2025-08-22 11:38:43
ATHX,2025-08-22 11:38:43
OEG,2025-08-22 11:38:43
PIAI-WT,2025-08-22 11:38:43
DRTT,2025-08-22 11:38:43
NSS,2025-08-22 11:38:43
HIL,2025-08-22 11:38:43
ENNV,2025-08-22 11:38:43
TLMDW,2025-08-22 11:38:43
ADERU,2025-08-22 11:38:43
DCFCW,2025-08-22 11:38:43
AIBBU,2025-08-22 11:38:43
RVACU,2025-08-22 11:38:43
RMRM,2025-08-22 11:38:43
CHEKZ,2025-08-22 11:38:43
PCPC-WT,2025-08-22 11:38:43
ACCD,2025-08-22 11:38:43
PWX,2025-08-22 11:38:43
LAAAW,2025-08-22 11:38:43
GBBKW,2025-08-22 11:38:43
REVBU,2025-08-22 11:38:43
BTWNW,2025-08-22 11:38:43
LOTZW,2025-08-22 11:38:43
SCPL,2025-08-22 11:38:43
KLAQW,2025-08-22 11:38:43
INAQ-WT,2025-08-22 11:38:43
MKUL,2025-08-22 11:38:43
HSTO,2025-08-22 11:38:43
RCFA-UN,2025-08-22 11:38:43
ITCI,2025-08-22 11:38:43
AL-PA,2025-08-22 11:38:43
YGF,2025-08-22 11:38:43
CLIM-WT,2025-08-22 11:38:43
FBMS,2025-08-22 11:38:43
LEC,2025-08-22 11:38:43
MSDAW,2025-08-22 11:38:43
ARCH,2025-08-22 11:38:43
EXTO,2025-08-22 11:38:43
NXU,2025-08-22 11:38:43
ANDAU,2025-08-22 11:38:43
MKTWW,2025-08-22 11:38:43
INT,2025-08-22 11:38:43
EUCR,2025-08-22 11:38:43
CO,2025-08-22 11:38:43
OPNT,2025-08-22 11:38:43
YELL,2025-08-22 11:38:43
SPNE,2025-08-22 11:38:43
PWSC,2025-08-22 11:38:43
INXB,2025-08-22 11:38:43
PSTX,2025-08-22 11:38:43
PFMT,2025-08-22 11:38:43
VTRU,2025-08-22 11:38:43
HCDIZ,2025-08-22 11:38:43
DHR-PB,2025-08-22 11:38:43
EQRX,2025-08-22 11:38:43
TMKRW,2025-08-22 11:38:43
CITEW,2025-08-22 11:38:43
NUVOW,2025-08-22 11:38:43
ONVO,2025-08-22 11:38:43
CXAC-UN,2025-08-22 11:38:43
OSTK,2025-08-22 11:38:43
GATEU,2025-08-22 11:38:43
SPKAR,2025-08-22 11:38:43
GHACU,2025-08-22 11:38:43
PKBO,2025-08-22 11:38:43
NS-PB,2025-08-22 11:38:43
ENFN,2025-08-22 11:38:43
PDCO,2025-08-22 11:38:43
PXDT,2025-08-22 11:38:43
CNSL,2025-08-22 11:38:43
RWLK,2025-08-22 11:38:43
PKBOW,2025-08-22 11:38:43
AMYT,2025-08-22 11:38:43
CATC,2025-08-22 11:38:43
PLTNU,2025-08-22 11:38:43
ATVI,2025-08-22 11:38:43
AMH-PE,2025-08-22 11:38:43
GRTS,2025-08-22 11:38:43
KTRA,2025-08-22 11:38:43
BTB,2025-08-22 11:38:43
AWH,2025-08-22 11:38:43
HLTH,2025-08-22 11:38:43
CWBR,2025-08-22 11:38:43
PACWP,2025-08-22 11:38:43
AADI,2025-08-22 11:38:43
QDRO,2025-08-22 11:38:43
IMH,2025-08-22 11:38:43
WARR,2025-08-22 11:38:43
AEH,2025-08-22 11:38:43
NFNT-WT,2025-08-22 11:38:43
SEPA,2025-08-22 11:38:43
SEEL,2025-08-22 11:38:43
BC-PB,2025-08-22 11:38:43
PPHPW,2025-08-22 11:38:43
ELYM,2025-08-22 11:38:43
FRGAP,2025-08-22 11:38:43
MURAV,2025-08-22 11:38:43
EVBS,2025-08-22 11:38:43
FNA,2025-08-22 11:38:43
BACA,2025-08-22 11:38:43
ESMT,2025-08-22 11:38:43
PEV,2025-08-22 11:38:43
FANH,2025-08-22 11:38:43
ZVO,2025-08-22 11:38:43
THCBW,2025-08-22 11:38:43
IMGN,2025-08-22 11:38:43
PFSW,2025-08-22 11:38:43
FFNW,2025-08-22 11:38:43
DM,2025-08-22 11:38:43
NAVA,2025-08-22 11:38:43
FACA-WT,2025-08-22 11:38:43
CIR,2025-08-22 11:38:43
ROCL,2025-08-22 11:38:43
HHGCW,2025-08-22 11:38:43
YY,2025-08-22 11:38:43
BLPH,2025-08-22 11:38:43
AFAR,2025-08-22 11:38:43
GEEX,2025-08-22 11:38:43
CTXRW,2025-08-22 11:38:43
CIDM,2025-08-22 11:38:43
RKLY-WT,2025-08-22 11:38:43
ATY,2025-08-22 11:38:43
GRNVR,2025-08-22 11:38:43
NURO,2025-08-22 11:38:43
VGR,2025-08-22 11:38:43
HBANO,2025-08-22 11:38:43
CIT-PB,2025-08-22 11:38:43
BOKFL,2025-08-22 11:38:43
JTAIZ,2025-08-22 11:38:43
CTLT,2025-08-22 11:38:43
VZA,2025-08-22 11:38:43
SVFD,2025-08-22 11:38:43
FSTX,2025-08-22 11:38:43
UB,2025-08-22 11:38:43
GNOG,2025-08-22 11:38:43
MARX,2025-08-22 11:38:43
RCHG,2025-08-22 11:38:43
EGLX,2025-08-22 11:38:43
WEB,2025-08-22 11:38:43
APO-PB,2025-08-22 11:38:43
EMLDU,2025-08-22 11:38:43
SHCR,2025-08-22 11:38:43
USER,2025-08-22 11:38:43
CEIX,2025-08-22 11:38:43
CIXX,2025-08-22 11:38:43
QIWI,2025-08-22 11:38:43
ARAV,2025-08-22 11:38:43
JXJT,2025-08-22 11:38:43
AMTBB,2025-08-22 11:38:43
JWACR,2025-08-22 11:38:43
NOVV,2025-08-22 11:38:43
ACII-WT,2025-08-22 11:38:43
AVGOP,2025-08-22 11:38:43
TRINL,2025-08-22 11:38:43
TCBPW,2025-08-22 11:38:43
ISEE,2025-08-22 11:38:43
TDCX,2025-08-22 11:38:43
AEB,2025-08-22 11:38:43
OUST-WT,2025-08-22 11:38:43
TYDE,2025-08-22 11:38:43
FRC-PL,2025-08-22 11:38:43
ALTR,2025-08-22 11:38:43
BNOX,2025-08-22 11:38:43
FOUN,2025-08-22 11:38:43
LICY,2025-08-22 11:38:43
SONC,2025-08-22 11:38:43
PRVB,2025-08-22 11:38:43
ACRX,2025-08-22 11:38:43
GEHCV,2025-08-22 11:38:43
AIII,2025-08-22 11:38:43
APXIU,2025-08-22 11:38:43
MPACR,2025-08-22 11:38:43
OPT,2025-08-22 11:38:43
GPS,2025-08-22 11:38:43
VTNR,2025-08-22 11:38:43
GRCL,2025-08-22 11:38:43
CAVM,2025-08-22 11:38:43
INST,2025-08-22 11:38:43
OUST-WTA,2025-08-22 11:38:43
IBER-WT,2025-08-22 11:38:43
CHEAU,2025-08-22 11:38:43
ACAB,2025-08-22 11:38:43
MBINO,2025-08-22 11:38:43
SCX,2025-08-22 11:38:43
AGR,2025-08-22 11:38:43
INBKL,2025-08-22 11:38:43
MNTX,2025-08-22 11:38:43
IFIN-UN,2025-08-22 11:38:43
BSGAR,2025-08-22 11:38:43
SQNM,2025-08-22 11:38:43
VIRI,2025-08-22 11:38:43
PCBK,2025-08-22 11:38:43
AVGR,2025-08-22 11:38:43
ORAN,2025-08-22 11:38:43
LUXAW,2025-08-22 11:38:43
IGACW,2025-08-22 11:38:43
NTEC,2025-08-22 11:38:43
IBTX,2025-08-22 11:38:43
GMCR,2025-08-22 11:38:43
CCVI-WT,2025-08-22 11:38:43
ENOC,2025-08-22 11:38:43
FATBV,2025-08-22 11:38:43
NEWTL,2025-08-22 11:38:43
TIG,2025-08-22 11:38:43
NAPA,2025-08-22 11:38:43
SRCL,2025-08-22 11:38:43
CPTK-WT,2025-08-22 11:38:43
ARII,2025-08-22 11:38:43
LABP,2025-08-22 11:38:43
GSAH-UN,2025-08-22 11:38:43
LLAP,2025-08-22 11:38:43
ENTFU,2025-08-22 11:38:43
OSAAW,2025-08-22 11:38:43
TPGY-WT,2025-08-22 11:38:43
EDR,2025-08-22 11:38:43
CGRN,2025-08-22 11:38:43
CARA,2025-08-22 11:38:43
STT-PD,2025-08-22 11:38:43
BTRS,2025-08-22 11:38:43
TWNI-WT,2025-08-22 11:38:43
THCPW,2025-08-22 11:38:43
BRSH,2025-08-22 11:38:43
MTAL-WT,2025-08-22 11:38:43
VEV,2025-08-22 11:38:43
RDS-B,2025-08-22 11:38:43
TPX,2025-08-22 11:38:43
MBT,2025-08-22 11:38:43
SBT,2025-08-22 11:38:43
HNRA,2025-08-22 11:38:43
PITAW,2025-08-22 11:38:43
CMRAW,2025-08-22 11:38:43
HYW,2025-08-22 11:38:43
CNDB-WT,2025-08-22 11:38:43
GLT,2025-08-22 11:38:43
PCGU,2025-08-22 11:38:43
HCARU,2025-08-22 11:38:43
WDCVV,2025-08-22 11:38:43
LIFWZ,2025-08-22 11:38:43
BROGW,2025-08-22 11:38:43
BOCN,2025-08-22 11:38:43
COWN,2025-08-22 11:38:43
LBBBU,2025-08-22 11:38:43
THCP,2025-08-22 11:38:43
SEDA,2025-08-22 11:38:43
MIT-WT,2025-08-22 11:38:43
AFTR,2025-08-22 11:38:43
KSICW,2025-08-22 11:38:43
OFG-PD,2025-08-22 11:38:43
MPLN-WT,2025-08-22 11:38:43
TCS,2025-08-22 11:38:43
KMPH,2025-08-22 11:38:43
LBYKV,2025-08-22 11:38:43
SLGC,2025-08-22 11:38:43
MBTCR,2025-08-22 11:38:43
PV-WT,2025-08-22 11:38:43
LSXMK,2025-08-22 11:38:43
HTCH,2025-08-22 11:38:43
SILK,2025-08-22 11:38:43
TWNK,2025-08-22 11:38:43
CSBK,2025-08-22 11:38:43
CDMOP,2025-08-22 11:38:43
DS-PB,2025-08-22 11:38:43
CTIB,2025-08-22 11:38:43
ARVL,2025-08-22 11:38:43
AIU,2025-08-22 11:38:43
RBCP,2025-08-22 11:38:43
DS-PD,2025-08-22 11:38:43
FNFG,2025-08-22 11:38:43
LCW-UN,2025-08-22 11:38:43
CRHC-WT,2025-08-22 11:38:43
NMRX,2025-08-22 11:38:43
HTGM,2025-08-22 11:38:43
CYNO,2025-08-22 11:38:43
EQC,2025-08-22 11:38:43
TLMD,2025-08-22 11:38:43
HYZNW,2025-08-22 11:38:43
PRMW,2025-08-22 11:38:43
WPCB-WT,2025-08-22 11:38:43
LBYAV,2025-08-22 11:38:43
CYS,2025-08-22 11:38:43
EHLDV,2025-08-22 11:38:43
VACC,2025-08-22 11:38:43
AESE,2025-08-22 11:38:43
LDR,2025-08-22 11:38:43
HORIW,2025-08-22 11:38:43
RJAC-WT,2025-08-22 11:38:43
TWKS,2025-08-22 11:38:43
LAAC,2025-08-22 11:38:43
HLGN-WT,2025-08-22 11:38:43
CAJ,2025-08-22 11:38:43
TSYS,2025-08-22 11:38:43
CACO,2025-08-22 11:38:43
BSKYW,2025-08-22 11:38:43
ANDAW,2025-08-22 11:38:43
AY,2025-08-22 11:38:43
TMDI,2025-08-22 11:38:43
ARNC,2025-08-22 11:38:43
ROLLP,2025-08-22 11:38:43
TWNPV,2025-08-22 11:38:43
IMPR,2025-08-22 11:38:43
CEO,2025-08-22 11:38:43
VBIV,2025-08-22 11:38:43
DKDCW,2025-08-22 11:38:43
AKU,2025-08-22 11:38:43
LEJU,2025-08-22 11:38:43
SJW,2025-08-22 11:38:43
HPY,2025-08-22 11:38:43
RLJE,2025-08-22 11:38:43
ACAQ,2025-08-22 11:38:43
BCAN,2025-08-22 11:38:43
SZMK,2025-08-22 11:38:43
CLC,2025-08-22 11:38:43
MTSN,2025-08-22 11:38:43
ONTXW,2025-08-22 11:38:43
LIFWW,2025-08-22 11:38:43
OTECW,2025-08-22 11:38:43
GSEV,2025-08-22 11:38:43
PSTI,2025-08-22 11:38:43
MJN,2025-08-22 11:38:43
MNK,2025-08-22 11:38:43
LIFW,2025-08-22 11:38:43
THRN,2025-08-22 11:38:43
MTL-P,2025-08-22 11:38:43
EXAR,2025-08-22 11:38:43
CSLMU,2025-08-22 11:38:43
QRTEA,2025-08-22 11:38:43
PFDRW,2025-08-22 11:38:43
CFFVW,2025-08-22 11:38:43
HEAR,2025-08-22 11:38:43
TINV-WT,2025-08-22 11:38:43
RCM,2025-08-22 11:38:43
TELL,2025-08-22 11:38:43
MSFG,2025-08-22 11:38:43
AGE,2025-08-22 11:38:43
KMCM,2025-08-22 11:38:43
PRFT,2025-08-22 11:38:43
POZN,2025-08-22 11:38:43
DWIN-WT,2025-08-22 11:38:43
SCAQW,2025-08-22 11:38:43
DTY,2025-08-22 11:38:43
FATAV,2025-08-22 11:38:43
AZYO,2025-08-22 11:38:43
TRCA-UN,2025-08-22 11:38:43
SNREV,2025-08-22 11:38:43
CCLDP,2025-08-22 11:38:43
GROMW,2025-08-22 11:38:43
KVSC,2025-08-22 11:38:43
CPTN,2025-08-22 11:38:43
MBII,2025-08-22 11:38:43
NSTD-UN,2025-08-22 11:38:43
QOMOW,2025-08-22 11:38:43
HAYN,2025-08-22 11:38:43
ASPAW,2025-08-22 11:38:43
DBGIW,2025-08-22 11:38:43
AMNB,2025-08-22 11:38:43
DHACU,2025-08-22 11:38:43
ET-PE,2025-08-22 11:38:43
JBT,2025-08-22 11:38:43
QNGY,2025-08-22 11:38:43
CSCD,2025-08-22 11:38:43
DBTX,2025-08-22 11:38:43
EMAN,2025-08-22 11:38:43
KBAL,2025-08-22 11:38:43
AMTI,2025-08-22 11:38:43
JAN,2025-08-22 11:38:43
NFYS,2025-08-22 11:38:43
ATSG,2025-08-22 11:38:43
EZFL,2025-08-22 11:38:43
SWH,2025-08-22 11:38:43
BNRE-A,2025-08-22 11:38:43
AXLA,2025-08-22 11:38:43
NARI,2025-08-22 11:38:43
ALVR,2025-08-22 11:38:43
MCBC,2025-08-22 11:38:43
SHSP,2025-08-22 11:38:43
FTAIO,2025-08-22 11:38:43
TANNL,2025-08-22 11:38:43
ROI,2025-08-22 11:38:43
SCLN,2025-08-22 11:38:43
PGSS-WT,2025-08-22 11:38:43
PETQ,2025-08-22 11:38:43
APGB-WT,2025-08-22 11:38:43
OMGA,2025-08-22 11:38:43
BDXB,2025-08-22 11:38:43
CKP,2025-08-22 11:38:43
APE,2025-08-22 11:38:43
NRDY-WT,2025-08-22 11:38:43
AJX,2025-08-22 11:38:43
NM,2025-08-22 11:38:43
APXTU,2025-08-22 11:38:43
ADMP,2025-08-22 11:38:43
STET-WT,2025-08-22 11:38:43
AAM-PB,2025-08-22 11:38:43
MGTA,2025-08-22 11:38:43
INXBV,2025-08-22 11:38:43
WENAW,2025-08-22 11:38:43
TTM,2025-08-22 11:38:43
UNTD,2025-08-22 11:38:43
GS-PJ,2025-08-22 11:38:43
REVEW,2025-08-22 11:38:43
BENEW,2025-08-22 11:38:43
CBRGU,2025-08-22 11:38:43
NH,2025-08-22 11:38:43
ADRA-WT,2025-08-22 11:38:43
BIG,2025-08-22 11:38:43
SKYAW,2025-08-22 11:38:43
JCTCF,2025-08-22 11:38:43
LHCG,2025-08-22 11:38:43
GIAC,2025-08-22 11:38:43
BXS,2025-08-22 11:38:43
VINE,2025-08-22 11:38:43
KRNL,2025-08-22 11:38:43
FMIVW,2025-08-22 11:38:43
CFB,2025-08-22 11:38:43
LCA,2025-08-22 11:38:43
ECOL,2025-08-22 11:38:43
HTBX,2025-08-22 11:38:43
SQBG,2025-08-22 11:38:43
SAB,2025-08-22 11:38:43
GBL,2025-08-22 11:38:43
DS,2025-08-22 11:38:43
EMCF,2025-08-22 11:38:43
KRA,2025-08-22 11:38:43
OSN,2025-08-22 11:38:43
PVG,2025-08-22 11:38:43
NTCO,2025-08-22 11:38:43
APGN,2025-08-22 11:38:43
BBQ,2025-08-22 11:38:43
PSPC-WT,2025-08-22 11:38:43
MIMO,2025-08-22 11:38:43
KAHC-WT,2025-08-22 11:38:43
OMIC,2025-08-22 11:38:43
QK,2025-08-22 11:38:43
NM-PH,2025-08-22 11:38:43
LMNX,2025-08-22 11:38:43
DVCR,2025-08-22 11:38:43
RAAS,2025-08-22 11:38:43
DPW,2025-08-22 11:38:43
BIOC,2025-08-22 11:38:43
SHAP,2025-08-22 11:38:43
HCP,2025-08-22 11:38:43
BHTG,2025-08-22 11:38:43
PMVC-WT,2025-08-22 11:38:43
MKGI,2025-08-22 11:38:43
CIT,2025-08-22 11:38:43
AGTC,2025-08-22 11:38:43
CYTH,2025-08-22 11:38:43
CSLT,2025-08-22 11:38:43
HCHC,2025-08-22 11:38:43
PBY,2025-08-22 11:38:43
DWRE,2025-08-22 11:38:43
BRG,2025-08-22 11:38:43
GWB,2025-08-22 11:38:43
VBLT,2025-08-22 11:38:43
CNBKA,2025-08-22 11:38:43
GPX,2025-08-22 11:38:43
ACBI,2025-08-22 11:38:43
ABMD,2025-08-22 11:38:43
HHGCU,2025-08-22 11:38:43
OABIV,2025-08-22 11:38:43
GBT,2025-08-22 11:38:43
GNCA,2025-08-22 11:38:43
PAE,2025-08-22 11:38:43
AMH-PF,2025-08-22 11:38:43
PACI,2025-08-22 11:38:43
ACGN,2025-08-22 11:38:43
HWCC,2025-08-22 11:38:43
RSYS,2025-08-22 11:38:43
GPL,2025-08-22 11:38:43
PLM,2025-08-22 11:38:43
CRY,2025-08-22 11:38:43
CFXA,2025-08-22 11:38:43
LONE,2025-08-22 11:38:43
BOCH,2025-08-22 11:38:43
AZRX,2025-08-22 11:38:43
ANDAR,2025-08-22 11:38:43
REGI,2025-08-22 11:38:43
TDW-WT,2025-08-22 11:38:43
SWM,2025-08-22 11:38:43
SNMP,2025-08-22 11:38:43
DRNA,2025-08-22 11:38:43
INFN,2025-08-22 11:38:43
VENA,2025-08-22 11:38:43
NUTR,2025-08-22 11:38:43
NAYA,2025-08-22 11:38:43
STRY-WT,2025-08-22 11:38:43
AXU,2025-08-22 11:38:43
PROS,2025-08-22 11:38:43
OSMT,2025-08-22 11:38:43
GSV,2025-08-22 11:38:43
HNGR,2025-08-22 11:38:43
TANNZ,2025-08-22 11:38:43
JW-A,2025-08-22 11:38:43
GEAR,2025-08-22 11:38:43
FLAI,2025-08-22 11:38:43
CERN,2025-08-22 11:38:43
MYTE,2025-08-22 11:38:43
HTBI,2025-08-22 11:38:43
BCOV,2025-08-22 11:38:43
DISCA,2025-08-22 11:38:43
FCCY,2025-08-22 11:38:43
NPAB,2025-08-22 11:38:43
JMP,2025-08-22 11:38:43
FCBP,2025-08-22 11:38:43
IHC,2025-08-22 11:38:43
ONCT,2025-08-22 11:38:43
HUDAU,2025-08-22 11:38:43
CELP,2025-08-22 11:38:43
NTUS,2025-08-22 11:38:43
IVR-PB,2025-08-22 11:38:43
PITA,2025-08-22 11:38:43
RXN,2025-08-22 11:38:43
BACA-WT,2025-08-22 11:38:43
CDAQ,2025-08-22 11:38:43
NBEV,2025-08-22 11:38:43
UIHC,2025-08-22 11:38:43
MATR,2025-08-22 11:38:43
SYNL,2025-08-22 11:38:43
IACVV,2025-08-22 11:38:43
LMST,2025-08-22 11:38:43
XBIOW,2025-08-22 11:38:43
USCR,2025-08-22 11:38:43
ASXC,2025-08-22 11:38:43
DFFN,2025-08-22 11:38:43
STAR-PG,2025-08-22 11:38:43
RILYI,2025-08-22 11:38:43
ZNGA,2025-08-22 11:38:43
IPVIU,2025-08-22 11:38:43
GLADL,2025-08-22 11:38:43
AACQU,2025-08-22 11:38:43
QLI,2025-08-22 11:38:43
AZPN,2025-08-22 11:38:43
HMNF,2025-08-22 11:38:43
ASCAU,2025-08-22 11:38:43
DPSI,2025-08-22 11:38:43
JNCE,2025-08-22 11:38:43
WAVD,2025-08-22 11:38:43
UFS,2025-08-22 11:38:43
BOAS-WT,2025-08-22 11:38:43
SFUN,2025-08-22 11:38:43
ILMNV,2025-08-22 11:38:43
AEPPZ,2025-08-22 11:38:43
GVP,2025-08-22 11:38:43
ZOM,2025-08-22 11:38:43
QNGY-WT,2025-08-22 11:38:43
VIACA,2025-08-22 11:38:43
VIEWW,2025-08-22 11:38:43
BFRA,2025-08-22 11:38:43
PBFX,2025-08-22 11:38:43
BRACR,2025-08-22 11:38:43
NRF,2025-08-22 11:38:43
WBK,2025-08-22 11:38:43
FLDM,2025-08-22 11:38:43
RIVE,2025-08-22 11:38:43
COMSW,2025-08-22 11:38:43
CHK,2025-08-22 11:38:43
MYNA,2025-08-22 11:38:43
CUTR,2025-08-22 11:38:43
PRB,2025-08-22 11:38:43
RDBX,2025-08-22 11:38:43
AAC-UN,2025-08-22 11:38:43
CLAQU,2025-08-22 11:38:43
FBYDP,2025-08-22 11:38:43
DCPH,2025-08-22 11:38:43
CVON,2025-08-22 11:38:43
SCMA,2025-08-22 11:38:43
INDIW,2025-08-22 11:38:43
NAACW,2025-08-22 11:38:43
DHR-PA,2025-08-22 11:38:43
PFC,2025-08-22 11:38:43
HDLS,2025-08-22 11:38:43
QRTEB,2025-08-22 11:38:43
VEDL,2025-08-22 11:38:43
ILG,2025-08-22 11:38:43
BLEUW,2025-08-22 11:38:43
WMPN,2025-08-22 11:38:43
IMPX-WT,2025-08-22 11:38:43
ENTFW,2025-08-22 11:38:43
GENE,2025-08-22 11:38:43
DWCH,2025-08-22 11:38:43
EFSH,2025-08-22 11:38:43
BANC-PE,2025-08-22 11:38:43
CLBTW,2025-08-22 11:38:43
MYCC,2025-08-22 11:38:43
ZNH,2025-08-22 11:38:43
FRTX,2025-08-22 11:38:43
DICE,2025-08-22 11:38:43
SBLKZ,2025-08-22 11:38:43
SPHA,2025-08-22 11:38:43
AGRIW,2025-08-22 11:38:43
ASLEW,2025-08-22 11:38:43
NHWK,2025-08-22 11:38:43
KKD,2025-08-22 11:38:43
NYCB-PA,2025-08-22 11:38:43
DOMA-WT,2025-08-22 11:38:43
MTTR,2025-08-22 11:38:43
SGIIU,2025-08-22 11:38:43
SURGW,2025-08-22 11:38:43
LMDX,2025-08-22 11:38:43
ANCX,2025-08-22 11:38:43
OBAS,2025-08-22 11:38:43
STON,2025-08-22 11:38:43
LOCK,2025-08-22 11:38:43
PFHD,2025-08-22 11:38:43
BLAC,2025-08-22 11:38:43
AEHA,2025-08-22 11:38:43
INVO,2025-08-22 11:38:43
LOJN,2025-08-22 11:38:43
CAB,2025-08-22 11:38:43
NYCB,2025-08-22 11:38:43
ALPX,2025-08-22 11:38:43
RTLPP,2025-08-22 11:38:43
FLDD,2025-08-22 11:38:43
MCLD,2025-08-22 11:38:43
EMLDW,2025-08-22 11:38:43
PRE-PJ,2025-08-22 11:38:43
SIRO,2025-08-22 11:38:43
FOUNU,2025-08-22 11:38:43
SPLP-PA,2025-08-22 11:38:43
ROIC,2025-08-22 11:38:43
SLCRU,2025-08-22 11:38:43
MCAAU,2025-08-22 11:38:43
ALSAW,2025-08-22 11:38:43
RJF-PA,2025-08-22 11:38:43
STCN,2025-08-22 11:38:43
ACHL,2025-08-22 11:38:43
PYR,2025-08-22 11:38:43
CGA,2025-08-22 11:38:43
WISA,2025-08-22 11:38:43
BECN,2025-08-22 11:38:43
MCAD,2025-08-22 11:38:43
CVIIU,2025-08-22 11:38:43
EVBN,2025-08-22 11:38:43
QRTEP,2025-08-22 11:38:43
SWI,2025-08-22 11:38:43
IQMD,2025-08-22 11:38:43
STIXW,2025-08-22 11:38:43
BLCM,2025-08-22 11:38:43
CDMO,2025-08-22 11:38:43
BSMX,2025-08-22 11:38:43
IVCBW,2025-08-22 11:38:43
RHLDV,2025-08-22 11:38:43
ENLC,2025-08-22 11:38:43
UEPS,2025-08-22 11:38:43
MCFE,2025-08-22 11:38:43
AAMC,2025-08-22 11:38:43
ENG,2025-08-22 11:38:43
NSTD,2025-08-22 11:38:43
RVNC,2025-08-22 11:38:43
CSLMW,2025-08-22 11:38:43
SCWX,2025-08-22 11:38:43
PAVMZ,2025-08-22 11:38:43
GAINM,2025-08-22 11:38:43
GBBK,2025-08-22 11:38:43
DMYS,2025-08-22 11:38:43
GCACW,2025-08-22 11:38:43
SASR,2025-08-22 11:38:43
EFC-PE,2025-08-22 11:38:43
DEL,2025-08-22 11:38:43
GSAQ,2025-08-22 11:38:43
LEV,2025-08-22 11:38:43
CPSI,2025-08-22 11:38:43
NSTB-UN,2025-08-22 11:38:43
CYAD,2025-08-22 11:38:43
GPCOU,2025-08-22 11:38:43
PIXY,2025-08-22 11:38:43
PSUS,2025-08-22 11:38:43
NKLA,2025-08-22 11:38:43
CPUH-UN,2025-08-22 11:38:43
BMAQU,2025-08-22 11:38:43
TOROV,2025-08-22 11:38:43
PYCR,2025-08-22 11:38:43
MRNS,2025-08-22 11:38:43
WMAR,2025-08-22 11:38:43
SPKEP,2025-08-22 11:38:43
ADEX,2025-08-22 11:38:43
YTEN,2025-08-22 11:38:43
STDY,2025-08-22 11:38:43
KS,2025-08-22 11:38:43
SHCRW,2025-08-22 11:38:43
EUCRW,2025-08-22 11:38:43
CDAQU,2025-08-22 11:38:43
GECCM,2025-08-22 11:38:43
ANGIV,2025-08-22 11:38:43
FSII,2025-08-22 11:38:43
HKIB,2025-08-22 11:38:43
ESSCW,2025-08-22 11:38:43
CLVT-PA,2025-08-22 11:38:43
LBC,2025-08-22 11:38:43
PHGE-UN,2025-08-22 11:38:43
AGBAR,2025-08-22 11:38:43
FMBIO,2025-08-22 11:38:43
ICCH,2025-08-22 11:38:43
AUD,2025-08-22 11:38:43
EMKR,2025-08-22 11:38:43
TBNK,2025-08-22 11:38:43
DTRTW,2025-08-22 11:38:43
MRO,2025-08-22 11:38:43
EPIQ,2025-08-22 11:38:43
SSIC,2025-08-22 11:38:43
ATNX,2025-08-22 11:38:43
AILEW,2025-08-22 11:38:43
RCFA-WT,2025-08-22 11:38:43
DUETW,2025-08-22 11:38:43
KATE,2025-08-22 11:38:43
BDR,2025-08-22 11:38:43
AEAXX,2025-08-22 11:38:43
BRSHW,2025-08-22 11:38:43
RWOD,2025-08-22 11:38:43
WIRE,2025-08-22 11:38:43
SPCMU,2025-08-22 11:38:43
CBD,2025-08-22 11:38:43
INTX,2025-08-22 11:38:43
ICLK,2025-08-22 11:38:43
POWRU,2025-08-22 11:38:43
RHE,2025-08-22 11:38:43
TA,2025-08-22 11:38:43
AIBBR,2025-08-22 11:38:43
AFINP,2025-08-22 11:38:43
CHWA,2025-08-22 11:38:43
PNC-PP,2025-08-22 11:38:43
SUM,2025-08-22 11:38:43
GENQ,2025-08-22 11:38:43
CST,2025-08-22 11:38:43
BERY,2025-08-22 11:38:43
CRN,2025-08-22 11:38:43
VASC,2025-08-22 11:38:43
SHACW,2025-08-22 11:38:43
GOEVW,2025-08-22 11:38:43
AIMC,2025-08-22 11:38:43
MN,2025-08-22 11:38:43
SLACU,2025-08-22 11:38:43
SVFAW,2025-08-22 11:38:43
BMTX,2025-08-22 11:38:43
FISV,2025-08-22 11:38:43
FEXD,2025-08-22 11:38:43
KSU-P,2025-08-22 11:38:43
PLMIW,2025-08-22 11:38:43
SESN,2025-08-22 11:38:43
CYRN,2025-08-22 11:38:43
IBA,2025-08-22 11:38:43
BLACU,2025-08-22 11:38:43
SRACU,2025-08-22 11:38:43
BDSI,2025-08-22 11:38:43
CPG,2025-08-22 11:38:43
VOXX,2025-08-22 11:38:43
NCNCW,2025-08-22 11:38:43
EQRXW,2025-08-22 11:38:43
TRKA,2025-08-22 11:38:43
UNFL,2025-08-22 11:38:43
CPTNW,2025-08-22 11:38:43
OLK,2025-08-22 11:38:43
HTLFP,2025-08-22 11:38:43
GSMG,2025-08-22 11:38:43
LBPS,2025-08-22 11:38:43
EVK,2025-08-22 11:38:43
HTLF,2025-08-22 11:38:43
PSAG,2025-08-22 11:38:43
LATG,2025-08-22 11:38:43
PTVE,2025-08-22 11:38:43
NMMCW,2025-08-22 11:38:43
RICE-UN,2025-08-22 11:38:43
SNDKV,2025-08-22 11:38:43
SQ,2025-08-22 11:38:43
FUSN,2025-08-22 11:38:43
EFHTW,2025-08-22 11:38:43
ISDR,2025-08-22 11:38:43
STRCW,2025-08-22 11:38:43
BTWNU,2025-08-22 11:38:43
PLMJU,2025-08-22 11:38:43
ESEAV,2025-08-22 11:38:43
BOCNU,2025-08-22 11:38:43
EVE-WT,2025-08-22 11:38:43
WPCB,2025-08-22 11:38:43
AHI,2025-08-22 11:38:43
VCSA,2025-08-22 11:38:43
AITRU,2025-08-22 11:38:43
CLIM-UN,2025-08-22 11:38:43
SJIV,2025-08-22 11:38:43
MTP,2025-08-22 11:38:43
UNAM,2025-08-22 11:38:43
SGE,2025-08-22 11:38:43
VLDR,2025-08-22 11:38:43
BOXD,2025-08-22 11:38:43
ASLN,2025-08-22 11:38:43
DGNR,2025-08-22 11:38:43
BIOS,2025-08-22 11:38:43
CCP,2025-08-22 11:38:43
APACW,2025-08-22 11:38:43
FSR,2025-08-22 11:38:43
BRIV,2025-08-22 11:38:43
FREEW,2025-08-22 11:38:43
NES,2025-08-22 11:38:43
NAV,2025-08-22 11:38:43
NVIV,2025-08-22 11:38:43
CLIN,2025-08-22 11:38:43
TETCU,2025-08-22 11:38:43
PHYT-UN,2025-08-22 11:38:43
SVSVU,2025-08-22 11:38:43
SFT,2025-08-22 11:38:43
NICK,2025-08-22 11:38:43
NUVO,2025-08-22 11:38:43
NBSTW,2025-08-22 11:38:43
MPACU,2025-08-22 11:38:43
SMAR,2025-08-22 11:38:43
RFAC,2025-08-22 11:38:43
GAPA-WT,2025-08-22 11:38:43
CONN,2025-08-22 11:38:43
CHFN,2025-08-22 11:38:43
OSI-WT,2025-08-22 11:38:43
CNDB,2025-08-22 11:38:43
LBBBW,2025-08-22 11:38:43
GLAQ,2025-08-22 11:38:43
MCAC,2025-08-22 11:38:43
VTAQR,2025-08-22 11:38:43
RF-PB,2025-08-22 11:38:43
AMPI-WT,2025-08-22 11:38:43
HGH,2025-08-22 11:38:43
GBNH,2025-08-22 11:38:43
SWAV,2025-08-22 11:38:43
TWCBU,2025-08-22 11:38:43
ELVT,2025-08-22 11:38:43
FNBG,2025-08-22 11:38:43
SMLP,2025-08-22 11:38:43
SHPW-WT,2025-08-22 11:38:43
ASAI,2025-08-22 11:38:43
PALT,2025-08-22 11:38:43
NVNOW,2025-08-22 11:38:43
LIBYU,2025-08-22 11:38:43
JOFF,2025-08-22 11:38:43
ODT,2025-08-22 11:38:43
HZNP,2025-08-22 11:38:43
ZUO,2025-08-22 11:38:43
GODN,2025-08-22 11:38:43
TMTC,2025-08-22 11:38:43
GNE-PA,2025-08-22 11:38:43
AINC,2025-08-22 11:38:43
MIXT,2025-08-22 11:38:43
HCAQ,2025-08-22 11:38:43
AMEH,2025-08-22 11:38:43
CINR,2025-08-22 11:38:43
JOY,2025-08-22 11:38:43
SLHG,2025-08-22 11:38:43
OFSSI,2025-08-22 11:38:43
SHUAW,2025-08-22 11:38:43
HIPO-WT,2025-08-22 11:38:43
DTLK,2025-08-22 11:38:43
CLAS-WT,2025-08-22 11:38:43
MKFG,2025-08-22 11:38:43
TSP,2025-08-22 11:38:43
ACAHW,2025-08-22 11:38:43
SHCAW,2025-08-22 11:38:43
PPHP,2025-08-22 11:38:43
CBTX,2025-08-22 11:38:43
STAF,2025-08-22 11:38:43
STBX,2025-08-22 11:38:43
MEDS,2025-08-22 11:38:43
LGTY,2025-08-22 11:38:43
SIFYR,2025-08-22 11:38:43
ANAC,2025-08-22 11:38:43
CMPI,2025-08-22 11:38:43
AHL-PC,2025-08-22 11:38:43
BRP,2025-08-22 11:38:43
CDXC,2025-08-22 11:38:43
CHUY,2025-08-22 11:38:43
SVMHW,2025-08-22 11:38:43
SVNAU,2025-08-22 11:38:43
TSIBU,2025-08-22 11:38:43
GSQB-UN,2025-08-22 11:38:43
ARIA,2025-08-22 11:38:43
HCAR,2025-08-22 11:38:43
FVAM,2025-08-22 11:38:43
HYMCZ,2025-08-22 11:38:43
ENZ,2025-08-22 11:38:43
HCVIU,2025-08-22 11:38:43
DYNS,2025-08-22 11:38:43
CALT,2025-08-22 11:38:43
ARG,2025-08-22 11:38:43
ZPTAW,2025-08-22 11:38:43
THCHW,2025-08-22 11:38:43
EVOJ,2025-08-22 11:38:43
BHSE,2025-08-22 11:38:43
FRSG,2025-08-22 11:38:43
PTWOU,2025-08-22 11:38:43
EXAI,2025-08-22 11:38:43
LLAP-WT,2025-08-22 11:38:43
CTCT,2025-08-22 11:38:43
VVI,2025-08-22 11:38:43
SDC,2025-08-22 11:38:43
ASPCW,2025-08-22 11:38:43
SIVB,2025-08-22 11:38:43
SQSP,2025-08-22 11:38:43
SCHN,2025-08-22 11:38:43
JMACU,2025-08-22 11:38:43
PAYOW,2025-08-22 11:38:43
SUNSV,2025-08-22 11:38:43
PHCF,2025-08-22 11:38:43
VMEM,2025-08-22 11:38:43
FATPW,2025-08-22 11:38:43
HECCU,2025-08-22 11:38:43
IBACU,2025-08-22 11:38:43
ADRT,2025-08-22 11:38:43
FLMNW,2025-08-22 11:38:43
MDVL,2025-08-22 11:38:43
BTTR,2025-08-22 11:38:43
JGGCW,2025-08-22 11:38:43
WETG,2025-08-22 11:38:43
DRQ,2025-08-22 11:38:43
ARNA,2025-08-22 11:38:43
PIAI,2025-08-22 11:38:43
WAVS,2025-08-22 11:38:43
ALRN,2025-08-22 11:38:43
PLAOW,2025-08-22 11:38:43
SNCE,2025-08-22 11:38:43
FXCOR,2025-08-22 11:38:43
AIH,2025-08-22 11:38:43
ATIF,2025-08-22 11:38:43
LFC,2025-08-22 11:38:43
PGRWU,2025-08-22 11:38:43
KLAQU,2025-08-22 11:38:43
RBNEV,2025-08-22 11:38:43
WE,2025-08-22 11:38:43
VHAQ-UN,2025-08-22 11:38:43
OCLR,2025-08-22 11:38:43
AMAOW,2025-08-22 11:38:43
IPXXU,2025-08-22 11:38:43
VLON,2025-08-22 11:38:43
VIA,2025-08-22 11:38:43
AFAC,2025-08-22 11:38:43
BBG,2025-08-22 11:38:43
BKEPP,2025-08-22 11:38:43
AITR,2025-08-22 11:38:43
FWP,2025-08-22 11:38:43
LAWS,2025-08-22 11:38:43
IRNT,2025-08-22 11:38:43
SCTL,2025-08-22 11:38:43
ATAK,2025-08-22 11:38:43
OTRAU,2025-08-22 11:38:43
IMPL,2025-08-22 11:38:43
ADRT-UN,2025-08-22 11:38:43
TWCT,2025-08-22 11:38:43
DWACW,2025-08-22 11:38:43
HRT,2025-08-22 11:38:43
BMAQW,2025-08-22 11:38:43
JWSM-UN,2025-08-22 11:38:43
LCY,2025-08-22 11:38:43
CHPMW,2025-08-22 11:38:43
IVCAU,2025-08-22 11:38:43
STAR-PI,2025-08-22 11:38:43
ICBK,2025-08-22 11:38:43
ETRN,2025-08-22 11:38:43
ALORW,2025-08-22 11:38:43
SMTS,2025-08-22 11:38:43
GIA-UN,2025-08-22 11:38:43
WTRU,2025-08-22 11:38:43
APEN,2025-08-22 11:38:43
ISUN,2025-08-22 11:38:43
MCACR,2025-08-22 11:38:43
CALB,2025-08-22 11:38:43
MRACW,2025-08-22 11:38:43
BYU,2025-08-22 11:38:43
GIWWW,2025-08-22 11:38:43
BREZW,2025-08-22 11:38:43
FIACU,2025-08-22 11:38:43
FZT-UN,2025-08-22 11:38:43
SAGAU,2025-08-22 11:38:43
RNER,2025-08-22 11:38:43
UMH-PC,2025-08-22 11:38:43
ELAT,2025-08-22 11:38:43
RCRTW,2025-08-22 11:38:43
FCAX-UN,2025-08-22 11:38:43
HAIAW,2025-08-22 11:38:43
SAG,2025-08-22 11:38:43
GBRGW,2025-08-22 11:38:43
UZC,2025-08-22 11:38:43
ROIVW,2025-08-22 11:38:43
APTO,2025-08-22 11:38:43
ROCGU,2025-08-22 11:38:43
PIRS,2025-08-22 11:38:43
GODNU,2025-08-22 11:38:43
ZIONL,2025-08-22 11:38:43
AXNX,2025-08-22 11:38:43
TNP-PF,2025-08-22 11:38:43
BNGOW,2025-08-22 11:38:43
DRCTW,2025-08-22 11:38:43
SPAN,2025-08-22 11:38:43
ARES-PA,2025-08-22 11:38:43
BLEUU,2025-08-22 11:38:43
IDEX,2025-08-22 11:38:43
SPHAR,2025-08-22 11:38:43
FACT-WT,2025-08-22 11:38:43
WRK,2025-08-22 11:38:43
WEL-UN,2025-08-22 11:38:43
TWCBW,2025-08-22 11:38:43
OCUP,2025-08-22 11:38:43
TLGYW,2025-08-22 11:38:43
TWLV,2025-08-22 11:38:43
EGOX,2025-08-22 11:38:43
FHLTU,2025-08-22 11:38:43
SHPG,2025-08-22 11:38:43
SCLEW,2025-08-22 11:38:43
FTAI-PB,2025-08-22 11:38:43
MDRRP,2025-08-22 11:38:43
GSQB-WT,2025-08-22 11:38:43
HIIIW,2025-08-22 11:38:43
GACQW,2025-08-22 11:38:43
BCSAU,2025-08-22 11:38:43
NR,2025-08-22 11:38:43
SLAMW,2025-08-22 11:38:43
ERF,2025-08-22 11:38:43
LDHAW,2025-08-22 11:38:43
VSACW,2025-08-22 11:38:43
CHPMU,2025-08-22 11:38:43
GBRGR,2025-08-22 11:38:43
AAM-PA,2025-08-22 11:38:43
AAC-WT,2025-08-22 11:38:43
HHGC,2025-08-22 11:38:43
LBAI,2025-08-22 11:38:43
ALLG,2025-08-22 11:38:43
WWE,2025-08-22 11:38:43
TRAQ-WT,2025-08-22 11:38:43
FOXWW,2025-08-22 11:38:43
BKI,2025-08-22 11:38:43
USAP,2025-08-22 11:38:43
AVAN-WT,2025-08-22 11:38:43
SGDVV,2025-08-22 11:38:43
TFFP,2025-08-22 11:38:43
SCAI,2025-08-22 11:38:43
ALPAW,2025-08-22 11:38:43
SGH,2025-08-22 11:38:43
ASAQ-WT,2025-08-22 11:38:43
BELP,2025-08-22 11:38:43
PATI,2025-08-22 11:38:43
DHBC,2025-08-22 11:38:43
WBEV,2025-08-22 11:38:43
NSTB-WT,2025-08-22 11:38:43
RSTI,2025-08-22 11:38:43
BOWL,2025-08-22 11:38:43
PF,2025-08-22 11:38:43
LFTRW,2025-08-22 11:38:43
KAMN,2025-08-22 11:38:43
AULT,2025-08-22 11:38:43
MORF,2025-08-22 11:38:43
CCMP,2025-08-22 11:38:43
LJAQ,2025-08-22 11:38:43
SLVRW,2025-08-22 11:38:43
FSBK,2025-08-22 11:38:43
GPACW,2025-08-22 11:38:43
CHKEZ,2025-08-22 11:38:43
VYGG-WT,2025-08-22 11:38:43
CAM,2025-08-22 11:38:43
MINDP,2025-08-22 11:38:43
SLNA,2025-08-22 11:38:43
FZT,2025-08-22 11:38:43
LTHM,2025-08-22 11:38:43
AMPS-WT,2025-08-22 11:38:43
FRES,2025-08-22 11:38:43
WAVSU,2025-08-22 11:38:43
RAI,2025-08-22 11:38:43
ENV,2025-08-22 11:38:43
ROCGW,2025-08-22 11:38:43
HAACW,2025-08-22 11:38:43
VCKAU,2025-08-22 11:38:43
IFIN-WT,2025-08-22 11:38:43
BCSAW,2025-08-22 11:38:43
TSIBW,2025-08-22 11:38:43
GAQ-WT,2025-08-22 11:38:43
CPTAG,2025-08-22 11:38:43
AHC,2025-08-22 11:38:43
HGSH,2025-08-22 11:38:43
VZIO,2025-08-22 11:38:43
DCRCU,2025-08-22 11:38:43
TNP-PE,2025-08-22 11:38:43
BFAC,2025-08-22 11:38:43
EXN,2025-08-22 11:38:43
FTAIP,2025-08-22 11:38:43
ETTX,2025-08-22 11:38:43
BLEU,2025-08-22 11:38:43
VSTO,2025-08-22 11:38:43
VLD,2025-08-22 11:38:43
QTS-PA,2025-08-22 11:38:43
TMST,2025-08-22 11:38:43
MCLDP,2025-08-22 11:38:43
BODY-WT,2025-08-22 11:38:43
BHIL,2025-08-22 11:38:43
ABCD,2025-08-22 11:38:43
VAPO,2025-08-22 11:38:43
LVOXW,2025-08-22 11:38:43
KRNLU,2025-08-22 11:38:43
CPLG,2025-08-22 11:38:43
COOL,2025-08-22 11:38:43
UCBIO,2025-08-22 11:38:43
REXX,2025-08-22 11:38:43
BRD-WT,2025-08-22 11:38:43
ROCLW,2025-08-22 11:38:43
ADGE,2025-08-22 11:38:43
IBLUU,2025-08-22 11:38:43
AUVI,2025-08-22 11:38:43
AITRR,2025-08-22 11:38:43
AVACU,2025-08-22 11:38:43
GRALV,2025-08-22 11:38:43
ADEX-WT,2025-08-22 11:38:43
NVSAW,2025-08-22 11:38:43
APN-WT,2025-08-22 11:38:43
AXAC-WT,2025-08-22 11:38:43
NOGN,2025-08-22 11:38:43
AIG-PA,2025-08-22 11:38:43
APOPW,2025-08-22 11:38:43
ADEX-UN,2025-08-22 11:38:43
ARYD,2025-08-22 11:38:43
CJJD,2025-08-22 11:38:43
RCRT,2025-08-22 11:38:43
DTSQU,2025-08-22 11:38:43
KL,2025-08-22 11:38:43
CSLRW,2025-08-22 11:38:43
ASZ-WT,2025-08-22 11:38:43
LCI,2025-08-22 11:38:43
HTPA-WT,2025-08-22 11:38:43
LMHA,2025-08-22 11:38:43
LGV-WT,2025-08-22 11:38:43
KACLW,2025-08-22 11:38:43
ANCB,2025-08-22 11:38:43
POND-WT,2025-08-22 11:38:43
ACBA,2025-08-22 11:38:43
AMCC,2025-08-22 11:38:43
NTP,2025-08-22 11:38:43
CLBS,2025-08-22 11:38:43
DILAW,2025-08-22 11:38:43
GBOX,2025-08-22 11:38:43
AMRI,2025-08-22 11:38:43
ROSS-WT,2025-08-22 11:38:43
FLDDU,2025-08-22 11:38:43
PNACW,2025-08-22 11:38:43
IO,2025-08-22 11:38:43
ESND,2025-08-22 11:38:43
FCS,2025-08-22 11:38:43
SPECW,2025-08-22 11:38:43
HPX-WT,2025-08-22 11:38:43
NSM,2025-08-22 11:38:43
RILYM,2025-08-22 11:38:43
APXIW,2025-08-22 11:38:43
IZTC,2025-08-22 11:38:43
ORIAW,2025-08-22 11:38:43
BGSX-WT,2025-08-22 11:38:43
LSXMB,2025-08-22 11:38:43
IL,2025-08-22 11:38:43
KRNLW,2025-08-22 11:38:43
EMLD,2025-08-22 11:38:43
BPY,2025-08-22 11:38:43
CTCXW,2025-08-22 11:38:43
HA,2025-08-22 11:38:43
ECYT,2025-08-22 11:38:43
MNTN-WT,2025-08-22 11:38:43
GROV-WT,2025-08-22 11:38:43
DISA,2025-08-22 11:38:43
KCAC-WT,2025-08-22 11:38:43
HYZN,2025-08-22 11:38:43
BBBY,2025-08-22 11:38:43
PICC-WT,2025-08-22 11:38:43
OME,2025-08-22 11:38:43
RCLFW,2025-08-22 11:38:43
HRC,2025-08-22 11:38:43
IVTY,2025-08-22 11:38:43
VENAW,2025-08-22 11:38:43
SPCMW,2025-08-22 11:38:43
CXAC-WT,2025-08-22 11:38:43
SRSAU,2025-08-22 11:38:43
GHIXU,2025-08-22 11:38:43
IRRX-WT,2025-08-22 11:38:43
WTREP,2025-08-22 11:38:43
JMPNZ,2025-08-22 11:38:43
GEHI,2025-08-22 11:38:43
LCAAW,2025-08-22 11:38:43
MPLN,2025-08-22 11:38:43
BGNE,2025-08-22 11:38:43
GI,2025-08-22 11:38:43
VTRO,2025-08-22 11:38:43
SCAQ,2025-08-22 11:38:43
OZON,2025-08-22 11:38:43
TENK,2025-08-22 11:38:43
EFTRW,2025-08-22 11:38:43
FRX,2025-08-22 11:38:43
GTH,2025-08-22 11:38:43
CLAA-WT,2025-08-22 11:38:43
TPGH-UN,2025-08-22 11:38:43
ELNK,2025-08-22 11:38:43
GMVDW,2025-08-22 11:38:43
HAACU,2025-08-22 11:38:43
LAXXW,2025-08-22 11:38:43
COL,2025-08-22 11:38:43
ININ,2025-08-22 11:38:43
QFTA-WT,2025-08-22 11:38:43
VSAR,2025-08-22 11:38:43
CDOR,2025-08-22 11:38:43
GAPA-UN,2025-08-22 11:38:43
ITHX,2025-08-22 11:38:43
SCAQU,2025-08-22 11:38:43
SAMA,2025-08-22 11:38:43
WFM,2025-08-22 11:38:43
PORT-WT,2025-08-22 11:38:43
GXGX,2025-08-22 11:38:43
MOBL,2025-08-22 11:38:43
CPAQW,2025-08-22 11:38:43
WEL-WT,2025-08-22 11:38:43
GRDIW,2025-08-22 11:38:43
GBBKR,2025-08-22 11:38:43
FNCB,2025-08-22 11:38:43
SPHAU,2025-08-22 11:38:43
PFIE,2025-08-22 11:38:43
BEST,2025-08-22 11:38:43
IPAX,2025-08-22 11:38:43
SIC,2025-08-22 11:38:43
CTV,2025-08-22 11:38:43
LUCYW,2025-08-22 11:38:43
ARIZW,2025-08-22 11:38:43
HCARW,2025-08-22 11:38:43
APTX,2025-08-22 11:38:43
AFCGV,2025-08-22 11:38:43
ATSPU,2025-08-22 11:38:43
BRCD,2025-08-22 11:38:43
GXGXW,2025-08-22 11:38:43
BRKHW,2025-08-22 11:38:43
LCW-WT,2025-08-22 11:38:43
IPAXW,2025-08-22 11:38:43
AVXS,2025-08-22 11:38:43
MCAE,2025-08-22 11:38:43
LATGU,2025-08-22 11:38:43
LAX,2025-08-22 11:38:43
BKMU,2025-08-22 11:38:43
DSKEW,2025-08-22 11:38:43
BLCT,2025-08-22 11:38:43
FREY-WT,2025-08-22 11:38:43
BNNRW,2025-08-22 11:38:43
KURIU,2025-08-22 11:38:43
FFIEW,2025-08-22 11:38:43
EOCW-WT,2025-08-22 11:38:43
MARXU,2025-08-22 11:38:43
CFNL,2025-08-22 11:38:43
DGHI,2025-08-22 11:38:43
GLTA,2025-08-22 11:38:43
ASZ,2025-08-22 11:38:43
CSTA-WT,2025-08-22 11:38:43
LBPSW,2025-08-22 11:38:43
XPDIU,2025-08-22 11:38:43
DHCAW,2025-08-22 11:38:43
GWIIW,2025-08-22 11:38:43
ARTLW,2025-08-22 11:38:43
AEHAW,2025-08-22 11:38:43
VNE,2025-08-22 11:38:43
ALTM,2025-08-22 11:38:43
EFHT,2025-08-22 11:38:43
ARPO,2025-08-22 11:38:43
GSQD,2025-08-22 11:38:43
EURN,2025-08-22 11:38:43
TNP,2025-08-22 11:38:43
TELZ,2025-08-22 11:38:43
PMGM,2025-08-22 11:38:43
PWFL,2025-08-22 11:38:43
TRR,2025-08-22 11:38:43
TWNKW,2025-08-22 11:38:43
FLYA-WT,2025-08-22 11:38:43
TCACW,2025-08-22 11:38:43
OWLT-WT,2025-08-22 11:38:43
FMI,2025-08-22 11:38:43
RCHGW,2025-08-22 11:38:43
TETCW,2025-08-22 11:38:43
TMPMW,2025-08-22 11:38:43
ROSS,2025-08-22 11:38:43
SFC,2025-08-22 11:38:43
WAVSW,2025-08-22 11:38:43
WIBC,2025-08-22 11:38:43
SOGO,2025-08-22 11:38:43
GSS,2025-08-22 11:38:43
CIAN,2025-08-22 11:38:43
TWCTU,2025-08-22 11:38:43
AHACU,2025-08-22 11:38:43
VINCW,2025-08-22 11:38:43
IPOD-WT,2025-08-22 11:38:43
MZOR,2025-08-22 11:38:43
SIERW,2025-08-22 11:38:43
XOXO,2025-08-22 11:38:43
PNY,2025-08-22 11:38:43
PTOC,2025-08-22 11:38:43
GGMCW,2025-08-22 11:38:43
UP-WT,2025-08-22 11:38:43
CPTK,2025-08-22 11:38:43
DNZ,2025-08-22 11:38:43
LGTOU,2025-08-22 11:38:43
TSPQ-WT,2025-08-22 11:38:43
CND-UN,2025-08-22 11:38:43
REEAW,2025-08-22 11:38:43
TUGCW,2025-08-22 11:38:43
SMIHU,2025-08-22 11:38:43
ATRI,2025-08-22 11:38:43
SQI,2025-08-22 11:38:43
VLTA,2025-08-22 11:38:43
XCRA,2025-08-22 11:38:43
PCP,2025-08-22 11:38:43
FREE,2025-08-22 11:38:43
QCP,2025-08-22 11:38:43
ZNTE,2025-08-22 11:38:43
SMFRW,2025-08-22 11:38:43
ABIO,2025-08-22 11:38:43
SPFR,2025-08-22 11:38:43
VIACP,2025-08-22 11:38:43
GIACW,2025-08-22 11:38:43
TPVY,2025-08-22 11:38:43
RCA,2025-08-22 11:38:43
GSEVW,2025-08-22 11:38:43
SYN,2025-08-22 11:38:43
RRAC-UN,2025-08-22 11:38:43
GLDC,2025-08-22 11:38:43
EDNCW,2025-08-22 11:38:43
SVOK,2025-08-22 11:38:43
WENA,2025-08-22 11:38:43
DMS-WT,2025-08-22 11:38:43
ACABU,2025-08-22 11:38:43
NVRO,2025-08-22 11:38:43
CPE,2025-08-22 11:38:43
ANAC-WT,2025-08-22 11:38:43
MEACW,2025-08-22 11:38:43
EUSGU,2025-08-22 11:38:43
CLRM,2025-08-22 11:38:43
HIGA-WT,2025-08-22 11:38:43
GIA-WT,2025-08-22 11:38:43
ML-WT,2025-08-22 11:38:43
COBZ,2025-08-22 11:38:43
BGSX-UN,2025-08-22 11:38:43
DMTK,2025-08-22 11:38:43
APTV-PA,2025-08-22 11:38:43
KLR-WT,2025-08-22 11:38:43
EXFO,2025-08-22 11:38:43
ALACW,2025-08-22 11:38:43
BLUA-UN,2025-08-22 11:38:43
CIIGW,2025-08-22 11:38:43
APOP,2025-08-22 11:38:43
ACF,2025-08-22 11:38:43
ASAX,2025-08-22 11:38:43
GNPK-UN,2025-08-22 11:38:43
CND-WT,2025-08-22 11:38:43
BENER,2025-08-22 11:38:43
AEVA-WT,2025-08-22 11:38:43
BMTX-WT,2025-08-22 11:38:43
JUPW,2025-08-22 11:38:43
BIOSW,2025-08-22 11:38:43
CHWAW,2025-08-22 11:38:43
GLSPT,2025-08-22 11:38:43
BGSX,2025-08-22 11:38:43
GRCYW,2025-08-22 11:38:43
GNACU,2025-08-22 11:38:43
MICS,2025-08-22 11:38:43
MBINP,2025-08-22 11:38:43
JATT-WT,2025-08-22 11:38:43
SANBW,2025-08-22 11:38:43
RPHM,2025-08-22 11:38:43
THCBU,2025-08-22 11:38:43
CLAQR,2025-08-22 11:38:43
VSAC,2025-08-22 11:38:43
QELL,2025-08-22 11:38:43
EQY,2025-08-22 11:38:43
TGR-WT,2025-08-22 11:38:43
CPAQ,2025-08-22 11:38:43
MNTN-UN,2025-08-22 11:38:43
FMER,2025-08-22 11:38:43
ARTEU,2025-08-22 11:38:43
RLGY,2025-08-22 11:38:43
ACACW,2025-08-22 11:38:43
ARGUW,2025-08-22 11:38:43
AKTS,2025-08-22 11:38:43
GIWWU,2025-08-22 11:38:43
TLGYU,2025-08-22 11:38:43
AKLI,2025-08-22 11:38:43
IRCP,2025-08-22 11:38:43
CSLM,2025-08-22 11:38:43
HPLT,2025-08-22 11:38:43
SNRH,2025-08-22 11:38:43
GTWN,2025-08-22 11:38:43
UZA,2025-08-22 11:38:43
HT-PD,2025-08-22 11:38:43
INAQU,2025-08-22 11:38:43
SKYAU,2025-08-22 11:38:43
IQMDW,2025-08-22 11:38:43
OSH,2025-08-22 11:38:43
EVE-UN,2025-08-22 11:38:43
ASAQ,2025-08-22 11:38:43
EGN,2025-08-22 11:38:43
HPX,2025-08-22 11:38:43
ALXN,2025-08-22 11:38:43
TMPOW,2025-08-22 11:38:43
GFGDW,2025-08-22 11:38:43
SRACW,2025-08-22 11:38:43
AGTI,2025-08-22 11:38:43
HLAHW,2025-08-22 11:38:43
FEXDW,2025-08-22 11:38:43
KLDX,2025-08-22 11:38:43
NI-PB,2025-08-22 11:38:43
MCAF,2025-08-22 11:38:43
FTEV-UN,2025-08-22 11:38:43
PEB-PD,2025-08-22 11:38:43
PIPP-WT,2025-08-22 11:38:43
SEDA-UN,2025-08-22 11:38:43
LCYAU,2025-08-22 11:38:43
NDAC,2025-08-22 11:38:43
IIII,2025-08-22 11:38:43
USWSW,2025-08-22 11:38:43
LSBG,2025-08-22 11:38:43
VLTA-WT,2025-08-22 11:38:43
STJ,2025-08-22 11:38:43
GS-PK,2025-08-22 11:38:43
KIN,2025-08-22 11:38:43
CLAQW,2025-08-22 11:38:43
RCLFU,2025-08-22 11:38:43
STRE-WT,2025-08-22 11:38:43
MBTCU,2025-08-22 11:38:43
SGLB,2025-08-22 11:38:43
ATML,2025-08-22 11:38:43
MBVT,2025-08-22 11:38:43
GOL,2025-08-22 11:38:43
ICNC-WT,2025-08-22 11:38:43
AVTE,2025-08-22 11:38:43
RMPL-P,2025-08-22 11:38:43
PZN,2025-08-22 11:38:43
SEND,2025-08-22 11:38:43
SPAQ-UN,2025-08-22 11:38:43
BNNRU,2025-08-22 11:38:43
TMAC-WT,2025-08-22 11:38:43
FVT-UN,2025-08-22 11:38:43
TBC,2025-08-22 11:38:43
AMSWA,2025-08-22 11:38:43
HSAQ,2025-08-22 11:38:43
HHRS,2025-08-22 11:38:43
VLAT,2025-08-22 11:38:43
PTSI,2025-08-22 11:38:43
SBOW,2025-08-22 11:38:43
NCR,2025-08-22 11:38:43
AQNU,2025-08-22 11:38:43
FTAI-PC,2025-08-22 11:38:43
SCRMU,2025-08-22 11:38:43
VCXB-UN,2025-08-22 11:38:43
CCLP,2025-08-22 11:38:43
AURCW,2025-08-22 11:38:43
PACXW,2025-08-22 11:38:43
SBXC,2025-08-22 11:38:43
TUBE,2025-08-22 11:38:43
ALOG,2025-08-22 11:38:43
CTT,2025-08-22 11:38:43
OCSI,2025-08-22 11:38:43
XL,2025-08-22 11:38:43
TUP,2025-08-22 11:38:43
GENQU,2025-08-22 11:38:43
CNCE,2025-08-22 11:38:43
RXRAW,2025-08-22 11:38:43
CBAH,2025-08-22 11:38:43
NEWR,2025-08-22 11:38:43
AERI,2025-08-22 11:38:43
CMRX,2025-08-22 11:38:43
STOR,2025-08-22 11:38:43
DMYS-WT,2025-08-22 11:38:43
BITE-WT,2025-08-22 11:38:43
GGL,2025-08-22 11:38:43
ORIAU,2025-08-22 11:38:43
GSAQU,2025-08-22 11:38:43
LIONU,2025-08-22 11:38:43
GLG,2025-08-22 11:38:43
MSCC,2025-08-22 11:38:43
DWIN,2025-08-22 11:38:43
ONYX,2025-08-22 11:38:43
IVAC,2025-08-22 11:38:43
ISIG,2025-08-22 11:38:43
PEARW,2025-08-22 11:38:43
NRZ-PD,2025-08-22 11:38:43
ALPN,2025-08-22 11:38:43
CTG,2025-08-22 11:38:43
EFHTU,2025-08-22 11:38:43
BPYUP,2025-08-22 11:38:43
ICVX,2025-08-22 11:38:43
DHAC,2025-08-22 11:38:43
CVG,2025-08-22 11:38:43
CREE,2025-08-22 11:38:43
OAS,2025-08-22 11:38:43
MNRL,2025-08-22 11:38:43
CRGE,2025-08-22 11:38:43
FAII,2025-08-22 11:38:43
HWELW,2025-08-22 11:38:43
GSLD,2025-08-22 11:38:43
NEBCU,2025-08-22 11:38:43
CTCX,2025-08-22 11:38:43
LJPC,2025-08-22 11:38:43
CHNGU,2025-08-22 11:38:43
KWAC-UN,2025-08-22 11:38:43
NVCN,2025-08-22 11:38:43
GTYH,2025-08-22 11:38:43
CUDA,2025-08-22 11:38:43
DLA,2025-08-22 11:38:43
COVAW,2025-08-22 11:38:43
IDBA,2025-08-22 11:38:43
FEYE,2025-08-22 11:38:43
MFGP,2025-08-22 11:38:43
JCOM,2025-08-22 11:38:43
PHIC,2025-08-22 11:38:43
KAII,2025-08-22 11:38:43
CCAI,2025-08-22 11:38:43
EXAC,2025-08-22 11:38:43
GWAC,2025-08-22 11:38:43
EDTXW,2025-08-22 11:38:43
HMLP,2025-08-22 11:38:43
NGMS,2025-08-22 11:38:43
MKD,2025-08-22 11:38:43
ET-PC,2025-08-22 11:38:43
KLR,2025-08-22 11:38:43
FPAC-WT,2025-08-22 11:38:43
CBRG,2025-08-22 11:38:43
OPA-UN,2025-08-22 11:38:43
KYCH,2025-08-22 11:38:43
RWODU,2025-08-22 11:38:43
RJET,2025-08-22 11:38:43
SPTKU,2025-08-22 11:38:43
LCW,2025-08-22 11:38:43
PRSS,2025-08-22 11:38:43
LMACW,2025-08-22 11:38:43
NFTG,2025-08-22 11:38:43
STRDW,2025-08-22 11:38:43
NS-PA,2025-08-22 11:38:43
PPS,2025-08-22 11:38:43
QUMU,2025-08-22 11:38:43
HCCI,2025-08-22 11:38:43
SOAC,2025-08-22 11:38:43
RILYO,2025-08-22 11:38:43
NVSL,2025-08-22 11:38:43
PSPC,2025-08-22 11:38:43
SFR,2025-08-22 11:38:43
POM,2025-08-22 11:38:43
SHCA,2025-08-22 11:38:43
PLYM-PA,2025-08-22 11:38:43
RDEN,2025-08-22 11:38:43
SC,2025-08-22 11:38:43
NGACU,2025-08-22 11:38:43
YSAC,2025-08-22 11:38:43
TPTX,2025-08-22 11:38:43
STRY,2025-08-22 11:38:43
SILV,2025-08-22 11:38:43
SRNGW,2025-08-22 11:38:43
SWIR,2025-08-22 11:38:43
GDNRU,2025-08-22 11:38:43
ZME,2025-08-22 11:38:43
LOCL-WT,2025-08-22 11:38:43
ONDR,2025-08-22 11:38:43
NCAC,2025-08-22 11:38:43
SREV,2025-08-22 11:38:43
PLMIU,2025-08-22 11:38:43
GVCIU,2025-08-22 11:38:43
TRAQ-UN,2025-08-22 11:38:43
SLCRW,2025-08-22 11:38:43
RACY,2025-08-22 11:38:43
GBNK,2025-08-22 11:38:43
VCRA,2025-08-22 11:38:43
MDH-WT,2025-08-22 11:38:43
MAAQ,2025-08-22 11:38:43
BOWX,2025-08-22 11:38:43
ALIM,2025-08-22 11:38:43
ESM,2025-08-22 11:38:43
RNERW,2025-08-22 11:38:43
SWCH,2025-08-22 11:38:43
DMAQ,2025-08-22 11:38:43
CYT,2025-08-22 11:38:43
VWTR,2025-08-22 11:38:43
PTWOW,2025-08-22 11:38:43
ICPT,2025-08-22 11:38:43
EVOJU,2025-08-22 11:38:43
SNP,2025-08-22 11:38:43
MTRYW,2025-08-22 11:38:43
CERE,2025-08-22 11:38:43
AVCT,2025-08-22 11:38:43
ADF,2025-08-22 11:38:43
OIG,2025-08-22 11:38:43
GHAC,2025-08-22 11:38:43
FRW,2025-08-22 11:38:43
FTIVU,2025-08-22 11:38:43
SYKE,2025-08-22 11:38:43
GPCO,2025-08-22 11:38:43
CEI,2025-08-22 11:38:43
XPLR,2025-08-22 11:38:43
BWC,2025-08-22 11:38:43
ALORU,2025-08-22 11:38:43
HCAPZ,2025-08-22 11:38:43
ASCAR,2025-08-22 11:38:43
OTLKW,2025-08-22 11:38:43
CTEK,2025-08-22 11:38:43
SHAC,2025-08-22 11:38:43
ESM-UN,2025-08-22 11:38:43
MAXR,2025-08-22 11:38:43
MITC,2025-08-22 11:38:43
EAC,2025-08-22 11:38:43
FOUNW,2025-08-22 11:38:43
PAQCU,2025-08-22 11:38:43
IGAC,2025-08-22 11:38:43
SPKE,2025-08-22 11:38:43
AUVIP,2025-08-22 11:38:43
PRXL,2025-08-22 11:38:43
ROCRW,2025-08-22 11:38:43
OCAXW,2025-08-22 11:38:43
YSACU,2025-08-22 11:38:43
GHACW,2025-08-22 11:38:43
PWPPW,2025-08-22 11:38:43
LCAHW,2025-08-22 11:38:43
MDWT,2025-08-22 11:38:43
SIERU,2025-08-22 11:38:43
YS,2025-08-22 11:38:43
LVLT,2025-08-22 11:38:43
FIPWV,2025-08-22 11:38:43
GGMCU,2025-08-22 11:38:43
GTACW,2025-08-22 11:38:43
PSTH,2025-08-22 11:38:43
AHPAW,2025-08-22 11:38:43
TLGA-WT,2025-08-22 11:38:43
ARYE,2025-08-22 11:38:43
ARTE,2025-08-22 11:38:43
CHAA,2025-08-22 11:38:43
GXIIU,2025-08-22 11:38:43
AAC,2025-08-22 11:38:43
EVGRW,2025-08-22 11:38:43
ZGYHU,2025-08-22 11:38:43
AEL,2025-08-22 11:38:43
AMHC,2025-08-22 11:38:43
AMAOU,2025-08-22 11:38:43
DECAU,2025-08-22 11:38:43
ANZUU,2025-08-22 11:38:43
BOXD-WT,2025-08-22 11:38:43
CNDA-UN,2025-08-22 11:38:43
COLI,2025-08-22 11:38:43
APGNW,2025-08-22 11:38:43
GRCY,2025-08-22 11:38:43
AEZS,2025-08-22 11:38:43
BACA-UN,2025-08-22 11:38:43
BCTG,2025-08-22 11:38:43
FRBNW,2025-08-22 11:38:43
GNAC,2025-08-22 11:38:43
AHPAU,2025-08-22 11:38:43
ASPA,2025-08-22 11:38:43
CCTSW,2025-08-22 11:38:43
VLATU,2025-08-22 11:38:43
AIW,2025-08-22 11:38:43
AGIL,2025-08-22 11:38:43
BRLI,2025-08-22 11:38:43
BRD-UN,2025-08-22 11:38:43
GFOR,2025-08-22 11:38:43
AUS,2025-08-22 11:38:43
CDAQW,2025-08-22 11:38:43
AGGRU,2025-08-22 11:38:43
ALOR,2025-08-22 11:38:43
FLFVU,2025-08-22 11:38:43
EJFA,2025-08-22 11:38:43
CHKEL,2025-08-22 11:38:43
ACACU,2025-08-22 11:38:43
FCRZ,2025-08-22 11:38:43
STWO,2025-08-22 11:38:43
IPOF,2025-08-22 11:38:43
AMCI,2025-08-22 11:38:43
SRNGU,2025-08-22 11:38:43
CTAQU,2025-08-22 11:38:43
HMAC,2025-08-22 11:38:43
NCACW,2025-08-22 11:38:43
SBII-UN,2025-08-22 11:38:43
ALAC,2025-08-22 11:38:43
FINMW,2025-08-22 11:38:43
JGGCU,2025-08-22 11:38:43
KYCHW,2025-08-22 11:38:43
TZPSU,2025-08-22 11:38:43
MOBVU,2025-08-22 11:38:43
VOSOU,2025-08-22 11:38:43
TMAC,2025-08-22 11:38:43
NUZE,2025-08-22 11:38:43
VBOCU,2025-08-22 11:38:43
ENERU,2025-08-22 11:38:43
JCIC,2025-08-22 11:38:43
VCVCU,2025-08-22 11:38:43
GWIIU,2025-08-22 11:38:43
RJAC,2025-08-22 11:38:43
BNIXU,2025-08-22 11:38:43
LEAP,2025-08-22 11:38:43
RJAC-UN,2025-08-22 11:38:43
WNNR-UN,2025-08-22 11:38:43
ASAXW,2025-08-22 11:38:43
DNA-WT,2025-08-22 11:38:43
NILE,2025-08-22 11:38:43
WWACU,2025-08-22 11:38:43
SNRHU,2025-08-22 11:38:43
LITT,2025-08-22 11:38:43
LJAQW,2025-08-22 11:38:43
VII,2025-08-22 11:38:43
IQMDU,2025-08-22 11:38:43
VLATW,2025-08-22 11:38:43
DWACU,2025-08-22 11:38:43
MBSC-UN,2025-08-22 11:38:43
MTVC-WT,2025-08-22 11:38:43
MACAW,2025-08-22 11:38:43
XPDBW,2025-08-22 11:38:43
FORG,2025-08-22 11:38:43
PTHR,2025-08-22 11:38:43
UCBA,2025-08-22 11:38:43
DMAQR,2025-08-22 11:38:43
LVRAU,2025-08-22 11:38:43
PCXCW,2025-08-22 11:38:43
LOKB,2025-08-22 11:38:43
LUXA,2025-08-22 11:38:43
BSQR,2025-08-22 11:38:43
KIIIW,2025-08-22 11:38:43
SHAP-UN,2025-08-22 11:38:43
PRPB-UN,2025-08-22 11:38:43
HLAH,2025-08-22 11:38:43
SYX,2025-08-22 11:38:43
FOXWU,2025-08-22 11:38:43
VTAQU,2025-08-22 11:38:43
MBSC,2025-08-22 11:38:43
ATC,2025-08-22 11:38:43
GETVV,2025-08-22 11:38:43
PWUPU,2025-08-22 11:38:43
BOJA,2025-08-22 11:38:43
LOCC-WT,2025-08-22 11:38:43
TRIS-UN,2025-08-22 11:38:43
ICNC-UN,2025-08-22 11:38:43
NGM,2025-08-22 11:38:43
LGACU,2025-08-22 11:38:43
HCCC,2025-08-22 11:38:43
CSLMR,2025-08-22 11:38:43
KOR,2025-08-22 11:38:43
SMAPW,2025-08-22 11:38:43
TRAQ,2025-08-22 11:38:43
PRBM,2025-08-22 11:38:43
FTPAW,2025-08-22 11:38:43
MITAU,2025-08-22 11:38:43
GGAA,2025-08-22 11:38:43
MANT,2025-08-22 11:38:43
BHIL-WT,2025-08-22 11:38:43
VMAC,2025-08-22 11:38:43
CONXW,2025-08-22 11:38:43
CRU-UN,2025-08-22 11:38:43
LHC-WT,2025-08-22 11:38:43
PXD,2025-08-22 11:38:43
DO,2025-08-22 11:38:43
LVOX,2025-08-22 11:38:43
MDNA,2025-08-22 11:38:43
ACAH,2025-08-22 11:38:43
UPTD,2025-08-22 11:38:43
NEPT,2025-08-22 11:38:43
SOLO,2025-08-22 11:38:43
FRXB-WT,2025-08-22 11:38:43
PDOT-UN,2025-08-22 11:38:43
NS,2025-08-22 11:38:43
FLT,2025-08-22 11:38:43
DTLA-P,2025-08-22 11:38:43
MCF,2025-08-22 11:38:43
SPNV-UN,2025-08-22 11:38:43
GECCN,2025-08-22 11:38:43
ADTH,2025-08-22 11:38:43
PANA,2025-08-22 11:38:43
CIH,2025-08-22 11:38:43
SPKB,2025-08-22 11:38:43
MSDAU,2025-08-22 11:38:43
SP,2025-08-22 11:38:43
SWT,2025-08-22 11:38:43
ZY,2025-08-22 11:38:43
KNSW-WT,2025-08-22 11:38:43
ASCBR,2025-08-22 11:38:43
HERAU,2025-08-22 11:38:43
CTXS,2025-08-22 11:38:43
GOBI,2025-08-22 11:38:43
LGTOW,2025-08-22 11:38:43
WORK,2025-08-22 11:38:43
NATI,2025-08-22 11:38:43
CLNY,2025-08-22 11:38:43
TGAAW,2025-08-22 11:38:43
FHLT,2025-08-22 11:38:43
VCXAU,2025-08-22 11:38:43
AEHAU,2025-08-22 11:38:43
C-PJ,2025-08-22 11:38:43
DTOCW,2025-08-22 11:38:43
AEY,2025-08-22 11:38:43
CENQW,2025-08-22 11:38:43
MCAER,2025-08-22 11:38:43
ALKSV,2025-08-22 11:38:43
PNNTG,2025-08-22 11:38:43
MACA,2025-08-22 11:38:43
GLHAW,2025-08-22 11:38:43
CSTR,2025-08-22 11:38:43
SDH,2025-08-22 11:38:43
LLNW,2025-08-22 11:38:43
LXK,2025-08-22 11:38:43
AGCB,2025-08-22 11:38:43
FLACW,2025-08-22 11:38:43
KMG,2025-08-22 11:38:43
ZWRK,2025-08-22 11:38:43
VHNA,2025-08-22 11:38:43
GLTA-WT,2025-08-22 11:38:43
SPRT,2025-08-22 11:38:43
AAU,2025-08-22 11:38:43
IGZ,2025-08-22 11:38:43
ECOM,2025-08-22 11:38:43
VAQC,2025-08-22 11:38:43
HZON,2025-08-22 11:38:43
BYN-UN,2025-08-22 11:38:43
TRIS-WT,2025-08-22 11:38:43
JOAN,2025-08-22 11:38:43
ZNTEU,2025-08-22 11:38:43
ALACR,2025-08-22 11:38:43
RVI,2025-08-22 11:38:43
RSPP,2025-08-22 11:38:43
AAQC-WT,2025-08-22 11:38:43
DSCI,2025-08-22 11:38:43
DSAQ-WT,2025-08-22 11:38:43
MNDT,2025-08-22 11:38:43
GTAC,2025-08-22 11:38:43
MMAT,2025-08-22 11:38:43
CLAS-UN,2025-08-22 11:38:43
AFAQW,2025-08-22 11:38:43
EGGF,2025-08-22 11:38:43
SSAAW,2025-08-22 11:38:43
PQG,2025-08-22 11:38:43
MACQU,2025-08-22 11:38:43
ICD,2025-08-22 11:38:43
LNDC,2025-08-22 11:38:43
FIXX,2025-08-22 11:38:43
FTEV,2025-08-22 11:38:43
NWLI,2025-08-22 11:38:43
MOSY,2025-08-22 11:38:43
PLXP,2025-08-22 11:38:43
FLJ,2025-08-22 11:38:43
EVBG,2025-08-22 11:38:43
NSTC-WT,2025-08-22 11:38:43
PKY,2025-08-22 11:38:43
SAGA,2025-08-22 11:38:43
FLME-WT,2025-08-22 11:38:43
SPGS-WT,2025-08-22 11:38:43
ONTX,2025-08-22 11:38:43
PNACR,2025-08-22 11:38:43
ITHXW,2025-08-22 11:38:43
AJRD,2025-08-22 11:38:43
OA,2025-08-22 11:38:43
UPTDU,2025-08-22 11:38:43
TDA,2025-08-22 11:38:43
PACXU,2025-08-22 11:38:43
MACUU,2025-08-22 11:38:43
RESN,2025-08-22 11:38:43
ENVIW,2025-08-22 11:38:43
CFVIW,2025-08-22 11:38:43
CHFW-UN,2025-08-22 11:38:43
CSR-PC,2025-08-22 11:38:43
TZPSW,2025-08-22 11:38:43
VQS,2025-08-22 11:38:43
BNRE,2025-08-22 11:38:43
GFX,2025-08-22 11:38:43
HNP,2025-08-22 11:38:43
CCAC,2025-08-22 11:38:43
ADOCW,2025-08-22 11:38:43
GGE,2025-08-22 11:38:43
EQC-PD,2025-08-22 11:38:43
PAQC,2025-08-22 11:38:43
CTOS-WT,2025-08-22 11:38:43
IS,2025-08-22 11:38:43
SGII,2025-08-22 11:38:43
VJET,2025-08-22 11:38:43
OIIM,2025-08-22 11:38:43
ARBGU,2025-08-22 11:38:43
UCBI,2025-08-22 11:38:43
BRKS,2025-08-22 11:38:43
ARCKW,2025-08-22 11:38:43
XTLY,2025-08-22 11:38:43
AFJKU,2025-08-22 11:38:43
WEBR,2025-08-22 11:38:43
BPAC,2025-08-22 11:38:43
TIOA,2025-08-22 11:38:43
RKLY,2025-08-22 11:38:43
HMACW,2025-08-22 11:38:43
ZFOXW,2025-08-22 11:38:43
DSPG,2025-08-22 11:38:43
CYBE,2025-08-22 11:38:43
BRG-PD,2025-08-22 11:38:43
CAHCW,2025-08-22 11:38:43
MOR,2025-08-22 11:38:43
CLMS,2025-08-22 11:38:43
TAST,2025-08-22 11:38:43
NPTN,2025-08-22 11:38:43
SOI,2025-08-22 11:38:43
TCDA,2025-08-22 11:38:43
LCAHU,2025-08-22 11:38:43
ESM-WT,2025-08-22 11:38:43
TLGA,2025-08-22 11:38:43
SDACW,2025-08-22 11:38:43
TSNU,2025-08-22 11:38:43
TLMR,2025-08-22 11:38:43
TWNI-UN,2025-08-22 11:38:43
WEL,2025-08-22 11:38:43
CHKEW,2025-08-22 11:38:43
COUP,2025-08-22 11:38:43
ROSEW,2025-08-22 11:38:43
MDC,2025-08-22 11:38:43
SRT,2025-08-22 11:38:43
SLCR,2025-08-22 11:38:43
NSH,2025-08-22 11:38:43
ARCKU,2025-08-22 11:38:43
FOA-WT,2025-08-22 11:38:43
PMCS,2025-08-22 11:38:43
RNLX,2025-08-22 11:38:43
VINCU,2025-08-22 11:38:43
ALYA,2025-08-22 11:38:43
BSGAU,2025-08-22 11:38:43
BCYP,2025-08-22 11:38:43
KAIRU,2025-08-22 11:38:43
ACST,2025-08-22 11:38:43
MDLA,2025-08-22 11:38:43
CHWAU,2025-08-22 11:38:43
SQL,2025-08-22 11:38:43
CVCY,2025-08-22 11:38:43
TGR,2025-08-22 11:38:43
NSTC,2025-08-22 11:38:43
ASTR,2025-08-22 11:38:43
NOACW,2025-08-22 11:38:43
EBACW,2025-08-22 11:38:43
SPLS,2025-08-22 11:38:43
DTEA,2025-08-22 11:38:43
EGIO,2025-08-22 11:38:43
AMBC-WT,2025-08-22 11:38:43
TEKKW,2025-08-22 11:38:43
ORIG,2025-08-22 11:38:43
LMAO,2025-08-22 11:38:43
PRSTW,2025-08-22 11:38:43
LHDX,2025-08-22 11:38:43
GIACU,2025-08-22 11:38:43
SVBI,2025-08-22 11:38:43
MIR-WT,2025-08-22 11:38:43
GOODM,2025-08-22 11:38:43
THACU,2025-08-22 11:38:43
KERX,2025-08-22 11:38:43
IGNYW,2025-08-22 11:38:43
CENHW,2025-08-22 11:38:43
MCAEU,2025-08-22 11:38:43
PSACU,2025-08-22 11:38:43
FOCS,2025-08-22 11:38:43
CFV,2025-08-22 11:38:43
PARAP,2025-08-22 11:38:43
CSOD,2025-08-22 11:38:43
TRONU,2025-08-22 11:38:43
TGAN,2025-08-22 11:38:43
SPK,2025-08-22 11:38:43
TVPT,2025-08-22 11:38:43
GSAQW,2025-08-22 11:38:43
EQD-UN,2025-08-22 11:38:43
LMRK,2025-08-22 11:38:43
ALJJ,2025-08-22 11:38:43
WRNT,2025-08-22 11:38:43
RCLF,2025-08-22 11:38:43
MGOL,2025-08-22 11:38:43
GLP-PA,2025-08-22 11:38:43
WALDU,2025-08-22 11:38:43
UBRT,2025-08-22 11:38:43
LEGOU,2025-08-22 11:38:43
OXUSW,2025-08-22 11:38:43
BKCC,2025-08-22 11:38:43
FUV,2025-08-22 11:38:43
ONCR,2025-08-22 11:38:43
XRM,2025-08-22 11:38:43
CLDB,2025-08-22 11:38:43
NS-PC,2025-08-22 11:38:43
SJI,2025-08-22 11:38:43
IPLDP,2025-08-22 11:38:43
SGLBW,2025-08-22 11:38:43
GFOR-WT,2025-08-22 11:38:43
CNHI,2025-08-22 11:38:43
WE-WT,2025-08-22 11:38:43
CPARU,2025-08-22 11:38:43
BRMK-WT,2025-08-22 11:38:43
JUGGW,2025-08-22 11:38:43
PVTB,2025-08-22 11:38:43
KNTE,2025-08-22 11:38:43
BWL-A,2025-08-22 11:38:43
GRPH,2025-08-22 11:38:43
GAQ,2025-08-22 11:38:43
GLSPW,2025-08-22 11:38:43
STWOU,2025-08-22 11:38:43
NM-PG,2025-08-22 11:38:43
GFLU,2025-08-22 11:38:43
DOOR,2025-08-22 11:38:43
PRBM-WT,2025-08-22 11:38:43
AVTA,2025-08-22 11:38:43
SECO,2025-08-22 11:38:43
LSXMA,2025-08-22 11:38:43
ACKIT,2025-08-22 11:38:43
NFYS-WT,2025-08-22 11:38:43
ALUS,2025-08-22 11:38:43
ADRA,2025-08-22 11:38:43
HPLTU,2025-08-22 11:38:43
GHL,2025-08-22 11:38:43
VIEW,2025-08-22 11:38:43
RENEU,2025-08-22 11:38:43
APPHW,2025-08-22 11:38:43
HDP,2025-08-22 11:38:43
TGH-PB,2025-08-22 11:38:43
EPHY,2025-08-22 11:38:43
CNDB-UN,2025-08-22 11:38:43
NPABU,2025-08-22 11:38:43
ACRO-WT,2025-08-22 11:38:43
THCPU,2025-08-22 11:38:43
NSTB,2025-08-22 11:38:43
AYX,2025-08-22 11:38:43
MIC,2025-08-22 11:38:43
BTNB,2025-08-22 11:38:43
AMK,2025-08-22 11:38:43
LVACW,2025-08-22 11:38:43
OHPAW,2025-08-22 11:38:43
SPLK,2025-08-22 11:38:43
ATCO,2025-08-22 11:38:43
OXAC,2025-08-22 11:38:43
APSG,2025-08-22 11:38:43
VMW,2025-08-22 11:38:43
CBAY,2025-08-22 11:38:43
SZZLW,2025-08-22 11:38:43
SMED,2025-08-22 11:38:43
EPZM,2025-08-22 11:38:43
ABR-PB,2025-08-22 11:38:43
ADAL,2025-08-22 11:38:43
BITE,2025-08-22 11:38:43
ENFAU,2025-08-22 11:38:43
GRUB,2025-08-22 11:38:43
BCEL,2025-08-22 11:38:43
HX,2025-08-22 11:38:43
NYMTO,2025-08-22 11:38:43
UTIW,2025-08-22 11:38:43
NRZ-PC,2025-08-22 11:38:43
GRNVW,2025-08-22 11:38:43
TARO,2025-08-22 11:38:43
PNM,2025-08-22 11:38:43
ZWRKU,2025-08-22 11:38:43
ABR-PC,2025-08-22 11:38:43
HUDA,2025-08-22 11:38:43
GBLIL,2025-08-22 11:38:43
LIBY,2025-08-22 11:38:43
SDPI,2025-08-22 11:38:43
VHAQ-WT,2025-08-22 11:38:43
COOLW,2025-08-22 11:38:43
COVS,2025-08-22 11:38:43
PLAOU,2025-08-22 11:38:43
ELIQ,2025-08-22 11:38:43
AIC,2025-08-22 11:38:43
VERY,2025-08-22 11:38:43
ZAIS,2025-08-22 11:38:43
HWEL,2025-08-22 11:38:43
VWEWW,2025-08-22 11:38:43
COLIW,2025-08-22 11:38:43
SVA,2025-08-22 11:38:43
WKSPW,2025-08-22 11:38:43
NMK-PB,2025-08-22 11:38:43
SITC-PA,2025-08-22 11:38:43
PBTS,2025-08-22 11:38:43
KCGI-WT,2025-08-22 11:38:43
FWBI,2025-08-22 11:38:43
OLITU,2025-08-22 11:38:43
YTPG,2025-08-22 11:38:43
CCV-WT,2025-08-22 11:38:43
OREX,2025-08-22 11:38:43
BIOTU,2025-08-22 11:38:43
GDP,2025-08-22 11:38:43
CLRMW,2025-08-22 11:38:43
VLDRW,2025-08-22 11:38:43
CRU,2025-08-22 11:38:43
DSKE,2025-08-22 11:38:43
CHRA,2025-08-22 11:38:43
CFIVW,2025-08-22 11:38:43
KSPN,2025-08-22 11:38:43
MEOAW,2025-08-22 11:38:43
ZGYHW,2025-08-22 11:38:43
GSMGW,2025-08-22 11:38:43
CD,2025-08-22 11:38:43
FLYA-UN,2025-08-22 11:38:43
LOKM,2025-08-22 11:38:43
LITTW,2025-08-22 11:38:43
LJAQU,2025-08-22 11:38:43
AXAC-RI,2025-08-22 11:38:43
GATO,2025-08-22 11:38:43
ENVI,2025-08-22 11:38:43
SUAC-UN,2025-08-22 11:38:43
SAVAW,2025-08-22 11:38:43
ENR-PA,2025-08-22 11:38:43
TBKCP,2025-08-22 11:38:43
RNWK,2025-08-22 11:38:43
HTAQ-UN,2025-08-22 11:38:43
IIAC-UN,2025-08-22 11:38:43
CCV,2025-08-22 11:38:43
HMA-WT,2025-08-22 11:38:43
SLCA,2025-08-22 11:38:43
COVAU,2025-08-22 11:38:43
TRCA-WT,2025-08-22 11:38:43
CMLTU,2025-08-22 11:38:43
TGH-PA,2025-08-22 11:38:43
PFXNL,2025-08-22 11:38:43
DSAC,2025-08-22 11:38:43
CVA,2025-08-22 11:38:43
SCPE,2025-08-22 11:38:43
ARGU,2025-08-22 11:38:43
PFHC,2025-08-22 11:38:43
PTRS,2025-08-22 11:38:43
ADES,2025-08-22 11:38:43
JATT-UN,2025-08-22 11:38:43
NIMC,2025-08-22 11:38:43
CLVRW,2025-08-22 11:38:43
IACC,2025-08-22 11:38:43
SCOA,2025-08-22 11:38:43
FSRD,2025-08-22 11:38:43
POW,2025-08-22 11:38:43
HUGE,2025-08-22 11:38:43
BKEP,2025-08-22 11:38:43
AEACW,2025-08-22 11:38:43
SPTKW,2025-08-22 11:38:43
FCAC,2025-08-22 11:38:43
FHN-PD,2025-08-22 11:38:43
CALD,2025-08-22 11:38:43
BPYU,2025-08-22 11:38:43
CVII-UN,2025-08-22 11:38:43
MTOR,2025-08-22 11:38:43
DLCAU,2025-08-22 11:38:43
CIIG,2025-08-22 11:38:43
FIAC,2025-08-22 11:38:43
HCICW,2025-08-22 11:38:43
SLAC-WT,2025-08-22 11:38:43
ACTDU,2025-08-22 11:38:43
HLBZW,2025-08-22 11:38:43
HUGS,2025-08-22 11:38:43
GLACU,2025-08-22 11:38:43
KINZ,2025-08-22 11:38:43
BGRYW,2025-08-22 11:38:43
KND,2025-08-22 11:38:43
EDNC,2025-08-22 11:38:43
HMCOU,2025-08-22 11:38:43
AKICU,2025-08-22 11:38:43
SPNV,2025-08-22 11:38:43
IFIN,2025-08-22 11:38:43
CPARW,2025-08-22 11:38:43
IPOF-UN,2025-08-22 11:38:43
OHPA,2025-08-22 11:38:43
KDNY,2025-08-22 11:38:43
SGHLW,2025-08-22 11:38:43
DPCSW,2025-08-22 11:38:43
CNFRL,2025-08-22 11:38:43
ACAC,2025-08-22 11:38:43
XPDIW,2025-08-22 11:38:43
IEAWW,2025-08-22 11:38:43
MCAA,2025-08-22 11:38:43
CDAY,2025-08-22 11:38:43
BWCAW,2025-08-22 11:38:43
ENNVU,2025-08-22 11:38:43
FMAC,2025-08-22 11:38:43
APAC,2025-08-22 11:38:43
FFHL,2025-08-22 11:38:43
RNERU,2025-08-22 11:38:43
ASCA,2025-08-22 11:38:43
BMAQR,2025-08-22 11:38:43
CPTAL,2025-08-22 11:38:43
BMAQ,2025-08-22 11:38:43
LATNW,2025-08-22 11:38:43
IPVF-WT,2025-08-22 11:38:43
BCYPU,2025-08-22 11:38:43
SLAM,2025-08-22 11:38:43
QADA,2025-08-22 11:38:43
BFAC-UN,2025-08-22 11:38:43
JYAC,2025-08-22 11:38:43
PHIOW,2025-08-22 11:38:43
MACQW,2025-08-22 11:38:43
APTMW,2025-08-22 11:38:43
VGFC,2025-08-22 11:38:43
ACEVW,2025-08-22 11:38:43
THMAW,2025-08-22 11:38:43
NLITW,2025-08-22 11:38:43
ADOC,2025-08-22 11:38:43
EQHA-WT,2025-08-22 11:38:43
ATA-UN,2025-08-22 11:38:43
PLMJW,2025-08-22 11:38:43
FFKT,2025-08-22 11:38:43
NEP,2025-08-22 11:38:43
ADTHW,2025-08-22 11:38:43
FATH,2025-08-22 11:38:43
WFC-PR,2025-08-22 11:38:43
CMLF,2025-08-22 11:38:43
STAY,2025-08-22 11:38:43
STAR-PD,2025-08-22 11:38:43
AGILW,2025-08-22 11:38:43
APACU,2025-08-22 11:38:43
PAEWW,2025-08-22 11:38:43
LCAPW,2025-08-22 11:38:43
PNRA,2025-08-22 11:38:43
LFACW,2025-08-22 11:38:43
AMPS,2025-08-22 11:38:43
IMPV,2025-08-22 11:38:43
MCACU,2025-08-22 11:38:43
VVC,2025-08-22 11:38:43
GLS-WT,2025-08-22 11:38:43
HTA,2025-08-22 11:38:43
CFVI,2025-08-22 11:38:43
AGAC,2025-08-22 11:38:43
FFIE,2025-08-22 11:38:43
GMDA,2025-08-22 11:38:43
RMGCU,2025-08-22 11:38:43
WTRH,2025-08-22 11:38:43
LHC,2025-08-22 11:38:43
MDH,2025-08-22 11:38:43
TBCPW,2025-08-22 11:38:43
HERA,2025-08-22 11:38:43
TMBR,2025-08-22 11:38:43
KIQ,2025-08-22 11:38:43
OTMOW,2025-08-22 11:38:43
MODN,2025-08-22 11:38:43
FATP,2025-08-22 11:38:43
OKSB,2025-08-22 11:38:43
ORIA,2025-08-22 11:38:43
SAFM,2025-08-22 11:38:43
FSSIU,2025-08-22 11:38:43
FWAA,2025-08-22 11:38:43
DUET,2025-08-22 11:38:43
SACC,2025-08-22 11:38:43
AIRC,2025-08-22 11:38:43
VIAO,2025-08-22 11:38:43
PTE,2025-08-22 11:38:43
HMCO,2025-08-22 11:38:43
LGV-UN,2025-08-22 11:38:43
VCXA,2025-08-22 11:38:43
ZTAQW,2025-08-22 11:38:43
TOACU,2025-08-22 11:38:43
GACQ,2025-08-22 11:38:43
TCOA-UN,2025-08-22 11:38:43
CORI,2025-08-22 11:38:43
USCTU,2025-08-22 11:38:43
ATVCW,2025-08-22 11:38:43
ACDCW,2025-08-22 11:38:43
ROSEU,2025-08-22 11:38:43
MIT-UN,2025-08-22 11:38:43
VRAY,2025-08-22 11:38:43
IFFT,2025-08-22 11:38:43
CRZNW,2025-08-22 11:38:43
MITA,2025-08-22 11:38:43
BOAC,2025-08-22 11:38:43
TMTSU,2025-08-22 11:38:43
BREZ,2025-08-22 11:38:43
LMACA,2025-08-22 11:38:43
FTVI,2025-08-22 11:38:43
ARBG,2025-08-22 11:38:43
LBBBR,2025-08-22 11:38:43
KA,2025-08-22 11:38:43
GEEXW,2025-08-22 11:38:43
KINZW,2025-08-22 11:38:43
TVAC,2025-08-22 11:38:43
REVE,2025-08-22 11:38:43
CLAYW,2025-08-22 11:38:43
NCACU,2025-08-22 11:38:43
SASI,2025-08-22 11:38:43
BPTS,2025-08-22 11:38:43
MILEW,2025-08-22 11:38:43
LGV,2025-08-22 11:38:43
OPALW,2025-08-22 11:38:43
ISAA,2025-08-22 11:38:43
SPIR-WT,2025-08-22 11:38:43
RBNC,2025-08-22 11:38:43
ALSK,2025-08-22 11:38:43
KSI,2025-08-22 11:38:43
ALTUU,2025-08-22 11:38:43
GDNR,2025-08-22 11:38:43
WAVC,2025-08-22 11:38:43
ANZUW,2025-08-22 11:38:43
DFNS,2025-08-22 11:38:43
JUN-WT,2025-08-22 11:38:43
INPX,2025-08-22 11:38:43
IPVA-UN,2025-08-22 11:38:43
EGGF-UN,2025-08-22 11:38:43
IIIIU,2025-08-22 11:38:43
JGGC,2025-08-22 11:38:43
BRD,2025-08-22 11:38:43
ACBAW,2025-08-22 11:38:43
DCRN,2025-08-22 11:38:43
PACE-UN,2025-08-22 11:38:43
VELOU,2025-08-22 11:38:43
KAIRW,2025-08-22 11:38:43
THWWW,2025-08-22 11:38:43
ISLE,2025-08-22 11:38:43
MACC-WT,2025-08-22 11:38:43
ZIONO,2025-08-22 11:38:43
DOMA,2025-08-22 11:38:43
BIOL,2025-08-22 11:38:43
LIVK,2025-08-22 11:38:43
ISLEW,2025-08-22 11:38:43
KSMTU,2025-08-22 11:38:43
SAVE,2025-08-22 11:38:43
RBT,2025-08-22 11:38:43
IPXX,2025-08-22 11:38:43
LBBB,2025-08-22 11:38:43
LEGA,2025-08-22 11:38:43
CETU,2025-08-22 11:38:43
PRDS,2025-08-22 11:38:43
AFAQU,2025-08-22 11:38:43
ACAHU,2025-08-22 11:38:43
LVRAW,2025-08-22 11:38:43
CETXW,2025-08-22 11:38:43
FNHC,2025-08-22 11:38:43
EUCRU,2025-08-22 11:38:43
CBRGW,2025-08-22 11:38:43
GOAC-UN,2025-08-22 11:38:43
MONCU,2025-08-22 11:38:43
IPOF-WT,2025-08-22 11:38:43
KERN,2025-08-22 11:38:43
GNRT,2025-08-22 11:38:43
ROSE,2025-08-22 11:38:43
ACII,2025-08-22 11:38:43
AGRX,2025-08-22 11:38:43
NDRAW,2025-08-22 11:38:43
HLG,2025-08-22 11:38:43
KERNW,2025-08-22 11:38:43
FRONU,2025-08-22 11:38:43
SVACU,2025-08-22 11:38:43
PXSAP,2025-08-22 11:38:43
PNT,2025-08-22 11:38:43
CMRE-PE,2025-08-22 11:38:43
HWELU,2025-08-22 11:38:43
LCAAU,2025-08-22 11:38:43
MITAW,2025-08-22 11:38:43
MDH-UN,2025-08-22 11:38:43
UTME,2025-08-22 11:38:43
MTACU,2025-08-22 11:38:43
ONYXW,2025-08-22 11:38:43
HCIC,2025-08-22 11:38:43
MTCN,2025-08-22 11:38:43
LGVCU,2025-08-22 11:38:43
SOVO,2025-08-22 11:38:43
LIFE,2025-08-22 11:38:43
RFACU,2025-08-22 11:38:43
OTECU,2025-08-22 11:38:43
NBSE,2025-08-22 11:38:43
VMACU,2025-08-22 11:38:43
XFINU,2025-08-22 11:38:43
MOXC,2025-08-22 11:38:43
PPGHU,2025-08-22 11:38:43
NVSAU,2025-08-22 11:38:43
STPC,2025-08-22 11:38:43
OSI,2025-08-22 11:38:43
PHXM,2025-08-22 11:38:43
CCF,2025-08-22 11:38:43
SGBXV,2025-08-22 11:38:43
CFFSW,2025-08-22 11:38:43
GAQ-UN,2025-08-22 11:38:43
HECCW,2025-08-22 11:38:43
TCVA,2025-08-22 11:38:43
TRMR,2025-08-22 11:38:43
APCA-UN,2025-08-22 11:38:43
NGC-WT,2025-08-22 11:38:43
ASAP,2025-08-22 11:38:43
WPCA,2025-08-22 11:38:43
PNTM,2025-08-22 11:38:43
JUNO,2025-08-22 11:38:43
AIRTW,2025-08-22 11:38:43
WPCB-UN,2025-08-22 11:38:43
LOCC,2025-08-22 11:38:43
NNAG,2025-08-22 11:38:43
PMC,2025-08-22 11:38:43
MCMJW,2025-08-22 11:38:43
BHSEU,2025-08-22 11:38:43
PLAN,2025-08-22 11:38:43
AMOT,2025-08-22 11:38:43
CFFEW,2025-08-22 11:38:43
ALBO,2025-08-22 11:38:43
ACDI,2025-08-22 11:38:43
PME,2025-08-22 11:38:43
CSRA,2025-08-22 11:38:43
PBIP,2025-08-22 11:38:43
SHI,2025-08-22 11:38:43
STIX,2025-08-22 11:38:43
AVRO,2025-08-22 11:38:43
PEPL,2025-08-22 11:38:43
AJAX-UN,2025-08-22 11:38:43
PHICW,2025-08-22 11:38:43
VMGA,2025-08-22 11:38:43
PLMJ,2025-08-22 11:38:43
GIW,2025-08-22 11:38:43
LGVC,2025-08-22 11:38:43
HHGCR,2025-08-22 11:38:43
SSPKW,2025-08-22 11:38:43
ARGUU,2025-08-22 11:38:43
NLOK,2025-08-22 11:38:43
MRDB,2025-08-22 11:38:43
IMPX,2025-08-22 11:38:43
AMAO,2025-08-22 11:38:43
IPVA-WT,2025-08-22 11:38:43
MDGS,2025-08-22 11:38:43
IACA,2025-08-22 11:38:43
MACC-UN,2025-08-22 11:38:43
THCA,2025-08-22 11:38:43
ZFOX,2025-08-22 11:38:43
IVR-PA,2025-08-22 11:38:43
RFP,2025-08-22 11:38:43
ECOLW,2025-08-22 11:38:43
ATAKR,2025-08-22 11:38:43
HOLI,2025-08-22 11:38:43
ORBC,2025-08-22 11:38:43
LCAPU,2025-08-22 11:38:43
PRPC-WT,2025-08-22 11:38:43
TWLVW,2025-08-22 11:38:43
PRSRW,2025-08-22 11:38:43
FRLN,2025-08-22 11:38:43
ATMR,2025-08-22 11:38:43
BENE,2025-08-22 11:38:43
PACI-UN,2025-08-22 11:38:43
BEEMW,2025-08-22 11:38:43
TBCPU,2025-08-22 11:38:43
SHLX,2025-08-22 11:38:43
LMRKO,2025-08-22 11:38:43
FCAX,2025-08-22 11:38:43
SAK,2025-08-22 11:38:43
LVAC,2025-08-22 11:38:43
ETACU,2025-08-22 11:38:43
LSI,2025-08-22 11:38:43
SGIIW,2025-08-22 11:38:43
PNACU,2025-08-22 11:38:43
PTWO,2025-08-22 11:38:43
BSIG,2025-08-22 11:38:43
ABC,2025-08-22 11:38:43
CLOER,2025-08-22 11:38:43
LFTR,2025-08-22 11:38:43
SWN,2025-08-22 11:38:43
FCAX-WT,2025-08-22 11:38:43
CMO,2025-08-22 11:38:43
PPD,2025-08-22 11:38:43
ENPC-WT,2025-08-22 11:38:43
PSXP,2025-08-22 11:38:43
SHAP-WT,2025-08-22 11:38:43
VMCAW,2025-08-22 11:38:43
SNPO,2025-08-22 11:38:43
AFI,2025-08-22 11:38:43
EPAY,2025-08-22 11:38:43
NTBL,2025-08-22 11:38:43
DMTX,2025-08-22 11:38:43
NGCAU,2025-08-22 11:38:43
VERBW,2025-08-22 11:38:43
TCRR,2025-08-22 11:38:43
PPGH,2025-08-22 11:38:43
ADMS,2025-08-22 11:38:43
ACQR,2025-08-22 11:38:43
AGC,2025-08-22 11:38:43
BMAC-UN,2025-08-22 11:38:43
RILYH,2025-08-22 11:38:43
BLI,2025-08-22 11:38:43
APCA-WT,2025-08-22 11:38:43
SCUA-WT,2025-08-22 11:38:43
AGCUU,2025-08-22 11:38:43
TMTS,2025-08-22 11:38:43
MKFG-WT,2025-08-22 11:38:43
SBEAW,2025-08-22 11:38:43
CLAA,2025-08-22 11:38:43
OSG,2025-08-22 11:38:43
AONE,2025-08-22 11:38:43
GLSPU,2025-08-22 11:38:43
GPACU,2025-08-22 11:38:43
ANPC,2025-08-22 11:38:43
KAIIU,2025-08-22 11:38:43
PEGY,2025-08-22 11:38:43
HCNEW,2025-08-22 11:38:43
PAFO,2025-08-22 11:38:43
BRPMU,2025-08-22 11:38:43
VENAR,2025-08-22 11:38:43
LILMW,2025-08-22 11:38:43
WQGA-WT,2025-08-22 11:38:43
CREXW,2025-08-22 11:38:43
IIIIW,2025-08-22 11:38:43
ZWRKW,2025-08-22 11:38:43
COOLU,2025-08-22 11:38:43
CPTA,2025-08-22 11:38:43
NNAGR,2025-08-22 11:38:43
INAQ-UN,2025-08-22 11:38:43
NRBO,2025-08-22 11:38:43
BRLIW,2025-08-22 11:38:43
FTSI,2025-08-22 11:38:43
AEACU,2025-08-22 11:38:43
SSNT,2025-08-22 11:38:43
FTOC,2025-08-22 11:38:43
SRSAW,2025-08-22 11:38:43
ANAT,2025-08-22 11:38:43
VPCBW,2025-08-22 11:38:43
NSTC-UN,2025-08-22 11:38:43
PMVC-UN,2025-08-22 11:38:43
DRAYU,2025-08-22 11:38:43
NOVVU,2025-08-22 11:38:43
CNTQW,2025-08-22 11:38:43
SUAC-WT,2025-08-22 11:38:43
ATVCU,2025-08-22 11:38:43
QTI,2025-08-22 11:38:43
MNR-PC,2025-08-22 11:38:43
GGPIU,2025-08-22 11:38:43
HTIBP,2025-08-22 11:38:43
LL,2025-08-22 11:38:43
PGTI,2025-08-22 11:38:43
GNACW,2025-08-22 11:38:43
VIIAU,2025-08-22 11:38:43
HPH,2025-08-22 11:38:43
VLD-WT,2025-08-22 11:38:43
KALWW,2025-08-22 11:38:43
DDMXW,2025-08-22 11:38:43
MYMD,2025-08-22 11:38:43
SRNG,2025-08-22 11:38:43
LMAOW,2025-08-22 11:38:43
GFX-UN,2025-08-22 11:38:43
MSON,2025-08-22 11:38:43
ZYNE,2025-08-22 11:38:43
AIKI,2025-08-22 11:38:43
AUS-WT,2025-08-22 11:38:43
TLGT,2025-08-22 11:38:43
FVT-WT,2025-08-22 11:38:43
PHYT-WT,2025-08-22 11:38:43
IOACW,2025-08-22 11:38:43
MDJH,2025-08-22 11:38:43
AAIC-PC,2025-08-22 11:38:43
MPRAU,2025-08-22 11:38:43
CFG-PD,2025-08-22 11:38:43
WEI,2025-08-22 11:38:43
TCOA-WT,2025-08-22 11:38:43
THMA,2025-08-22 11:38:43
SAII,2025-08-22 11:38:43
ACEV,2025-08-22 11:38:43
TRIL,2025-08-22 11:38:43
GLOG-PA,2025-08-22 11:38:43
ACTD,2025-08-22 11:38:43
NEW,2025-08-22 11:38:43
PSB,2025-08-22 11:38:43
CATB,2025-08-22 11:38:43
HMHC,2025-08-22 11:38:43
FLFV,2025-08-22 11:38:43
BTCTW,2025-08-22 11:38:43
IPAXU,2025-08-22 11:38:43
GLBLW,2025-08-22 11:38:43
ARCE,2025-08-22 11:38:43
AJAX,2025-08-22 11:38:43
FHS,2025-08-22 11:38:43
ALACU,2025-08-22 11:38:43
AMPI-UN,2025-08-22 11:38:43
ACOR,2025-08-22 11:38:43
CCAC-UN,2025-08-22 11:38:43
PACE,2025-08-22 11:38:43
GRDI,2025-08-22 11:38:43
MGP,2025-08-22 11:38:43
ACKIU,2025-08-22 11:38:43
MTBL,2025-08-22 11:38:43
FUSE,2025-08-22 11:38:43
HZON-WT,2025-08-22 11:38:43
UGIC,2025-08-22 11:38:43
THCAU,2025-08-22 11:38:43
AKIC,2025-08-22 11:38:43
ALCC,2025-08-22 11:38:43
GXIIW,2025-08-22 11:38:43
DCGOW,2025-08-22 11:38:43
FWAC,2025-08-22 11:38:43
PCXCU,2025-08-22 11:38:43
AEL-PA,2025-08-22 11:38:43
AFTR-UN,2025-08-22 11:38:43
POWRW,2025-08-22 11:38:43
ARRWU,2025-08-22 11:38:43
AEL-PB,2025-08-22 11:38:43
VEDU,2025-08-22 11:38:43
BAMI,2025-08-22 11:38:43
BTAQU,2025-08-22 11:38:43
EACPU,2025-08-22 11:38:43
FIACW,2025-08-22 11:38:43
RYZB,2025-08-22 11:38:43
ASPAU,2025-08-22 11:38:43
FREQ,2025-08-22 11:38:43
ANDA,2025-08-22 11:38:43
SHQA,2025-08-22 11:38:43
LMRKN,2025-08-22 11:38:43
AAN,2025-08-22 11:38:43
REV,2025-08-22 11:38:43
RZA,2025-08-22 11:38:43
CDK,2025-08-22 11:38:43
DCP-PB,2025-08-22 11:38:43
ESSCR,2025-08-22 11:38:43
ANZU,2025-08-22 11:38:43
REVHW,2025-08-22 11:38:43
ALPA,2025-08-22 11:38:43
EJFAW,2025-08-22 11:38:43
APGB,2025-08-22 11:38:43
CLAY,2025-08-22 11:38:43
ENFAW,2025-08-22 11:38:43
NOVVR,2025-08-22 11:38:43
ABGI,2025-08-22 11:38:43
SWET,2025-08-22 11:38:43
APXTW,2025-08-22 11:38:43
DNZ-WT,2025-08-22 11:38:43
THRX,2025-08-22 11:38:43
AMCIU,2025-08-22 11:38:43
CEA,2025-08-22 11:38:43
LDHAU,2025-08-22 11:38:43
TWOU,2025-08-22 11:38:43
THCB,2025-08-22 11:38:43
GSQD-WT,2025-08-22 11:38:43
AKICW,2025-08-22 11:38:43
BCACU,2025-08-22 11:38:43
BLL,2025-08-22 11:38:43
NMMCU,2025-08-22 11:38:43
BIOTW,2025-08-22 11:38:43
ISNS,2025-08-22 11:38:43
BLSA,2025-08-22 11:38:43
EDTXU,2025-08-22 11:38:43
NBA-WT,2025-08-22 11:38:43
ACKIW,2025-08-22 11:38:43
SAMAW,2025-08-22 11:38:43
DHBCW,2025-08-22 11:38:43
HW,2025-08-22 11:38:43
NFNT-UN,2025-08-22 11:38:43
ACRO,2025-08-22 11:38:43
EAST,2025-08-22 11:38:43
ACAX,2025-08-22 11:38:43
PRSRU,2025-08-22 11:38:43
HCMA,2025-08-22 11:38:43
ACDI-UN,2025-08-22 11:38:43
ZOES,2025-08-22 11:38:43
DTOCU,2025-08-22 11:38:43
FTCV,2025-08-22 11:38:43
AQU,2025-08-22 11:38:43
GAPA,2025-08-22 11:38:43
BSKYU,2025-08-22 11:38:43
CORS-UN,2025-08-22 11:38:43
CFVIU,2025-08-22 11:38:43
ATA,2025-08-22 11:38:43
BCAC,2025-08-22 11:38:43
BYTSU,2025-08-22 11:38:43
CREC,2025-08-22 11:38:43
ENER,2025-08-22 11:38:43
FTEV-WT,2025-08-22 11:38:43
FXCO,2025-08-22 11:38:43
FRON,2025-08-22 11:38:43
AVAN-UN,2025-08-22 11:38:43
FTIV,2025-08-22 11:38:43
GVCIW,2025-08-22 11:38:43
GWGH,2025-08-22 11:38:43
CRHC,2025-08-22 11:38:43
RMGC,2025-08-22 11:38:43
FRSGW,2025-08-22 11:38:43
FICVU,2025-08-22 11:38:43
BSKY,2025-08-22 11:38:43
BYTS,2025-08-22 11:38:43
CHPM,2025-08-22 11:38:43
ENCP,2025-08-22 11:38:43
APN,2025-08-22 11:38:43
APGB-UN,2025-08-22 11:38:43
CMIIW,2025-08-22 11:38:43
MOBV,2025-08-22 11:38:43
GLHAU,2025-08-22 11:38:43
LOKM-WT,2025-08-22 11:38:43
AMCIW,2025-08-22 11:38:43
SVFB,2025-08-22 11:38:43
DFPHW,2025-08-22 11:38:43
DSAQ-UN,2025-08-22 11:38:43
OCA-UN,2025-08-22 11:38:43
VPCBU,2025-08-22 11:38:43
INAQ,2025-08-22 11:38:43
GLEEU,2025-08-22 11:38:43
MURFW,2025-08-22 11:38:43
TLC,2025-08-22 11:38:43
IGNYU,2025-08-22 11:38:43
KSICU,2025-08-22 11:38:43
OVTI,2025-08-22 11:38:43
MSSAU,2025-08-22 11:38:43
FVIV-WT,2025-08-22 11:38:43
IGACU,2025-08-22 11:38:43
GGPI,2025-08-22 11:38:43
KCAC-UN,2025-08-22 11:38:43
ETAC,2025-08-22 11:38:43
EPWR,2025-08-22 11:38:43
CND,2025-08-22 11:38:43
HTPA,2025-08-22 11:38:43
EQHA,2025-08-22 11:38:43
SKGRW,2025-08-22 11:38:43
GIIX,2025-08-22 11:38:43
CNTQ,2025-08-22 11:38:43
GGGV,2025-08-22 11:38:43
FTCVU,2025-08-22 11:38:43
CFIVU,2025-08-22 11:38:43
SANB,2025-08-22 11:38:43
NAACU,2025-08-22 11:38:43
PTOCU,2025-08-22 11:38:43
OYST,2025-08-22 11:38:43
TMPM,2025-08-22 11:38:43
LOKM-UN,2025-08-22 11:38:43
LAYN,2025-08-22 11:38:43
IGNY,2025-08-22 11:38:43
IBER,2025-08-22 11:38:43
LGVCW,2025-08-22 11:38:43
GGMC,2025-08-22 11:38:43
SCUA-UN,2025-08-22 11:38:43
GFOR-UN,2025-08-22 11:38:43
CMIIU,2025-08-22 11:38:43
HPX-UN,2025-08-22 11:38:43
OTRA,2025-08-22 11:38:43
STRE-UN,2025-08-22 11:38:43
FMAC-UN,2025-08-22 11:38:43
HIGA-UN,2025-08-22 11:38:43
GGAAU,2025-08-22 11:38:43
GMFIU,2025-08-22 11:38:43
NGCA,2025-08-22 11:38:43
NNAGU,2025-08-22 11:38:43
BWCAU,2025-08-22 11:38:43
NGAC,2025-08-22 11:38:43
CFIV,2025-08-22 11:38:43
FVIV-UN,2025-08-22 11:38:43
SRRA,2025-08-22 11:38:43
LNFA-UN,2025-08-22 11:38:43
OLIT,2025-08-22 11:38:43
RACYU,2025-08-22 11:38:43
KCGI-UN,2025-08-22 11:38:43
PTICU,2025-08-22 11:38:43
DSACU,2025-08-22 11:38:43
JWAC,2025-08-22 11:38:43
MIT,2025-08-22 11:38:43
GGAAW,2025-08-22 11:38:43
MPACW,2025-08-22 11:38:43
PAICU,2025-08-22 11:38:43
FCRW,2025-08-22 11:38:43
GHIX,2025-08-22 11:38:43
NAAC,2025-08-22 11:38:43
FTPAU,2025-08-22 11:38:43
OHPAU,2025-08-22 11:38:43
MSDA,2025-08-22 11:38:43
OACB-UN,2025-08-22 11:38:43
CRZN,2025-08-22 11:38:43
LIVB,2025-08-22 11:38:43
MSACW,2025-08-22 11:38:43
FSRX,2025-08-22 11:38:43
GRCYU,2025-08-22 11:38:43
DCRBU,2025-08-22 11:38:43
PACX,2025-08-22 11:38:43
KVSB,2025-08-22 11:38:43
OXUSU,2025-08-22 11:38:43
PFDR,2025-08-22 11:38:43
GMBTU,2025-08-22 11:38:43
INKAU,2025-08-22 11:38:43
XFINW,2025-08-22 11:38:43
CLIM,2025-08-22 11:38:43
FORE,2025-08-22 11:38:43
MCAFR,2025-08-22 11:38:43
LSPR,2025-08-22 11:38:43
DFPHU,2025-08-22 11:38:43
HMACU,2025-08-22 11:38:43
DKDCA,2025-08-22 11:38:43
FRXB,2025-08-22 11:38:43
DGNS,2025-08-22 11:38:43
HOL,2025-08-22 11:38:43
MRAC,2025-08-22 11:38:43
GXGXU,2025-08-22 11:38:43
DKDCU,2025-08-22 11:38:43
JMAC,2025-08-22 11:38:43
GPCOR,2025-08-22 11:38:43
CLINU,2025-08-22 11:38:43
OHAA,2025-08-22 11:38:43
PPYAU,2025-08-22 11:38:43
FATPU,2025-08-22 11:38:43
LIVKU,2025-08-22 11:38:43
VTAQ,2025-08-22 11:38:43
DPCS,2025-08-22 11:38:43
HIGA,2025-08-22 11:38:43
JUN-UN,2025-08-22 11:38:43
STRE,2025-08-22 11:38:43
AGBA,2025-08-22 11:38:43
ADERW,2025-08-22 11:38:43
BWAQ,2025-08-22 11:38:43
BREZR,2025-08-22 11:38:43
PHICU,2025-08-22 11:38:43
CLAYU,2025-08-22 11:38:43
BOBE,2025-08-22 11:38:43
APSG-UN,2025-08-22 11:38:43
BTAQ,2025-08-22 11:38:43
AFARW,2025-08-22 11:38:43
RAM,2025-08-22 11:38:43
NOACU,2025-08-22 11:38:43
APMI,2025-08-22 11:38:43
NUBI,2025-08-22 11:38:43
BRPM,2025-08-22 11:38:43
UTAAU,2025-08-22 11:38:43
PSPC-UN,2025-08-22 11:38:43
RTPY,2025-08-22 11:38:43
VENAU,2025-08-22 11:38:43
ARTEW,2025-08-22 11:38:43
TMKRU,2025-08-22 11:38:43
DTRTU,2025-08-22 11:38:43
DUNE,2025-08-22 11:38:43
BWAC,2025-08-22 11:38:43
PRPC,2025-08-22 11:38:43
OEPWU,2025-08-22 11:38:43
ROSS-UN,2025-08-22 11:38:43
QOMOR,2025-08-22 11:38:43
VTIQU,2025-08-22 11:38:43
LNFA,2025-08-22 11:38:43
ACAXU,2025-08-22 11:38:43
BCSA,2025-08-22 11:38:43
NRAC,2025-08-22 11:38:43
XPOA-UN,2025-08-22 11:38:43
TSPQ-UN,2025-08-22 11:38:43
SWETU,2025-08-22 11:38:43
AYLA,2025-08-22 11:38:43
OACB,2025-08-22 11:38:43
POND,2025-08-22 11:38:43
VCXB,2025-08-22 11:38:43
ZINGU,2025-08-22 11:38:43
XPAX,2025-08-22 11:38:43
VCKA,2025-08-22 11:38:43
AVHIU,2025-08-22 11:38:43
ZINGW,2025-08-22 11:38:43
XPDBU,2025-08-22 11:38:43
THAC,2025-08-22 11:38:43
VCKAW,2025-08-22 11:38:43
WNNR,2025-08-22 11:38:43
TGVC,2025-08-22 11:38:43
RTP,2025-08-22 11:38:43
DCRDU,2025-08-22 11:38:43
CRSA,2025-08-22 11:38:43
WPF,2025-08-22 11:38:43
WEJOW,2025-08-22 11:38:43
TIOAW,2025-08-22 11:38:43
SBII,2025-08-22 11:38:43
JWSM,2025-08-22 11:38:43
PCPC,2025-08-22 11:38:43
TMKR,2025-08-22 11:38:43
NGC-UN,2025-08-22 11:38:43
AMRB,2025-08-22 11:38:43
GLEE,2025-08-22 11:38:43
WSCI,2025-08-22 11:38:43
TETEW,2025-08-22 11:38:43
ATCX,2025-08-22 11:38:43
VELO,2025-08-22 11:38:43
ONYXU,2025-08-22 11:38:43
BNNR,2025-08-22 11:38:43
SWBK,2025-08-22 11:38:43
HOLUU,2025-08-22 11:38:43
TMPMU,2025-08-22 11:38:43
KNBE,2025-08-22 11:38:43
TGR-UN,2025-08-22 11:38:43
YAC,2025-08-22 11:38:43
ITACU,2025-08-22 11:38:43
DTOC,2025-08-22 11:38:43
SVFA,2025-08-22 11:38:43
SBBA,2025-08-22 11:38:43
PEPLU,2025-08-22 11:38:43
VTAQW,2025-08-22 11:38:43
ATAX,2025-08-22 11:38:43
KYCHU,2025-08-22 11:38:43
ATEK-WT,2025-08-22 11:38:43
NOVVW,2025-08-22 11:38:43
DTRT,2025-08-22 11:38:43
AFACW,2025-08-22 11:38:43
VYGG-UN,2025-08-22 11:38:43
NGC,2025-08-22 11:38:43
IPVIW,2025-08-22 11:38:43
TRTL-UN,2025-08-22 11:38:43
FSRXU,2025-08-22 11:38:43
PLMI,2025-08-22 11:38:43
VACQ,2025-08-22 11:38:43
NETE,2025-08-22 11:38:43
TWND-UN,2025-08-22 11:38:43
RACYW,2025-08-22 11:38:43
MRLN,2025-08-22 11:38:43
GIIXU,2025-08-22 11:38:43
TEDU,2025-08-22 11:38:43
DUETU,2025-08-22 11:38:43
CLAQ,2025-08-22 11:38:43
TEKK,2025-08-22 11:38:43
EBIX,2025-08-22 11:38:43
GMBT,2025-08-22 11:38:43
VSACU,2025-08-22 11:38:43
ITAC,2025-08-22 11:38:43
DMYI,2025-08-22 11:38:43
HIII,2025-08-22 11:38:43
ATAKU,2025-08-22 11:38:43
FVIV,2025-08-22 11:38:43
ECCB,2025-08-22 11:38:43
ALP-PQ,2025-08-22 11:38:43
PTR,2025-08-22 11:38:43
SVNA,2025-08-22 11:38:43
APCA,2025-08-22 11:38:43
FRBNU,2025-08-22 11:38:43
DGNU,2025-08-22 11:38:43
GTACU,2025-08-22 11:38:43
PUYI,2025-08-22 11:38:43
VCXAW,2025-08-22 11:38:43
ARIZ,2025-08-22 11:38:43
SLAC,2025-08-22 11:38:43
FLME-UN,2025-08-22 11:38:43
HCNE,2025-08-22 11:38:43
SNRHW,2025-08-22 11:38:43
SVOKW,2025-08-22 11:38:43
EQHA-UN,2025-08-22 11:38:43
HZAC,2025-08-22 11:38:43
AURCU,2025-08-22 11:38:43
TMAC-UN,2025-08-22 11:38:43
PWUPW,2025-08-22 11:38:43
DBRT,2025-08-22 11:38:43
BTWN,2025-08-22 11:38:43
DDMX,2025-08-22 11:38:43
SRAC,2025-08-22 11:38:43
PNAC,2025-08-22 11:38:43
SCRMW,2025-08-22 11:38:43
PTICW,2025-08-22 11:38:43
SEV,2025-08-22 11:38:43
BENEU,2025-08-22 11:38:43
SSAAU,2025-08-22 11:38:43
ALTUW,2025-08-22 11:38:43
CLRMU,2025-08-22 11:38:43
AURC,2025-08-22 11:38:43
BOCNW,2025-08-22 11:38:43
CLRCU,2025-08-22 11:38:43
WQGA,2025-08-22 11:38:43
ACABW,2025-08-22 11:38:43
SIER,2025-08-22 11:38:43
SJIJ,2025-08-22 11:38:43
ZLS,2025-08-22 11:38:43
CCAIW,2025-08-22 11:38:43
KCGI,2025-08-22 11:38:43
LSPRU,2025-08-22 11:38:43
IVCPW,2025-08-22 11:38:43
DISCB,2025-08-22 11:38:43
GTPBU,2025-08-22 11:38:43
NVEI,2025-08-22 11:38:43
CMCTP,2025-08-22 11:38:43
ASZ-UN,2025-08-22 11:38:43
UHALV,2025-08-22 11:38:43
BITE-UN,2025-08-22 11:38:43
DCP,2025-08-22 11:38:43
GRNAW,2025-08-22 11:38:43
MSAC,2025-08-22 11:38:43
FTV-PA,2025-08-22 11:38:43
ABAX,2025-08-22 11:38:43
SEAS,2025-08-22 11:38:43
POL,2025-08-22 11:38:43
RADA,2025-08-22 11:38:43
PBC,2025-08-22 11:38:43
DCRD,2025-08-22 11:38:43
BBL,2025-08-22 11:38:43
TWND-WT,2025-08-22 11:38:43
QOMOU,2025-08-22 11:38:43
STXB,2025-08-22 11:38:43
CNXA,2025-08-22 11:38:43
NYMX,2025-08-22 11:38:43
KYCHR,2025-08-22 11:38:43
NEWA,2025-08-22 11:38:43
LOTZ,2025-08-22 11:38:43
GBRGU,2025-08-22 11:38:43
GRND-WT,2025-08-22 11:38:43
MICT,2025-08-22 11:38:43
LEGAU,2025-08-22 11:38:43
JRJC,2025-08-22 11:38:43
AE,2025-08-22 11:38:43
WRE,2025-08-22 11:38:43
SIX,2025-08-22 11:38:43
IVCPU,2025-08-22 11:38:43
GIIXW,2025-08-22 11:38:43
ZGYHR,2025-08-22 11:38:43
APTM,2025-08-22 11:38:43
TRMT,2025-08-22 11:38:43
HGEN,2025-08-22 11:38:43
RFACR,2025-08-22 11:38:43
XLRN,2025-08-22 11:38:43
TGA,2025-08-22 11:38:43
BLTSW,2025-08-22 11:38:43
ACC,2025-08-22 11:38:43
FTAAW,2025-08-22 11:38:43
LQR,2025-08-22 11:38:43
WLL,2025-08-22 11:38:43
SPKBW,2025-08-22 11:38:43
FACA-UN,2025-08-22 11:38:43
KURIW,2025-08-22 11:38:43
HVBT,2025-08-22 11:38:43
ROT,2025-08-22 11:38:43
ATH,2025-08-22 11:38:43
SBEA,2025-08-22 11:38:43
AFARU,2025-08-22 11:38:43
GDYNW,2025-08-22 11:38:43
LATGW,2025-08-22 11:38:43
PPHPU,2025-08-22 11:38:43
SV,2025-08-22 11:38:43
NUBIU,2025-08-22 11:38:43
OCN,2025-08-22 11:38:43
ALPS,2025-08-22 11:38:43
TZPS,2025-08-22 11:38:43
AQUA,2025-08-22 11:38:43
XPVVV,2025-08-22 11:38:43
IVCP,2025-08-22 11:38:43
SIVBP,2025-08-22 11:38:43
DILA,2025-08-22 11:38:43
P,2025-08-22 11:38:43
TCTM,2025-08-22 11:38:43
SAI,2025-08-22 11:38:43
SAITW,2025-08-22 11:38:43
AVHI,2025-08-22 11:38:43
BYN-WT,2025-08-22 11:38:43
PCPC-UN,2025-08-22 11:38:43
ATAKW,2025-08-22 11:38:43
BRG-PC,2025-08-22 11:38:43
FDUSG,2025-08-22 11:38:43
GGGVR,2025-08-22 11:38:43
MITL,2025-08-22 11:38:43
RHE-PA,2025-08-22 11:38:43
XPDB,2025-08-22 11:38:43
GRIL,2025-08-22 11:38:43
QTWW,2025-08-22 11:38:43
BTN,2025-08-22 11:38:43
MDGSW,2025-08-22 11:38:43
SCOAU,2025-08-22 11:38:43
CVLY,2025-08-22 11:38:43
LSPRW,2025-08-22 11:38:43
NRACW,2025-08-22 11:38:43
RMGN,2025-08-22 11:38:43
LGST,2025-08-22 11:38:43
NRZ-PB,2025-08-22 11:38:43
KIII,2025-08-22 11:38:43
GSAH,2025-08-22 11:38:43
VRS,2025-08-22 11:38:43
UHALB,2025-08-22 11:38:43
VHAQ,2025-08-22 11:38:43
LIVX,2025-08-22 11:38:43
RCII,2025-08-22 11:38:43
KINZU,2025-08-22 11:38:43
CHAQ,2025-08-22 11:38:43
BNFT,2025-08-22 11:38:43
SWSSW,2025-08-22 11:38:43
FRC-PN,2025-08-22 11:38:43
HTIA,2025-08-22 11:38:43
RXRA,2025-08-22 11:38:43
CBB,2025-08-22 11:38:43
BNI,2025-08-22 11:38:43
ABTX,2025-08-22 11:38:43
ABST,2025-08-22 11:38:43
ROLL,2025-08-22 11:38:43
NP,2025-08-22 11:38:43
XPDI,2025-08-22 11:38:43
LVACU,2025-08-22 11:38:43
AIRM,2025-08-22 11:38:43
PGRU,2025-08-22 11:38:43
NETC,2025-08-22 11:38:43
NTLS,2025-08-22 11:38:43
LIVKW,2025-08-22 11:38:43
CONX,2025-08-22 11:38:43
MLND,2025-08-22 11:38:43
DS-PC,2025-08-22 11:38:43
AGM-PC,2025-08-22 11:38:43
AMOV,2025-08-22 11:38:43
ACEVU,2025-08-22 11:38:43
TCAC,2025-08-22 11:38:43
VER,2025-08-22 11:38:43
ABCW,2025-08-22 11:38:43
GSEVU,2025-08-22 11:38:43
ATCO-PI,2025-08-22 11:38:43
DISAU,2025-08-22 11:38:43
FRC-PK,2025-08-22 11:38:43
GCACU,2025-08-22 11:38:43
BSGA,2025-08-22 11:38:43
FRG,2025-08-22 11:38:43
LORL,2025-08-22 11:38:43
GBRG,2025-08-22 11:38:43
DISH,2025-08-22 11:38:43
CASA,2025-08-22 11:38:43
YNDX,2025-08-22 11:38:43
BLTS,2025-08-22 11:38:43
WQGA-UN,2025-08-22 11:38:43
ARCK,2025-08-22 11:38:43
WETF,2025-08-22 11:38:43
SFET,2025-08-22 11:38:43
PFPT,2025-08-22 11:38:43
AESC,2025-08-22 11:38:43
GOAC,2025-08-22 11:38:43
CXP,2025-08-22 11:38:43
FRBK,2025-08-22 11:38:43
ARBGW,2025-08-22 11:38:43
AGGR,2025-08-22 11:38:43
SPGS-UN,2025-08-22 11:38:43
VBOC,2025-08-22 11:38:43
DVD,2025-08-22 11:38:43
DLCA,2025-08-22 11:38:43
CHAA-WT,2025-08-22 11:38:43
NSH-UN,2025-08-22 11:38:43
MOHO,2025-08-22 11:38:43
FLYA,2025-08-22 11:38:43
CDR,2025-08-22 11:38:43
CCIV,2025-08-22 11:38:43
CNDA-WT,2025-08-22 11:38:43
RTPYU,2025-08-22 11:38:43
PTNR,2025-08-22 11:38:43
RAACU,2025-08-22 11:38:43
VHNAU,2025-08-22 11:38:43
SPKBU,2025-08-22 11:38:43
WNNR-WT,2025-08-22 11:38:43
JUN,2025-08-22 11:38:43
PV-UN,2025-08-22 11:38:43
TSC,2025-08-22 11:38:43
FICVW,2025-08-22 11:38:43
SANBU,2025-08-22 11:38:43
PDAC,2025-08-22 11:38:43
MMX,2025-08-22 11:38:43
LSDI,2025-08-22 11:38:43
SLAMU,2025-08-22 11:38:43
NRZ,2025-08-22 11:38:43
SBG,2025-08-22 11:38:43
ADALU,2025-08-22 11:38:43
SRLP,2025-08-22 11:38:43
FGH,2025-08-22 11:38:43
SDIG,2025-08-22 11:38:43
GHVI,2025-08-22 11:38:43
GLEO,2025-08-22 11:38:43
TCJH,2025-08-22 11:38:43
FTAAU,2025-08-22 11:38:43
BRIVW,2025-08-22 11:38:43
TSRI,2025-08-22 11:38:43
EACPW,2025-08-22 11:38:43
TPBAU,2025-08-22 11:38:43
SLGG,2025-08-22 11:38:43
PCTI,2025-08-22 11:38:43
RRAC-WT,2025-08-22 11:38:43
DHBCU,2025-08-22 11:38:43
BLNG,2025-08-22 11:38:43
MCG,2025-08-22 11:38:43
MTACW,2025-08-22 11:38:43
FRC-PJ,2025-08-22 11:38:43
LINX,2025-08-22 11:38:43
VWE,2025-08-22 11:38:43
MUDSW,2025-08-22 11:38:43
NVSA,2025-08-22 11:38:43
TSPQ,2025-08-22 11:38:43
FAZE,2025-08-22 11:38:43
GMIIW,2025-08-22 11:38:43
ASAQ-UN,2025-08-22 11:38:43
BLUA-WT,2025-08-22 11:38:43
ATAQ,2025-08-22 11:38:43
NPABW,2025-08-22 11:38:43
RIDE,2025-08-22 11:38:43
TRTN,2025-08-22 11:38:43
PULB,2025-08-22 11:38:43
FST-UN,2025-08-22 11:38:43
IGICW,2025-08-22 11:38:43
FOREW,2025-08-22 11:38:43
DRAYW,2025-08-22 11:38:43
HCMAW,2025-08-22 11:38:43
NEE-PP,2025-08-22 11:38:43
NMFCL,2025-08-22 11:38:43
PHYT,2025-08-22 11:38:43
CYTHW,2025-08-22 11:38:43
PAYA,2025-08-22 11:38:43
LUXAU,2025-08-22 11:38:43
GACQU,2025-08-22 11:38:43
TOAC,2025-08-22 11:38:43
ACQRU,2025-08-22 11:38:43
AGAC-WT,2025-08-22 11:38:43
MXIM,2025-08-22 11:38:43
GLBLU,2025-08-22 11:38:43
SKYA,2025-08-22 11:38:43
CTV-WT,2025-08-22 11:38:43
PIPP,2025-08-22 11:38:43
JP,2025-08-22 11:38:43
AFACU,2025-08-22 11:38:43
GLHA,2025-08-22 11:38:43
DBDR,2025-08-22 11:38:43
BRLIR,2025-08-22 11:38:43
ACAQ-WT,2025-08-22 11:38:43
ADRT-WT,2025-08-22 11:38:43
MAAC,2025-08-22 11:38:43
GVCI,2025-08-22 11:38:43
BRCM,2025-08-22 11:38:43
CRZNU,2025-08-22 11:38:43
FLMN,2025-08-22 11:38:43
FTCVW,2025-08-22 11:38:43
THACW,2025-08-22 11:38:43
ADER,2025-08-22 11:38:43
FAII-UN,2025-08-22 11:38:43
NILE-PD,2025-08-22 11:38:43
HLXA,2025-08-22 11:38:43
EBACU,2025-08-22 11:38:43
CKEC,2025-08-22 11:38:43
AAQC,2025-08-22 11:38:43
TWTR,2025-08-22 11:38:43
AED,2025-08-22 11:38:43
GLF,2025-08-22 11:38:43
BODY,2025-08-22 11:38:43
CCV-UN,2025-08-22 11:38:43
EUSGW,2025-08-22 11:38:43
MH-PD,2025-08-22 11:38:43
CLNC,2025-08-22 11:38:43
LAAA,2025-08-22 11:38:43
CPAQU,2025-08-22 11:38:43
IMRNW,2025-08-22 11:38:43
FTAI-PA,2025-08-22 11:38:43
IPVI,2025-08-22 11:38:43
JCICU,2025-08-22 11:38:43
ONVI,2025-08-22 11:38:43
FCRD,2025-08-22 11:38:43
BAMH,2025-08-22 11:38:43
PLKI,2025-08-22 11:38:43
MEOA,2025-08-22 11:38:43
KCA-UN,2025-08-22 11:38:43
ABB,2025-08-22 11:38:43
GET,2025-08-22 11:38:43
EPHYU,2025-08-22 11:38:43
RE,2025-08-22 11:38:43
HTPA-UN,2025-08-22 11:38:43
REKRW,2025-08-22 11:38:43
AGBAU,2025-08-22 11:38:43
MOTNU,2025-08-22 11:38:43
RNDB,2025-08-22 11:38:43
RMGBU,2025-08-22 11:38:43
CLAS,2025-08-22 11:38:43
FACA,2025-08-22 11:38:43
LEVLP,2025-08-22 11:38:43
GEEXU,2025-08-22 11:38:43
PPHPR,2025-08-22 11:38:43
PCSB,2025-08-22 11:38:43
FGNA,2025-08-22 11:38:43
DCUE,2025-08-22 11:38:43
RCOR,2025-08-22 11:38:43
PAFOR,2025-08-22 11:38:43
ACII-UN,2025-08-22 11:38:43
LPI,2025-08-22 11:38:43
SVFC,2025-08-22 11:38:43
ID,2025-08-22 11:38:43
HLBZ,2025-08-22 11:38:43
RRAC,2025-08-22 11:38:43
WPG,2025-08-22 11:38:43
NDACW,2025-08-22 11:38:43
FBC,2025-08-22 11:38:43
TNP-PD,2025-08-22 11:38:43
VOSO,2025-08-22 11:38:43
ITQRW,2025-08-22 11:38:43
HHLA-WT,2025-08-22 11:38:43
LMAOU,2025-08-22 11:38:43
ZEN,2025-08-22 11:38:43
WPCA-UN,2025-08-22 11:38:43
JAQCW,2025-08-22 11:38:43
SCU,2025-08-22 11:38:43
PCOM,2025-08-22 11:38:43
GFGDR,2025-08-22 11:38:43
NVTSW,2025-08-22 11:38:43
GGPIW,2025-08-22 11:38:43
BDXA,2025-08-22 11:38:43
VACQU,2025-08-22 11:38:43
MTAL-UN,2025-08-22 11:38:43
IIVIP,2025-08-22 11:38:43
STBZ,2025-08-22 11:38:43
PWUP,2025-08-22 11:38:43
GECCL,2025-08-22 11:38:43
CHMA,2025-08-22 11:38:43
WEJO,2025-08-22 11:38:43
CCNC,2025-08-22 11:38:43
INS,2025-08-22 11:38:43
MAAQU,2025-08-22 11:38:43
RBAC-UN,2025-08-22 11:38:43
SCOBU,2025-08-22 11:38:43
PING,2025-08-22 11:38:43
PKI,2025-08-22 11:38:43
CMLT,2025-08-22 11:38:43
CCRC,2025-08-22 11:38:43
QTEK,2025-08-22 11:38:43
MDP,2025-08-22 11:38:43
XENT,2025-08-22 11:38:43
SVFAU,2025-08-22 11:38:43
PIPP-UN,2025-08-22 11:38:43
MLHR,2025-08-22 11:38:43
ITMR,2025-08-22 11:38:43
ASAXU,2025-08-22 11:38:43
VER-PF,2025-08-22 11:38:43
HCII,2025-08-22 11:38:43
OCA,2025-08-22 11:38:43
USWS,2025-08-22 11:38:43
AMHCU,2025-08-22 11:38:43
PONOU,2025-08-22 11:38:43
OEPWW,2025-08-22 11:38:43
IKNX,2025-08-22 11:38:43
PDCE,2025-08-22 11:38:43
HJLIW,2025-08-22 11:38:43
NAKD,2025-08-22 11:38:43
BAMR,2025-08-22 11:38:43
HUGS-UN,2025-08-22 11:38:43
ARD,2025-08-22 11:38:43
PFDRU,2025-08-22 11:38:43
AUTO,2025-08-22 11:38:43
IMBIL,2025-08-22 11:38:43
AHPA,2025-08-22 11:38:43
ESBK,2025-08-22 11:38:43
ICNC,2025-08-22 11:38:43
NLIT,2025-08-22 11:38:43
AVYA,2025-08-22 11:38:43
XPAXU,2025-08-22 11:38:43
ITCB,2025-08-22 11:38:43
ENPC,2025-08-22 11:38:43
CPLP,2025-08-22 11:38:43
KAIIW,2025-08-22 11:38:43
VTIQ,2025-08-22 11:38:43
OPA,2025-08-22 11:38:43
HCICU,2025-08-22 11:38:43
TINV,2025-08-22 11:38:43
CLR,2025-08-22 11:38:43
ANGN,2025-08-22 11:38:43
EVE,2025-08-22 11:38:43
LEGO,2025-08-22 11:38:43
COG,2025-08-22 11:38:43
EUSG,2025-08-22 11:38:43
GSQB,2025-08-22 11:38:43
CPAA,2025-08-22 11:38:43
AAQC-UN,2025-08-22 11:38:43
SMIHW,2025-08-22 11:38:43
FTVIU,2025-08-22 11:38:43
ZIXI,2025-08-22 11:38:43
TWLVU,2025-08-22 11:38:43
ACGLP,2025-08-22 11:38:43
RYB,2025-08-22 11:38:43
CNP-PB,2025-08-22 11:38:43
MONDW,2025-08-22 11:38:43
FLACU,2025-08-22 11:38:43
ATSPW,2025-08-22 11:38:43
DNZ-UN,2025-08-22 11:38:43
EVOJW,2025-08-22 11:38:43
GHIXW,2025-08-22 11:38:43
AGGRW,2025-08-22 11:38:43
BRQS,2025-08-22 11:38:43
CPAAU,2025-08-22 11:38:43
ACER,2025-08-22 11:38:43
PSAGW,2025-08-22 11:38:43
RAMMU,2025-08-22 11:38:43
BWV,2025-08-22 11:38:43
CRECW,2025-08-22 11:38:43
IRRX-UN,2025-08-22 11:38:43
CLAA-UN,2025-08-22 11:38:43
CHG,2025-08-22 11:38:43
HLAHU,2025-08-22 11:38:43
BSN,2025-08-22 11:38:43
BLNKW,2025-08-22 11:38:43
BPFH,2025-08-22 11:38:43
RDBXW,2025-08-22 11:38:43
SURF,2025-08-22 11:38:43
DDMXU,2025-08-22 11:38:43
DWIN-UN,2025-08-22 11:38:43
ATA-WT,2025-08-22 11:38:43
IDW,2025-08-22 11:38:43
CENQ,2025-08-22 11:38:43
COWNL,2025-08-22 11:38:43
GSDWU,2025-08-22 11:38:43
BHG,2025-08-22 11:38:43
EBSB,2025-08-22 11:38:43
PROG,2025-08-22 11:38:43
FMBI,2025-08-22 11:38:43
AAIN,2025-08-22 11:38:43
ACTDW,2025-08-22 11:38:43
RICOU,2025-08-22 11:38:43
ADGI,2025-08-22 11:38:43
VEC,2025-08-22 11:38:43
VNTR,2025-08-22 11:38:43
FICV,2025-08-22 11:38:43
CFFEU,2025-08-22 11:38:43
TCBIL,2025-08-22 11:38:43
SGHL,2025-08-22 11:38:43
FRWAW,2025-08-22 11:38:43
CBLI,2025-08-22 11:38:43
CAHC,2025-08-22 11:38:43
GTPBW,2025-08-22 11:38:43
PBCT,2025-08-22 11:38:43
AFINO,2025-08-22 11:38:43
ISR,2025-08-22 11:38:43
OBNK,2025-08-22 11:38:43
ZGYH,2025-08-22 11:38:43
WPCA-WT,2025-08-22 11:38:43
TUEM,2025-08-22 11:38:43
LEVL,2025-08-22 11:38:43
SBEAU,2025-08-22 11:38:43
DAOOW,2025-08-22 11:38:43
TEKKU,2025-08-22 11:38:43
SUMO,2025-08-22 11:38:43
HYRE,2025-08-22 11:38:43
BIOT,2025-08-22 11:38:43
HUDAR,2025-08-22 11:38:43
AMPI,2025-08-22 11:38:43
JOFFU,2025-08-22 11:38:43
MGLN,2025-08-22 11:38:43
SBII-WT,2025-08-22 11:38:43
ATHN,2025-08-22 11:38:43
GFGD,2025-08-22 11:38:43
ZEST,2025-08-22 11:38:43
CMAXW,2025-08-22 11:38:43
PNTM-WT,2025-08-22 11:38:43
HUGS-WT,2025-08-22 11:38:43
GPCOW,2025-08-22 11:38:43
ADRA-UN,2025-08-22 11:38:43
KAHC-UN,2025-08-22 11:38:43
VVNT,2025-08-22 11:38:43
HMCOW,2025-08-22 11:38:43
ACQRW,2025-08-22 11:38:43
MEACU,2025-08-22 11:38:43
HYACW,2025-08-22 11:38:43
FINM,2025-08-22 11:38:43
PBAXW,2025-08-22 11:38:43
HNRA-WT,2025-08-22 11:38:43
OCCIP,2025-08-22 11:38:43
JMACW,2025-08-22 11:38:43
CRSAW,2025-08-22 11:38:43
ATSPT,2025-08-22 11:38:43
MON,2025-08-22 11:38:43
LGTO,2025-08-22 11:38:43
PHGE-WT,2025-08-22 11:38:43
ZGNX,2025-08-22 11:38:43
BOAS,2025-08-22 11:38:43
TIGOR,2025-08-22 11:38:43
GWII,2025-08-22 11:38:43
HIIIU,2025-08-22 11:38:43
VIH,2025-08-22 11:38:43
GCP,2025-08-22 11:38:43
IAA,2025-08-22 11:38:43
LAXXR,2025-08-22 11:38:43
HTAQ-WT,2025-08-22 11:38:43
ITHXU,2025-08-22 11:38:43
HERAW,2025-08-22 11:38:43
PGSS-UN,2025-08-22 11:38:43
SKYS,2025-08-22 11:38:43
STAR,2025-08-22 11:38:43
LDHA,2025-08-22 11:38:43
MDLY,2025-08-22 11:38:43
MCADU,2025-08-22 11:38:43
ITQRU,2025-08-22 11:38:43
KAL,2025-08-22 11:38:43
MSP,2025-08-22 11:38:43
PV,2025-08-22 11:38:43
IVAN,2025-08-22 11:38:43
QELLU,2025-08-22 11:38:43
LGACW,2025-08-22 11:38:43
MACQ,2025-08-22 11:38:43
TREB,2025-08-22 11:38:43
AGLE,2025-08-22 11:38:43
AFIN,2025-08-22 11:38:43
OHAAU,2025-08-22 11:38:43
PFTAW,2025-08-22 11:38:43
KURI,2025-08-22 11:38:43
MILE,2025-08-22 11:38:43
CENH,2025-08-22 11:38:43
AINV,2025-08-22 11:38:43
DEH,2025-08-22 11:38:43
MAACU,2025-08-22 11:38:43
AFHBL,2025-08-22 11:38:43
FLAC,2025-08-22 11:38:43
LNFA-WT,2025-08-22 11:38:43
ARGO,2025-08-22 11:38:43
ETAO,2025-08-22 11:38:43
MEUSW,2025-08-22 11:38:43
IVAN-UN,2025-08-22 11:38:43
ELMS,2025-08-22 11:38:43
RKTA,2025-08-22 11:38:43
JE,2025-08-22 11:38:43
CTAQW,2025-08-22 11:38:43
PSAC,2025-08-22 11:38:43
EQOS,2025-08-22 11:38:43
AMHCW,2025-08-22 11:38:43
ENBA,2025-08-22 11:38:43
MH-PC,2025-08-22 11:38:43
GLTA-UN,2025-08-22 11:38:43
DHCAU,2025-08-22 11:38:43
DHHCU,2025-08-22 11:38:43
LIVBW,2025-08-22 11:38:43
RVACW,2025-08-22 11:38:43
ESSCU,2025-08-22 11:38:43
GMFI,2025-08-22 11:38:43
CHNG,2025-08-22 11:38:43
STZ-B,2025-08-22 11:38:43
DNAA,2025-08-22 11:38:43
CPTK-UN,2025-08-22 11:38:43
WRI,2025-08-22 11:38:43
TRCA,2025-08-22 11:38:43
CTAC-UN,2025-08-22 11:38:43
ADS,2025-08-22 11:38:43
DAOO,2025-08-22 11:38:43
MEKA,2025-08-22 11:38:43
RDW-WT,2025-08-22 11:38:43
APN-UN,2025-08-22 11:38:43
ARRWW,2025-08-22 11:38:43
NSEC,2025-08-22 11:38:43
PEAR,2025-08-22 11:38:43
IIAC,2025-08-22 11:38:43
GCAC,2025-08-22 11:38:43
LGAC,2025-08-22 11:38:43
PRPC-UN,2025-08-22 11:38:43
SUNL,2025-08-22 11:38:43
FOE,2025-08-22 11:38:43
COSI,2025-08-22 11:38:43
ONEM,2025-08-22 11:38:43
AVTR-PA,2025-08-22 11:38:43
VORBW,2025-08-22 11:38:43
TIOAU,2025-08-22 11:38:43
CEQP-P,2025-08-22 11:38:43
LBPH,2025-08-22 11:38:43
RTL,2025-08-22 11:38:43
DHACW,2025-08-22 11:38:43
LOV,2025-08-22 11:38:43
CURO,2025-08-22 11:38:43
SHUA,2025-08-22 11:38:43
AMRS,2025-08-22 11:38:43
MTMT,2025-08-22 11:38:43
RPT-PD,2025-08-22 11:38:43
SGHLU,2025-08-22 11:38:43
OTIC,2025-08-22 11:38:43
ALL-PG,2025-08-22 11:38:43
SOLN,2025-08-22 11:38:43
SWETW,2025-08-22 11:38:43
MLAIU,2025-08-22 11:38:43
FHLTW,2025-08-22 11:38:43
NXTD,2025-08-22 11:38:43
Y,2025-08-22 11:38:43
VECT,2025-08-22 11:38:43
GXII,2025-08-22 11:38:43
LACQW,2025-08-22 11:38:43
CMII,2025-08-22 11:38:43
RTLPO,2025-08-22 11:38:43
UPH,2025-08-22 11:38:43
AFAQ,2025-08-22 11:38:43
ITAQ,2025-08-22 11:38:43
EAR,2025-08-22 11:38:43
ARTAU,2025-08-22 11:38:43
ATVC,2025-08-22 11:38:43
OTMO,2025-08-22 11:38:43
NNN-PF,2025-08-22 11:38:43
NYMTP,2025-08-22 11:38:43
GRVI,2025-08-22 11:38:43
HHR,2025-08-22 11:38:43
JWSM-WT,2025-08-22 11:38:43
NVTA,2025-08-22 11:38:43
AEAC,2025-08-22 11:38:43
CHAA-UN,2025-08-22 11:38:43
NWHM,2025-08-22 11:38:43
OXACW,2025-08-22 11:38:43
IMBI,2025-08-22 11:38:43
SCR,2025-08-22 11:38:43
HYACU,2025-08-22 11:38:43
AXH,2025-08-22 11:38:43
APR,2025-08-22 11:38:43
XPOA,2025-08-22 11:38:43
NMMC,2025-08-22 11:38:43
DHHC,2025-08-22 11:38:43
QTT,2025-08-22 11:38:43
HZON-UN,2025-08-22 11:38:43
AEPI,2025-08-22 11:38:43
SOFIW,2025-08-22 11:38:43
HRYU,2025-08-22 11:38:43
SKGR,2025-08-22 11:38:43
PPGHW,2025-08-22 11:38:43
FPAC,2025-08-22 11:38:43
ATRS,2025-08-22 11:38:43
BOMN,2025-08-22 11:38:43
CRDS,2025-08-22 11:38:43
UBP-PH,2025-08-22 11:38:43
JW-B,2025-08-22 11:38:43
IOACU,2025-08-22 11:38:43
UBA,2025-08-22 11:38:43
SHQAW,2025-08-22 11:38:43
NLS,2025-08-22 11:38:43
NEFF,2025-08-22 11:38:43
GFGDU,2025-08-22 11:38:43
TRQ,2025-08-22 11:38:43
CEMI,2025-08-22 11:38:43
CCVI-UN,2025-08-22 11:38:43
PEI-PC,2025-08-22 11:38:43
EDTX,2025-08-22 11:38:43
FST,2025-08-22 11:38:43
KLAQ,2025-08-22 11:38:43
FSRXW,2025-08-22 11:38:43
MYT,2025-08-22 11:38:43
BYN,2025-08-22 11:38:43
CYXT,2025-08-22 11:38:43
TBSA,2025-08-22 11:38:43
CRECU,2025-08-22 11:38:43
OCDX,2025-08-22 11:38:43
CVET,2025-08-22 11:38:43
BOAC-WT,2025-08-22 11:38:43
MTAC,2025-08-22 11:38:43
TINV-UN,2025-08-22 11:38:43
AQNA,2025-08-22 11:38:43
LHAA,2025-08-22 11:38:43
CSPR,2025-08-22 11:38:43
GBS,2025-08-22 11:38:43
MH-PA,2025-08-22 11:38:43
MTBCP,2025-08-22 11:38:43
PMGMU,2025-08-22 11:38:43
OSTR,2025-08-22 11:38:43
IGAP,2025-08-22 11:38:43
METX,2025-08-22 11:38:43
APRN,2025-08-22 11:38:43
PSB-PZ,2025-08-22 11:38:43
PTIC,2025-08-22 11:38:43
BVH,2025-08-22 11:38:43
JT,2025-08-22 11:38:43
FSKR,2025-08-22 11:38:43
FOXW,2025-08-22 11:38:43
FNB-PE,2025-08-22 11:38:43
NSTD-WT,2025-08-22 11:38:43
MAAQR,2025-08-22 11:38:43
HUSN,2025-08-22 11:38:43
JAQCU,2025-08-22 11:38:43
AHPI,2025-08-22 11:38:43
SOLOW,2025-08-22 11:38:43
PBCTP,2025-08-22 11:38:43
OBCI,2025-08-22 11:38:43
VRTV,2025-08-22 11:38:43
NGCAW,2025-08-22 11:38:43
JCICW,2025-08-22 11:38:43
HBP,2025-08-22 11:38:43
OXLCM,2025-08-22 11:38:43
MCMJ,2025-08-22 11:38:43
EMWP,2025-08-22 11:38:43
PBAX,2025-08-22 11:38:43
COLIU,2025-08-22 11:38:43
MSPRV,2025-08-22 11:38:43
OSTRU,2025-08-22 11:38:43
ONE,2025-08-22 11:38:43
PAFOU,2025-08-22 11:38:43
PONO,2025-08-22 11:38:43
FSRDW,2025-08-22 11:38:43
ENJY,2025-08-22 11:38:43
PSB-PY,2025-08-22 11:38:43
TSCBP,2025-08-22 11:38:43
TPCO,2025-08-22 11:38:43
VIHAU,2025-08-22 11:38:43
VOSOW,2025-08-22 11:38:43
PAIC,2025-08-22 11:38:43
RACA,2025-08-22 11:38:43
CLI,2025-08-22 11:38:43
LACQU,2025-08-22 11:38:43
MLVF,2025-08-22 11:38:43
ROCLU,2025-08-22 11:38:43
HOME,2025-08-22 11:38:43
ISO,2025-08-22 11:38:43
PCCTW,2025-08-22 11:38:43
MFNC,2025-08-22 11:38:43
SCOBW,2025-08-22 11:38:43
PMBC,2025-08-22 11:38:43
RAD,2025-08-22 11:38:43
PNTM-UN,2025-08-22 11:38:43
RBAC,2025-08-22 11:38:43
SAIIU,2025-08-22 11:38:43
OBLN,2025-08-22 11:38:43
LGSTU,2025-08-22 11:38:43
IRNT-WT,2025-08-22 11:38:43
GMIIU,2025-08-22 11:38:43
PONOW,2025-08-22 11:38:43
HT-PE,2025-08-22 11:38:43
SLHGP,2025-08-22 11:38:43
NMK-PC,2025-08-22 11:38:43
OXUS,2025-08-22 11:38:43
MTSL,2025-08-22 11:38:43
MDCA,2025-08-22 11:38:43
PICC,2025-08-22 11:38:43
NSR,2025-08-22 11:38:43
MACC,2025-08-22 11:38:43
FDUSZ,2025-08-22 11:38:43
TSCAP,2025-08-22 11:38:43
PICC-UN,2025-08-22 11:38:43
GFNCP,2025-08-22 11:38:43
DCP-PC,2025-08-22 11:38:43
NKA,2025-08-22 11:38:43
MACK,2025-08-22 11:38:43
UMPQ,2025-08-22 11:38:43
RMGCW,2025-08-22 11:38:43
FRC-PH,2025-08-22 11:38:43
CHEAW,2025-08-22 11:38:43
XFIN,2025-08-22 11:38:43
HCCCU,2025-08-22 11:38:43
CINC,2025-08-22 11:38:43
KBSF,2025-08-22 11:38:43
MGI,2025-08-22 11:38:43
FRC-PM,2025-08-22 11:38:43
ENVIU,2025-08-22 11:38:43
LOCC-UN,2025-08-22 11:38:43
FTVIW,2025-08-22 11:38:43
SIRE,2025-08-22 11:38:43
TSIB,2025-08-22 11:38:43
SYNH,2025-08-22 11:38:43
CNNB,2025-08-22 11:38:43
GNVC,2025-08-22 11:38:43
GMTX,2025-08-22 11:38:43
HCDI,2025-08-22 11:38:43
AVLR,2025-08-22 11:38:43
EYES,2025-08-22 11:38:43
TWNI,2025-08-22 11:38:43
FTCH,2025-08-22 11:38:43
GRNV,2025-08-22 11:38:43
TBLTW,2025-08-22 11:38:43
GRNVU,2025-08-22 11:38:43
ZDVSV,2025-08-22 11:38:43
BOWXU,2025-08-22 11:38:43
SLVRU,2025-08-22 11:38:43
HBANN,2025-08-22 11:38:43
MSGN,2025-08-22 11:38:43
CTAC,2025-08-22 11:38:43
ADOM,2025-08-22 11:38:43
CSII,2025-08-22 11:38:43
CZOO,2025-08-22 11:38:43
SUMR,2025-08-22 11:38:43
BFIIW,2025-08-22 11:38:43
TPGY,2025-08-22 11:38:43
LVOXU,2025-08-22 11:38:43
EZT,2025-08-22 11:38:43
VYGG,2025-08-22 11:38:43
RBT-WT,2025-08-22 11:38:43
VIAC,2025-08-22 11:38:43
STRNW,2025-08-22 11:38:43
LYLT,2025-08-22 11:38:43
CORR,2025-08-22 11:38:43
LMRKP,2025-08-22 11:38:43
DISAW,2025-08-22 11:38:43
BLUA,2025-08-22 11:38:43
PACW,2025-08-22 11:38:43
BRIVU,2025-08-22 11:38:43
QUOT,2025-08-22 11:38:43
NUVA,2025-08-22 11:38:43
IMACW,2025-08-22 11:38:43
BSX-PA,2025-08-22 11:38:43
UPTDW,2025-08-22 11:38:43
GHVIU,2025-08-22 11:38:43
FRC,2025-08-22 11:38:43
CRU-WT,2025-08-22 11:38:43
PRTY,2025-08-22 11:38:43
DMYI-UN,2025-08-22 11:38:43
KDMN,2025-08-22 11:38:43
ENCPU,2025-08-22 11:38:43
AJXA,2025-08-22 11:38:43
RUBY,2025-08-22 11:38:43
WLTW,2025-08-22 11:38:43
ANTM,2025-08-22 11:38:43
KRTX,2025-08-22 11:38:43
AMV,2025-08-22 11:38:43
ALFIW,2025-08-22 11:38:43
ORPH,2025-08-22 11:38:43
FMTX,2025-08-22 11:38:43
ADALW,2025-08-22 11:38:43
GTT,2025-08-22 11:38:43
XSPA,2025-08-22 11:38:43
CSCW,2025-08-22 11:38:43
CLSN,2025-08-22 11:38:43
SBTX,2025-08-22 11:38:43
DRE,2025-08-22 11:38:43
MTBCO,2025-08-22 11:38:43
PEAK,2025-08-22 11:38:43
AGFS,2025-08-22 11:38:43
LMNL,2025-08-22 11:38:43
WSTG,2025-08-22 11:38:43
VELOW,2025-08-22 11:38:43
YMTX,2025-08-22 11:38:43
BSA,2025-08-22 11:38:43
HZN,2025-08-22 11:38:43
DCRCW,2025-08-22 11:38:43
AERC,2025-08-22 11:38:43
ELY,2025-08-22 11:38:43
NETI,2025-08-22 11:38:43
PFIN,2025-08-22 11:38:43
AGBAW,2025-08-22 11:38:43
CNVY,2025-08-22 11:38:43
CORR-PA,2025-08-22 11:38:43
BVXV,2025-08-22 11:38:43
LATN,2025-08-22 11:38:43
CVT,2025-08-22 11:38:43
KSU,2025-08-22 11:38:43
PEGR,2025-08-22 11:38:43
CLXT,2025-08-22 11:38:43
WMC,2025-08-22 11:38:43
GRAY,2025-08-22 11:38:43
LUMO,2025-08-22 11:38:43
DSSI,2025-08-22 11:38:43
HIBB,2025-08-22 11:38:43
GTS,2025-08-22 11:38:43
CLVS,2025-08-22 11:38:43
IDRA,2025-08-22 11:38:43
WISH,2025-08-22 11:38:43
NRZ-PA,2025-08-22 11:38:43
STSA,2025-08-22 11:38:43
VMGAU,2025-08-22 11:38:43
NUAN,2025-08-22 11:38:43
NFYS-UN,2025-08-22 11:38:43
NXGN,2025-08-22 11:38:43
ZEAL,2025-08-22 11:38:43
RMED,2025-08-22 11:38:43
FRTA,2025-08-22 11:38:43
GLS,2025-08-22 11:38:43
BXRX,2025-08-22 11:38:43
SGMS,2025-08-22 11:38:43
UBP,2025-08-22 11:38:43
WFC-PQ,2025-08-22 11:38:43
CATM,2025-08-22 11:38:43
ORTX,2025-08-22 11:38:43
C-PK,2025-08-22 11:38:43
DPCSU,2025-08-22 11:38:43
HT-PC,2025-08-22 11:38:43
EXPR,2025-08-22 11:38:43
UBP-PK,2025-08-22 11:38:43
DMS,2025-08-22 11:38:43
ALNA,2025-08-22 11:38:43
HSKA,2025-08-22 11:38:43
WESTW,2025-08-22 11:38:43
SOLY,2025-08-22 11:38:43
ABCM,2025-08-22 11:38:43
SLNAW,2025-08-22 11:38:43
CEQP,2025-08-22 11:38:43
TKAT,2025-08-22 11:38:43
ZING,2025-08-22 11:38:43
APTMU,2025-08-22 11:38:43
CCAIU,2025-08-22 11:38:43
KIIIU,2025-08-22 11:38:43
CHS,2025-08-22 11:38:43
AAIC-PB,2025-08-22 11:38:43
MF,2025-08-22 11:38:43
INKA,2025-08-22 11:38:43
SRC-PA,2025-08-22 11:38:43
AVID,2025-08-22 11:38:43
PDOT,2025-08-22 11:38:43
DISCK,2025-08-22 11:38:43
FBHS,2025-08-22 11:38:43
USAK,2025-08-22 11:38:43
HT,2025-08-22 11:38:43
MRTX,2025-08-22 11:38:43
HMLP-PA,2025-08-22 11:38:43
SGEN,2025-08-22 11:38:43
MYOV,2025-08-22 11:38:43
TYME,2025-08-22 11:38:43
ZEV,2025-08-22 11:38:43
SELB,2025-08-22 11:38:43
NEX,2025-08-22 11:38:43
VTIQW,2025-08-22 11:38:43
TBK,2025-08-22 11:38:43
RMO,2025-08-22 11:38:43
MNTV,2025-08-22 11:38:43
NLITU,2025-08-22 11:38:43
VLNS,2025-08-22 11:38:43
LEGOW,2025-08-22 11:38:43
TENKU,2025-08-22 11:38:43
MIRO,2025-08-22 11:38:43
ZIOP,2025-08-22 11:38:43
ZSAN,2025-08-22 11:38:43
RXRAU,2025-08-22 11:38:43
CERC,2025-08-22 11:38:43
HHC,2025-08-22 11:38:43
UAM,2025-08-22 11:38:43
MITO,2025-08-22 11:38:43
QTS-PB,2025-08-22 11:38:43
EARS,2025-08-22 11:38:43
SCLEU,2025-08-22 11:38:43
RICE,2025-08-22 11:38:43
TBCP,2025-08-22 11:38:43
HJLI,2025-08-22 11:38:43
POLY,2025-08-22 11:38:43
SEAH,2025-08-22 11:38:43
INFI,2025-08-22 11:38:43
NETC-UN,2025-08-22 11:38:43
MTRYU,2025-08-22 11:38:43
TYHT,2025-08-22 11:38:43
HARP,2025-08-22 11:38:43
TESS,2025-08-22 11:38:43
LMACU,2025-08-22 11:38:43
WKME,2025-08-22 11:38:43
ARIZU,2025-08-22 11:38:43
IMAC,2025-08-22 11:38:43
EMBCV,2025-08-22 11:38:43
MOTV,2025-08-22 11:38:43
AMAM,2025-08-22 11:38:43
AVAN,2025-08-22 11:38:43
FSSIW,2025-08-22 11:38:43
PRTK,2025-08-22 11:38:43
PCCT,2025-08-22 11:38:43
BCEI,2025-08-22 11:38:43
GMVD,2025-08-22 11:38:43
GRSVU,2025-08-22 11:38:43
EFHTR,2025-08-22 11:38:43
ALR,2025-08-22 11:38:43
HCIIW,2025-08-22 11:38:43
HMG,2025-08-22 11:38:43
EXTN,2025-08-22 11:38:43
CNST,2025-08-22 11:38:43
CECE,2025-08-22 11:38:43
ACH,2025-08-22 11:38:43
TUFN,2025-08-22 11:38:43
AHAC,2025-08-22 11:38:43
MCACW,2025-08-22 11:38:43
ESTE,2025-08-22 11:38:43
MMAC,2025-08-22 11:38:43
ECHO,2025-08-22 11:38:43
NOAC,2025-08-22 11:38:43
MEAC,2025-08-22 11:38:43
GIA,2025-08-22 11:38:43
GMBTW,2025-08-22 11:38:43
CFRX,2025-08-22 11:38:43
TBSAW,2025-08-22 11:38:43
LAAAU,2025-08-22 11:38:43
FRLAW,2025-08-22 11:38:43
IIN,2025-08-22 11:38:43
FRX-UN,2025-08-22 11:38:43
BBI,2025-08-22 11:38:43
BFAC-WT,2025-08-22 11:38:43
BWAQR,2025-08-22 11:38:43
BCYPW,2025-08-22 11:38:43
TLND,2025-08-22 11:38:43
BLTSU,2025-08-22 11:38:43
TALS,2025-08-22 11:38:43
OXSQL,2025-08-22 11:38:43
DIDI,2025-08-22 11:38:43
QTS,2025-08-22 11:38:43
NDACU,2025-08-22 11:38:43
OG,2025-08-22 11:38:43
LAIX,2025-08-22 11:38:43
IBER-UN,2025-08-22 11:38:43
ET-PD,2025-08-22 11:38:43
AENZ,2025-08-22 11:38:43
VCXB-WT,2025-08-22 11:38:43
CSU,2025-08-22 11:38:43
IMV,2025-08-22 11:38:43
OPA-WT,2025-08-22 11:38:43
TRIT,2025-08-22 11:38:43
AKUS,2025-08-22 11:38:43
HILS,2025-08-22 11:38:43
RUTH,2025-08-22 11:38:43
NETC-WT,2025-08-22 11:38:43
CDAK,2025-08-22 11:38:43
CFMS,2025-08-22 11:38:43
GSKY,2025-08-22 11:38:43
MBSC-WT,2025-08-22 11:38:43
AVACW,2025-08-22 11:38:43
GFX-WT,2025-08-22 11:38:43
PSAGU,2025-08-22 11:38:43
RONI-WT,2025-08-22 11:38:43
ITAQW,2025-08-22 11:38:43
MOBVW,2025-08-22 11:38:43
CONXU,2025-08-22 11:38:43
HGTY-WT,2025-08-22 11:38:43
SATX-WTA,2025-08-22 11:38:43
TRONW,2025-08-22 11:38:43
AAIC,2025-08-22 11:38:43
BCDAW,2025-08-22 11:38:43
PAVMW,2025-08-22 11:38:43
DILAU,2025-08-22 11:38:43
KORE-WT,2025-08-22 11:38:43
RY-PT,2025-08-22 11:38:43
ACBAU,2025-08-22 11:38:43
BIOSU,2025-08-22 11:38:43
PCCTU,2025-08-22 11:38:43
BLNGW,2025-08-22 11:38:43
APMIW,2025-08-22 11:38:43
ACAQ-UN,2025-08-22 11:38:43
FSNB-UN,2025-08-22 11:38:43
HMACR,2025-08-22 11:38:43
CPUH-WT,2025-08-22 11:38:43
CANO-WT,2025-08-22 11:38:43
TDW-WTB,2025-08-22 11:38:43
FSNB,2025-08-22 11:38:43
UPH-WT,2025-08-22 11:38:43
ATIP-WT,2025-08-22 11:38:43
UFAB,2025-08-22 11:38:43
TDW-WTA,2025-08-22 11:38:43
KNSW,2025-08-22 11:38:43
VBOCW,2025-08-22 11:38:43
LLL,2025-08-22 11:38:43
IRHOU,2025-08-22 11:38:43
APPH,2025-08-22 11:38:43
RONI-UN,2025-08-22 11:38:43
AVAC,2025-08-22 11:38:43
TOACW,2025-08-22 11:38:43
MTVC,2025-08-22 11:38:43
GENQW,2025-08-22 11:38:43
EMBKW,2025-08-22 11:38:43
CS,2025-08-22 11:38:43
SRSA,2025-08-22 11:38:43
GTXAP,2025-08-22 11:38:43
GAMCW,2025-08-22 11:38:43
AUGX,2025-08-22 11:38:43
VYNT,2025-08-22 11:38:43
HVBC,2025-08-22 11:38:43
NMTR,2025-08-22 11:38:43
TPGY-UN,2025-08-22 11:38:43
BLNGU,2025-08-22 11:38:43
CSTA-UN,2025-08-22 11:38:43
STET,2025-08-22 11:38:43
BPACU,2025-08-22 11:38:43
BWACW,2025-08-22 11:38:43
GAMCU,2025-08-22 11:38:43
ZT,2025-08-22 11:38:43
RONI,2025-08-22 11:38:43
SCUA,2025-08-22 11:38:43
WTT,2025-08-22 11:38:43
JUGGU,2025-08-22 11:38:43
GLEEW,2025-08-22 11:38:43
PGSS,2025-08-22 11:38:43
ADILW,2025-08-22 11:38:43
NOVN,2025-08-22 11:38:43
UTAAW,2025-08-22 11:38:43
EDNCU,2025-08-22 11:38:43
NLSN,2025-08-22 11:38:43
GRNA,2025-08-22 11:38:43
ZTAQU,2025-08-22 11:38:43
ITI,2025-08-22 11:38:43
AHRNU,2025-08-22 11:38:43
MMMB,2025-08-22 11:38:43
TMX,2025-08-22 11:38:43
REUN,2025-08-22 11:38:43
GAMC,2025-08-22 11:38:43
AHRNW,2025-08-22 11:38:43
MLACW,2025-08-22 11:38:43
ROCC,2025-08-22 11:38:43
BOAS-UN,2025-08-22 11:38:43
FZT-WT,2025-08-22 11:38:43
ARC,2025-08-22 11:38:43
OXACU,2025-08-22 11:38:43
GTHX,2025-08-22 11:38:43
WBT,2025-08-22 11:38:43
NBRV,2025-08-22 11:38:43
HMPT,2025-08-22 11:38:43
ENOB,2025-08-22 11:38:43
HSC,2025-08-22 11:38:43
EMBK,2025-08-22 11:38:43
TWCB,2025-08-22 11:38:43
SPPI,2025-08-22 11:38:43
PAQCW,2025-08-22 11:38:43
PIAI-UN,2025-08-22 11:38:43
ACAXR,2025-08-22 11:38:43
HEXO,2025-08-22 11:38:43
ALPAU,2025-08-22 11:38:43
USX,2025-08-22 11:38:43
ERYP,2025-08-22 11:38:43
ERESU,2025-08-22 11:38:43
TTCF,2025-08-22 11:38:43
IIVI,2025-08-22 11:38:43
ORCC,2025-08-22 11:38:43
SQZ,2025-08-22 11:38:43
GLOP,2025-08-22 11:38:43
ENTXW,2025-08-22 11:38:43
EOCW,2025-08-22 11:38:43
BLU,2025-08-22 11:38:43
ERES,2025-08-22 11:38:43
BNSO,2025-08-22 11:38:43
XM,2025-08-22 11:38:43
GSRMW,2025-08-22 11:38:43
BBLN,2025-08-22 11:38:43
GSRMU,2025-08-22 11:38:43
BWACU,2025-08-22 11:38:43
GOGN,2025-08-22 11:38:43
HWKZ-UN,2025-08-22 11:38:43
AZRE,2025-08-22 11:38:43
FACT-UN,2025-08-22 11:38:43
DSEY,2025-08-22 11:38:43
TCFC,2025-08-22 11:38:43
GOGN-UN,2025-08-22 11:38:43
GSRM,2025-08-22 11:38:43
PORT-UN,2025-08-22 11:38:43
GSRMR,2025-08-22 11:38:43
BGCP,2025-08-22 11:38:43
DNAB,2025-08-22 11:38:43
CORS,2025-08-22 11:38:43
FMIV,2025-08-22 11:38:43
SDAC,2025-08-22 11:38:43
DNAD,2025-08-22 11:38:43
ROCAR,2025-08-22 11:38:43
SDACU,2025-08-22 11:38:43
MBAC-UN,2025-08-22 11:38:43
ATTO,2025-08-22 11:38:43
MPRAW,2025-08-22 11:38:43
MBTC,2025-08-22 11:38:43
OSI-UN,2025-08-22 11:38:43
LHC-UN,2025-08-22 11:38:43
MBAC-WT,2025-08-22 11:38:43
ENTF,2025-08-22 11:38:43
ERESW,2025-08-22 11:38:43
GOGN-WT,2025-08-22 11:38:43
CTIC,2025-08-22 11:38:43
WLMS,2025-08-22 11:38:43
BMAC-WT,2025-08-22 11:38:43
METXW,2025-08-22 11:38:43
BRDS-WT,2025-08-22 11:38:43
CLINR,2025-08-22 11:38:43
WWACW,2025-08-22 11:38:43
AFTR-WT,2025-08-22 11:38:43
SHIPW,2025-08-22 11:38:43
ACRO-UN,2025-08-22 11:38:43
ONCS,2025-08-22 11:38:43
SKIL-WT,2025-08-22 11:38:43
MTRY,2025-08-22 11:38:43
FMIVU,2025-08-22 11:38:43
IPVF-UN,2025-08-22 11:38:43
BYTSW,2025-08-22 11:38:43
BRLIU,2025-08-22 11:38:43
TWOA,2025-08-22 11:38:43
VHNAW,2025-08-22 11:38:43
GTPPP,2025-08-22 11:38:43
UNVR,2025-08-22 11:38:43
DUNEW,2025-08-22 11:38:43
KNSW-UN,2025-08-22 11:38:43
SIOX,2025-08-22 11:38:43
RENN,2025-08-22 11:38:43
RCAC,2025-08-22 11:38:43
ROC,2025-08-22 11:38:43
CORS-WT,2025-08-22 11:38:43
GRNT-WT,2025-08-22 11:38:43
GNUS,2025-08-22 11:38:43
MTCR,2025-08-22 11:38:43
FXCOW,2025-08-22 11:38:43
HPLTW,2025-08-22 11:38:43
OPAD-WT,2025-08-22 11:38:43
ROCAU,2025-08-22 11:38:43
JUGG,2025-08-22 11:38:43
XPAXW,2025-08-22 11:38:43
RWODW,2025-08-22 11:38:43
HMA-UN,2025-08-22 11:38:43
KVSA,2025-08-22 11:38:43
EOCW-UN,2025-08-22 11:38:43
MCLDW,2025-08-22 11:38:43
ZEV-WT,2025-08-22 11:38:43
CSTA,2025-08-22 11:38:43
HWKZ,2025-08-22 11:38:43
QFTA-UN,2025-08-22 11:38:43
WRAC,2025-08-22 11:38:43
TENKR,2025-08-22 11:38:43
PACI-WT,2025-08-22 11:38:43
PHR,2025-08-22 11:38:43
KB,2025-08-22 11:38:43
BBVA,2025-08-22 11:38:43
BDX,2025-08-22 11:38:43
ABT,2025-08-22 11:38:43
MS,2025-08-22 11:38:43
CL,2025-08-22 11:38:43
TRNO,2025-08-22 11:38:43
MRK,2025-08-22 11:38:43
SR-PA,2025-08-22 11:38:43
CAH,2025-08-22 11:38:43
SEE,2025-08-22 11:38:43
NPB,2025-08-22 11:38:43
TGT,2025-08-22 11:38:43
KLG,2025-08-22 11:38:43
ATO,2025-08-22 11:38:43
LTM,2025-08-22 11:38:43
EFOI,2025-08-22 11:38:43
AM,2025-08-22 11:38:43
BKV,2025-08-22 11:38:43
MS-PQ,2025-08-22 11:38:43
NGL,2025-08-22 11:38:43
GES,2025-08-22 11:38:43
VNCE,2025-08-22 11:38:43
GM,2025-08-22 11:38:43
AB,2025-08-22 11:38:43
CMI,2025-08-22 11:38:43
AMC,2025-08-22 11:38:43
ADCT,2025-08-22 11:38:43
BTI,2025-08-22 11:38:43
BBUC,2025-08-22 11:38:43
DSGR,2025-08-22 11:38:43
UBER,2025-08-22 11:38:43
ATEN,2025-08-22 11:38:43
BEPH,2025-08-22 11:38:43
XOM,2025-08-22 11:38:43
RYAN,2025-08-22 11:38:43
CNF,2025-08-22 11:38:43
NVRI,2025-08-22 11:38:43
WTM,2025-08-22 11:38:43
BRFS,2025-08-22 11:38:43
CMG,2025-08-22 11:38:43
NVR,2025-08-22 11:38:43
PG,2025-08-22 11:38:43
GS-PA,2025-08-22 11:38:43
PEG,2025-08-22 11:38:43
GRND,2025-08-22 11:38:43
DHT,2025-08-22 11:38:43
MSDL,2025-08-22 11:38:43
CMBT,2025-08-22 11:38:43
AX,2025-08-22 11:38:43
HHH,2025-08-22 11:38:43
GFF,2025-08-22 11:38:43
EVTL,2025-08-22 11:38:43
PACS,2025-08-22 11:38:43
SPG,2025-08-22 11:38:43
INGM,2025-08-22 11:38:43
ATOS,2025-08-22 11:38:43
SOJE,2025-08-22 11:38:43
MFH,2025-08-22 11:38:43
AN,2025-08-22 11:38:43
VTMX,2025-08-22 11:38:43
CBAN,2025-08-22 11:38:43
CNH,2025-08-22 11:38:43
QXO,2025-08-22 11:38:43
FLR,2025-08-22 11:38:43
TJX,2025-08-22 11:38:43
BKKT,2025-08-22 11:38:43
SPNT,2025-08-22 11:38:43
NGVT,2025-08-22 11:38:43
FF,2025-08-22 11:38:43
FE,2025-08-22 11:38:43
PDM,2025-08-22 11:38:43
GEF,2025-08-22 11:38:43
UAA,2025-08-22 11:38:43
CSPI,2025-08-22 11:38:43
VLRS,2025-08-22 11:38:43
MSM,2025-08-22 11:38:43
NGS,2025-08-22 11:38:43
STT,2025-08-22 11:38:43
SPGI,2025-08-22 11:38:43
SLVM,2025-08-22 11:38:43
ALUR,2025-08-22 11:38:43
FMX,2025-08-22 11:38:43
LBRT,2025-08-22 11:38:43
AVAL,2025-08-22 11:38:43
PFE,2025-08-22 11:38:43
AMP,2025-08-22 11:38:43
EVH,2025-08-22 11:38:43
BAC-PN,2025-08-22 11:38:43
PGRE,2025-08-22 11:38:43
WPC,2025-08-22 11:38:43
BGS,2025-08-22 11:38:43
EIX,2025-08-22 11:38:43
DB,2025-08-22 11:38:43
NSA,2025-08-22 11:38:43
KT,2025-08-22 11:38:43
BMO,2025-08-22 11:38:43
HMC,2025-08-22 11:38:43
FDX,2025-08-22 11:38:43
