successful_ticker,timestamp
PKE,2025-08-21 20:27:37
CTRE,2025-08-21 20:27:37
PRGO,2025-08-21 20:27:37
CIVI,2025-08-21 20:27:37
HG,2025-08-21 20:27:37
CRM,2025-08-21 20:27:37
EWBC,2025-08-21 20:27:37
RBA,2025-08-21 20:27:37
YETI,2025-08-21 20:27:37
SSD,2025-08-21 20:27:37
PHR,2025-08-21 20:27:37
NUS,2025-08-21 20:27:37
F-PB,2025-08-21 20:27:37
WKC,2025-08-21 20:27:37
SBH,2025-08-21 20:27:37
LTM,2025-08-21 20:27:37
ARX,2025-08-21 20:27:37
F-PD,2025-08-21 20:27:37
OGS,2025-08-21 20:27:37
DY,2025-08-21 20:27:37
CEPF,2025-08-21 20:27:37
SBDS,2025-08-21 20:27:37
DIS,2025-08-21 20:27:37
AG,2025-08-21 20:27:37
FUBO,2025-08-21 20:27:37
PAC,2025-08-21 20:27:37
YUM,2025-08-21 20:27:37
TPR,2025-08-21 20:27:37
PBH,2025-08-21 20:27:37
XOM,2025-08-21 20:27:37
CVX,2025-08-21 20:27:37
PBI,2025-08-21 20:27:37
EHC,2025-08-21 20:27:37
HTB,2025-08-21 20:27:37
T,2025-08-21 20:27:37
GBTG,2025-08-21 20:27:37
WAL,2025-08-21 20:27:37
EQR,2025-08-21 20:27:37
GLW,2025-08-21 20:27:37
FCN,2025-08-21 20:27:37
NTZ,2025-08-21 20:27:37
OVV,2025-08-21 20:27:37
EPAM,2025-08-21 20:27:37
VNCE,2025-08-21 20:27:37
NVRI,2025-08-21 20:27:37
AMPY,2025-08-21 20:27:37
CIG-C,2025-08-21 20:27:37
SPMC,2025-08-21 20:27:37
QUAD,2025-08-21 20:27:37
AMC,2025-08-21 20:27:37
WTM,2025-08-21 20:27:37
MSDL,2025-08-21 20:27:37
USPH,2025-08-21 20:27:37
CNF,2025-08-21 20:27:37
NVR,2025-08-21 20:27:37
VMI,2025-08-21 20:27:37
WT,2025-08-21 20:27:37
M,2025-08-21 20:27:37
NFG,2025-08-21 20:27:37
BRK-A,2025-08-21 20:27:37
SQM,2025-08-21 20:27:37
PNNT,2025-08-21 20:27:37
GES,2025-08-21 20:27:37
AVAL,2025-08-21 20:27:37
MH,2025-08-21 20:27:37
KBR,2025-08-21 20:27:37
GRDN,2025-08-21 20:27:37
AWI,2025-08-21 20:27:37
CRNT,2025-08-21 20:27:37
VZ,2025-08-21 20:27:37
WRB-PH,2025-08-21 20:27:37
AIT,2025-08-21 20:27:37
PDM,2025-08-21 20:27:37
SXI,2025-08-21 20:27:37
AMCR,2025-08-21 20:27:37
IVF,2025-08-21 20:27:37
EVH,2025-08-21 20:27:37
CMTL,2025-08-21 20:27:37
CON,2025-08-21 20:27:37
CAH,2025-08-21 20:27:37
RVTY,2025-08-21 20:27:37
FDX,2025-08-21 20:27:37
VTMX,2025-08-21 20:27:37
AXL,2025-08-21 20:27:37
IBIO,2025-08-21 20:27:37
WM,2025-08-21 20:27:37
AAT,2025-08-21 20:27:37
VIK,2025-08-21 20:27:37
OBK,2025-08-21 20:27:37
FTK,2025-08-21 20:27:37
AN,2025-08-21 20:27:37
AMN,2025-08-21 20:27:37
HLI,2025-08-21 20:27:37
SPNT,2025-08-21 20:27:37
BDC,2025-08-21 20:27:37
BEPH,2025-08-21 20:27:37
HPQ,2025-08-21 20:27:37
MGY,2025-08-21 20:27:37
APO,2025-08-21 20:27:37
PFS,2025-08-21 20:27:37
MTDR,2025-08-21 20:27:37
VLRS,2025-08-21 20:27:37
FUL,2025-08-21 20:27:37
PSTG,2025-08-21 20:27:37
MS-PP,2025-08-21 20:27:37
STNG,2025-08-21 20:27:37
MFC,2025-08-21 20:27:37
RBOT,2025-08-21 20:27:37
PLYM,2025-08-21 20:27:37
AAP,2025-08-21 20:27:37
SLVM,2025-08-21 20:27:37
WMB,2025-08-21 20:27:37
UHAL-B,2025-08-21 20:27:37
DGICA,2025-08-21 20:27:37
LSPD,2025-08-21 20:27:37
KD,2025-08-21 20:27:37
MTH,2025-08-21 20:27:37
MANU,2025-08-21 20:27:37
CRH,2025-08-21 20:27:37
FRGE,2025-08-21 20:27:37
AVTR,2025-08-21 20:27:37
HAFN,2025-08-21 20:27:37
GEF,2025-08-21 20:27:37
PVH,2025-08-21 20:27:37
LXP,2025-08-21 20:27:37
COF-PL,2025-08-21 20:27:37
FET,2025-08-21 20:27:37
IEX,2025-08-21 20:27:37
LOAR,2025-08-21 20:27:37
SHW,2025-08-21 20:27:37
STT,2025-08-21 20:27:37
FLGT,2025-08-21 20:27:37
LAW,2025-08-21 20:27:37
NOW,2025-08-21 20:27:37
EMCG,2025-08-21 20:27:37
BCS,2025-08-21 20:27:37
CMRE,2025-08-21 20:27:37
ONON,2025-08-21 20:27:37
LPSN,2025-08-21 20:27:37
CARS,2025-08-21 20:27:37
NNN,2025-08-21 20:27:37
HGV,2025-08-21 20:27:37
LEVI,2025-08-21 20:27:37
AROC,2025-08-21 20:27:37
CCO,2025-08-21 20:27:37
SR-PA,2025-08-21 20:27:37
TGLS,2025-08-21 20:27:37
FRO,2025-08-21 20:27:37
PATH,2025-08-21 20:27:37
STN,2025-08-21 20:27:37
FLNT,2025-08-21 20:27:37
AGCO,2025-08-21 20:27:37
ARCO,2025-08-21 20:27:37
ASML,2025-08-21 20:27:37
KNX,2025-08-21 20:27:37
UI,2025-08-21 20:27:37
SES,2025-08-21 20:27:37
PK,2025-08-21 20:27:37
HVT,2025-08-21 20:27:37
AFGC,2025-08-21 20:27:37
BAX,2025-08-21 20:27:37
CNP,2025-08-21 20:27:37
BKD,2025-08-21 20:27:37
IMAX,2025-08-21 20:27:37
MWA,2025-08-21 20:27:37
THS,2025-08-21 20:27:37
GS-PA,2025-08-21 20:27:37
XYZ,2025-08-21 20:27:37
QS,2025-08-21 20:27:37
AVNT,2025-08-21 20:27:37
AARD,2025-08-21 20:27:37
SFL,2025-08-21 20:27:37
DDS,2025-08-21 20:27:37
OLO,2025-08-21 20:27:37
GHI,2025-08-21 20:27:37
FCX,2025-08-21 20:27:37
FLNG,2025-08-21 20:27:37
BXP,2025-08-21 20:27:37
MG,2025-08-21 20:27:37
NVT,2025-08-21 20:27:37
GHG,2025-08-21 20:27:37
MQ,2025-08-21 20:27:37
TIXT,2025-08-21 20:27:37
WY,2025-08-21 20:27:37
VIRT,2025-08-21 20:27:37
MEC,2025-08-21 20:27:37
AL,2025-08-21 20:27:37
MMS,2025-08-21 20:27:37
SHCO,2025-08-21 20:27:37
ILMN,2025-08-21 20:27:37
NMAX,2025-08-21 20:27:37
OOMA,2025-08-21 20:27:37
MDU,2025-08-21 20:27:37
MNSB,2025-08-21 20:27:37
FFIC,2025-08-21 20:27:37
ASTI,2025-08-21 20:27:37
AESI,2025-08-21 20:27:37
MHK,2025-08-21 20:27:37
RIO,2025-08-21 20:27:37
CGNT,2025-08-21 20:27:37
PB,2025-08-21 20:27:37
TECK,2025-08-21 20:27:37
TCI,2025-08-21 20:27:37
CSV,2025-08-21 20:27:37
WHG,2025-08-21 20:27:37
ADCT,2025-08-21 20:27:37
NGVT,2025-08-21 20:27:37
TRNO,2025-08-21 20:27:37
SN,2025-08-21 20:27:37
MTN,2025-08-21 20:27:37
BAC-PP,2025-08-21 20:27:37
QXO,2025-08-21 20:27:37
AB,2025-08-21 20:27:37
BAC-PO,2025-08-21 20:27:37
IX,2025-08-21 20:27:37
SLGN,2025-08-21 20:27:37
CMP,2025-08-21 20:27:37
WPC,2025-08-21 20:27:37
SST,2025-08-21 20:27:37
UAA,2025-08-21 20:27:37
BNED,2025-08-21 20:27:37
KIM-PL,2025-08-21 20:27:37
SREA,2025-08-21 20:27:37
KVYO,2025-08-21 20:27:37
CLW,2025-08-21 20:27:37
SSL,2025-08-21 20:27:37
ATEN,2025-08-21 20:27:37
TSLX,2025-08-21 20:27:37
ALEX,2025-08-21 20:27:37
AX,2025-08-21 20:27:37
KEY,2025-08-21 20:27:37
PFE,2025-08-21 20:27:37
CCB,2025-08-21 20:27:37
BRK-B,2025-08-21 20:27:37
NXRT,2025-08-21 20:27:37
AR,2025-08-21 20:27:37
WFC-PD,2025-08-21 20:27:37
GEV,2025-08-21 20:27:37
BAC-PN,2025-08-21 20:27:37
TGNA,2025-08-21 20:27:37
NPB,2025-08-21 20:27:37
TG,2025-08-21 20:27:37
CR,2025-08-21 20:27:37
KEY-PJ,2025-08-21 20:27:37
MTZ,2025-08-21 20:27:37
NEE-PR,2025-08-21 20:27:37
SHG,2025-08-21 20:27:37
BAC-PE,2025-08-21 20:27:37
HUBB,2025-08-21 20:27:37
FLD,2025-08-21 20:27:37
CRI,2025-08-21 20:27:37
ACI,2025-08-21 20:27:37
SOJE,2025-08-21 20:27:37
YOU,2025-08-21 20:27:37
SRE,2025-08-21 20:27:37
ARVN,2025-08-21 20:27:37
BBUC,2025-08-21 20:27:37
CMSD,2025-08-21 20:27:37
STEM,2025-08-21 20:27:37
CURV,2025-08-21 20:27:37
TTI,2025-08-21 20:27:37
BH,2025-08-21 20:27:37
DQ,2025-08-21 20:27:37
UBER,2025-08-21 20:27:37
DK,2025-08-21 20:27:37
GL,2025-08-21 20:27:37
FE,2025-08-21 20:27:37
VVV,2025-08-21 20:27:37
ELUT,2025-08-21 20:27:37
CMG,2025-08-21 20:27:37
GRND,2025-08-21 20:27:37
FINV,2025-08-21 20:27:37
ERJ,2025-08-21 20:27:37
SPXC,2025-08-21 20:27:37
MGRE,2025-08-21 20:27:37
RSI,2025-08-21 20:27:37
SOJD,2025-08-21 20:27:37
LPX,2025-08-21 20:27:37
CFG,2025-08-21 20:27:37
BRFS,2025-08-21 20:27:37
BANF,2025-08-21 20:27:37
ENFY,2025-08-21 20:27:37
AXS-PE,2025-08-21 20:27:37
LU,2025-08-21 20:27:37
LTC,2025-08-21 20:27:37
JHG,2025-08-21 20:27:37
UPS,2025-08-21 20:27:37
IBM,2025-08-21 20:27:37
BLDR,2025-08-21 20:27:37
INGM,2025-08-21 20:27:37
EPR,2025-08-21 20:27:37
BTI,2025-08-21 20:27:37
BDX,2025-08-21 20:27:37
PGRE,2025-08-21 20:27:37
AXP,2025-08-21 20:27:37
RF-PC,2025-08-21 20:27:37
C,2025-08-21 20:27:37
TPH,2025-08-21 20:27:37
DSGR,2025-08-21 20:27:37
CAAP,2025-08-21 20:27:37
TRTN-PB,2025-08-21 20:27:37
EQV,2025-08-21 20:27:37
EGO,2025-08-21 20:27:37
AM,2025-08-21 20:27:37
CSL,2025-08-21 20:27:37
CBAN,2025-08-21 20:27:37
FC,2025-08-21 20:27:37
MGR,2025-08-21 20:27:37
NET,2025-08-21 20:27:37
UNFI,2025-08-21 20:27:37
UNF,2025-08-21 20:27:37
SKM,2025-08-21 20:27:37
CB,2025-08-21 20:27:37
TRTN-PA,2025-08-21 20:27:37
PSO,2025-08-21 20:27:37
EPSN,2025-08-21 20:27:37
STZ,2025-08-21 20:27:37
CAVA,2025-08-21 20:27:37
WLK,2025-08-21 20:27:37
BCO,2025-08-21 20:27:37
MSCI,2025-08-21 20:27:37
DXYZ,2025-08-21 20:27:37
CODI,2025-08-21 20:27:37
WS,2025-08-21 20:27:37
SPGI,2025-08-21 20:27:37
WEC,2025-08-21 20:27:37
VLTO,2025-08-21 20:27:37
FHI,2025-08-21 20:27:37
COF-PJ,2025-08-21 20:27:37
CL,2025-08-21 20:27:37
FBRT,2025-08-21 20:27:37
TRU,2025-08-21 20:27:37
GOOS,2025-08-21 20:27:37
STWD,2025-08-21 20:27:37
GM,2025-08-21 20:27:37
VST,2025-08-21 20:27:37
SW,2025-08-21 20:27:37
WLY,2025-08-21 20:27:37
ELF,2025-08-21 20:27:37
VOYG,2025-08-21 20:27:37
ATO,2025-08-21 20:27:37
ALB,2025-08-21 20:27:37
CADE-PA,2025-08-21 20:27:37
AC,2025-08-21 20:27:37
ENR,2025-08-21 20:27:37
HPE,2025-08-21 20:27:37
SKLZ,2025-08-21 20:27:37
MO,2025-08-21 20:27:37
CE,2025-08-21 20:27:37
MC,2025-08-21 20:27:37
LUXE,2025-08-21 20:27:37
BBVA,2025-08-21 20:27:37
VIPS,2025-08-21 20:27:37
AMP,2025-08-21 20:27:37
EGY,2025-08-21 20:27:37
NSA,2025-08-21 20:27:37
BRT,2025-08-21 20:27:37
HIG,2025-08-21 20:27:37
IBP,2025-08-21 20:27:37
HPP,2025-08-21 20:27:37
TDS,2025-08-21 20:27:37
INFY,2025-08-21 20:27:37
NVST,2025-08-21 20:27:37
NKE,2025-08-21 20:27:37
WRB-PE,2025-08-21 20:27:37
NGS,2025-08-21 20:27:37
ESRT,2025-08-21 20:27:37
VAL,2025-08-21 20:27:37
BBY,2025-08-21 20:27:37
BLSH,2025-08-21 20:27:37
CSWC,2025-08-21 20:27:37
BEN,2025-08-21 20:27:37
ADSE,2025-08-21 20:27:37
KRC,2025-08-21 20:27:37
DHT,2025-08-21 20:27:37
GABC,2025-08-21 20:27:37
ENTA,2025-08-21 20:27:37
BKV,2025-08-21 20:27:37
VNO-PL,2025-08-21 20:27:37
FF,2025-08-21 20:27:37
DEI,2025-08-21 20:27:37
EVTL,2025-08-21 20:27:37
GSK,2025-08-21 20:27:37
BROS,2025-08-21 20:27:37
LOW,2025-08-21 20:27:37
DEA,2025-08-21 20:27:37
UHT,2025-08-21 20:27:37
CECO,2025-08-21 20:27:37
BW-PA,2025-08-21 20:27:37
BKH,2025-08-21 20:27:37
CPA,2025-08-21 20:27:37
HOOD,2025-08-21 20:27:37
ENS,2025-08-21 20:27:37
AHR,2025-08-21 20:27:37
GFF,2025-08-21 20:27:37
CNH,2025-08-21 20:27:37
KO,2025-08-21 20:27:37
FDP,2025-08-21 20:27:37
RH,2025-08-21 20:27:37
FPI,2025-08-21 20:27:37
CVEO,2025-08-21 20:27:37
STEL,2025-08-21 20:27:37
DHR,2025-08-21 20:27:37
LPCN,2025-08-21 20:27:37
BRC,2025-08-21 20:27:37
TBB,2025-08-21 20:27:37
BLK,2025-08-21 20:27:37
KB,2025-08-21 20:27:37
SA,2025-08-21 20:27:37
ECL,2025-08-21 20:27:37
PRMB,2025-08-21 20:27:37
RYI,2025-08-21 20:27:37
PSA-PG,2025-08-21 20:27:37
DAVA,2025-08-21 20:27:37
ODC,2025-08-21 20:27:37
BKKT,2025-08-21 20:27:37
PEN,2025-08-21 20:27:37
BWLP,2025-08-21 20:27:37
LVWR,2025-08-21 20:27:37
OEC,2025-08-21 20:27:37
BHVN,2025-08-21 20:27:37
EIC,2025-08-21 20:27:37
ABVC,2025-08-21 20:27:37
RYAN,2025-08-21 20:27:37
BIVI,2025-08-21 20:27:37
TY,2025-08-21 20:27:37
BWB,2025-08-21 20:27:37
BGSF,2025-08-21 20:27:37
FOUR,2025-08-21 20:27:37
TFC-PR,2025-08-21 20:27:37
LAR,2025-08-21 20:27:37
CHYM,2025-08-21 20:27:37
SMG,2025-08-21 20:27:37
PSA-PF,2025-08-21 20:27:37
PACS,2025-08-21 20:27:37
EIX,2025-08-21 20:27:37
SONY,2025-08-21 20:27:37
SITC,2025-08-21 20:27:37
ARMK,2025-08-21 20:27:37
INN,2025-08-21 20:27:37
GMS,2025-08-21 20:27:37
ABSI,2025-08-21 20:27:37
TMHC,2025-08-21 20:27:37
BFAM,2025-08-21 20:27:37
PCG,2025-08-21 20:27:37
BIO,2025-08-21 20:27:37
VRE,2025-08-21 20:27:37
AIR,2025-08-21 20:27:37
ROG,2025-08-21 20:27:37
FLS,2025-08-21 20:27:37
NOMD,2025-08-21 20:27:37
FL,2025-08-21 20:27:37
AOUT,2025-08-21 20:27:37
PRKS,2025-08-21 20:27:37
BF-A,2025-08-21 20:27:37
HRTG,2025-08-21 20:27:37
RYN,2025-08-21 20:27:37
MET,2025-08-21 20:27:37
ATI,2025-08-21 20:27:37
MTB,2025-08-21 20:27:37
GSBD,2025-08-21 20:27:37
ASRV,2025-08-21 20:27:37
CIM,2025-08-21 20:27:37
BWSN,2025-08-21 20:27:37
FITBI,2025-08-21 20:27:37
CIM-PB,2025-08-21 20:27:37
PMT,2025-08-21 20:27:37
BIPI,2025-08-21 20:27:37
GNK,2025-08-21 20:27:37
FLR,2025-08-21 20:27:37
FSLY,2025-08-21 20:27:37
BRO,2025-08-21 20:27:37
OC,2025-08-21 20:27:37
SWX,2025-08-21 20:27:37
FMX,2025-08-21 20:27:37
GROV,2025-08-21 20:27:37
PSA-PM,2025-08-21 20:27:37
TBN,2025-08-21 20:27:37
HMN,2025-08-21 20:27:37
DECK,2025-08-21 20:27:37
LVS,2025-08-21 20:27:37
RITM,2025-08-21 20:27:37
SHEL,2025-08-21 20:27:37
NTST,2025-08-21 20:27:37
TEL,2025-08-21 20:27:37
ALL-PI,2025-08-21 20:27:37
BSAC,2025-08-21 20:27:37
ED,2025-08-21 20:27:37
ACM,2025-08-21 20:27:37
BETR,2025-08-21 20:27:37
IIPR,2025-08-21 20:27:37
PUK,2025-08-21 20:27:37
GNL,2025-08-21 20:27:37
LAC,2025-08-21 20:27:37
LADR,2025-08-21 20:27:37
HHH,2025-08-21 20:27:37
NWG,2025-08-21 20:27:37
RL,2025-08-21 20:27:37
BMO,2025-08-21 20:27:37
ASB,2025-08-21 20:27:37
LBRT,2025-08-21 20:27:37
WELL,2025-08-21 20:27:37
FCPT,2025-08-21 20:27:37
UNP,2025-08-21 20:27:37
ALUR,2025-08-21 20:27:37
KLG,2025-08-21 20:27:37
FVR,2025-08-21 20:27:37
MBC,2025-08-21 20:27:37
NBHC,2025-08-21 20:27:37
IP,2025-08-21 20:27:37
LDOS,2025-08-21 20:27:37
BAC-PL,2025-08-21 20:27:37
LYV,2025-08-21 20:27:37
DINO,2025-08-21 20:27:37
LHX,2025-08-21 20:27:37
LOB,2025-08-21 20:27:37
SAH,2025-08-21 20:27:37
JENA,2025-08-21 20:27:37
MS-PQ,2025-08-21 20:27:37
MTW,2025-08-21 20:27:37
NGL,2025-08-21 20:27:37
HLLY,2025-08-21 20:27:37
YUMC,2025-08-21 20:27:37
CHE,2025-08-21 20:27:37
KEX,2025-08-21 20:27:37
FTV,2025-08-21 20:27:37
MS-PE,2025-08-21 20:27:37
KT,2025-08-21 20:27:37
SPG,2025-08-21 20:27:37
NEE,2025-08-21 20:27:37
CMC,2025-08-21 20:27:37
PII,2025-08-21 20:27:37
LH,2025-08-21 20:27:37
MP,2025-08-21 20:27:37
CMSA,2025-08-21 20:27:37
CUBE,2025-08-21 20:27:37
BLD,2025-08-21 20:27:37
HMC,2025-08-21 20:27:37
CVS,2025-08-21 20:27:37
MX,2025-08-21 20:27:37
ETR,2025-08-21 20:27:37
BYD,2025-08-21 20:27:37
ACET,2025-08-21 20:27:37
APOS,2025-08-21 20:27:37
MYE,2025-08-21 20:27:37
CVV,2025-08-21 20:27:37
MS-PA,2025-08-21 20:27:37
NIQ,2025-08-21 20:27:37
DAC,2025-08-21 20:27:37
DAR,2025-08-21 20:27:37
MS,2025-08-21 20:27:37
BLCO,2025-08-21 20:27:37
DB,2025-08-21 20:27:37
MEG,2025-08-21 20:27:37
BE,2025-08-21 20:27:37
ECC-PD,2025-08-21 20:27:37
HRB,2025-08-21 20:27:37
MSM,2025-08-21 20:27:37
J,2025-08-21 20:27:37
EMA,2025-08-21 20:27:37
NRGV,2025-08-21 20:27:37
RRC,2025-08-21 20:27:37
ENO,2025-08-21 20:27:37
ONTF,2025-08-21 20:27:37
IRM,2025-08-21 20:27:37
DNB,2025-08-21 20:27:37
DLR-PK,2025-08-21 20:27:37
MTG,2025-08-21 20:27:37
MHO,2025-08-21 20:27:37
AMRC,2025-08-21 20:27:37
AME,2025-08-21 20:27:37
LUV,2025-08-21 20:27:37
BGS,2025-08-21 20:27:37
GRABW,2025-08-21 20:27:37
DOLE,2025-08-21 20:27:37
NLY,2025-08-21 20:27:37
AMX,2025-08-21 20:27:37
DRI,2025-08-21 20:27:37
DXC,2025-08-21 20:27:37
AMTM,2025-08-21 20:27:37
GWRE,2025-08-21 20:27:37
TWLO,2025-08-21 20:27:37
ENTG,2025-08-21 20:27:37
EBR,2025-08-21 20:27:37
MSI,2025-08-21 20:27:37
EFC,2025-08-21 20:27:37
HROW,2025-08-21 20:27:37
HR,2025-08-21 20:27:37
AOMR,2025-08-21 20:27:37
NOV,2025-08-21 20:27:37
MMI,2025-08-21 20:27:37
FENG,2025-08-21 20:27:37
FSS,2025-08-21 20:27:37
AIRS,2025-08-21 20:27:37
ESAB,2025-08-21 20:27:37
ALL,2025-08-21 20:27:37
CDE,2025-08-21 20:27:37
ALG,2025-08-21 20:27:37
MRP,2025-08-21 20:27:37
CMBT,2025-08-21 20:27:37
FRD,2025-08-21 20:27:37
BCE,2025-08-21 20:27:37
KNSL,2025-08-21 20:27:37
ATRC,2025-08-21 20:27:37
IMCC,2025-08-21 20:27:37
HGTY,2025-08-21 20:27:37
OMI,2025-08-21 20:27:37
TFC,2025-08-21 20:27:37
LENZ,2025-08-21 20:27:37
GPK,2025-08-21 20:27:37
AMOD,2025-08-21 20:27:37
PG,2025-08-21 20:27:37
H,2025-08-21 20:27:37
BHP,2025-08-21 20:27:37
CTXR,2025-08-21 20:27:37
PJT,2025-08-21 20:27:37
APO-PA,2025-08-21 20:27:37
HOG,2025-08-21 20:27:37
LCII,2025-08-21 20:27:37
CF,2025-08-21 20:27:37
TLYS,2025-08-21 20:27:37
AMT,2025-08-21 20:27:37
AA,2025-08-21 20:27:37
MTX,2025-08-21 20:27:37
JEF,2025-08-21 20:27:37
CPK,2025-08-21 20:27:37
BCSF,2025-08-21 20:27:37
SYF-PA,2025-08-21 20:27:37
BBW,2025-08-21 20:27:37
CBRE,2025-08-21 20:27:37
BBWI,2025-08-21 20:27:37
ATH-PD,2025-08-21 20:27:37
CLCO,2025-08-21 20:27:37
XPRO,2025-08-21 20:27:37
FAT,2025-08-21 20:27:37
GE,2025-08-21 20:27:37
LXFR,2025-08-21 20:27:37
HASI,2025-08-21 20:27:37
ATR,2025-08-21 20:27:37
ACN,2025-08-21 20:27:37
HWM,2025-08-21 20:27:37
WK,2025-08-21 20:27:37
VTLE,2025-08-21 20:27:37
EXPD,2025-08-21 20:27:37
JXN,2025-08-21 20:27:37
GMED,2025-08-21 20:27:37
JCAP,2025-08-21 20:27:37
EQBK,2025-08-21 20:27:37
SPB,2025-08-21 20:27:37
ALL-PJ,2025-08-21 20:27:37
WSO,2025-08-21 20:27:37
IMAB,2025-08-21 20:27:37
PLOW,2025-08-21 20:27:37
CEPT,2025-08-21 20:27:37
FBLG,2025-08-21 20:27:37
ROL,2025-08-21 20:27:37
GCTS,2025-08-21 20:27:37
RES,2025-08-21 20:27:37
BSM,2025-08-21 20:27:37
LC,2025-08-21 20:27:37
EQNR,2025-08-21 20:27:37
WTI,2025-08-21 20:27:37
AIZN,2025-08-21 20:27:37
ONTO,2025-08-21 20:27:37
WPM,2025-08-21 20:27:37
PAAS,2025-08-21 20:27:37
CLDT,2025-08-21 20:27:37
PRS,2025-08-21 20:27:37
MKL,2025-08-21 20:27:37
APLE,2025-08-21 20:27:37
HLIO,2025-08-21 20:27:37
NSC,2025-08-21 20:27:37
BX,2025-08-21 20:27:37
ARR,2025-08-21 20:27:37
AAUC,2025-08-21 20:27:37
ITW,2025-08-21 20:27:37
CCI,2025-08-21 20:27:37
BODI,2025-08-21 20:27:37
BALL,2025-08-21 20:27:37
COMM,2025-08-21 20:27:37
SE,2025-08-21 20:27:37
XIFR,2025-08-21 20:27:37
FIG,2025-08-21 20:27:37
EAF,2025-08-21 20:27:37
WEAV,2025-08-21 20:27:37
WWW,2025-08-21 20:27:37
INR,2025-08-21 20:27:37
TRGP,2025-08-21 20:27:37
ATYR,2025-08-21 20:27:37
AIZ,2025-08-21 20:27:37
DEVS,2025-08-21 20:27:37
EMBC,2025-08-21 20:27:37
YSG,2025-08-21 20:27:37
CATO,2025-08-21 20:27:37
BORR,2025-08-21 20:27:37
PINS,2025-08-21 20:27:37
ATH-PB,2025-08-21 20:27:37
IHG,2025-08-21 20:27:37
CYCC,2025-08-21 20:27:37
ABM,2025-08-21 20:27:37
COF-PN,2025-08-21 20:27:37
CCCC,2025-08-21 20:27:37
VRTS,2025-08-21 20:27:37
BH-A,2025-08-21 20:27:37
GHLD,2025-08-21 20:27:37
SCL,2025-08-21 20:27:37
RSKD,2025-08-21 20:27:37
SBS,2025-08-21 20:27:37
SBSI,2025-08-21 20:27:37
KOS,2025-08-21 20:27:37
V,2025-08-21 20:27:37
RERE,2025-08-21 20:27:37
THG,2025-08-21 20:27:37
GGG,2025-08-21 20:27:37
STLA,2025-08-21 20:27:37
ENIC,2025-08-21 20:27:37
NU,2025-08-21 20:27:37
SNX,2025-08-21 20:27:37
NNI,2025-08-21 20:27:37
LTH,2025-08-21 20:27:37
NX,2025-08-21 20:27:37
LXU,2025-08-21 20:27:37
ACRE,2025-08-21 20:27:37
KRG,2025-08-21 20:27:37
KW,2025-08-21 20:27:37
SBSW,2025-08-21 20:27:37
RCI,2025-08-21 20:27:37
EXR,2025-08-21 20:27:37
SYF,2025-08-21 20:27:37
MGA,2025-08-21 20:27:37
MDGL,2025-08-21 20:27:37
MEI,2025-08-21 20:27:37
SR,2025-08-21 20:27:37
BRX,2025-08-21 20:27:37
MBX,2025-08-21 20:27:37
TWI,2025-08-21 20:27:37
GPC,2025-08-21 20:27:37
CNR,2025-08-21 20:27:37
BBDO,2025-08-21 20:27:37
CNQ,2025-08-21 20:27:37
VG,2025-08-21 20:27:37
CULP,2025-08-21 20:27:37
IVT,2025-08-21 20:27:37
AAON,2025-08-21 20:27:37
AGRO,2025-08-21 20:27:37
TROX,2025-08-21 20:27:37
VRT,2025-08-21 20:27:37
LZ,2025-08-21 20:27:37
LARK,2025-08-21 20:27:37
UZD,2025-08-21 20:27:37
EVC,2025-08-21 20:27:37
ANF,2025-08-21 20:27:37
TFIN,2025-08-21 20:27:37
GAM,2025-08-21 20:27:37
AP,2025-08-21 20:27:37
GRBK,2025-08-21 20:27:37
LAZ,2025-08-21 20:27:37
SYK,2025-08-21 20:27:37
OGN,2025-08-21 20:27:37
TEVA,2025-08-21 20:27:37
LMT,2025-08-21 20:27:37
KMT,2025-08-21 20:27:37
DLB,2025-08-21 20:27:37
LB,2025-08-21 20:27:37
IRBT,2025-08-21 20:27:37
LOMA,2025-08-21 20:27:37
HZO,2025-08-21 20:27:37
USB-PQ,2025-08-21 20:27:37
WBX,2025-08-21 20:27:37
TRC,2025-08-21 20:27:37
KEN,2025-08-21 20:27:37
EQH-PA,2025-08-21 20:27:37
REXR,2025-08-21 20:27:37
SII,2025-08-21 20:27:37
BBU,2025-08-21 20:27:37
SCI,2025-08-21 20:27:37
TNK,2025-08-21 20:27:37
TKC,2025-08-21 20:27:37
AKO-B,2025-08-21 20:27:37
EFX,2025-08-21 20:27:37
ELP,2025-08-21 20:27:37
NOTE,2025-08-21 20:27:37
BBAI,2025-08-21 20:27:37
JBS,2025-08-21 20:27:37
USB-PR,2025-08-21 20:27:37
ADM,2025-08-21 20:27:37
ICE,2025-08-21 20:27:37
UA,2025-08-21 20:27:37
JPM-PM,2025-08-21 20:27:37
CNS,2025-08-21 20:27:37
CUK,2025-08-21 20:27:37
UFI,2025-08-21 20:27:37
MLM,2025-08-21 20:27:37
SEI,2025-08-21 20:27:37
R,2025-08-21 20:27:37
SLB,2025-08-21 20:27:37
RLX,2025-08-21 20:27:37
T-PA,2025-08-21 20:27:37
MAS,2025-08-21 20:27:37
RAMP,2025-08-21 20:27:37
GETY,2025-08-21 20:27:37
ARES,2025-08-21 20:27:37
AXR,2025-08-21 20:27:37
CRUS,2025-08-21 20:27:37
CPT,2025-08-21 20:27:37
SPIR,2025-08-21 20:27:37
ARGX,2025-08-21 20:27:37
USAC,2025-08-21 20:27:37
DAN,2025-08-21 20:27:37
FGN,2025-08-21 20:27:37
WMT,2025-08-21 20:27:37
REZI,2025-08-21 20:27:37
ZWS,2025-08-21 20:27:37
JAMF,2025-08-21 20:27:37
UVE,2025-08-21 20:27:37
MDXH,2025-08-21 20:27:37
JPM-PC,2025-08-21 20:27:37
SFB,2025-08-21 20:27:37
CBUS,2025-08-21 20:27:37
CLVT,2025-08-21 20:27:37
ASIX,2025-08-21 20:27:37
UTL,2025-08-21 20:27:37
ATUS,2025-08-21 20:27:37
DRH,2025-08-21 20:27:37
BARK,2025-08-21 20:27:37
EXP,2025-08-21 20:27:37
ACHR,2025-08-21 20:27:37
AMBP,2025-08-21 20:27:37
COLD,2025-08-21 20:27:37
ALLE,2025-08-21 20:27:37
TAK,2025-08-21 20:27:37
NPWR,2025-08-21 20:27:37
BAC-PB,2025-08-21 20:27:37
ECC,2025-08-21 20:27:37
FAF,2025-08-21 20:27:37
BVN,2025-08-21 20:27:37
EMN,2025-08-21 20:27:37
VALE,2025-08-21 20:27:37
AMBQ,2025-08-21 20:27:37
APTV,2025-08-21 20:27:37
BAC-PM,2025-08-21 20:27:37
VHI,2025-08-21 20:27:37
VICI,2025-08-21 20:27:37
ACCO,2025-08-21 20:27:37
CVNA,2025-08-21 20:27:37
UZE,2025-08-21 20:27:37
KFS,2025-08-21 20:27:37
BAC-PK,2025-08-21 20:27:37
XPER,2025-08-21 20:27:37
PFLT,2025-08-21 20:27:37
ABG,2025-08-21 20:27:37
KKRS,2025-08-21 20:27:37
HMY,2025-08-21 20:27:37
PRA,2025-08-21 20:27:37
AVD,2025-08-21 20:27:37
EVR,2025-08-21 20:27:37
AQN,2025-08-21 20:27:37
VOYA,2025-08-21 20:27:37
UZF,2025-08-21 20:27:37
EVTC,2025-08-21 20:27:37
NRUC,2025-08-21 20:27:37
G,2025-08-21 20:27:37
ARW,2025-08-21 20:27:37
BOX,2025-08-21 20:27:37
ABEV,2025-08-21 20:27:37
TME,2025-08-21 20:27:37
ALE,2025-08-21 20:27:37
SGU,2025-08-21 20:27:37
ESE,2025-08-21 20:27:37
BAC,2025-08-21 20:27:37
KSS,2025-08-21 20:27:37
KRP,2025-08-21 20:27:37
JLL,2025-08-21 20:27:37
UL,2025-08-21 20:27:37
VTEX,2025-08-21 20:27:37
BMY,2025-08-21 20:27:37
TRN,2025-08-21 20:27:37
ACR,2025-08-21 20:27:37
LMFA,2025-08-21 20:27:37
BIPH,2025-08-21 20:27:37
AVB,2025-08-21 20:27:37
BHC,2025-08-21 20:27:37
BTMD,2025-08-21 20:27:37
AMG,2025-08-21 20:27:37
CLX,2025-08-21 20:27:37
ASAN,2025-08-21 20:27:37
KEYS,2025-08-21 20:27:37
CAT,2025-08-21 20:27:37
PRO,2025-08-21 20:27:37
VOYA-PB,2025-08-21 20:27:37
AEM,2025-08-21 20:27:37
CLB,2025-08-21 20:27:37
SKY,2025-08-21 20:27:37
TDG,2025-08-21 20:27:37
STM,2025-08-21 20:27:37
TDOC,2025-08-21 20:27:37
DDL,2025-08-21 20:27:37
CHCT,2025-08-21 20:27:37
SCCO,2025-08-21 20:27:37
CHD,2025-08-21 20:27:37
ATS,2025-08-21 20:27:37
GIB,2025-08-21 20:27:37
PD,2025-08-21 20:27:37
SCHW,2025-08-21 20:27:37
QTWO,2025-08-21 20:27:37
POR,2025-08-21 20:27:37
SPRU,2025-08-21 20:27:37
VIST,2025-08-21 20:27:37
GEL,2025-08-21 20:27:37
KELYA,2025-08-21 20:27:37
MB,2025-08-21 20:27:37
BWMX,2025-08-21 20:27:37
EGP,2025-08-21 20:27:37
ARTL,2025-08-21 20:27:37
IVR,2025-08-21 20:27:37
EE,2025-08-21 20:27:37
RM,2025-08-21 20:27:37
BNS,2025-08-21 20:27:37
JPM-PJ,2025-08-21 20:27:37
TSN,2025-08-21 20:27:37
VVX,2025-08-21 20:27:37
WTRG,2025-08-21 20:27:37
TALO,2025-08-21 20:27:37
PRIM,2025-08-21 20:27:37
MCY,2025-08-21 20:27:37
TGS,2025-08-21 20:27:37
PEG,2025-08-21 20:27:37
BWMN,2025-08-21 20:27:37
WOLF,2025-08-21 20:27:37
DOCS,2025-08-21 20:27:37
SMRT,2025-08-21 20:27:37
PAM,2025-08-21 20:27:37
MET-PE,2025-08-21 20:27:37
ATH-PE,2025-08-21 20:27:37
DBRG,2025-08-21 20:27:37
BWA,2025-08-21 20:27:37
TYL,2025-08-21 20:27:37
KBDC,2025-08-21 20:27:37
SU,2025-08-21 20:27:37
JELD,2025-08-21 20:27:37
BC-PC,2025-08-21 20:27:37
OTF,2025-08-21 20:27:37
BY,2025-08-21 20:27:37
AFRI,2025-08-21 20:27:37
BCAL,2025-08-21 20:27:37
BC,2025-08-21 20:27:37
CABO,2025-08-21 20:27:37
WBS,2025-08-21 20:27:37
DD,2025-08-21 20:27:37
ALL-PH,2025-08-21 20:27:37
PRLB,2025-08-21 20:27:37
CPNG,2025-08-21 20:27:37
HSHP,2025-08-21 20:27:37
CBT,2025-08-21 20:27:37
IBTA,2025-08-21 20:27:37
LFCR,2025-08-21 20:27:37
TXT,2025-08-21 20:27:37
IMNM,2025-08-21 20:27:37
FPH,2025-08-21 20:27:37
MT,2025-08-21 20:27:37
RXO,2025-08-21 20:27:37
AGI,2025-08-21 20:27:37
CLF,2025-08-21 20:27:37
GFR,2025-08-21 20:27:37
CPF,2025-08-21 20:27:37
ALC,2025-08-21 20:27:37
ETD,2025-08-21 20:27:37
SO,2025-08-21 20:27:37
YPF,2025-08-21 20:27:37
SNOW,2025-08-21 20:27:37
TSQ,2025-08-21 20:27:37
DE,2025-08-21 20:27:37
MAT,2025-08-21 20:27:37
MAIN,2025-08-21 20:27:37
MAPS,2025-08-21 20:27:37
EAT,2025-08-21 20:27:37
K,2025-08-21 20:27:37
TJX,2025-08-21 20:27:37
NSP,2025-08-21 20:27:37
UNMA,2025-08-21 20:27:37
DT,2025-08-21 20:27:37
KORE,2025-08-21 20:27:37
HQL,2025-08-21 20:27:37
VTS,2025-08-21 20:27:37
ALX,2025-08-21 20:27:37
GFI,2025-08-21 20:27:37
IFF,2025-08-21 20:27:37
KMX,2025-08-21 20:27:37
FITB,2025-08-21 20:27:37
WOR,2025-08-21 20:27:37
APAM,2025-08-21 20:27:37
MET-PF,2025-08-21 20:27:37
ZK,2025-08-21 20:27:37
AHL-PE,2025-08-21 20:27:37
WRB,2025-08-21 20:27:37
AGX,2025-08-21 20:27:37
ATH-PA,2025-08-21 20:27:37
VSTS,2025-08-21 20:27:37
MNTN,2025-08-21 20:27:37
MLI,2025-08-21 20:27:37
IDA,2025-08-21 20:27:37
CNO,2025-08-21 20:27:37
AZZ,2025-08-21 20:27:37
PSA-PR,2025-08-21 20:27:37
ARL,2025-08-21 20:27:37
CDRE,2025-08-21 20:27:37
DELL,2025-08-21 20:27:37
CPS,2025-08-21 20:27:37
FHN,2025-08-21 20:27:37
RZC,2025-08-21 20:27:37
ESTC,2025-08-21 20:27:37
CLPR,2025-08-21 20:27:37
PM,2025-08-21 20:27:37
CCL,2025-08-21 20:27:37
PH,2025-08-21 20:27:37
PLNT,2025-08-21 20:27:37
CAPL,2025-08-21 20:27:37
DFIN,2025-08-21 20:27:37
GXO,2025-08-21 20:27:37
RC,2025-08-21 20:27:37
ATOM,2025-08-21 20:27:37
BRBR,2025-08-21 20:27:37
RYAM,2025-08-21 20:27:37
DVA,2025-08-21 20:27:37
BJ,2025-08-21 20:27:37
EFXT,2025-08-21 20:27:37
PNR,2025-08-21 20:27:37
CNK,2025-08-21 20:27:37
CNC,2025-08-21 20:27:37
HXL,2025-08-21 20:27:37
STE,2025-08-21 20:27:37
FERG,2025-08-21 20:27:37
PSA-PJ,2025-08-21 20:27:37
BIPJ,2025-08-21 20:27:37
DKS,2025-08-21 20:27:37
DLR-PJ,2025-08-21 20:27:37
TOST,2025-08-21 20:27:37
CNI,2025-08-21 20:27:37
HLN,2025-08-21 20:27:37
CRCL,2025-08-21 20:27:37
EQT,2025-08-21 20:27:37
SAN,2025-08-21 20:27:37
RNR-PG,2025-08-21 20:27:37
SGI,2025-08-21 20:27:37
EBF,2025-08-21 20:27:37
LION,2025-08-21 20:27:37
UGP,2025-08-21 20:27:37
PSA-PN,2025-08-21 20:27:37
DOW,2025-08-21 20:27:37
BMA,2025-08-21 20:27:37
XHR,2025-08-21 20:27:37
BTX,2025-08-21 20:27:37
SEMR,2025-08-21 20:27:37
VEEV,2025-08-21 20:27:37
ENLT,2025-08-21 20:27:37
ELS,2025-08-21 20:27:37
ZIM,2025-08-21 20:27:37
RELX,2025-08-21 20:27:37
FMS,2025-08-21 20:27:37
BEP,2025-08-21 20:27:37
OKLO,2025-08-21 20:27:37
SAND,2025-08-21 20:27:37
TGE,2025-08-21 20:27:37
SUN,2025-08-21 20:27:37
MTB-PJ,2025-08-21 20:27:37
ROK,2025-08-21 20:27:37
PWR,2025-08-21 20:27:37
PLD,2025-08-21 20:27:37
PSBD,2025-08-21 20:27:37
CCS,2025-08-21 20:27:37
RY,2025-08-21 20:27:37
TRV,2025-08-21 20:27:37
RCL,2025-08-21 20:27:37
F,2025-08-21 20:27:37
SAZ,2025-08-21 20:27:37
TEF,2025-08-21 20:27:37
RBLX,2025-08-21 20:27:37
CXW,2025-08-21 20:27:37
SB,2025-08-21 20:27:37
NMG,2025-08-21 20:27:37
ECVT,2025-08-21 20:27:37
JBGS,2025-08-21 20:27:37
RGA,2025-08-21 20:27:37
RCUS,2025-08-21 20:27:37
UCB,2025-08-21 20:27:37
S,2025-08-21 20:27:37
DG,2025-08-21 20:27:37
EPC,2025-08-21 20:27:37
ASX,2025-08-21 20:27:37
RITM-PC,2025-08-21 20:27:37
PHG,2025-08-21 20:27:37
RNR,2025-08-21 20:27:37
DOUG,2025-08-21 20:27:37
RKT,2025-08-21 20:27:37
SCM,2025-08-21 20:27:37
TDY,2025-08-21 20:27:37
ZTO,2025-08-21 20:27:37
LYB,2025-08-21 20:27:37
SMHI,2025-08-21 20:27:37
MLR,2025-08-21 20:27:37
WRBY,2025-08-21 20:27:37
CTO,2025-08-21 20:27:37
MGRD,2025-08-21 20:27:37
LZB,2025-08-21 20:27:37
USB-PH,2025-08-21 20:27:37
AORT,2025-08-21 20:27:37
HUYA,2025-08-21 20:27:37
CHH,2025-08-21 20:27:37
ALSN,2025-08-21 20:27:37
AU,2025-08-21 20:27:37
MCO,2025-08-21 20:27:37
SOJC,2025-08-21 20:27:37
RBRK,2025-08-21 20:27:37
XPOF,2025-08-21 20:27:37
BIOA,2025-08-21 20:27:37
MFA,2025-08-21 20:27:37
MSIF,2025-08-21 20:27:37
GCI,2025-08-21 20:27:37
YEXT,2025-08-21 20:27:37
MPLX,2025-08-21 20:27:37
AFL,2025-08-21 20:27:37
GPJA,2025-08-21 20:27:37
KOP,2025-08-21 20:27:37
TPL,2025-08-21 20:27:37
BAK,2025-08-21 20:27:37
UHAL,2025-08-21 20:27:37
MUR,2025-08-21 20:27:37
MAA,2025-08-21 20:27:37
RMAX,2025-08-21 20:27:37
NXC,2025-08-21 20:27:37
GL-PD,2025-08-21 20:27:37
IRTC,2025-08-21 20:27:37
AMWL,2025-08-21 20:27:37
CWK,2025-08-21 20:27:37
EXK,2025-08-21 20:27:37
AHT,2025-08-21 20:27:37
GLP,2025-08-21 20:27:37
GO,2025-08-21 20:27:37
TE,2025-08-21 20:27:37
HCA,2025-08-21 20:27:37
ARI,2025-08-21 20:27:37
ACDC,2025-08-21 20:27:37
CGAU,2025-08-21 20:27:37
TMO,2025-08-21 20:27:37
GOLF,2025-08-21 20:27:37
GTY,2025-08-21 20:27:37
HY,2025-08-21 20:27:37
SHAK,2025-08-21 20:27:37
HAYW,2025-08-21 20:27:37
ESS,2025-08-21 20:27:37
ALTG,2025-08-21 20:27:37
YMM,2025-08-21 20:27:37
WRB-PG,2025-08-21 20:27:37
SSTK,2025-08-21 20:27:37
ARE,2025-08-21 20:27:37
LDI,2025-08-21 20:27:37
JMIA,2025-08-21 20:27:37
CNTB,2025-08-21 20:27:37
IQV,2025-08-21 20:27:37
KGC,2025-08-21 20:27:37
KWR,2025-08-21 20:27:37
ALV,2025-08-21 20:27:37
CNMD,2025-08-21 20:27:37
SAFE,2025-08-21 20:27:37
JPM,2025-08-21 20:27:37
BB,2025-08-21 20:27:37
DHX,2025-08-21 20:27:37
HBB,2025-08-21 20:27:37
RAL,2025-08-21 20:27:37
KMI,2025-08-21 20:27:37
DUKB,2025-08-21 20:27:37
CNM,2025-08-21 20:27:37
HII,2025-08-21 20:27:37
ARKR,2025-08-21 20:27:37
ACA,2025-08-21 20:27:37
HI,2025-08-21 20:27:37
HUBG,2025-08-21 20:27:37
MBI,2025-08-21 20:27:37
ADC,2025-08-21 20:27:37
HUN,2025-08-21 20:27:37
MSGE,2025-08-21 20:27:37
AI,2025-08-21 20:27:37
CMDB,2025-08-21 20:27:37
KVUE,2025-08-21 20:27:37
MPV,2025-08-21 20:27:37
BRSL,2025-08-21 20:27:37
AZO,2025-08-21 20:27:37
INSP,2025-08-21 20:27:37
BG,2025-08-21 20:27:37
KLC,2025-08-21 20:27:37
KFRC,2025-08-21 20:27:37
BFH,2025-08-21 20:27:37
KMPR,2025-08-21 20:27:37
NI,2025-08-21 20:27:37
GAP,2025-08-21 20:27:37
FUN,2025-08-21 20:27:37
FITBO,2025-08-21 20:27:37
AAMI,2025-08-21 20:27:37
AXTA,2025-08-21 20:27:37
JBTM,2025-08-21 20:27:37
MCD,2025-08-21 20:27:37
ORI,2025-08-21 20:27:37
GMRE,2025-08-21 20:27:37
COF-PI,2025-08-21 20:27:37
PAYC,2025-08-21 20:27:37
OII,2025-08-21 20:27:37
AWR,2025-08-21 20:27:37
WGO,2025-08-21 20:27:37
TRAK,2025-08-21 20:27:37
KREF,2025-08-21 20:27:37
PHI,2025-08-21 20:27:37
URI,2025-08-21 20:27:37
FBIN,2025-08-21 20:27:37
RPT,2025-08-21 20:27:37
FRT,2025-08-21 20:27:37
LIDR,2025-08-21 20:27:37
ASC,2025-08-21 20:27:37
MCK,2025-08-21 20:27:37
AMH,2025-08-21 20:27:37
VPG,2025-08-21 20:27:37
MKC,2025-08-21 20:27:37
BSBR,2025-08-21 20:27:37
AZ,2025-08-21 20:27:37
CXT,2025-08-21 20:27:37
FIHL,2025-08-21 20:27:37
ZBH,2025-08-21 20:27:37
FI,2025-08-21 20:27:37
WLKP,2025-08-21 20:27:37
GGB,2025-08-21 20:27:37
AUNA,2025-08-21 20:27:37
MS-PK,2025-08-21 20:27:37
MS-PL,2025-08-21 20:27:37
LEN-B,2025-08-21 20:27:37
ORC,2025-08-21 20:27:37
CXDO,2025-08-21 20:27:37
MLP,2025-08-21 20:27:37
CNX,2025-08-21 20:27:37
ORA,2025-08-21 20:27:37
SLF,2025-08-21 20:27:37
AVGO,2025-08-21 20:27:37
FLO,2025-08-21 20:27:37
BEPC,2025-08-21 20:27:37
VLO,2025-08-21 20:27:37
AOS,2025-08-21 20:27:37
ABT,2025-08-21 20:27:37
HOND,2025-08-21 20:27:37
BHR,2025-08-21 20:27:37
WFC,2025-08-21 20:27:37
HOMB,2025-08-21 20:27:37
AVNS,2025-08-21 20:27:37
IAG,2025-08-21 20:27:37
NXDR,2025-08-21 20:27:37
JBL,2025-08-21 20:27:37
MMC,2025-08-21 20:27:37
SOBO,2025-08-21 20:27:37
GPMT,2025-08-21 20:27:37
JSPR,2025-08-21 20:27:37
SGHC,2025-08-21 20:27:37
TRTN-PE,2025-08-21 20:27:37
DOC,2025-08-21 20:27:37
MOH,2025-08-21 20:27:37
LNG,2025-08-21 20:27:37
ANAB,2025-08-21 20:27:37
CTVA,2025-08-21 20:27:37
PSTL,2025-08-21 20:27:37
WAT,2025-08-21 20:27:37
HP,2025-08-21 20:27:37
AMRZ,2025-08-21 20:27:37
BLND,2025-08-21 20:27:37
CPAY,2025-08-21 20:27:37
F-PC,2025-08-21 20:27:37
HOUS,2025-08-21 20:27:37
CAL,2025-08-21 20:27:37
INTC,2025-08-21 20:27:37
GBCI,2025-08-21 20:27:37
AFGB,2025-08-21 20:27:37
CAG,2025-08-21 20:27:37
CSTM,2025-08-21 20:27:37
FG,2025-08-21 20:27:37
FDBC,2025-08-21 20:27:37
PERF,2025-08-21 20:27:37
AMR,2025-08-21 20:27:37
LUCK,2025-08-21 20:27:37
RFL,2025-08-21 20:27:37
HTOO,2025-08-21 20:27:37
PSQH,2025-08-21 20:27:37
ANVS,2025-08-21 20:27:37
VNO,2025-08-21 20:27:37
BP,2025-08-21 20:27:37
LNW,2025-08-21 20:27:37
PINE,2025-08-21 20:27:37
O,2025-08-21 20:27:37
MPC,2025-08-21 20:27:37
DTB,2025-08-21 20:27:37
B,2025-08-21 20:27:37
AUB,2025-08-21 20:27:37
COSO,2025-08-21 20:27:37
DUK-PA,2025-08-21 20:27:37
AMSC,2025-08-21 20:27:37
TM,2025-08-21 20:27:37
HON,2025-08-21 20:27:37
WOW,2025-08-21 20:27:37
LEA,2025-08-21 20:27:37
EICB,2025-08-21 20:27:37
CPSH,2025-08-21 20:27:37
MED,2025-08-21 20:27:37
FTS,2025-08-21 20:27:37
NOAH,2025-08-21 20:27:37
CTDD,2025-08-21 20:27:37
TK,2025-08-21 20:27:37
BURL,2025-08-21 20:27:37
MDV,2025-08-21 20:27:37
CCRD,2025-08-21 20:27:37
BIPC,2025-08-21 20:27:37
BANC,2025-08-21 20:27:37
AMTB,2025-08-21 20:27:37
BKSY,2025-08-21 20:27:37
JHX,2025-08-21 20:27:37
HCI,2025-08-21 20:27:37
CWEN,2025-08-21 20:27:37
TXO,2025-08-21 20:27:37
CION,2025-08-21 20:27:37
JILL,2025-08-21 20:27:37
CGNX,2025-08-21 20:27:37
TPC,2025-08-21 20:27:37
BYON,2025-08-21 20:27:37
BALY,2025-08-21 20:27:37
UTZ,2025-08-21 20:27:37
UTI,2025-08-21 20:27:37
CIEN,2025-08-21 20:27:37
JXN-PA,2025-08-21 20:27:37
BILL,2025-08-21 20:27:37
MAX,2025-08-21 20:27:37
UWMC,2025-08-21 20:27:37
GEF-B,2025-08-21 20:27:37
CIO,2025-08-21 20:27:37
KEY-PK,2025-08-21 20:27:37
CDNA,2025-08-21 20:27:37
AKR,2025-08-21 20:27:37
MRK,2025-08-21 20:27:37
ASR,2025-08-21 20:27:37
SRL,2025-08-21 20:27:37
EW,2025-08-21 20:27:37
MLNK,2025-08-21 20:27:37
NOA,2025-08-21 20:27:37
ALRM,2025-08-21 20:27:37
BAM,2025-08-21 20:27:37
AMPX,2025-08-21 20:27:37
ZGN,2025-08-21 20:27:37
ONL,2025-08-21 20:27:37
TEN,2025-08-21 20:27:37
BHE,2025-08-21 20:27:37
PAY,2025-08-21 20:27:37
PSFE,2025-08-21 20:27:37
CTOS,2025-08-21 20:27:37
MOS,2025-08-21 20:27:37
CRL,2025-08-21 20:27:37
HE,2025-08-21 20:27:37
SKIL,2025-08-21 20:27:37
BTE,2025-08-21 20:27:37
MS-PI,2025-08-21 20:27:37
PRSU,2025-08-21 20:27:37
ADT,2025-08-21 20:27:37
REVG,2025-08-21 20:27:37
USNA,2025-08-21 20:27:37
BABA,2025-08-21 20:27:37
MMM,2025-08-21 20:27:37
TXNM,2025-08-21 20:27:37
KAR,2025-08-21 20:27:37
PSX,2025-08-21 20:27:37
ECG,2025-08-21 20:27:37
PCOR,2025-08-21 20:27:37
HLT,2025-08-21 20:27:37
TSE,2025-08-21 20:27:37
BNL,2025-08-21 20:27:37
CBZ,2025-08-21 20:27:37
HBM,2025-08-21 20:27:37
OIS,2025-08-21 20:27:37
HIG-PG,2025-08-21 20:27:37
SKYH,2025-08-21 20:27:37
RPM,2025-08-21 20:27:37
BAC-PQ,2025-08-21 20:27:37
UMC,2025-08-21 20:27:37
CRK,2025-08-21 20:27:37
MS-PO,2025-08-21 20:27:37
HIT,2025-08-21 20:27:37
NJR,2025-08-21 20:27:37
LRN,2025-08-21 20:27:37
OXY,2025-08-21 20:27:37
DTW,2025-08-21 20:27:37
DNOW,2025-08-21 20:27:37
JBI,2025-08-21 20:27:37
AS,2025-08-21 20:27:37
WES,2025-08-21 20:27:37
CCK,2025-08-21 20:27:37
WFG,2025-08-21 20:27:37
ZVIA,2025-08-21 20:27:37
UNM,2025-08-21 20:27:37
STAG,2025-08-21 20:27:37
NEE-PN,2025-08-21 20:27:37
RNR-PF,2025-08-21 20:27:37
COR,2025-08-21 20:27:37
RVLV,2025-08-21 20:27:37
EDU,2025-08-21 20:27:37
MGRB,2025-08-21 20:27:37
WBS-PG,2025-08-21 20:27:37
EPR-PG,2025-08-21 20:27:37
XYF,2025-08-21 20:27:37
VTR,2025-08-21 20:27:37
CSAN,2025-08-21 20:27:37
AFGE,2025-08-21 20:27:37
SIG,2025-08-21 20:27:37
TDW,2025-08-21 20:27:37
NOG,2025-08-21 20:27:37
TIMB,2025-08-21 20:27:37
ECO,2025-08-21 20:27:37
AIG,2025-08-21 20:27:37
NXP,2025-08-21 20:27:37
IBN,2025-08-21 20:27:37
VIV,2025-08-21 20:27:37
SID,2025-08-21 20:27:37
SPCE,2025-08-21 20:27:37
ATGE,2025-08-21 20:27:37
GSL,2025-08-21 20:27:37
ASBA,2025-08-21 20:27:37
WIT,2025-08-21 20:27:37
KNF,2025-08-21 20:27:37
SPOT,2025-08-21 20:27:37
HL,2025-08-21 20:27:37
UP,2025-08-21 20:27:37
CADE,2025-08-21 20:27:37
WD,2025-08-21 20:27:37
LMND,2025-08-21 20:27:37
TPVG,2025-08-21 20:27:37
DLR,2025-08-21 20:27:37
WST,2025-08-21 20:27:37
WU,2025-08-21 20:27:37
AER,2025-08-21 20:27:37
SPHR,2025-08-21 20:27:37
T-PC,2025-08-21 20:27:37
MUSA,2025-08-21 20:27:37
FCNCP,2025-08-21 20:27:37
AYI,2025-08-21 20:27:37
WMS,2025-08-21 20:27:37
BFS,2025-08-21 20:27:37
KKR,2025-08-21 20:27:37
VLN,2025-08-21 20:27:37
NC,2025-08-21 20:27:37
ENVA,2025-08-21 20:27:37
SF,2025-08-21 20:27:37
CRBG,2025-08-21 20:27:37
BOH-PA,2025-08-21 20:27:37
RTO,2025-08-21 20:27:37
VET,2025-08-21 20:27:37
GPI,2025-08-21 20:27:37
CACI,2025-08-21 20:27:37
CRC,2025-08-21 20:27:37
HNGE,2025-08-21 20:27:37
BR,2025-08-21 20:27:37
USB,2025-08-21 20:27:37
AII,2025-08-21 20:27:37
BK,2025-08-21 20:27:37
MUFG,2025-08-21 20:27:37
SVV,2025-08-21 20:27:37
NVS,2025-08-21 20:27:37
NOK,2025-08-21 20:27:37
NVGS,2025-08-21 20:27:37
DAL,2025-08-21 20:27:37
BEKE,2025-08-21 20:27:37
CBL,2025-08-21 20:27:37
APD,2025-08-21 20:27:37
UVV,2025-08-21 20:27:37
BOW,2025-08-21 20:27:37
FBK,2025-08-21 20:27:37
CMI,2025-08-21 20:27:37
INGR,2025-08-21 20:27:37
BRSP,2025-08-21 20:27:37
CFG-PH,2025-08-21 20:27:37
BOH,2025-08-21 20:27:37
COUR,2025-08-21 20:27:37
GIC,2025-08-21 20:27:37
BOOT,2025-08-21 20:27:37
ZTS,2025-08-21 20:27:37
EAI,2025-08-21 20:27:37
SOC,2025-08-21 20:27:37
GIFI,2025-08-21 20:27:37
EME,2025-08-21 20:27:37
TREX,2025-08-21 20:27:37
HESM,2025-08-21 20:27:37
GVA,2025-08-21 20:27:37
ZEPP,2025-08-21 20:27:37
DDD,2025-08-21 20:27:37
DGX,2025-08-21 20:27:37
UHS,2025-08-21 20:27:37
DOCN,2025-08-21 20:27:37
DCTH,2025-08-21 20:27:37
DLX,2025-08-21 20:27:37
SPR,2025-08-21 20:27:37
TRTN-PC,2025-08-21 20:27:37
ST,2025-08-21 20:27:37
DKL,2025-08-21 20:27:37
CLH,2025-08-21 20:27:37
EQH,2025-08-21 20:27:37
TFPM,2025-08-21 20:27:37
BA,2025-08-21 20:27:37
ORN,2025-08-21 20:27:37
GOTU,2025-08-21 20:27:37
PRM,2025-08-21 20:27:37
TNC,2025-08-21 20:27:37
GCO,2025-08-21 20:27:37
SRFM,2025-08-21 20:27:37
MD,2025-08-21 20:27:37
BW,2025-08-21 20:27:37
BTBT,2025-08-21 20:27:37
IVZ,2025-08-21 20:27:37
NCLH,2025-08-21 20:27:37
WHR,2025-08-21 20:27:37
BAH,2025-08-21 20:27:37
OMC,2025-08-21 20:27:37
GWH,2025-08-21 20:27:37
ASH,2025-08-21 20:27:37
TFII,2025-08-21 20:27:37
PBF,2025-08-21 20:27:37
UGI,2025-08-21 20:27:37
ORCL,2025-08-21 20:27:37
SMR,2025-08-21 20:27:37
GENI,2025-08-21 20:27:37
TFC-PO,2025-08-21 20:27:37
QVCC,2025-08-21 20:27:37
EPD,2025-08-21 20:27:37
FN,2025-08-21 20:27:37
SDHC,2025-08-21 20:27:37
TKR,2025-08-21 20:27:37
NTR,2025-08-21 20:27:37
FNV,2025-08-21 20:27:37
SCHW-PD,2025-08-21 20:27:37
SITE,2025-08-21 20:27:37
HEI-A,2025-08-21 20:27:37
MAN,2025-08-21 20:27:37
CI,2025-08-21 20:27:37
KYMR,2025-08-21 20:27:37
ABR,2025-08-21 20:27:37
SRI,2025-08-21 20:27:37
WNS,2025-08-21 20:27:37
SMP,2025-08-21 20:27:37
GTES,2025-08-21 20:27:37
SNAP,2025-08-21 20:27:37
SF-PC,2025-08-21 20:27:37
ODV,2025-08-21 20:27:37
TPB,2025-08-21 20:27:37
DOV,2025-08-21 20:27:37
ARRY,2025-08-21 20:27:37
SNDA,2025-08-21 20:27:37
GKOS,2025-08-21 20:27:37
ONIT,2025-08-21 20:27:37
ARLO,2025-08-21 20:27:37
ETN,2025-08-21 20:27:37
FSM,2025-08-21 20:27:37
GIS,2025-08-21 20:27:37
SUI,2025-08-21 20:27:37
DTIL,2025-08-21 20:27:37
BRCC,2025-08-21 20:27:37
ANRO,2025-08-21 20:27:37
SAP,2025-08-21 20:27:37
FR,2025-08-21 20:27:37
CHPT,2025-08-21 20:27:37
OSCR,2025-08-21 20:27:37
LZM,2025-08-21 20:27:37
WCC,2025-08-21 20:27:37
NUE,2025-08-21 20:27:37
TYG,2025-08-21 20:27:37
NVO,2025-08-21 20:27:37
SOLV,2025-08-21 20:27:37
MTB-PH,2025-08-21 20:27:37
OWL,2025-08-21 20:27:37
TAL,2025-08-21 20:27:37
GS-PD,2025-08-21 20:27:37
TR,2025-08-21 20:27:37
SLQT,2025-08-21 20:27:37
GENVR,2025-08-21 20:27:37
FOR,2025-08-21 20:27:37
WH,2025-08-21 20:27:37
ATKR,2025-08-21 20:27:37
RSG,2025-08-21 20:27:37
NWN,2025-08-21 20:27:37
GNL-PA,2025-08-21 20:27:37
FLUT,2025-08-21 20:27:37
TBI,2025-08-21 20:27:37
LPG,2025-08-21 20:27:37
ASIC,2025-08-21 20:27:37
BASE,2025-08-21 20:27:37
THO,2025-08-21 20:27:37
SDRL,2025-08-21 20:27:37
KN,2025-08-21 20:27:37
LANV,2025-08-21 20:27:37
SARO,2025-08-21 20:27:37
TNET,2025-08-21 20:27:37
TS,2025-08-21 20:27:37
THR,2025-08-21 20:27:37
FOA,2025-08-21 20:27:37
LNC,2025-08-21 20:27:37
CUBI,2025-08-21 20:27:37
MESO,2025-08-21 20:27:37
GRNT,2025-08-21 20:27:37
DX,2025-08-21 20:27:37
ES,2025-08-21 20:27:37
LFT,2025-08-21 20:27:37
CMA,2025-08-21 20:27:37
FLG,2025-08-21 20:27:37
LEO,2025-08-21 20:27:37
MRBK,2025-08-21 20:27:37
MS-PF,2025-08-21 20:27:37
FMC,2025-08-21 20:27:37
JCI,2025-08-21 20:27:37
LNC-PD,2025-08-21 20:27:37
CWEN-A,2025-08-21 20:27:37
EG,2025-08-21 20:27:37
CMCT,2025-08-21 20:27:37
GBX,2025-08-21 20:27:37
LEN,2025-08-21 20:27:37
CHGG,2025-08-21 20:27:37
CVLG,2025-08-21 20:27:37
AIV,2025-08-21 20:27:37
CHMI,2025-08-21 20:27:37
MA,2025-08-21 20:27:37
CM,2025-08-21 20:27:37
MTD,2025-08-21 20:27:37
CX,2025-08-21 20:27:37
FRPH,2025-08-21 20:27:37
PSA-PI,2025-08-21 20:27:37
CMS,2025-08-21 20:27:37
PSA-PL,2025-08-21 20:27:37
IONQ,2025-08-21 20:27:37
GEOS,2025-08-21 20:27:37
PSA-PP,2025-08-21 20:27:37
LII,2025-08-21 20:27:37
DLR-PL,2025-08-21 20:27:37
LWLG,2025-08-21 20:27:37
CCU,2025-08-21 20:27:37
MCS,2025-08-21 20:27:37
PSN,2025-08-21 20:27:37
GDOT,2025-08-21 20:27:37
MPX,2025-08-21 20:27:37
KAI,2025-08-21 20:27:37
RNG,2025-08-21 20:27:37
DAO,2025-08-21 20:27:37
CMSC,2025-08-21 20:27:37
HUBS,2025-08-21 20:27:37
RHI,2025-08-21 20:27:37
CRD-A,2025-08-21 20:27:37
RMD,2025-08-21 20:27:37
SEG,2025-08-21 20:27:37
RNGR,2025-08-21 20:27:37
KMPB,2025-08-21 20:27:37
DHI,2025-08-21 20:27:37
KBH,2025-08-21 20:27:37
PUMP,2025-08-21 20:27:37
FFWM,2025-08-21 20:27:37
IOT,2025-08-21 20:27:37
SMFG,2025-08-21 20:27:37
HIW,2025-08-21 20:27:37
RBC,2025-08-21 20:27:37
LPL,2025-08-21 20:27:37
HNI,2025-08-21 20:27:37
IPG,2025-08-21 20:27:37
EB,2025-08-21 20:27:37
LLY,2025-08-21 20:27:37
REX,2025-08-21 20:27:37
COP,2025-08-21 20:27:37
RGR,2025-08-21 20:27:37
ICL,2025-08-21 20:27:37
HRL,2025-08-21 20:27:37
RLJ,2025-08-21 20:27:37
SLG,2025-08-21 20:27:37
HSBC,2025-08-21 20:27:37
JOE,2025-08-21 20:27:37
FCF,2025-08-21 20:27:37
CMS-PC,2025-08-21 20:27:37
BTU,2025-08-21 20:27:37
CYD,2025-08-21 20:27:37
IR,2025-08-21 20:27:37
INSW,2025-08-21 20:27:37
BCH,2025-08-21 20:27:37
AON,2025-08-21 20:27:37
NPO,2025-08-21 20:27:37
NREF,2025-08-21 20:27:37
MRC,2025-08-21 20:27:37
PR,2025-08-21 20:27:37
NEM,2025-08-21 20:27:37
MUX,2025-08-21 20:27:37
PPL,2025-08-21 20:27:37
PSA-PH,2025-08-21 20:27:37
NRG,2025-08-21 20:27:37
PAG,2025-08-21 20:27:37
MTUS,2025-08-21 20:27:37
PRU,2025-08-21 20:27:37
PAR,2025-08-21 20:27:37
NLOP,2025-08-21 20:27:37
NXE,2025-08-21 20:27:37
MSGS,2025-08-21 20:27:37
MCB,2025-08-21 20:27:37
LUMN,2025-08-21 20:27:37
AES,2025-08-21 20:27:37
SNV,2025-08-21 20:27:37
TNL,2025-08-21 20:27:37
LPRO,2025-08-21 20:27:37
ASGN,2025-08-21 20:27:37
FRBA,2025-08-21 20:27:37
WAB,2025-08-21 20:27:37
VTOL,2025-08-21 20:27:37
TX,2025-08-21 20:27:37
CMTG,2025-08-21 20:27:37
KRMN,2025-08-21 20:27:37
PRG,2025-08-21 20:27:37
DVN,2025-08-21 20:27:37
SAM,2025-08-21 20:27:37
WSM,2025-08-21 20:27:37
MSA,2025-08-21 20:27:37
CTRA,2025-08-21 20:27:37
OWLT,2025-08-21 20:27:37
ITGR,2025-08-21 20:27:37
BZH,2025-08-21 20:27:37
PX,2025-08-21 20:27:37
GPOR,2025-08-21 20:27:37
SUZ,2025-08-21 20:27:37
BF-B,2025-08-21 20:27:37
DTG,2025-08-21 20:27:37
TIC,2025-08-21 20:27:37
MOD,2025-08-21 20:27:37
CWH,2025-08-21 20:27:37
CTRI,2025-08-21 20:27:37
IXHL,2025-08-21 20:27:37
XPEV,2025-08-21 20:27:37
HRI,2025-08-21 20:27:37
GBLI,2025-08-21 20:27:37
EBS,2025-08-21 20:27:37
PAGS,2025-08-21 20:27:37
PACK,2025-08-21 20:27:37
KTB,2025-08-21 20:27:37
GATX,2025-08-21 20:27:37
NATL,2025-08-21 20:27:37
PFSI,2025-08-21 20:27:37
CNA,2025-08-21 20:27:37
CBU,2025-08-21 20:27:37
VYX,2025-08-21 20:27:37
SD,2025-08-21 20:27:37
PBR,2025-08-21 20:27:37
ELV,2025-08-21 20:27:37
OMF,2025-08-21 20:27:37
ARIS,2025-08-21 20:27:37
AGL,2025-08-21 20:27:37
SEE,2025-08-21 20:27:37
NMR,2025-08-21 20:27:37
FMBH,2025-08-21 20:27:37
BIRK,2025-08-21 20:27:37
CSTL,2025-08-21 20:27:37
BDN,2025-08-21 20:27:37
RTX,2025-08-21 20:27:37
SUPV,2025-08-21 20:27:37
BAC-PS,2025-08-21 20:27:37
DNA,2025-08-21 20:27:37
EHAB,2025-08-21 20:27:37
FA,2025-08-21 20:27:37
ITRM,2025-08-21 20:27:37
CIB,2025-08-21 20:27:37
HUM,2025-08-21 20:27:37
TEX,2025-08-21 20:27:37
BEPI,2025-08-21 20:27:37
OUT,2025-08-21 20:27:37
CRMD,2025-08-21 20:27:37
D,2025-08-21 20:27:37
BNJ,2025-08-21 20:27:37
ACEL,2025-08-21 20:27:37
SILA,2025-08-21 20:27:37
A,2025-08-21 20:27:37
OHI,2025-08-21 20:27:37
BLX,2025-08-21 20:27:37
ENB,2025-08-21 20:27:37
ASPN,2025-08-21 20:27:37
NABL,2025-08-21 20:27:37
COOK,2025-08-21 20:27:37
DCO,2025-08-21 20:27:37
EMP,2025-08-21 20:27:37
BML-PG,2025-08-21 20:27:37
NEXA,2025-08-21 20:27:37
CIA,2025-08-21 20:27:37
CWT,2025-08-21 20:27:37
TD,2025-08-21 20:27:37
IHS,2025-08-21 20:27:37
NL,2025-08-21 20:27:37
HTH,2025-08-21 20:27:37
CARR,2025-08-21 20:27:37
GFL,2025-08-21 20:27:37
GME,2025-08-21 20:27:37
CDLR,2025-08-21 20:27:37
RLI,2025-08-21 20:27:37
JEM,2025-08-21 20:27:37
WAL-PA,2025-08-21 20:27:37
AACT,2025-08-21 20:27:37
RF,2025-08-21 20:27:37
ABBV,2025-08-21 20:27:37
DIN,2025-08-21 20:27:37
SJM,2025-08-21 20:27:37
U,2025-08-21 20:27:37
HCC,2025-08-21 20:27:37
DAY,2025-08-21 20:27:37
CQP,2025-08-21 20:27:37
HOV,2025-08-21 20:27:37
OFG,2025-08-21 20:27:37
VSCO,2025-08-21 20:27:37
GLOB,2025-08-21 20:27:37
RDY,2025-08-21 20:27:37
CW,2025-08-21 20:27:37
MNSO,2025-08-21 20:27:37
DUK,2025-08-21 20:27:37
IH,2025-08-21 20:27:37
CURB,2025-08-21 20:27:37
PKST,2025-08-21 20:27:37
AEFC,2025-08-21 20:27:37
GDDY,2025-08-21 20:27:37
APH,2025-08-21 20:27:37
FICO,2025-08-21 20:27:37
VFC,2025-08-21 20:27:37
CANG,2025-08-21 20:27:37
TGT,2025-08-21 20:27:37
STC,2025-08-21 20:27:37
NPK,2025-08-21 20:27:37
FND,2025-08-21 20:27:37
MDT,2025-08-21 20:27:37
COF,2025-08-21 20:27:37
MOG-A,2025-08-21 20:27:37
WMK,2025-08-21 20:27:37
MMSI,2025-08-21 20:27:37
TTC,2025-08-21 20:27:37
BV,2025-08-21 20:27:37
SXT,2025-08-21 20:27:37
PNC,2025-08-21 20:27:37
WTS,2025-08-21 20:27:37
SMWB,2025-08-21 20:27:37
HCM,2025-08-21 20:27:37
FUTU,2025-08-21 20:27:37
RDDT,2025-08-21 20:27:37
PPG,2025-08-21 20:27:37
APM,2025-08-21 20:27:37
THC,2025-08-21 20:27:37
SLG-PI,2025-08-21 20:27:37
EC,2025-08-21 20:27:37
EQH-PC,2025-08-21 20:27:37
TKO,2025-08-21 20:27:37
GTLS,2025-08-21 20:27:37
HLF,2025-08-21 20:27:37
MITT,2025-08-21 20:27:37
GNTY,2025-08-21 20:27:37
KODK,2025-08-21 20:27:37
BSX,2025-08-21 20:27:37
OLP,2025-08-21 20:27:37
LYG,2025-08-21 20:27:37
BOC,2025-08-21 20:27:37
HD,2025-08-21 20:27:37
CUZ,2025-08-21 20:27:37
YRD,2025-08-21 20:27:37
KEY-PL,2025-08-21 20:27:37
EICC,2025-08-21 20:27:37
CIFR,2025-08-21 20:27:37
PHIN,2025-08-21 20:27:37
KFY,2025-08-21 20:27:37
CYH,2025-08-21 20:27:37
SMC,2025-08-21 20:27:37
TSM,2025-08-21 20:27:37
RCD,2025-08-21 20:27:37
ERO,2025-08-21 20:27:37
WFC-PY,2025-08-21 20:27:37
AVA,2025-08-21 20:27:37
BMI,2025-08-21 20:27:37
USB-PS,2025-08-21 20:27:37
NIO,2025-08-21 20:27:37
GHM,2025-08-21 20:27:37
PNW,2025-08-21 20:27:37
MAGN,2025-08-21 20:27:37
BKE,2025-08-21 20:27:37
HQH,2025-08-21 20:27:37
TFX,2025-08-21 20:27:37
BUR,2025-08-21 20:27:37
WF,2025-08-21 20:27:37
ELC,2025-08-21 20:27:37
GHC,2025-08-21 20:27:37
CRGY,2025-08-21 20:27:37
EQ,2025-08-21 20:27:37
CXM,2025-08-21 20:27:37
RJF,2025-08-21 20:27:37
FBP,2025-08-21 20:27:37
SI,2025-08-21 20:27:37
EEX,2025-08-21 20:27:37
WFC-PA,2025-08-21 20:27:37
SYF-PB,2025-08-21 20:27:37
KNOP,2025-08-21 20:27:37
USFD,2025-08-21 20:27:37
SRG,2025-08-21 20:27:37
INTU,2025-08-21 20:27:37
WFC-PC,2025-08-21 20:27:37
ASA,2025-08-21 20:27:37
E,2025-08-21 20:27:37
DFH,2025-08-21 20:27:37
ADC-PA,2025-08-21 20:27:37
MCHP,2025-08-21 20:27:37
TVC,2025-08-21 20:27:37
CVE,2025-08-21 20:27:37
AGO,2025-08-21 20:27:37
AEE,2025-08-21 20:27:37
AWK,2025-08-21 20:27:37
LEG,2025-08-21 20:27:37
UMH,2025-08-21 20:27:37
TAC,2025-08-21 20:27:37
SKE,2025-08-21 20:27:37
FSK,2025-08-21 20:27:37
CTBB,2025-08-21 20:27:37
KEY-PI,2025-08-21 20:27:37
TEO,2025-08-21 20:27:37
KIM-PM,2025-08-21 20:27:37
SPH,2025-08-21 20:27:37
KOF,2025-08-21 20:27:37
CGTX,2025-08-21 20:27:37
APG,2025-08-21 20:27:37
TTAM,2025-08-21 20:27:37
NE,2025-08-21 20:27:37
NGVC,2025-08-21 20:27:37
VNO-PM,2025-08-21 20:27:37
DCI,2025-08-21 20:27:37
KIM,2025-08-21 20:27:37
ELAN,2025-08-21 20:27:37
MDXG,2025-08-21 20:27:37
CC,2025-08-21 20:27:37
RDW,2025-08-21 20:27:37
RIG,2025-08-21 20:27:37
VNO-PO,2025-08-21 20:27:37
DV,2025-08-21 20:27:37
PRI,2025-08-21 20:27:37
ATMU,2025-08-21 20:27:37
TT,2025-08-21 20:27:37
CBNA,2025-08-21 20:27:37
SKX,2025-08-21 20:27:37
NEU,2025-08-21 20:27:37
SF-PD,2025-08-21 20:27:37
RF-PE,2025-08-21 20:27:37
TOL,2025-08-21 20:27:37
BBD,2025-08-21 20:27:37
UNH,2025-08-21 20:27:37
DBI,2025-08-21 20:27:37
VNT,2025-08-21 20:27:37
BRDG,2025-08-21 20:27:37
RNST,2025-08-21 20:27:37
EL,2025-08-21 20:27:37
BFLY,2025-08-21 20:27:37
EPRT,2025-08-21 20:27:37
SYY,2025-08-21 20:27:37
BTCM,2025-08-21 20:27:37
VSH,2025-08-21 20:27:37
ADBE,2025-08-21 20:27:37
CTEV,2025-08-21 20:27:37
STT-PG,2025-08-21 20:27:37
RF-PF,2025-08-21 20:27:37
UIS,2025-08-21 20:27:37
CMPX,2025-08-21 20:27:37
IDYA,2025-08-21 20:27:37
CFG-PE,2025-08-21 20:27:37
SQNS,2025-08-21 20:27:37
UBS,2025-08-21 20:27:37
BCC,2025-08-21 20:27:37
WDH,2025-08-21 20:27:37
AEG,2025-08-21 20:27:37
KRO,2025-08-21 20:27:37
CRS,2025-08-21 20:27:37
CALX,2025-08-21 20:27:37
WFC-PZ,2025-08-21 20:27:37
STVN,2025-08-21 20:27:37
KR,2025-08-21 20:27:37
ALIT,2025-08-21 20:27:37
GNW,2025-08-21 20:27:37
NOC,2025-08-21 20:27:37
WDS,2025-08-21 20:27:37
COHR,2025-08-21 20:27:37
ING,2025-08-21 20:27:37
CEPU,2025-08-21 20:27:37
BHFAO,2025-08-21 20:27:37
BHFAN,2025-08-21 20:27:37
BANC-PF,2025-08-21 20:27:37
WHD,2025-08-21 20:27:37
TU,2025-08-21 20:27:37
TTE,2025-08-21 20:27:37
CCJ,2025-08-21 20:27:37
BN,2025-08-21 20:27:37
PDS,2025-08-21 20:27:37
MTRN,2025-08-21 20:27:37
PRH,2025-08-21 20:27:37
AMTD,2025-08-21 20:27:37
BKU,2025-08-21 20:27:37
NTB,2025-08-21 20:27:37
NXN,2025-08-21 20:27:37
PGR,2025-08-21 20:27:37
AXS,2025-08-21 20:27:37
ATGL,2025-08-21 20:27:37
CP,2025-08-21 20:27:37
PIPR,2025-08-21 20:27:37
TWO,2025-08-21 20:27:37
JPM-PL,2025-08-21 20:27:37
L,2025-08-21 20:27:37
NYT,2025-08-21 20:27:37
FIGS,2025-08-21 20:27:37
SAR,2025-08-21 20:27:37
YELP,2025-08-21 20:27:37
PBR-A,2025-08-21 20:27:37
CLFD,2025-08-21 20:27:37
ZIP,2025-08-21 20:27:37
WRB-PF,2025-08-21 20:27:37
XYL,2025-08-21 20:27:37
DRD,2025-08-21 20:27:37
EMR,2025-08-21 20:27:37
OSK,2025-08-21 20:27:37
CSR,2025-08-21 20:27:37
VEL,2025-08-21 20:27:37
OI,2025-08-21 20:27:37
AGM,2025-08-21 20:27:37
OR,2025-08-21 20:27:37
JPM-PK,2025-08-21 20:27:37
WTTR,2025-08-21 20:27:37
TAP,2025-08-21 20:27:37
RACE,2025-08-21 20:27:37
MTAL,2025-08-21 20:27:37
YALA,2025-08-21 20:27:37
OTIS,2025-08-21 20:27:37
OPAD,2025-08-21 20:27:37
WCN,2025-08-21 20:27:37
ELME,2025-08-21 20:27:37
PHM,2025-08-21 20:27:37
XPO,2025-08-21 20:27:37
AMBC,2025-08-21 20:27:37
ALL-PB,2025-08-21 20:27:37
GNRC,2025-08-21 20:27:37
FDS,2025-08-21 20:27:37
ARDT,2025-08-21 20:27:37
PSA,2025-08-21 20:27:37
MODG,2025-08-21 20:27:37
CSW,2025-08-21 20:27:37
AD,2025-08-21 20:27:37
TFC-PI,2025-08-21 20:27:37
LAD,2025-08-21 20:27:37
HIMS,2025-08-21 20:27:37
TRTX,2025-08-21 20:27:37
OPFI,2025-08-21 20:27:37
SWK,2025-08-21 20:27:37
ITUB,2025-08-21 20:27:37
WPP,2025-08-21 20:27:37
TBBB,2025-08-21 20:27:37
MIAX,2025-08-21 20:27:37
AFG,2025-08-21 20:27:37
EOG,2025-08-21 20:27:37
DBD,2025-08-21 20:27:37
COTY,2025-08-21 20:27:37
EARN,2025-08-21 20:27:37
ATHM,2025-08-21 20:27:37
ITT,2025-08-21 20:27:37
BWXT,2025-08-21 20:27:37
DSX,2025-08-21 20:27:37
JPM-PD,2025-08-21 20:27:37
GPRK,2025-08-21 20:27:37
DEC,2025-08-21 20:27:37
PKG,2025-08-21 20:27:37
BBDC,2025-08-21 20:27:37
RS,2025-08-21 20:27:37
SFBS,2025-08-21 20:27:37
SCHW-PJ,2025-08-21 20:27:37
FSCO,2025-08-21 20:27:37
ATHS,2025-08-21 20:27:37
RRX,2025-08-21 20:27:37
CDT,2025-08-21 20:27:37
BHLB,2025-08-21 20:27:37
KNDI,2025-08-21 20:27:37
SXC,2025-08-21 20:27:37
TLK,2025-08-21 20:27:37
INVH,2025-08-21 20:27:37
BXMT,2025-08-21 20:27:37
AHL,2025-08-21 20:27:37
SHO,2025-08-21 20:27:37
WEX,2025-08-21 20:27:37
JKS,2025-08-21 20:27:37
FIS,2025-08-21 20:27:37
GRMN,2025-08-21 20:27:37
DNUT,2025-08-21 20:27:37
JNJ,2025-08-21 20:27:37
AHH,2025-08-21 20:27:37
BXC,2025-08-21 20:27:37
ACVA,2025-08-21 20:27:37
AHL-PD,2025-08-21 20:27:37
W,2025-08-21 20:27:37
BC-PA,2025-08-21 20:27:37
HDB,2025-08-21 20:27:37
HAL,2025-08-21 20:27:37
EPAC,2025-08-21 20:27:37
GPN,2025-08-21 20:27:37
FFAI,2025-08-21 20:27:37
SM,2025-08-21 20:27:37
UE,2025-08-21 20:27:37
GTN,2025-08-21 20:27:37
DLNG,2025-08-21 20:27:37
ET,2025-08-21 20:27:37
RDN,2025-08-21 20:27:37
UDR,2025-08-21 20:27:37
OKE,2025-08-21 20:27:37
BIP,2025-08-21 20:27:37
POST,2025-08-21 20:27:37
EVEX,2025-08-21 20:27:37
ESNT,2025-08-21 20:27:37
ZH,2025-08-21 20:27:37
FLOC,2025-08-21 20:27:37
COMP,2025-08-21 20:27:37
ZETA,2025-08-21 20:27:37
RLJ-PA,2025-08-21 20:27:37
CPRI,2025-08-21 20:27:37
MATV,2025-08-21 20:27:37
CAE,2025-08-21 20:27:37
EGBN,2025-08-21 20:27:37
FTI,2025-08-21 20:27:37
SKT,2025-08-21 20:27:37
SNA,2025-08-21 20:27:37
FNB,2025-08-21 20:27:37
PBA,2025-08-21 20:27:37
FNF,2025-08-21 20:27:37
ESI,2025-08-21 20:27:37
RHP,2025-08-21 20:27:37
CVI,2025-08-21 20:27:37
SG,2025-08-21 20:27:37
SON,2025-08-21 20:27:37
BUD,2025-08-21 20:27:37
PFGC,2025-08-21 20:27:37
PKX,2025-08-21 20:27:37
ENLV,2025-08-21 20:27:37
PL,2025-08-21 20:27:37
HEI,2025-08-21 20:27:37
PSA-PK,2025-08-21 20:27:37
DTM,2025-08-21 20:27:37
OXM,2025-08-21 20:27:37
CWAN,2025-08-21 20:27:37
SCS,2025-08-21 20:27:37
DEO,2025-08-21 20:27:37
OPY,2025-08-21 20:27:37
NBR,2025-08-21 20:27:37
PEB,2025-08-21 20:27:37
PBI-PB,2025-08-21 20:27:37
QVCD,2025-08-21 20:27:37
LNN,2025-08-21 20:27:37
CFR,2025-08-21 20:27:37
BAP,2025-08-21 20:27:37
SNN,2025-08-21 20:27:37
IIIN,2025-08-21 20:27:37
ENOV,2025-08-21 20:27:37
FIX,2025-08-21 20:27:37
CIG,2025-08-21 20:27:37
PSA-PS,2025-08-21 20:27:37
RZB,2025-08-21 20:27:37
DTCK,2025-08-21 20:27:37
TV,2025-08-21 20:27:37
QGEN,2025-08-21 20:27:37
EIG,2025-08-21 20:27:37
AVY,2025-08-21 20:27:37
VNO-PN,2025-08-21 20:27:37
SEM,2025-08-21 20:27:37
CNNE,2025-08-21 20:27:37
QBTS,2025-08-21 20:27:37
FINW,2025-08-21 20:27:37
CDP,2025-08-21 20:27:37
SNDR,2025-08-21 20:27:37
SSB,2025-08-21 20:27:37
SMBK,2025-08-21 20:27:37
CHT,2025-08-21 20:27:37
GIBO,2025-08-21 20:27:37
DOOO,2025-08-21 20:27:37
OCFT,2025-08-21 20:27:37
DTE,2025-08-21 20:27:37
OGE,2025-08-21 20:27:37
GD,2025-08-21 20:27:37
CHWY,2025-08-21 20:27:37
EDN,2025-08-21 20:27:37
PARR,2025-08-21 20:27:37
TUYA,2025-08-21 20:27:37
PSA-PO,2025-08-21 20:27:37
NUVB,2025-08-21 20:27:37
CTS,2025-08-21 20:27:37
QD,2025-08-21 20:27:37
MOMO,2025-08-21 20:27:37
FMNB,2025-08-21 20:27:37
CLS,2025-08-21 20:27:37
CINT,2025-08-21 20:27:37
OLN,2025-08-21 20:27:37
AEO,2025-08-21 20:27:37
RWT,2025-08-21 20:27:37
OBDC,2025-08-21 20:27:37
KNTK,2025-08-21 20:27:37
AIN,2025-08-21 20:27:37
MATX,2025-08-21 20:27:37
ADNT,2025-08-21 20:27:37
ALK,2025-08-21 20:27:37
LTRX,2025-08-21 20:27:37
ACRS,2025-08-21 20:27:37
LND,2025-08-21 20:27:37
CCAP,2025-08-21 20:27:37
FOX,2025-08-21 20:27:37
HYPD,2025-08-21 20:27:37
ABCB,2025-08-21 20:27:37
MAC,2025-08-21 20:27:37
LASR,2025-08-21 20:27:37
CHRW,2025-08-21 20:27:37
NPKI,2025-08-21 20:27:37
AMD,2025-08-21 20:27:37
VAC,2025-08-21 20:27:37
MFG,2025-08-21 20:27:37
NHI,2025-08-21 20:27:37
ACHV,2025-08-21 20:27:37
NMM,2025-08-21 20:27:37
GCTK,2025-08-21 20:27:37
CATY,2025-08-21 20:27:37
ULS,2025-08-21 20:27:37
OFLX,2025-08-21 20:27:37
DEFT,2025-08-21 20:27:37
COCO,2025-08-21 20:27:37
MOV,2025-08-21 20:27:37
NCDL,2025-08-21 20:27:37
INFA,2025-08-21 20:27:37
IPI,2025-08-21 20:27:37
PEP,2025-08-21 20:27:37
NRDY,2025-08-21 20:27:37
LGVN,2025-08-21 20:27:37
IRT,2025-08-21 20:27:37
FBIZ,2025-08-21 20:27:37
ALLY,2025-08-21 20:27:37
JOBY,2025-08-21 20:27:37
DAVE,2025-08-21 20:27:37
IT,2025-08-21 20:27:37
AMST,2025-08-21 20:27:37
GRC,2025-08-21 20:27:37
ANET,2025-08-21 20:27:37
CGBD,2025-08-21 20:27:37
BJRI,2025-08-21 20:27:37
AVAH,2025-08-21 20:27:37
LUCD,2025-08-21 20:27:37
IFS,2025-08-21 20:27:37
AJG,2025-08-21 20:27:37
GS,2025-08-21 20:27:37
QSR,2025-08-21 20:27:37
HIFS,2025-08-21 20:27:37
EDBL,2025-08-21 20:27:37
NIC,2025-08-21 20:27:37
GWRS,2025-08-21 20:27:37
LIEN,2025-08-21 20:27:37
INVX,2025-08-21 20:27:37
FIVE,2025-08-21 20:27:37
USB-PP,2025-08-21 20:27:37
HBI,2025-08-21 20:27:37
KGS,2025-08-21 20:27:37
LW,2025-08-21 20:27:37
MPW,2025-08-21 20:27:37
HIPO,2025-08-21 20:27:37
NEOG,2025-08-21 20:27:37
NVAX,2025-08-21 20:27:37
HLX,2025-08-21 20:27:37
NGG,2025-08-21 20:27:37
HSCS,2025-08-21 20:27:37
CORZ,2025-08-21 20:27:37
AEBI,2025-08-21 20:27:37
HTGC,2025-08-21 20:27:37
FRSH,2025-08-21 20:27:37
MGM,2025-08-21 20:27:37
PLUS,2025-08-21 20:27:37
NAT,2025-08-21 20:27:37
ALGN,2025-08-21 20:27:37
IDT,2025-08-21 20:27:37
GWW,2025-08-21 20:27:37
BBAR,2025-08-21 20:27:37
SMPL,2025-08-21 20:27:37
PROK,2025-08-21 20:27:37
HAE,2025-08-21 20:27:37
HYAC,2025-08-21 20:27:37
BNH,2025-08-21 20:27:37
KEP,2025-08-21 20:27:37
HDSN,2025-08-21 20:27:37
WSR,2025-08-21 20:27:37
HSY,2025-08-21 20:27:37
FFIV,2025-08-21 20:27:37
LUNG,2025-08-21 20:27:37
NINE,2025-08-21 20:27:37
APA,2025-08-21 20:27:37
BSLK,2025-08-21 20:27:37
MIR,2025-08-21 20:27:37
IRS,2025-08-21 20:27:37
GEO,2025-08-21 20:27:37
GNE,2025-08-21 20:27:37
ACTU,2025-08-21 20:27:37
GIL,2025-08-21 20:27:37
FUNC,2025-08-21 20:27:37
FVRR,2025-08-21 20:27:37
GNL-PD,2025-08-21 20:27:37
FTCI,2025-08-21 20:27:37
DWSN,2025-08-21 20:27:37
KRUS,2025-08-21 20:27:37
TTGT,2025-08-21 20:27:37
BLMZ,2025-08-21 20:27:37
FENC,2025-08-21 20:27:37
BSVN,2025-08-21 20:27:37
BITF,2025-08-21 20:27:37
CLAR,2025-08-21 20:27:37
WDFC,2025-08-21 20:27:37
WMG,2025-08-21 20:27:37
AFYA,2025-08-21 20:27:37
ALGT,2025-08-21 20:27:37
MGIC,2025-08-21 20:27:37
LPTH,2025-08-21 20:27:37
GAIN,2025-08-21 20:27:37
FSFG,2025-08-21 20:27:37
EFOI,2025-08-21 20:27:37
API,2025-08-21 20:27:37
MPB,2025-08-21 20:27:37
IMDX,2025-08-21 20:27:37
FRST,2025-08-21 20:27:37
IBKR,2025-08-21 20:27:37
FULT,2025-08-21 20:27:37
IDCC,2025-08-21 20:27:37
LIVN,2025-08-21 20:27:37
QTRX,2025-08-21 20:27:37
BNZI,2025-08-21 20:27:37
FBLA,2025-08-21 20:27:37
FRAF,2025-08-21 20:27:37
ABP,2025-08-21 20:27:37
FORR,2025-08-21 20:27:37
MEDP,2025-08-21 20:27:37
CORT,2025-08-21 20:27:37
COKE,2025-08-21 20:27:37
CTW,2025-08-21 20:27:37
DSP,2025-08-21 20:27:37
EYE,2025-08-21 20:27:37
HBCP,2025-08-21 20:27:37
AKAM,2025-08-21 20:27:37
HBNC,2025-08-21 20:27:37
JYNT,2025-08-21 20:27:37
SMMT,2025-08-21 20:27:37
LITE,2025-08-21 20:27:37
BCYC,2025-08-21 20:27:37
LGHL,2025-08-21 20:27:37
BPOP,2025-08-21 20:27:37
ATHA,2025-08-21 20:27:37
TTWO,2025-08-21 20:27:37
RANI,2025-08-21 20:27:37
ZNTL,2025-08-21 20:27:37
JOUT,2025-08-21 20:27:37
EXPE,2025-08-21 20:27:37
BHRB,2025-08-21 20:27:37
CARE,2025-08-21 20:27:37
UFCS,2025-08-21 20:27:37
FRME,2025-08-21 20:27:37
PGEN,2025-08-21 20:27:37
CNXC,2025-08-21 20:27:37
CRAI,2025-08-21 20:27:37
PAYO,2025-08-21 20:27:37
ATRO,2025-08-21 20:27:37
FCNCO,2025-08-21 20:27:37
AVO,2025-08-21 20:27:37
GFAI,2025-08-21 20:27:37
RITR,2025-08-21 20:27:37
METC,2025-08-21 20:27:37
SMTC,2025-08-21 20:27:37
AGNC,2025-08-21 20:27:37
RRR,2025-08-21 20:27:37
LCUT,2025-08-21 20:27:37
ADPT,2025-08-21 20:27:37
BDMD,2025-08-21 20:27:37
BAER,2025-08-21 20:27:37
DXPE,2025-08-21 20:27:37
PTMN,2025-08-21 20:27:37
SPFI,2025-08-21 20:27:37
HLIT,2025-08-21 20:27:37
WNC,2025-08-21 20:27:37
CEPO,2025-08-21 20:27:37
EWCZ,2025-08-21 20:27:37
MASI,2025-08-21 20:27:37
PEBK,2025-08-21 20:27:37
NRXP,2025-08-21 20:27:37
CMRC,2025-08-21 20:27:37
CSGS,2025-08-21 20:27:37
ADV,2025-08-21 20:27:37
COO,2025-08-21 20:27:37
MYRG,2025-08-21 20:27:37
ARTNA,2025-08-21 20:27:37
SERA,2025-08-21 20:27:37
ITOS,2025-08-21 20:27:37
WFF,2025-08-21 20:27:37
NFE,2025-08-21 20:27:37
MSEX,2025-08-21 20:27:37
UAL,2025-08-21 20:27:37
WEYS,2025-08-21 20:27:37
JANX,2025-08-21 20:27:37
UBFO,2025-08-21 20:27:37
LLYVK,2025-08-21 20:27:37
ATER,2025-08-21 20:27:37
MWYN,2025-08-21 20:27:37
BGLC,2025-08-21 20:27:37
ACIC,2025-08-21 20:27:37
EXEL,2025-08-21 20:27:37
ASBP,2025-08-21 20:27:37
FUFU,2025-08-21 20:27:37
AXON,2025-08-21 20:27:37
COST,2025-08-21 20:27:37
SWBI,2025-08-21 20:27:37
ENTX,2025-08-21 20:27:37
VKTX,2025-08-21 20:27:37
CASH,2025-08-21 20:27:37
SURG,2025-08-21 20:27:37
MSPR,2025-08-21 20:27:37
CCRN,2025-08-21 20:27:37
CHEF,2025-08-21 20:27:37
MJID,2025-08-21 20:27:37
EEFT,2025-08-21 20:27:37
GDRX,2025-08-21 20:27:37
IMXI,2025-08-21 20:27:37
CTLP,2025-08-21 20:27:37
AIRG,2025-08-21 20:27:37
TCX,2025-08-21 20:27:37
ADUR,2025-08-21 20:27:37
BGM,2025-08-21 20:27:37
YMAT,2025-08-21 20:27:37
EMPD,2025-08-21 20:27:37
ARBE,2025-08-21 20:27:37
CSCO,2025-08-21 20:27:37
ETSY,2025-08-21 20:27:37
EGHT,2025-08-21 20:27:37
BELFB,2025-08-21 20:27:37
HONE,2025-08-21 20:27:37
FLXS,2025-08-21 20:27:37
CFFI,2025-08-21 20:27:37
PRGS,2025-08-21 20:27:37
SHOP,2025-08-21 20:27:37
ACGLN,2025-08-21 20:27:37
CASI,2025-08-21 20:27:37
NTAP,2025-08-21 20:27:37
EPIX,2025-08-21 20:27:37
LPTX,2025-08-21 20:27:37
CAMT,2025-08-21 20:27:37
HAS,2025-08-21 20:27:37
AEIS,2025-08-21 20:27:37
UPXI,2025-08-21 20:27:37
BGFV,2025-08-21 20:27:37
ECBK,2025-08-21 20:27:37
TROO,2025-08-21 20:27:37
BKR,2025-08-21 20:27:37
KALA,2025-08-21 20:27:37
RDVT,2025-08-21 20:27:37
BDTX,2025-08-21 20:27:37
INBK,2025-08-21 20:27:37
WSBC,2025-08-21 20:27:37
MRKR,2025-08-21 20:27:37
ARTV,2025-08-21 20:27:37
ELPW,2025-08-21 20:27:37
BRZE,2025-08-21 20:27:37
SEDG,2025-08-21 20:27:37
ASND,2025-08-21 20:27:37
MDWD,2025-08-21 20:27:37
KROS,2025-08-21 20:27:37
AUGO,2025-08-21 20:27:37
ACB,2025-08-21 20:27:37
VOD,2025-08-21 20:27:37
DRCT,2025-08-21 20:27:37
CYBR,2025-08-21 20:27:37
DH,2025-08-21 20:27:37
EPSM,2025-08-21 20:27:37
YYAI,2025-08-21 20:27:37
CVBF,2025-08-21 20:27:37
FNGR,2025-08-21 20:27:37
CRWV,2025-08-21 20:27:37
BSGM,2025-08-21 20:27:37
PDEX,2025-08-21 20:27:37
BYRN,2025-08-21 20:27:37
LIXT,2025-08-21 20:27:37
INDI,2025-08-21 20:27:37
CVAC,2025-08-21 20:27:37
GRI,2025-08-21 20:27:37
CRWS,2025-08-21 20:27:37
TATT,2025-08-21 20:27:37
AVBP,2025-08-21 20:27:37
MSS,2025-08-21 20:27:37
IPSC,2025-08-21 20:27:37
BTCT,2025-08-21 20:27:37
LUCY,2025-08-21 20:27:37
CVCO,2025-08-21 20:27:37
VREX,2025-08-21 20:27:37
STTK,2025-08-21 20:27:37
TMDX,2025-08-21 20:27:37
INTZ,2025-08-21 20:27:37
AFRM,2025-08-21 20:27:37
DRS,2025-08-21 20:27:37
ALMS,2025-08-21 20:27:37
IHRT,2025-08-21 20:27:37
IBRX,2025-08-21 20:27:37
HST,2025-08-21 20:27:37
HOLX,2025-08-21 20:27:37
DXLG,2025-08-21 20:27:37
MRUS,2025-08-21 20:27:37
TLSI,2025-08-21 20:27:37
CRDO,2025-08-21 20:27:37
GMGI,2025-08-21 20:27:37
FSBW,2025-08-21 20:27:37
QTTB,2025-08-21 20:27:37
KINS,2025-08-21 20:27:37
COYA,2025-08-21 20:27:37
MAZE,2025-08-21 20:27:37
LBTYK,2025-08-21 20:27:37
MNY,2025-08-21 20:27:37
KMDA,2025-08-21 20:27:37
AOSL,2025-08-21 20:27:37
DHIL,2025-08-21 20:27:37
DOGZ,2025-08-21 20:27:37
IMNN,2025-08-21 20:27:37
CART,2025-08-21 20:27:37
CDXS,2025-08-21 20:27:37
APEI,2025-08-21 20:27:37
ENSG,2025-08-21 20:27:37
CHSN,2025-08-21 20:27:37
PCH,2025-08-21 20:27:37
PLUG,2025-08-21 20:27:37
KLTO,2025-08-21 20:27:37
OLED,2025-08-21 20:27:37
MSTR,2025-08-21 20:27:37
ENVB,2025-08-21 20:27:37
PSMT,2025-08-21 20:27:37
BDSX,2025-08-21 20:27:37
KRRO,2025-08-21 20:27:37
WING,2025-08-21 20:27:37
GLDD,2025-08-21 20:27:37
HWCPZ,2025-08-21 20:27:37
RCT,2025-08-21 20:27:37
ENSC,2025-08-21 20:27:37
MDAI,2025-08-21 20:27:37
CBLL,2025-08-21 20:27:37
RFIL,2025-08-21 20:27:37
TEAD,2025-08-21 20:27:37
APLT,2025-08-21 20:27:37
ZEO,2025-08-21 20:27:37
NWTN,2025-08-21 20:27:37
GCMG,2025-08-21 20:27:37
MLKN,2025-08-21 20:27:37
VCTR,2025-08-21 20:27:37
GRFS,2025-08-21 20:27:37
PRTA,2025-08-21 20:27:37
FFBC,2025-08-21 20:27:37
GIFT,2025-08-21 20:27:37
CDW,2025-08-21 20:27:37
LIVE,2025-08-21 20:27:37
QNTM,2025-08-21 20:27:37
ABOS,2025-08-21 20:27:37
GV,2025-08-21 20:27:37
ANTA,2025-08-21 20:27:37
ADN,2025-08-21 20:27:37
BANR,2025-08-21 20:27:37
PHVS,2025-08-21 20:27:37
EOLS,2025-08-21 20:27:37
GLE,2025-08-21 20:27:37
INKT,2025-08-21 20:27:37
XTIA,2025-08-21 20:27:37
HAIN,2025-08-21 20:27:37
FWONA,2025-08-21 20:27:37
CISS,2025-08-21 20:27:37
ATLN,2025-08-21 20:27:37
LVTX,2025-08-21 20:27:37
ETON,2025-08-21 20:27:37
BMRA,2025-08-21 20:27:37
GLSI,2025-08-21 20:27:37
BOF,2025-08-21 20:27:37
BCBP,2025-08-21 20:27:37
RAPP,2025-08-21 20:27:37
FNWB,2025-08-21 20:27:37
LEXX,2025-08-21 20:27:37
AIOT,2025-08-21 20:27:37
BCAX,2025-08-21 20:27:37
FNKO,2025-08-21 20:27:37
VRAR,2025-08-21 20:27:37
LITM,2025-08-21 20:27:37
TSSI,2025-08-21 20:27:37
RMR,2025-08-21 20:27:37
BMRN,2025-08-21 20:27:37
CLNE,2025-08-21 20:27:37
SND,2025-08-21 20:27:37
BNC,2025-08-21 20:27:37
CLMB,2025-08-21 20:27:37
FOSL,2025-08-21 20:27:37
RVSB,2025-08-21 20:27:37
SNDL,2025-08-21 20:27:37
SORA,2025-08-21 20:27:37
RAVE,2025-08-21 20:27:37
CMCO,2025-08-21 20:27:37
SLS,2025-08-21 20:27:37
RZLT,2025-08-21 20:27:37
RGNX,2025-08-21 20:27:37
BSET,2025-08-21 20:27:37
PRAX,2025-08-21 20:27:37
MFIC,2025-08-21 20:27:37
CWBC,2025-08-21 20:27:37
RWAY,2025-08-21 20:27:37
IBCP,2025-08-21 20:27:37
GLPG,2025-08-21 20:27:37
ERAS,2025-08-21 20:27:37
MVBF,2025-08-21 20:27:37
HMST,2025-08-21 20:27:37
NXXT,2025-08-21 20:27:37
ALKT,2025-08-21 20:27:37
LFMD,2025-08-21 20:27:37
HAFC,2025-08-21 20:27:37
MCW,2025-08-21 20:27:37
LFST,2025-08-21 20:27:37
GOVX,2025-08-21 20:27:37
EXPI,2025-08-21 20:27:37
ATXS,2025-08-21 20:27:37
APPF,2025-08-21 20:27:37
DOMH,2025-08-21 20:27:37
NEPH,2025-08-21 20:27:37
LQDT,2025-08-21 20:27:37
TWST,2025-08-21 20:27:37
ENGS,2025-08-21 20:27:37
INOD,2025-08-21 20:27:37
LFVN,2025-08-21 20:27:37
HBANL,2025-08-21 20:27:37
DLTR,2025-08-21 20:27:37
ARWR,2025-08-21 20:27:37
MDB,2025-08-21 20:27:37
ARQT,2025-08-21 20:27:37
COLL,2025-08-21 20:27:37
LINC,2025-08-21 20:27:37
EVER,2025-08-21 20:27:37
NA,2025-08-21 20:27:37
AVBH,2025-08-21 20:27:37
CTOR,2025-08-21 20:27:37
HBANM,2025-08-21 20:27:37
ACT,2025-08-21 20:27:37
AAOI,2025-08-21 20:27:37
MCRB,2025-08-21 20:27:37
EBMT,2025-08-21 20:27:37
AQMS,2025-08-21 20:27:37
HIND,2025-08-21 20:27:37
LE,2025-08-21 20:27:37
MFH,2025-08-21 20:27:37
CELH,2025-08-21 20:27:37
FSUN,2025-08-21 20:27:37
CSX,2025-08-21 20:27:37
CING,2025-08-21 20:27:37
MPWR,2025-08-21 20:27:37
NEGG,2025-08-21 20:27:37
CXAI,2025-08-21 20:27:37
INSE,2025-08-21 20:27:37
FULC,2025-08-21 20:27:37
WKEY,2025-08-21 20:27:37
MBINN,2025-08-21 20:27:37
ABVE,2025-08-21 20:27:37
LWAY,2025-08-21 20:27:37
CVKD,2025-08-21 20:27:37
GNTX,2025-08-21 20:27:37
FOXA,2025-08-21 20:27:37
KC,2025-08-21 20:27:37
ARCB,2025-08-21 20:27:37
OVID,2025-08-21 20:27:37
NUVL,2025-08-21 20:27:37
MBLY,2025-08-21 20:27:37
HNVR,2025-08-21 20:27:37
EGAN,2025-08-21 20:27:37
MCVT,2025-08-21 20:27:37
IBG,2025-08-21 20:27:37
LOVE,2025-08-21 20:27:37
BELFA,2025-08-21 20:27:37
MGRT,2025-08-21 20:27:37
OTEX,2025-08-21 20:27:37
CINF,2025-08-21 20:27:37
AMWD,2025-08-21 20:27:37
APVO,2025-08-21 20:27:37
CRMT,2025-08-21 20:27:37
MLAB,2025-08-21 20:27:37
IOBT,2025-08-21 20:27:37
INEO,2025-08-21 20:27:37
DPZ,2025-08-21 20:27:37
DCBO,2025-08-21 20:27:37
LRCX,2025-08-21 20:27:37
VCYT,2025-08-21 20:27:37
CUPR,2025-08-21 20:27:37
AAL,2025-08-21 20:27:37
KE,2025-08-21 20:27:37
GH,2025-08-21 20:27:37
CNTA,2025-08-21 20:27:37
DPRO,2025-08-21 20:27:37
TLRY,2025-08-21 20:27:37
JACK,2025-08-21 20:27:37
CETX,2025-08-21 20:27:37
BNGO,2025-08-21 20:27:37
JD,2025-08-21 20:27:37
BWIN,2025-08-21 20:27:37
SBRA,2025-08-21 20:27:37
RLYB,2025-08-21 20:27:37
ABEO,2025-08-21 20:27:37
TRUE,2025-08-21 20:27:37
LFWD,2025-08-21 20:27:37
STRL,2025-08-21 20:27:37
CELZ,2025-08-21 20:27:37
AQST,2025-08-21 20:27:37
LNT,2025-08-21 20:27:37
FWONK,2025-08-21 20:27:37
AIFF,2025-08-21 20:27:37
HOPE,2025-08-21 20:27:37
BJDX,2025-08-21 20:27:37
NUAI,2025-08-21 20:27:37
CEG,2025-08-21 20:27:37
AVR,2025-08-21 20:27:37
LMB,2025-08-21 20:27:37
NVVE,2025-08-21 20:27:37
EVO,2025-08-21 20:27:37
NXL,2025-08-21 20:27:37
AMRK,2025-08-21 20:27:37
AMSF,2025-08-21 20:27:37
PAGP,2025-08-21 20:27:37
CMND,2025-08-21 20:27:37
MGEE,2025-08-21 20:27:37
GLBZ,2025-08-21 20:27:37
GAIA,2025-08-21 20:27:37
FGEN,2025-08-21 20:27:37
FBGL,2025-08-21 20:27:37
ATAI,2025-08-21 20:27:37
JFIN,2025-08-21 20:27:37
GITS,2025-08-21 20:27:37
CNXN,2025-08-21 20:27:37
IPAR,2025-08-21 20:27:37
MLYS,2025-08-21 20:27:37
IAS,2025-08-21 20:27:37
OCCI,2025-08-21 20:27:37
ZION,2025-08-21 20:27:37
GERN,2025-08-21 20:27:37
ADIL,2025-08-21 20:27:37
NAMS,2025-08-21 20:27:37
GAME,2025-08-21 20:27:37
DRRX,2025-08-21 20:27:37
GILT,2025-08-21 20:27:37
EXPO,2025-08-21 20:27:37
HTO,2025-08-21 20:27:37
MYSZ,2025-08-21 20:27:37
TRP,2025-08-21 20:27:37
LULU,2025-08-21 20:27:37
FOXF,2025-08-21 20:27:37
SBLK,2025-08-21 20:27:37
PKBK,2025-08-21 20:27:37
ADP,2025-08-21 20:27:37
ATRA,2025-08-21 20:27:37
FAST,2025-08-21 20:27:37
EM,2025-08-21 20:27:37
LASE,2025-08-21 20:27:37
KALU,2025-08-21 20:27:37
QCOM,2025-08-21 20:27:37
PDD,2025-08-21 20:27:37
ACNB,2025-08-21 20:27:37
ADMA,2025-08-21 20:27:37
AMRN,2025-08-21 20:27:37
TVGN,2025-08-21 20:27:37
TILE,2025-08-21 20:27:37
PATK,2025-08-21 20:27:37
BLMN,2025-08-21 20:27:37
BZFD,2025-08-21 20:27:37
FATE,2025-08-21 20:27:37
BLKB,2025-08-21 20:27:37
DLHC,2025-08-21 20:27:37
BBIO,2025-08-21 20:27:37
MKSI,2025-08-21 20:27:37
SAIL,2025-08-21 20:27:37
HELE,2025-08-21 20:27:37
MCRI,2025-08-21 20:27:37
LAZR,2025-08-21 20:27:37
FCEL,2025-08-21 20:27:37
IVVD,2025-08-21 20:27:37
HLVX,2025-08-21 20:27:37
LXEO,2025-08-21 20:27:37
GNLN,2025-08-21 20:27:37
ELDN,2025-08-21 20:27:37
SMTK,2025-08-21 20:27:37
HBIO,2025-08-21 20:27:37
LI,2025-08-21 20:27:37
PHAT,2025-08-21 20:27:37
CUE,2025-08-21 20:27:37
VIRC,2025-08-21 20:27:37
BCRX,2025-08-21 20:27:37
RVMD,2025-08-21 20:27:37
GILD,2025-08-21 20:27:37
AGH,2025-08-21 20:27:37
MASS,2025-08-21 20:27:37
GRAL,2025-08-21 20:27:37
EVCM,2025-08-21 20:27:37
ETNB,2025-08-21 20:27:37
ESLT,2025-08-21 20:27:37
SAGT,2025-08-21 20:27:37
PSTV,2025-08-21 20:27:37
KOD,2025-08-21 20:27:37
MBCN,2025-08-21 20:27:37
TLPH,2025-08-21 20:27:37
BNR,2025-08-21 20:27:37
INVE,2025-08-21 20:27:37
PDFS,2025-08-21 20:27:37
CNOB,2025-08-21 20:27:37
SEAT,2025-08-21 20:27:37
BFC,2025-08-21 20:27:37
BATRA,2025-08-21 20:27:37
ALCO,2025-08-21 20:27:37
CPOP,2025-08-21 20:27:37
TAIT,2025-08-21 20:27:37
GLAD,2025-08-21 20:27:37
CGTL,2025-08-21 20:27:37
FANG,2025-08-21 20:27:37
BLDE,2025-08-21 20:27:37
UBSI,2025-08-21 20:27:37
EML,2025-08-21 20:27:37
ESQ,2025-08-21 20:27:37
BRKL,2025-08-21 20:27:37
AEYE,2025-08-21 20:27:37
LVLU,2025-08-21 20:27:37
VBTX,2025-08-21 20:27:37
AEVA,2025-08-21 20:27:37
WDC,2025-08-21 20:27:37
AMPG,2025-08-21 20:27:37
GRWG,2025-08-21 20:27:37
CGEM,2025-08-21 20:27:37
NTES,2025-08-21 20:27:37
ERIC,2025-08-21 20:27:37
HUT,2025-08-21 20:27:37
BTM,2025-08-21 20:27:37
INBS,2025-08-21 20:27:37
ARHS,2025-08-21 20:27:37
NXTT,2025-08-21 20:27:37
ASTS,2025-08-21 20:27:37
INTR,2025-08-21 20:27:37
ARTW,2025-08-21 20:27:37
BLFS,2025-08-21 20:27:37
BHFAL,2025-08-21 20:27:37
VERA,2025-08-21 20:27:37
NVNI,2025-08-21 20:27:37
PINC,2025-08-21 20:27:37
CHTR,2025-08-21 20:27:37
UTHR,2025-08-21 20:27:37
KRT,2025-08-21 20:27:37
AXSM,2025-08-21 20:27:37
RDCM,2025-08-21 20:27:37
IVDAW,2025-08-21 20:27:37
ATNI,2025-08-21 20:27:37
TRNS,2025-08-21 20:27:37
CFFN,2025-08-21 20:27:37
CALM,2025-08-21 20:27:37
SABR,2025-08-21 20:27:37
CRVL,2025-08-21 20:27:37
DNTH,2025-08-21 20:27:37
BNTX,2025-08-21 20:27:37
CGC,2025-08-21 20:27:37
MYFW,2025-08-21 20:27:37
GLNG,2025-08-21 20:27:37
CGEN,2025-08-21 20:27:37
CASS,2025-08-21 20:27:37
CELC,2025-08-21 20:27:37
ULBI,2025-08-21 20:27:37
EUDA,2025-08-21 20:27:37
IMKTA,2025-08-21 20:27:37
IKT,2025-08-21 20:27:37
JAKK,2025-08-21 20:27:37
SYPR,2025-08-21 20:27:37
KRNT,2025-08-21 20:27:37
FISI,2025-08-21 20:27:37
WERN,2025-08-21 20:27:37
ULCC,2025-08-21 20:27:37
CRVO,2025-08-21 20:27:37
SNOA,2025-08-21 20:27:37
PPSI,2025-08-21 20:27:37
WULF,2025-08-21 20:27:37
FTEK,2025-08-21 20:27:37
ACHC,2025-08-21 20:27:37
NMIH,2025-08-21 20:27:37
WAFDP,2025-08-21 20:27:37
CENT,2025-08-21 20:27:37
ACIU,2025-08-21 20:27:37
BLIN,2025-08-21 20:27:37
DOCU,2025-08-21 20:27:37
COEP,2025-08-21 20:27:37
COOP,2025-08-21 20:27:37
VFS,2025-08-21 20:27:37
ALAR,2025-08-21 20:27:37
CEVA,2025-08-21 20:27:37
MGNI,2025-08-21 20:27:37
CBNK,2025-08-21 20:27:37
IRIX,2025-08-21 20:27:37
BSRR,2025-08-21 20:27:37
GHRS,2025-08-21 20:27:37
BUSE,2025-08-21 20:27:37
HTFL,2025-08-21 20:27:37
MSW,2025-08-21 20:27:37
GALT,2025-08-21 20:27:37
MNRO,2025-08-21 20:27:37
FBNC,2025-08-21 20:27:37
SRBK,2025-08-21 20:27:37
GT,2025-08-21 20:27:37
CLIK,2025-08-21 20:27:37
RICK,2025-08-21 20:27:37
HEPS,2025-08-21 20:27:37
MEOH,2025-08-21 20:27:37
PUBM,2025-08-21 20:27:37
CLRB,2025-08-21 20:27:37
MRVL,2025-08-21 20:27:37
ETHZ,2025-08-21 20:27:37
CRNX,2025-08-21 20:27:37
TLSA,2025-08-21 20:27:37
LYFT,2025-08-21 20:27:37
FUSB,2025-08-21 20:27:37
AEMD,2025-08-21 20:27:37
FOLD,2025-08-21 20:27:37
CBRL,2025-08-21 20:27:37
CRTO,2025-08-21 20:27:37
SLM,2025-08-21 20:27:37
ATLC,2025-08-21 20:27:37
MRX,2025-08-21 20:27:37
HALO,2025-08-21 20:27:37
LQDA,2025-08-21 20:27:37
INVA,2025-08-21 20:27:37
TSAT,2025-08-21 20:27:37
PAL,2025-08-21 20:27:37
BWAY,2025-08-21 20:27:37
CADL,2025-08-21 20:27:37
GLIBA,2025-08-21 20:27:37
CAN,2025-08-21 20:27:37
GLIBK,2025-08-21 20:27:37
CMCSA,2025-08-21 20:27:37
FWRG,2025-08-21 20:27:37
GPRO,2025-08-21 20:27:37
SION,2025-08-21 20:27:37
STRF,2025-08-21 20:27:37
OLB,2025-08-21 20:27:37
ASST,2025-08-21 20:27:37
GWAV,2025-08-21 20:27:37
CIFRW,2025-08-21 20:27:37
HIMX,2025-08-21 20:27:37
LESL,2025-08-21 20:27:37
RZLV,2025-08-21 20:27:37
HWKN,2025-08-21 20:27:37
PRVA,2025-08-21 20:27:37
RDNW,2025-08-21 20:27:37
LYEL,2025-08-21 20:27:37
MENS,2025-08-21 20:27:37
ALLO,2025-08-21 20:27:37
LBTYA,2025-08-21 20:27:37
TNYA,2025-08-21 20:27:37
CVRX,2025-08-21 20:27:37
KZR,2025-08-21 20:27:37
MAR,2025-08-21 20:27:37
SENEA,2025-08-21 20:27:37
GFS,2025-08-21 20:27:37
NXGL,2025-08-21 20:27:37
SNPS,2025-08-21 20:27:37
NYMT,2025-08-21 20:27:37
CRON,2025-08-21 20:27:37
BOKF,2025-08-21 20:27:37
HLMN,2025-08-21 20:27:37
SIMO,2025-08-21 20:27:37
INMB,2025-08-21 20:27:37
OBT,2025-08-21 20:27:37
ECPG,2025-08-21 20:27:37
CREX,2025-08-21 20:27:37
AVPT,2025-08-21 20:27:37
TASK,2025-08-21 20:27:37
MATW,2025-08-21 20:27:37
ABNB,2025-08-21 20:27:37
PRLD,2025-08-21 20:27:37
AZTA,2025-08-21 20:27:37
CTSO,2025-08-21 20:27:37
AVIR,2025-08-21 20:27:37
SSII,2025-08-21 20:27:37
TARS,2025-08-21 20:27:37
GTIM,2025-08-21 20:27:37
CERT,2025-08-21 20:27:37
YYGH,2025-08-21 20:27:37
FSBC,2025-08-21 20:27:37
CSBR,2025-08-21 20:27:37
FTDR,2025-08-21 20:27:37
FLEX,2025-08-21 20:27:37
CCNE,2025-08-21 20:27:37
ESCA,2025-08-21 20:27:37
FCFS,2025-08-21 20:27:37
BRY,2025-08-21 20:27:37
GSIW,2025-08-21 20:27:37
GSIT,2025-08-21 20:27:37
DIOD,2025-08-21 20:27:37
FTRE,2025-08-21 20:27:37
DLPN,2025-08-21 20:27:37
FDUS,2025-08-21 20:27:37
GANX,2025-08-21 20:27:37
DUOL,2025-08-21 20:27:37
FSV,2025-08-21 20:27:37
ENPH,2025-08-21 20:27:37
DFLI,2025-08-21 20:27:37
GAMB,2025-08-21 20:27:37
EWTX,2025-08-21 20:27:37
AMKR,2025-08-21 20:27:37
ALTO,2025-08-21 20:27:37
APYX,2025-08-21 20:27:37
BLFY,2025-08-21 20:27:37
ADEA,2025-08-21 20:27:37
ANPA,2025-08-21 20:27:37
LAWR,2025-08-21 20:27:37
MRSN,2025-08-21 20:27:37
BATRK,2025-08-21 20:27:37
NNDM,2025-08-21 20:27:37
CENTA,2025-08-21 20:27:37
LGO,2025-08-21 20:27:37
CRBP,2025-08-21 20:27:37
APP,2025-08-21 20:27:37
PRTS,2025-08-21 20:27:37
ATLX,2025-08-21 20:27:37
NPCE,2025-08-21 20:27:37
CABA,2025-08-21 20:27:37
ADVM,2025-08-21 20:27:37
AAPL,2025-08-21 20:27:37
HYMC,2025-08-21 20:27:37
LGND,2025-08-21 20:27:37
ARBK,2025-08-21 20:27:37
CENX,2025-08-21 20:27:37
ARCT,2025-08-21 20:27:37
INSG,2025-08-21 20:27:37
JSM,2025-08-21 20:27:37
LYTS,2025-08-21 20:27:37
DVAX,2025-08-21 20:27:37
MNDY,2025-08-21 20:27:37
CRBU,2025-08-21 20:27:37
KYIV,2025-08-21 20:27:37
CHRD,2025-08-21 20:27:37
LILA,2025-08-21 20:27:37
FVCB,2025-08-21 20:27:37
VRNS,2025-08-21 20:27:37
HTHT,2025-08-21 20:27:37
ZYXI,2025-08-21 20:27:37
TDC,2025-08-21 20:27:37
MTSR,2025-08-21 20:27:37
NKSH,2025-08-21 20:27:37
GBIO,2025-08-21 20:27:37
BFRG,2025-08-21 20:27:37
IRON,2025-08-21 20:27:37
AMAL,2025-08-21 20:27:37
GOSS,2025-08-21 20:27:37
CAI,2025-08-21 20:27:37
GOGO,2025-08-21 20:27:37
LECO,2025-08-21 20:27:37
IBEX,2025-08-21 20:27:37
NMRK,2025-08-21 20:27:37
GRCE,2025-08-21 20:27:37
CLBK,2025-08-21 20:27:37
ONCY,2025-08-21 20:27:37
KWM,2025-08-21 20:27:37
IVDA,2025-08-21 20:27:37
SDST,2025-08-21 20:27:37
HURN,2025-08-21 20:27:37
GLPI,2025-08-21 20:27:37
PELI,2025-08-21 20:27:37
DORM,2025-08-21 20:27:37
HIVE,2025-08-21 20:27:37
ISBA,2025-08-21 20:27:37
YMT,2025-08-21 20:27:37
MURA,2025-08-21 20:27:37
HFFG,2025-08-21 20:27:37
ALGM,2025-08-21 20:27:37
BZ,2025-08-21 20:27:37
DGII,2025-08-21 20:27:37
WKSP,2025-08-21 20:27:37
LSBK,2025-08-21 20:27:37
HOWL,2025-08-21 20:27:37
AISP,2025-08-21 20:27:37
NMTC,2025-08-21 20:27:37
LIND,2025-08-21 20:27:37
BBNX,2025-08-21 20:27:37
BEEM,2025-08-21 20:27:37
LILAK,2025-08-21 20:27:37
HNST,2025-08-21 20:27:37
HBANP,2025-08-21 20:27:37
BHF,2025-08-21 20:27:37
ALNT,2025-08-21 20:27:37
CG,2025-08-21 20:27:37
TELO,2025-08-21 20:27:37
FELE,2025-08-21 20:27:37
BLZE,2025-08-21 20:27:37
HFWA,2025-08-21 20:27:37
XMTR,2025-08-21 20:27:37
CARM,2025-08-21 20:27:37
CWD,2025-08-21 20:27:37
DYNX,2025-08-21 20:27:37
COGT,2025-08-21 20:27:37
CDNS,2025-08-21 20:27:37
BLBD,2025-08-21 20:27:37
GRPN,2025-08-21 20:27:37
MNTS,2025-08-21 20:27:37
LOCO,2025-08-21 20:27:37
CZWI,2025-08-21 20:27:37
ACOG,2025-08-21 20:27:37
NXT,2025-08-21 20:27:37
CLRO,2025-08-21 20:27:37
RCEL,2025-08-21 20:27:37
NKTX,2025-08-21 20:27:37
LX,2025-08-21 20:27:37
ASTH,2025-08-21 20:27:37
CLOV,2025-08-21 20:27:37
HOFT,2025-08-21 20:27:37
HRTX,2025-08-21 20:27:37
HPK,2025-08-21 20:27:37
ASPS,2025-08-21 20:27:37
ALAB,2025-08-21 20:27:37
CAKE,2025-08-21 20:27:37
ATEC,2025-08-21 20:27:37
CDTX,2025-08-21 20:27:37
SKYW,2025-08-21 20:27:37
BMEA,2025-08-21 20:27:37
DFDV,2025-08-21 20:27:37
PDYN,2025-08-21 20:27:37
GSHD,2025-08-21 20:27:37
AVTX,2025-08-21 20:27:37
COIN,2025-08-21 20:27:37
LANDP,2025-08-21 20:27:37
BCTX,2025-08-21 20:27:37
GEHC,2025-08-21 20:27:37
STRC,2025-08-21 20:27:37
LRMR,2025-08-21 20:27:37
LNTH,2025-08-21 20:27:37
LLYVA,2025-08-21 20:27:37
MRNA,2025-08-21 20:27:37
STRZ,2025-08-21 20:27:37
IESC,2025-08-21 20:27:37
MTCH,2025-08-21 20:27:37
LCID,2025-08-21 20:27:37
HOVNP,2025-08-21 20:27:37
HGBL,2025-08-21 20:27:37
GGAL,2025-08-21 20:27:37
GEN,2025-08-21 20:27:37
STRT,2025-08-21 20:27:37
NICE,2025-08-21 20:27:37
ACAD,2025-08-21 20:27:37
CCBG,2025-08-21 20:27:37
WSFS,2025-08-21 20:27:37
ATEX,2025-08-21 20:27:37
VMAR,2025-08-21 20:27:37
HSIC,2025-08-21 20:27:37
AROW,2025-08-21 20:27:37
RYTM,2025-08-21 20:27:37
CRCT,2025-08-21 20:27:37
METCB,2025-08-21 20:27:37
GCBC,2025-08-21 20:27:37
CIGI,2025-08-21 20:27:37
FFIN,2025-08-21 20:27:37
FCAP,2025-08-21 20:27:37
AVDL,2025-08-21 20:27:37
MODV,2025-08-21 20:27:37
SBC,2025-08-21 20:27:37
IRWD,2025-08-21 20:27:37
KDP,2025-08-21 20:27:37
SIBN,2025-08-21 20:27:37
MBRX,2025-08-21 20:27:37
MESA,2025-08-21 20:27:37
MREO,2025-08-21 20:27:37
PFBC,2025-08-21 20:27:37
SGBX,2025-08-21 20:27:37
ITRI,2025-08-21 20:27:37
EFSI,2025-08-21 20:27:37
SMXT,2025-08-21 20:27:37
HCKT,2025-08-21 20:27:37
MSGM,2025-08-21 20:27:37
OPAL,2025-08-21 20:27:37
SEER,2025-08-21 20:27:37
AVNW,2025-08-21 20:27:37
MEIP,2025-08-21 20:27:37
EQIX,2025-08-21 20:27:37
ACIW,2025-08-21 20:27:37
MSFT,2025-08-21 20:27:37
APWC,2025-08-21 20:27:37
VMC,2025-08-21 20:27:37
MORN,2025-08-21 20:27:37
SOBR,2025-08-21 20:27:37
MKTW,2025-08-21 20:27:37
JBIO,2025-08-21 20:27:37
BTCS,2025-08-21 20:27:37
ASTL,2025-08-21 20:27:37
GBFH,2025-08-21 20:27:37
CAR,2025-08-21 20:27:37
BHFAM,2025-08-21 20:27:37
XRAY,2025-08-21 20:27:37
DCGO,2025-08-21 20:27:37
SXTP,2025-08-21 20:27:37
ACGL,2025-08-21 20:27:37
MVSTW,2025-08-21 20:27:37
BACQ,2025-08-21 20:27:37
DIBS,2025-08-21 20:27:37
WYHG,2025-08-21 20:27:37
BEAM,2025-08-21 20:27:37
CMPO,2025-08-21 20:27:37
FBIO,2025-08-21 20:27:37
CPSS,2025-08-21 20:27:37
ABAT,2025-08-21 20:27:37
ECOR,2025-08-21 20:27:37
TENB,2025-08-21 20:27:37
FGBI,2025-08-21 20:27:37
OM,2025-08-21 20:27:37
CURI,2025-08-21 20:27:37
BFST,2025-08-21 20:27:37
CYRX,2025-08-21 20:27:37
DRUG,2025-08-21 20:27:37
KIDS,2025-08-21 20:27:37
STAI,2025-08-21 20:27:37
BEAT,2025-08-21 20:27:37
DJT,2025-08-21 20:27:37
USARW,2025-08-21 20:27:37
NVDA,2025-08-21 20:27:37
JVA,2025-08-21 20:27:37
SKBL,2025-08-21 20:27:37
BOOM,2025-08-21 20:27:37
DGLY,2025-08-21 20:27:37
GASS,2025-08-21 20:27:37
AUR,2025-08-21 20:27:37
MGRC,2025-08-21 20:27:37
CACC,2025-08-21 20:27:37
AMLX,2025-08-21 20:27:37
CCLD,2025-08-21 20:27:37
DTST,2025-08-21 20:27:37
COLM,2025-08-21 20:27:37
AVDX,2025-08-21 20:27:37
CSGP,2025-08-21 20:27:37
CAPS,2025-08-21 20:27:37
UPB,2025-08-21 20:27:37
UTMD,2025-08-21 20:27:37
LMNR,2025-08-21 20:27:37
MLGO,2025-08-21 20:27:37
CCCS,2025-08-21 20:27:37
DAIO,2025-08-21 20:27:37
DRVN,2025-08-21 20:27:37
DXCM,2025-08-21 20:27:37
BKNG,2025-08-21 20:27:37
SYRE,2025-08-21 20:27:37
ORIS,2025-08-21 20:27:37
VNET,2025-08-21 20:27:37
BGC,2025-08-21 20:27:37
ALLR,2025-08-21 20:27:37
SIFY,2025-08-21 20:27:37
CAC,2025-08-21 20:27:37
EA,2025-08-21 20:27:37
BBLG,2025-08-21 20:27:37
VIVS,2025-08-21 20:27:37
GPCR,2025-08-21 20:27:37
SYBT,2025-08-21 20:27:37
VYGR,2025-08-21 20:27:37
TDUP,2025-08-21 20:27:37
CYN,2025-08-21 20:27:37
LCNB,2025-08-21 20:27:37
CYCU,2025-08-21 20:27:37
VTGN,2025-08-21 20:27:37
KLAC,2025-08-21 20:27:37
ARDX,2025-08-21 20:27:37
SRTS,2025-08-21 20:27:37
KPTI,2025-08-21 20:27:37
VERX,2025-08-21 20:27:37
TTMI,2025-08-21 20:27:37
BRAG,2025-08-21 20:27:37
GMAB,2025-08-21 20:27:37
GOOG,2025-08-21 20:27:37
TRS,2025-08-21 20:27:37
LTBR,2025-08-21 20:27:37
ARAI,2025-08-21 20:27:37
EMPG,2025-08-21 20:27:37
BBSI,2025-08-21 20:27:37
BNTC,2025-08-21 20:27:37
DAKT,2025-08-21 20:27:37
BAND,2025-08-21 20:27:37
CCOI,2025-08-21 20:27:37
KSPI,2025-08-21 20:27:37
PLMR,2025-08-21 20:27:37
GOOGL,2025-08-21 20:27:37
BSY,2025-08-21 20:27:37
CROX,2025-08-21 20:27:37
FLYE,2025-08-21 20:27:37
ORKA,2025-08-21 20:27:37
STX,2025-08-21 20:27:37
ATLO,2025-08-21 20:27:37
ALXO,2025-08-21 20:27:37
ZENA,2025-08-21 20:27:37
CPB,2025-08-21 20:27:37
HSII,2025-08-21 20:27:37
BBOT,2025-08-21 20:27:37
KEQU,2025-08-21 20:27:37
ARQ,2025-08-21 20:27:37
CHCI,2025-08-21 20:27:37
QRVO,2025-08-21 20:27:37
INBX,2025-08-21 20:27:37
ENVX,2025-08-21 20:27:37
REFI,2025-08-21 20:27:37
APPN,2025-08-21 20:27:37
GPRE,2025-08-21 20:27:37
GYRE,2025-08-21 20:27:37
CRGO,2025-08-21 20:27:37
WCT,2025-08-21 20:27:37
XEL,2025-08-21 20:27:37
JRVR,2025-08-21 20:27:37
TNGX,2025-08-21 20:27:37
RXST,2025-08-21 20:27:37
DUOT,2025-08-21 20:27:37
HRMY,2025-08-21 20:27:37
PTGX,2025-08-21 20:27:37
EVLV,2025-08-21 20:27:37
EXC,2025-08-21 20:27:37
INSM,2025-08-21 20:27:37
SAIC,2025-08-21 20:27:37
FCNCA,2025-08-21 20:27:37
INVZ,2025-08-21 20:27:37
RENB,2025-08-21 20:27:37
FLWS,2025-08-21 20:27:37
CPRT,2025-08-21 20:27:37
MOGO,2025-08-21 20:27:37
FEMY,2025-08-21 20:27:37
LAMR,2025-08-21 20:27:37
HUMA,2025-08-21 20:27:37
GDYN,2025-08-21 20:27:37
HCSG,2025-08-21 20:27:37
EVGO,2025-08-21 20:27:37
BLIV,2025-08-21 20:27:37
ORGO,2025-08-21 20:27:37
GOOD,2025-08-21 20:27:37
HSDT,2025-08-21 20:27:37
AVXL,2025-08-21 20:27:37
SABS,2025-08-21 20:27:37
FGNX,2025-08-21 20:27:37
OCGN,2025-08-21 20:27:37
TRMB,2025-08-21 20:27:37
BMRC,2025-08-21 20:27:37
PPC,2025-08-21 20:27:37
FONR,2025-08-21 20:27:37
NBTX,2025-08-21 20:27:37
PCYO,2025-08-21 20:27:37
GRRR,2025-08-21 20:27:37
PROF,2025-08-21 20:27:37
TRUP,2025-08-21 20:27:37
FKWL,2025-08-21 20:27:37
INO,2025-08-21 20:27:37
SRZN,2025-08-21 20:27:37
PSIX,2025-08-21 20:27:37
FRPT,2025-08-21 20:27:37
ASYS,2025-08-21 20:27:37
HWBK,2025-08-21 20:27:37
IRD,2025-08-21 20:27:37
NTRA,2025-08-21 20:27:37
INMD,2025-08-21 20:27:37
FLNC,2025-08-21 20:27:37
TSBK,2025-08-21 20:27:37
CWCO,2025-08-21 20:27:37
ZD,2025-08-21 20:27:37
QCRH,2025-08-21 20:27:37
SHEN,2025-08-21 20:27:37
VFF,2025-08-21 20:27:37
ASPI,2025-08-21 20:27:37
KMB,2025-08-21 20:27:37
MLTX,2025-08-21 20:27:37
RDHL,2025-08-21 20:27:37
FIBK,2025-08-21 20:27:37
MYGN,2025-08-21 20:27:37
DAWN,2025-08-21 20:27:37
CAAS,2025-08-21 20:27:37
EDIT,2025-08-21 20:27:37
IFRX,2025-08-21 20:27:37
FNWD,2025-08-21 20:27:37
MODD,2025-08-21 20:27:37
ONB,2025-08-21 20:27:37
FMAO,2025-08-21 20:27:37
RAYA,2025-08-21 20:27:37
CJET,2025-08-21 20:27:37
SMLR,2025-08-21 20:27:37
EBC,2025-08-21 20:27:37
GLRE,2025-08-21 20:27:37
FTEL,2025-08-21 20:27:37
HYPR,2025-08-21 20:27:37
GSRT,2025-08-21 20:27:37
CERS,2025-08-21 20:27:37
TECX,2025-08-21 20:27:37
BWEN,2025-08-21 20:27:37
PNFP,2025-08-21 20:27:37
CGON,2025-08-21 20:27:37
SLDP,2025-08-21 20:27:37
QDEL,2025-08-21 20:27:37
BTBD,2025-08-21 20:27:37
HTZ,2025-08-21 20:27:37
LAKE,2025-08-21 20:27:37
DMRC,2025-08-21 20:27:37
INDV,2025-08-21 20:27:37
STEP,2025-08-21 20:27:37
IMMR,2025-08-21 20:27:37
CTSH,2025-08-21 20:27:37
JBLU,2025-08-21 20:27:37
IMMX,2025-08-21 20:27:37
HLNE,2025-08-21 20:27:37
IMMP,2025-08-21 20:27:37
GTLB,2025-08-21 20:27:37
GREE,2025-08-21 20:27:37
KMTS,2025-08-21 20:27:37
NAUT,2025-08-21 20:27:37
AIP,2025-08-21 20:27:37
ABUS,2025-08-21 20:27:37
LHAI,2025-08-21 20:27:37
BOLD,2025-08-21 20:27:37
CLBT,2025-08-21 20:27:37
ICHR,2025-08-21 20:27:37
LVO,2025-08-21 20:27:37
ILLR,2025-08-21 20:27:37
AGYS,2025-08-21 20:27:37
TWIN,2025-08-21 20:27:37
CIVB,2025-08-21 20:27:37
AGEN,2025-08-21 20:27:37
NHPBP,2025-08-21 20:27:37
CRSP,2025-08-21 20:27:37
QRHC,2025-08-21 20:27:37
LAES,2025-08-21 20:27:37
ARKO,2025-08-21 20:27:37
BCML,2025-08-21 20:27:37
POWL,2025-08-21 20:27:37
LFUS,2025-08-21 20:27:37
LAB,2025-08-21 20:27:37
APOG,2025-08-21 20:27:37
SFIX,2025-08-21 20:27:37
COSM,2025-08-21 20:27:37
BLDP,2025-08-21 20:27:37
BLTE,2025-08-21 20:27:37
AMPL,2025-08-21 20:27:37
MTSI,2025-08-21 20:27:37
SUUN,2025-08-21 20:27:37
AMZN,2025-08-21 20:27:37
ANIP,2025-08-21 20:27:37
NEOV,2025-08-21 20:27:37
ABVX,2025-08-21 20:27:37
WEST,2025-08-21 20:27:37
AUPH,2025-08-21 20:27:37
CBIO,2025-08-21 20:27:37
ALHC,2025-08-21 20:27:37
DSGX,2025-08-21 20:27:37
MIST,2025-08-21 20:27:37
FATBB,2025-08-21 20:27:37
ABL,2025-08-21 20:27:37
EXFY,2025-08-21 20:27:37
MYPS,2025-08-21 20:27:37
YTRA,2025-08-21 20:27:37
ANEB,2025-08-21 20:27:37
POWI,2025-08-21 20:27:37
LUNR,2025-08-21 20:27:37
MARA,2025-08-21 20:27:37
CLLS,2025-08-21 20:27:37
IZEA,2025-08-21 20:27:37
NXST,2025-08-21 20:27:37
VVPR,2025-08-21 20:27:37
ACNT,2025-08-21 20:27:37
LOGI,2025-08-21 20:27:37
LOPE,2025-08-21 20:27:37
LIN,2025-08-21 20:27:37
BIAF,2025-08-21 20:27:37
DHC,2025-08-21 20:27:37
KVHI,2025-08-21 20:27:37
ADTN,2025-08-21 20:27:37
ALVO,2025-08-21 20:27:37
AEI,2025-08-21 20:27:37
KOPN,2025-08-21 20:27:37
RVPH,2025-08-21 20:27:37
VRNA,2025-08-21 20:27:37
AMAT,2025-08-21 20:27:37
ANIK,2025-08-21 20:27:37
IPX,2025-08-21 20:27:37
BBCP,2025-08-21 20:27:37
MCFT,2025-08-21 20:27:37
CRSR,2025-08-21 20:27:37
MIDD,2025-08-21 20:27:37
AMCX,2025-08-21 20:27:37
PYXS,2025-08-21 20:27:37
KRMD,2025-08-21 20:27:37
LSAK,2025-08-21 20:27:37
MZTI,2025-08-21 20:27:37
CIGL,2025-08-21 20:27:37
MFIN,2025-08-21 20:27:37
PLRZ,2025-08-21 20:27:37
IRDM,2025-08-21 20:27:37
MIND,2025-08-21 20:27:37
MELI,2025-08-21 20:27:37
TYGO,2025-08-21 20:27:37
SITM,2025-08-21 20:27:37
KOSS,2025-08-21 20:27:37
FHB,2025-08-21 20:27:37
FIVN,2025-08-21 20:27:37
ISRG,2025-08-21 20:27:37
MGNX,2025-08-21 20:27:37
CTMX,2025-08-21 20:27:37
ISPR,2025-08-21 20:27:37
GMHS,2025-08-21 20:27:37
MIMI,2025-08-21 20:27:37
IQ,2025-08-21 20:27:37
JMSB,2025-08-21 20:27:37
IPA,2025-08-21 20:27:37
IOSP,2025-08-21 20:27:37
CNTY,2025-08-21 20:27:37
IEP,2025-08-21 20:27:37
MNKD,2025-08-21 20:27:37
AUUD,2025-08-21 20:27:37
BZAI,2025-08-21 20:27:37
SLRC,2025-08-21 20:27:37
MU,2025-08-21 20:27:37
NYXH,2025-08-21 20:27:37
MNMD,2025-08-21 20:27:37
INDB,2025-08-21 20:27:37
BVFL,2025-08-21 20:27:37
SVRA,2025-08-21 20:27:37
YORW,2025-08-21 20:27:37
KYTX,2025-08-21 20:27:37
CHA,2025-08-21 20:27:37
AYRO,2025-08-21 20:27:37
NDLS,2025-08-21 20:27:37
DAIC,2025-08-21 20:27:37
AMGN,2025-08-21 20:27:37
KNSA,2025-08-21 20:27:37
CFLT,2025-08-21 20:27:37
AMTX,2025-08-21 20:27:37
SPRY,2025-08-21 20:27:37
CNTX,2025-08-21 20:27:37
MGRM,2025-08-21 20:27:37
KGEI,2025-08-21 20:27:37
EHTH,2025-08-21 20:27:37
IART,2025-08-21 20:27:37
NBN,2025-08-21 20:27:37
SRDX,2025-08-21 20:27:37
DNLI,2025-08-21 20:27:37
TCBI,2025-08-21 20:27:37
WEN,2025-08-21 20:27:37
DARE,2025-08-21 20:27:37
AUTL,2025-08-21 20:27:37
LGIH,2025-08-21 20:27:37
HTBK,2025-08-21 20:27:37
CHMG,2025-08-21 20:27:37
PVLA,2025-08-21 20:27:37
RCAT,2025-08-21 20:27:37
CVGI,2025-08-21 20:27:37
MBWM,2025-08-21 20:27:37
RAY,2025-08-21 20:27:37
IMVT,2025-08-21 20:27:37
PYPL,2025-08-21 20:27:37
MTLS,2025-08-21 20:27:37
MOFG,2025-08-21 20:27:37
MRCC,2025-08-21 20:27:37
CGABL,2025-08-21 20:27:37
INGN,2025-08-21 20:27:37
GIII,2025-08-21 20:27:37
LAUR,2025-08-21 20:27:37
NCNO,2025-08-21 20:27:37
COCH,2025-08-21 20:27:37
FROG,2025-08-21 20:27:37
AGIO,2025-08-21 20:27:37
USAR,2025-08-21 20:27:37
ASTE,2025-08-21 20:27:37
CLDX,2025-08-21 20:27:37
BFIN,2025-08-21 20:27:37
MAMK,2025-08-21 20:27:37
ALGS,2025-08-21 20:27:37
VSEC,2025-08-21 20:27:37
WINT,2025-08-21 20:27:37
GUTS,2025-08-21 20:27:37
EFSC,2025-08-21 20:27:37
SISI,2025-08-21 20:27:37
SY,2025-08-21 20:27:37
TITN,2025-08-21 20:27:37
AKBA,2025-08-21 20:27:37
ATAT,2025-08-21 20:27:37
TIL,2025-08-21 20:27:37
IDXX,2025-08-21 20:27:37
NCMI,2025-08-21 20:27:37
CYTK,2025-08-21 20:27:37
FBIOP,2025-08-21 20:27:37
IMRX,2025-08-21 20:27:37
KPRX,2025-08-21 20:27:37
MSBI,2025-08-21 20:27:37
ADAP,2025-08-21 20:27:37
CHSCM,2025-08-21 20:27:37
MNOV,2025-08-21 20:27:37
INCY,2025-08-21 20:27:37
LNSR,2025-08-21 20:27:37
ITRN,2025-08-21 20:27:37
BMGL,2025-08-21 20:27:37
MAMA,2025-08-21 20:27:37
EVRG,2025-08-21 20:27:37
TCOM,2025-08-21 20:27:37
ADSK,2025-08-21 20:27:37
AHCO,2025-08-21 20:27:37
NRIX,2025-08-21 20:27:37
DGXX,2025-08-21 20:27:37
EPWK,2025-08-21 20:27:37
YSXT,2025-08-21 20:27:37
ZEUS,2025-08-21 20:27:37
LKFN,2025-08-21 20:27:37
CARG,2025-08-21 20:27:37
SKIN,2025-08-21 20:27:37
CHRS,2025-08-21 20:27:37
CCSI,2025-08-21 20:27:37
EKSO,2025-08-21 20:27:37
CBFV,2025-08-21 20:27:37
KURA,2025-08-21 20:27:37
IOTR,2025-08-21 20:27:37
ARM,2025-08-21 20:27:37
HSTM,2025-08-21 20:27:37
VERO,2025-08-21 20:27:37
CREG,2025-08-21 20:27:37
DSGN,2025-08-21 20:27:37
IBOC,2025-08-21 20:27:37
XLO,2025-08-21 20:27:37
ABCL,2025-08-21 20:27:37
KITT,2025-08-21 20:27:37
KIDZ,2025-08-21 20:27:37
YHC,2025-08-21 20:27:37
INTG,2025-08-21 20:27:37
UVSP,2025-08-21 20:27:37
VNOM,2025-08-21 20:27:37
DGNX,2025-08-21 20:27:37
DRMA,2025-08-21 20:27:37
ARAY,2025-08-21 20:27:37
LEGH,2025-08-21 20:27:37
VRRM,2025-08-21 20:27:37
BNRG,2025-08-21 20:27:37
AUDC,2025-08-21 20:27:37
FLY,2025-08-21 20:27:37
VIAV,2025-08-21 20:27:37
ARQQ,2025-08-21 20:27:37
AMIX,2025-08-21 20:27:37
UNCY,2025-08-21 20:27:37
ANGI,2025-08-21 20:27:37
CRIS,2025-08-21 20:27:37
BGL,2025-08-21 20:27:37
CHPG,2025-08-21 20:27:37
YMAB,2025-08-21 20:27:37
SNEX,2025-08-21 20:27:37
ALMU,2025-08-21 20:27:37
CZNC,2025-08-21 20:27:37
CASK,2025-08-21 20:27:37
MNPR,2025-08-21 20:27:37
KRNY,2025-08-21 20:27:37
CSIQ,2025-08-21 20:27:37
CZR,2025-08-21 20:27:37
NN,2025-08-21 20:27:37
KLTR,2025-08-21 20:27:37
JJSF,2025-08-21 20:27:37
ZM,2025-08-21 20:27:37
BOTJ,2025-08-21 20:27:37
HRZN,2025-08-21 20:27:37
GDS,2025-08-21 20:27:37
SOFI,2025-08-21 20:27:37
DJCO,2025-08-21 20:27:37
TTSH,2025-08-21 20:27:37
ERIE,2025-08-21 20:27:37
MAMO,2025-08-21 20:27:37
DVLT,2025-08-21 20:27:37
ALDX,2025-08-21 20:27:37
SIDU,2025-08-21 20:27:37
ESPR,2025-08-21 20:27:37
STKS,2025-08-21 20:27:37
GEVO,2025-08-21 20:27:37
CBAT,2025-08-21 20:27:37
KRYS,2025-08-21 20:27:37
VALN,2025-08-21 20:27:37
ADUS,2025-08-21 20:27:37
CMPS,2025-08-21 20:27:37
AURA,2025-08-21 20:27:37
BOLT,2025-08-21 20:27:37
COHU,2025-08-21 20:27:37
TOWN,2025-08-21 20:27:37
EU,2025-08-21 20:27:37
CRWD,2025-08-21 20:27:37
VALU,2025-08-21 20:27:37
CSAI,2025-08-21 20:27:37
MVST,2025-08-21 20:27:37
AFCG,2025-08-21 20:27:37
BTOG,2025-08-21 20:27:37
ERII,2025-08-21 20:27:37
DRTS,2025-08-21 20:27:37
FTAI,2025-08-21 20:27:37
ASO,2025-08-21 20:27:37
SLDE,2025-08-21 20:27:37
MNTK,2025-08-21 20:27:37
TGL,2025-08-21 20:27:37
FLYW,2025-08-21 20:27:37
ELVN,2025-08-21 20:27:37
CAEP,2025-08-21 20:27:37
CNDT,2025-08-21 20:27:37
ACGLO,2025-08-21 20:27:37
GLUE,2025-08-21 20:27:37
ATHR,2025-08-21 20:27:37
KHC,2025-08-21 20:27:37
JAGX,2025-08-21 20:27:37
CAMP,2025-08-21 20:27:37
CDZI,2025-08-21 20:27:37
AMPH,2025-08-21 20:27:37
FDMT,2025-08-21 20:27:37
NWBI,2025-08-21 20:27:37
MPAA,2025-08-21 20:27:37
WOOF,2025-08-21 20:27:37
GSBC,2025-08-21 20:27:37
PLCE,2025-08-21 20:27:37
MANH,2025-08-21 20:27:37
TRON,2025-08-21 20:27:37
FXNC,2025-08-21 20:27:37
ACLX,2025-08-21 20:27:37
JOYY,2025-08-21 20:27:37
IQST,2025-08-21 20:27:37
BIIB,2025-08-21 20:27:37
BL,2025-08-21 20:27:37
GXAI,2025-08-21 20:27:37
TEAM,2025-08-21 20:27:37
CISO,2025-08-21 20:27:37
DTI,2025-08-21 20:27:37
HCAI,2025-08-21 20:27:37
RIOT,2025-08-21 20:27:37
GECC,2025-08-21 20:27:37
GTEC,2025-08-21 20:27:37
PLTK,2025-08-21 20:27:37
GRYP,2025-08-21 20:27:37
GROW,2025-08-21 20:27:37
RSSS,2025-08-21 20:27:37
GRAB,2025-08-21 20:27:37
DLTH,2025-08-21 20:27:37
DKNG,2025-08-21 20:27:37
TPCS,2025-08-21 20:27:37
ADI,2025-08-21 20:27:37
BZUN,2025-08-21 20:27:37
HBAN,2025-08-21 20:27:37
INLF,2025-08-21 20:27:37
DOYU,2025-08-21 20:27:37
III,2025-08-21 20:27:37
FCCO,2025-08-21 20:27:37
FSLR,2025-08-21 20:27:37
ESTA,2025-08-21 20:27:37
BON,2025-08-21 20:27:37
BULL,2025-08-21 20:27:37
OLMA,2025-08-21 20:27:37
FIP,2025-08-21 20:27:37
FULTP,2025-08-21 20:27:37
DLO,2025-08-21 20:27:37
SPSC,2025-08-21 20:27:37
GTM,2025-08-21 20:27:37
GBDC,2025-08-21 20:27:37
IIIV,2025-08-21 20:27:37
VIOT,2025-08-21 20:27:37
FTFT,2025-08-21 20:27:37
ACLS,2025-08-21 20:27:37
APGE,2025-08-21 20:27:37
FTNT,2025-08-21 20:27:37
DOX,2025-08-21 20:27:37
AEP,2025-08-21 20:27:37
FTLF,2025-08-21 20:27:37
LZMH,2025-08-21 20:27:37
GORV,2025-08-21 20:27:37
LBRDA,2025-08-21 20:27:37
FHTX,2025-08-21 20:27:37
CLMT,2025-08-21 20:27:37
RIME,2025-08-21 20:27:37
APLD,2025-08-21 20:27:37
MRM,2025-08-21 20:27:37
BAFN,2025-08-21 20:27:37
DMAC,2025-08-21 20:27:37
ZBIO,2025-08-21 20:27:37
GSAT,2025-08-21 20:27:37
OBIO,2025-08-21 20:27:37
EOSE,2025-08-21 20:27:37
ICUI,2025-08-21 20:27:37
HTLD,2025-08-21 20:27:37
EDHL,2025-08-21 20:27:37
CRDF,2025-08-21 20:27:37
GEG,2025-08-21 20:27:37
EBAY,2025-08-21 20:27:37
GDEN,2025-08-21 20:27:37
RILY,2025-08-21 20:27:37
QUBT,2025-08-21 20:27:37
OMDA,2025-08-21 20:27:37
CLYM,2025-08-21 20:27:37
CRNC,2025-08-21 20:27:37
PTLO,2025-08-21 20:27:37
LEDS,2025-08-21 20:27:37
RPAY,2025-08-21 20:27:37
FCBC,2025-08-21 20:27:37
META,2025-08-21 20:27:37
DERM,2025-08-21 20:27:37
APLS,2025-08-21 20:27:37
LGCL,2025-08-21 20:27:37
GLMD,2025-08-21 20:27:37
FRHC,2025-08-21 20:27:37
DASH,2025-08-21 20:27:37
CRESY,2025-08-21 20:27:37
SDGR,2025-08-21 20:27:37
BLNE,2025-08-21 20:27:37
BMR,2025-08-21 20:27:37
BLNK,2025-08-21 20:27:37
BIRD,2025-08-21 20:27:37
RPID,2025-08-21 20:27:37
SAIA,2025-08-21 20:27:37
BIOX,2025-08-21 20:27:37
CNET,2025-08-21 20:27:37
KG,2025-08-21 20:27:37
IPGP,2025-08-21 20:27:37
HOVR,2025-08-21 20:27:37
MGX,2025-08-21 20:27:37
KMRK,2025-08-21 20:27:37
BYSI,2025-08-21 20:27:37
DIT,2025-08-21 20:27:37
BOSC,2025-08-21 20:27:37
DFSC,2025-08-21 20:27:37
HWC,2025-08-21 20:27:37
OFSSH,2025-08-21 20:27:37
IREN,2025-08-21 20:27:37
ANDE,2025-08-21 20:27:37
BCARW,2025-08-21 20:27:37
ALKS,2025-08-21 20:27:37
ALEC,2025-08-21 20:27:37
LXEH,2025-08-21 20:27:37
AIRJ,2025-08-21 20:27:37
PED,2025-08-21 20:27:37
CHR,2025-08-21 20:27:37
RVYL,2025-08-21 20:27:37
ALTS,2025-08-21 20:27:37
HXHX,2025-08-21 20:27:37
IDN,2025-08-21 20:27:37
HURA,2025-08-21 20:27:37
LSTR,2025-08-21 20:27:37
OXLCN,2025-08-21 20:27:37
NXTC,2025-08-21 20:27:37
AACB,2025-08-21 20:27:37
KLIC,2025-08-21 20:27:37
MBIN,2025-08-21 20:27:37
RSVR,2025-08-21 20:27:37
CNFR,2025-08-21 20:27:37
LINE,2025-08-21 20:27:37
AQB,2025-08-21 20:27:37
VRDN,2025-08-21 20:27:37
LCFY,2025-08-21 20:27:37
MXCT,2025-08-21 20:27:37
JBDI,2025-08-21 20:27:37
KCHVR,2025-08-21 20:27:37
ICLR,2025-08-21 20:27:37
NCTY,2025-08-21 20:27:37
MDCX,2025-08-21 20:27:37
MAXN,2025-08-21 20:27:37
RNXT,2025-08-21 20:27:37
LSCC,2025-08-21 20:27:37
DENN,2025-08-21 20:27:37
NKTR,2025-08-21 20:27:37
LDWY,2025-08-21 20:27:37
AAPG,2025-08-21 20:27:37
NAAS,2025-08-21 20:27:37
RNW,2025-08-21 20:27:37
MSAI,2025-08-21 20:27:37
INTA,2025-08-21 20:27:37
NECB,2025-08-21 20:27:37
ISOU,2025-08-21 20:27:37
ISTR,2025-08-21 20:27:37
TW,2025-08-21 20:27:37
CLWT,2025-08-21 20:27:37
MIRM,2025-08-21 20:27:37
HNNA,2025-08-21 20:27:37
NBIS,2025-08-21 20:27:37
OXLCZ,2025-08-21 20:27:37
NCNA,2025-08-21 20:27:37
EZPW,2025-08-21 20:27:37
ALTI,2025-08-21 20:27:37
NTIP,2025-08-21 20:27:37
ISSC,2025-08-21 20:27:37
PFX,2025-08-21 20:27:37
MRAM,2025-08-21 20:27:37
OTTR,2025-08-21 20:27:37
MTRX,2025-08-21 20:27:37
OYSE,2025-08-21 20:27:37
MBINM,2025-08-21 20:27:37
NVA,2025-08-21 20:27:37
RR,2025-08-21 20:27:37
AIRE,2025-08-21 20:27:37
XNET,2025-08-21 20:27:37
LMAT,2025-08-21 20:27:37
PDLB,2025-08-21 20:27:37
BVS,2025-08-21 20:27:37
ALLT,2025-08-21 20:27:37
XXII,2025-08-21 20:27:37
HLP,2025-08-21 20:27:37
IOVA,2025-08-21 20:27:37
ICFI,2025-08-21 20:27:37
BKYI,2025-08-21 20:27:37
ALNY,2025-08-21 20:27:37
GOODO,2025-08-21 20:27:37
KTOS,2025-08-21 20:27:37
VSEE,2025-08-21 20:27:37
XPL,2025-08-21 20:27:37
PANL,2025-08-21 20:27:37
MDRR,2025-08-21 20:27:37
NIU,2025-08-21 20:27:37
BUUU,2025-08-21 20:27:37
OUST,2025-08-21 20:27:37
CHDN,2025-08-21 20:27:37
PRCT,2025-08-21 20:27:37
OBE,2025-08-21 20:27:37
MDIA,2025-08-21 20:27:37
ORLY,2025-08-21 20:27:37
ELMD,2025-08-21 20:27:37
TWNP,2025-08-21 20:27:37
PCAPW,2025-08-21 20:27:37
USEG,2025-08-21 20:27:37
ACU,2025-08-21 20:27:37
CRAQU,2025-08-21 20:27:37
YB,2025-08-21 20:27:37
FEIM,2025-08-21 20:27:37
BBGI,2025-08-21 20:27:37
NNE,2025-08-21 20:27:37
REG,2025-08-21 20:27:37
URG,2025-08-21 20:27:37
HTCR,2025-08-21 20:27:37
YQ,2025-08-21 20:27:37
AMS,2025-08-21 20:27:37
TOYO,2025-08-21 20:27:37
SUNS,2025-08-21 20:27:37
PASG,2025-08-21 20:27:37
MPTI,2025-08-21 20:27:37
PTNM,2025-08-21 20:27:37
PAVS,2025-08-21 20:27:37
TBH,2025-08-21 20:27:37
MBUU,2025-08-21 20:27:37
ILAG,2025-08-21 20:27:37
SBAC,2025-08-21 20:27:37
SYRS,2025-08-21 20:27:37
TACOU,2025-08-21 20:27:37
QSI,2025-08-21 20:27:37
PAPL,2025-08-21 20:27:37
ANTX,2025-08-21 20:27:37
TRSG,2025-08-21 20:27:37
FORLU,2025-08-21 20:27:37
SNWV,2025-08-21 20:27:37
AACG,2025-08-21 20:27:37
ELTX,2025-08-21 20:27:37
LCTX,2025-08-21 20:27:37
PBHC,2025-08-21 20:27:37
QUIK,2025-08-21 20:27:37
SEVN,2025-08-21 20:27:37
TCBIO,2025-08-21 20:27:37
TUSK,2025-08-21 20:27:37
GLXG,2025-08-21 20:27:37
KALV,2025-08-21 20:27:37
PSKY,2025-08-21 20:27:37
SSEAU,2025-08-21 20:27:37
MYSEW,2025-08-21 20:27:37
IMRN,2025-08-21 20:27:37
NVEC,2025-08-21 20:27:37
TENX,2025-08-21 20:27:37
AKTX,2025-08-21 20:27:37
MLEC,2025-08-21 20:27:37
PAMT,2025-08-21 20:27:37
RMSG,2025-08-21 20:27:37
RXT,2025-08-21 20:27:37
AXAC,2025-08-21 20:27:37
HPAI,2025-08-21 20:27:37
URGN,2025-08-21 20:27:37
SEED,2025-08-21 20:27:37
SNYR,2025-08-21 20:27:37
CRAQ,2025-08-21 20:27:37
MEGL,2025-08-21 20:27:37
MCRP,2025-08-21 20:27:37
SFHG,2025-08-21 20:27:37
MNSBP,2025-08-21 20:27:37
MMA,2025-08-21 20:27:37
JLHL,2025-08-21 20:27:37
CLGN,2025-08-21 20:27:37
VYNE,2025-08-21 20:27:37
GTI,2025-08-21 20:27:37
CMMB,2025-08-21 20:27:37
VWAVW,2025-08-21 20:27:37
VRM,2025-08-21 20:27:37
NRDS,2025-08-21 20:27:37
OPBK,2025-08-21 20:27:37
RAAQ,2025-08-21 20:27:37
PYPD,2025-08-21 20:27:37
ATXG,2025-08-21 20:27:37
FGI,2025-08-21 20:27:37
PHIO,2025-08-21 20:27:37
FTAIN,2025-08-21 20:27:37
YNOT,2025-08-21 20:27:37
WLDS,2025-08-21 20:27:37
FOXX,2025-08-21 20:27:37
MMYT,2025-08-21 20:27:37
SPOK,2025-08-21 20:27:37
SGN,2025-08-21 20:27:37
CRKN,2025-08-21 20:27:37
VRNT,2025-08-21 20:27:37
VABK,2025-08-21 20:27:37
RDWR,2025-08-21 20:27:37
MGIH,2025-08-21 20:27:37
OCUL,2025-08-21 20:27:37
NCRA,2025-08-21 20:27:37
MOBX,2025-08-21 20:27:37
DDOG,2025-08-21 20:27:37
FERAR,2025-08-21 20:27:37
RECT,2025-08-21 20:27:37
TGB,2025-08-21 20:27:37
CYCN,2025-08-21 20:27:37
SJ,2025-08-21 20:27:37
PRPH,2025-08-21 20:27:37
ADTX,2025-08-21 20:27:37
VMEO,2025-08-21 20:27:37
TDIC,2025-08-21 20:27:37
OSIS,2025-08-21 20:27:37
AWRE,2025-08-21 20:27:37
PSHG,2025-08-21 20:27:37
SIGA,2025-08-21 20:27:37
BDRX,2025-08-21 20:27:37
SPCB,2025-08-21 20:27:37
VTAK,2025-08-21 20:27:37
LOBO,2025-08-21 20:27:37
CCIX,2025-08-21 20:27:37
KLRS,2025-08-21 20:27:37
AREN,2025-08-21 20:27:37
SHIM,2025-08-21 20:27:37
POAI,2025-08-21 20:27:37
TACT,2025-08-21 20:27:37
CYBN,2025-08-21 20:27:37
JZ,2025-08-21 20:27:37
NSYS,2025-08-21 20:27:37
FGNXP,2025-08-21 20:27:37
BEAGU,2025-08-21 20:27:37
XAIR,2025-08-21 20:27:37
PRFX,2025-08-21 20:27:37
ASLE,2025-08-21 20:27:37
DVS,2025-08-21 20:27:37
SPTN,2025-08-21 20:27:37
RRGB,2025-08-21 20:27:37
TACHU,2025-08-21 20:27:37
FACTU,2025-08-21 20:27:37
STI,2025-08-21 20:27:37
EYEG,2025-08-21 20:27:37
LOKVU,2025-08-21 20:27:37
CHCO,2025-08-21 20:27:37
USGO,2025-08-21 20:27:37
VLYPP,2025-08-21 20:27:37
LNZA,2025-08-21 20:27:37
NIXX,2025-08-21 20:27:37
DC,2025-08-21 20:27:37
CMPR,2025-08-21 20:27:37
CREV,2025-08-21 20:27:37
VOLT,2025-08-21 20:27:37
SQFT,2025-08-21 20:27:37
SAFX,2025-08-21 20:27:37
ALF,2025-08-21 20:27:37
SYRA,2025-08-21 20:27:37
UAMY,2025-08-21 20:27:37
REE,2025-08-21 20:27:37
SNTI,2025-08-21 20:27:37
BNAI,2025-08-21 20:27:37
CCCXW,2025-08-21 20:27:37
PCT,2025-08-21 20:27:37
KRKR,2025-08-21 20:27:37
PENN,2025-08-21 20:27:37
SWIM,2025-08-21 20:27:37
VIVK,2025-08-21 20:27:37
URBN,2025-08-21 20:27:37
SIEB,2025-08-21 20:27:37
CENN,2025-08-21 20:27:37
ROP,2025-08-21 20:27:37
SGLY,2025-08-21 20:27:37
QLYS,2025-08-21 20:27:37
AMBR,2025-08-21 20:27:37
UCTT,2025-08-21 20:27:37
ICU,2025-08-21 20:27:37
IONR,2025-08-21 20:27:37
TMP,2025-08-21 20:27:37
BANX,2025-08-21 20:27:37
WXM,2025-08-21 20:27:37
NVCR,2025-08-21 20:27:37
SGRY,2025-08-21 20:27:37
STGW,2025-08-21 20:27:37
TMQ,2025-08-21 20:27:37
VICR,2025-08-21 20:27:37
CTM,2025-08-21 20:27:37
TRAW,2025-08-21 20:27:37
SHOT,2025-08-21 20:27:37
NTIC,2025-08-21 20:27:37
PANW,2025-08-21 20:27:37
PCTY,2025-08-21 20:27:37
STRW,2025-08-21 20:27:37
TAYD,2025-08-21 20:27:37
TROW,2025-08-21 20:27:37
YHGJ,2025-08-21 20:27:37
PMVC,2025-08-21 20:27:37
NXPL,2025-08-21 20:27:37
PCVX,2025-08-21 20:27:37
LIF,2025-08-21 20:27:37
OSTX,2025-08-21 20:27:37
CTKB,2025-08-21 20:27:37
HUIZ,2025-08-21 20:27:37
SNDK,2025-08-21 20:27:37
RRBI,2025-08-21 20:27:37
NCPL,2025-08-21 20:27:37
CDLX,2025-08-21 20:27:37
SPPL,2025-08-21 20:27:37
BPYPM,2025-08-21 20:27:37
SOHO,2025-08-21 20:27:37
NBBK,2025-08-21 20:27:37
ATHE,2025-08-21 20:27:37
ZURA,2025-08-21 20:27:37
DTSS,2025-08-21 20:27:37
CAPT,2025-08-21 20:27:37
BWFG,2025-08-21 20:27:37
XTNT,2025-08-21 20:27:37
ORMP,2025-08-21 20:27:37
WALD,2025-08-21 20:27:37
NEWP,2025-08-21 20:27:37
TH,2025-08-21 20:27:37
ZJYL,2025-08-21 20:27:37
VSTM,2025-08-21 20:27:37
CSTE,2025-08-21 20:27:37
ADAG,2025-08-21 20:27:37
WHLRD,2025-08-21 20:27:37
CPIX,2025-08-21 20:27:37
TRINZ,2025-08-21 20:27:37
HSPT,2025-08-21 20:27:37
DXST,2025-08-21 20:27:37
RNAC,2025-08-21 20:27:37
EQX,2025-08-21 20:27:37
BPYPP,2025-08-21 20:27:37
GTE,2025-08-21 20:27:37
PRDO,2025-08-21 20:27:37
VTRS,2025-08-21 20:27:37
SOHOB,2025-08-21 20:27:37
SVCO,2025-08-21 20:27:37
REGN,2025-08-21 20:27:37
GRVY,2025-08-21 20:27:37
WWR,2025-08-21 20:27:37
IAUX,2025-08-21 20:27:37
KTTA,2025-08-21 20:27:37
SNFCA,2025-08-21 20:27:37
APCX,2025-08-21 20:27:37
TRT,2025-08-21 20:27:37
SPRC,2025-08-21 20:27:37
JUNS,2025-08-21 20:27:37
VRCA,2025-08-21 20:27:37
VEON,2025-08-21 20:27:37
GAUZ,2025-08-21 20:27:37
BRNS,2025-08-21 20:27:37
SSP,2025-08-21 20:27:37
KARO,2025-08-21 20:27:37
QNST,2025-08-21 20:27:37
WTMAU,2025-08-21 20:27:37
THRM,2025-08-21 20:27:37
AIMD,2025-08-21 20:27:37
AIFU,2025-08-21 20:27:37
NWGL,2025-08-21 20:27:37
APPS,2025-08-21 20:27:37
SWKHL,2025-08-21 20:27:37
POOL,2025-08-21 20:27:37
FSI,2025-08-21 20:27:37
PC,2025-08-21 20:27:37
YI,2025-08-21 20:27:37
NEWT,2025-08-21 20:27:37
CELU,2025-08-21 20:27:37
XBIT,2025-08-21 20:27:37
PEGA,2025-08-21 20:27:37
ETHZW,2025-08-21 20:27:37
SIMA,2025-08-21 20:27:37
STNE,2025-08-21 20:27:37
OESX,2025-08-21 20:27:37
OPCH,2025-08-21 20:27:37
YOUL,2025-08-21 20:27:37
TRIN,2025-08-21 20:27:37
GAINZ,2025-08-21 20:27:37
LINK,2025-08-21 20:27:37
THRY,2025-08-21 20:27:37
DDC,2025-08-21 20:27:37
PWM,2025-08-21 20:27:37
JKHY,2025-08-21 20:27:37
VNTG,2025-08-21 20:27:37
TREE,2025-08-21 20:27:37
CHAC,2025-08-21 20:27:37
ODYS,2025-08-21 20:27:37
NERV,2025-08-21 20:27:37
XELB,2025-08-21 20:27:37
ETOR,2025-08-21 20:27:37
SINT,2025-08-21 20:27:37
TLN,2025-08-21 20:27:37
INUV,2025-08-21 20:27:37
EXOD,2025-08-21 20:27:37
SELX,2025-08-21 20:27:37
SWIN,2025-08-21 20:27:37
ELA,2025-08-21 20:27:37
NBY,2025-08-21 20:27:37
TRML,2025-08-21 20:27:37
TNFA,2025-08-21 20:27:37
NSRX,2025-08-21 20:27:37
TURB,2025-08-21 20:27:37
EVGN,2025-08-21 20:27:37
SCWO,2025-08-21 20:27:37
OXLCL,2025-08-21 20:27:37
MOLN,2025-08-21 20:27:37
TORO,2025-08-21 20:27:37
XRX,2025-08-21 20:27:37
CERO,2025-08-21 20:27:37
PALI,2025-08-21 20:27:37
SBFG,2025-08-21 20:27:37
SANM,2025-08-21 20:27:37
OMCC,2025-08-21 20:27:37
SNT,2025-08-21 20:27:37
ODD,2025-08-21 20:27:37
ONFO,2025-08-21 20:27:37
RBNE,2025-08-21 20:27:37
PLAY,2025-08-21 20:27:37
REVB,2025-08-21 20:27:37
SOWG,2025-08-21 20:27:37
NWPX,2025-08-21 20:27:37
PMAX,2025-08-21 20:27:37
OCCIO,2025-08-21 20:27:37
SACH,2025-08-21 20:27:37
RILYT,2025-08-21 20:27:37
TALK,2025-08-21 20:27:37
BINI,2025-08-21 20:27:37
OPRA,2025-08-21 20:27:37
FORD,2025-08-21 20:27:37
CTRN,2025-08-21 20:27:37
PTPI,2025-08-21 20:27:37
RUSHA,2025-08-21 20:27:37
RBCAA,2025-08-21 20:27:37
NCSM,2025-08-21 20:27:37
OPRX,2025-08-21 20:27:37
IINN,2025-08-21 20:27:37
RYAAY,2025-08-21 20:27:37
ONDS,2025-08-21 20:27:37
SGD,2025-08-21 20:27:37
ORIQU,2025-08-21 20:27:37
RHLD,2025-08-21 20:27:37
PNFPP,2025-08-21 20:27:37
HSPTR,2025-08-21 20:27:37
RMBS,2025-08-21 20:27:37
ATOS,2025-08-21 20:27:37
PBYI,2025-08-21 20:27:37
PRK,2025-08-21 20:27:37
LNKS,2025-08-21 20:27:37
OXSQG,2025-08-21 20:27:37
AKRO,2025-08-21 20:27:37
RELY,2025-08-21 20:27:37
RVSN,2025-08-21 20:27:37
RCMT,2025-08-21 20:27:37
ROKU,2025-08-21 20:27:37
OPK,2025-08-21 20:27:37
BRLT,2025-08-21 20:27:37
SHIP,2025-08-21 20:27:37
PODC,2025-08-21 20:27:37
TBLA,2025-08-21 20:27:37
RIGL,2025-08-21 20:27:37
OCG,2025-08-21 20:27:37
PTHL,2025-08-21 20:27:37
OLLI,2025-08-21 20:27:37
BANL,2025-08-21 20:27:37
TNON,2025-08-21 20:27:37
FSP,2025-08-21 20:27:37
PRQR,2025-08-21 20:27:37
QVCGP,2025-08-21 20:27:37
PRTC,2025-08-21 20:27:37
PLBC,2025-08-21 20:27:37
UEC,2025-08-21 20:27:37
ODP,2025-08-21 20:27:37
PLBY,2025-08-21 20:27:37
SNAX,2025-08-21 20:27:37
PMNT,2025-08-21 20:27:37
PLXS,2025-08-21 20:27:37
BSAAU,2025-08-21 20:27:37
PBFS,2025-08-21 20:27:37
ICMB,2025-08-21 20:27:37
BIYA,2025-08-21 20:27:37
TXG,2025-08-21 20:27:37
PNRG,2025-08-21 20:27:37
ADGM,2025-08-21 20:27:37
PTEN,2025-08-21 20:27:37
TECH,2025-08-21 20:27:37
POWWP,2025-08-21 20:27:37
CSPI,2025-08-21 20:27:37
OCSL,2025-08-21 20:27:37
BTSGU,2025-08-21 20:27:37
ESP,2025-08-21 20:27:37
HBT,2025-08-21 20:27:37
HTCO,2025-08-21 20:27:37
CRML,2025-08-21 20:27:37
GCT,2025-08-21 20:27:37
CVU,2025-08-21 20:27:37
GIGM,2025-08-21 20:27:37
GROY,2025-08-21 20:27:37
HROWM,2025-08-21 20:27:37
DOMO,2025-08-21 20:27:37
CTGO,2025-08-21 20:27:37
CLSK,2025-08-21 20:27:37
HSPTU,2025-08-21 20:27:37
GOCO,2025-08-21 20:27:37
CCTG,2025-08-21 20:27:37
FATN,2025-08-21 20:27:37
CAPN,2025-08-21 20:27:37
FLGC,2025-08-21 20:27:37
HYLN,2025-08-21 20:27:37
GDSTU,2025-08-21 20:27:37
GNTA,2025-08-21 20:27:37
SENEB,2025-08-21 20:27:37
XNCR,2025-08-21 20:27:37
JCTC,2025-08-21 20:27:37
LGCB,2025-08-21 20:27:37
NAVI,2025-08-21 20:27:37
OMH,2025-08-21 20:27:37
NAMM,2025-08-21 20:27:37
POLA,2025-08-21 20:27:37
NCI,2025-08-21 20:27:37
MAIA,2025-08-21 20:27:37
MAAS,2025-08-21 20:27:37
CORZZ,2025-08-21 20:27:37
FIGXW,2025-08-21 20:27:37
NEON,2025-08-21 20:27:37
PETS,2025-08-21 20:27:37
ALDF,2025-08-21 20:27:37
CHSCP,2025-08-21 20:27:37
OKUR,2025-08-21 20:27:37
LSE,2025-08-21 20:27:37
SGC,2025-08-21 20:27:37
ARLP,2025-08-21 20:27:37
SBET,2025-08-21 20:27:37
MNDR,2025-08-21 20:27:37
NIPG,2025-08-21 20:27:37
AGNCO,2025-08-21 20:27:37
TAOX,2025-08-21 20:27:37
RBKB,2025-08-21 20:27:37
WBD,2025-08-21 20:27:37
RTAC,2025-08-21 20:27:37
KAPA,2025-08-21 20:27:37
EDSA,2025-08-21 20:27:37
DDI,2025-08-21 20:27:37
MLACR,2025-08-21 20:27:37
ANGH,2025-08-21 20:27:37
NB,2025-08-21 20:27:37
ONBPP,2025-08-21 20:27:37
ISPC,2025-08-21 20:27:37
WAVE,2025-08-21 20:27:37
SPNS,2025-08-21 20:27:37
VRME,2025-08-21 20:27:37
MBIO,2025-08-21 20:27:37
DMLP,2025-08-21 20:27:37
WABC,2025-08-21 20:27:37
MVIS,2025-08-21 20:27:37
BYND,2025-08-21 20:27:37
PELIU,2025-08-21 20:27:37
MLCO,2025-08-21 20:27:37
UK,2025-08-21 20:27:37
PIII,2025-08-21 20:27:37
LWAC,2025-08-21 20:27:37
PAA,2025-08-21 20:27:37
PLMK,2025-08-21 20:27:37
TEM,2025-08-21 20:27:37
ACRV,2025-08-21 20:27:37
EXAS,2025-08-21 20:27:37
NEO,2025-08-21 20:27:37
KULR,2025-08-21 20:27:37
LGCY,2025-08-21 20:27:37
IMTE,2025-08-21 20:27:37
TVRD,2025-08-21 20:27:37
CLPS,2025-08-21 20:27:37
CHSCO,2025-08-21 20:27:37
CNEY,2025-08-21 20:27:37
IVP,2025-08-21 20:27:37
PACB,2025-08-21 20:27:37
NUWE,2025-08-21 20:27:37
RBB,2025-08-21 20:27:37
DTSQR,2025-08-21 20:27:37
LBGJ,2025-08-21 20:27:37
EH,2025-08-21 20:27:37
SNY,2025-08-21 20:27:37
ITIC,2025-08-21 20:27:37
SWKH,2025-08-21 20:27:37
OPOF,2025-08-21 20:27:37
NOEM,2025-08-21 20:27:37
OBLG,2025-08-21 20:27:37
DFSCW,2025-08-21 20:27:37
RMBI,2025-08-21 20:27:37
JRSH,2025-08-21 20:27:37
SBGI,2025-08-21 20:27:37
XAGE,2025-08-21 20:27:37
IPCX,2025-08-21 20:27:37
RELI,2025-08-21 20:27:37
IDR,2025-08-21 20:27:37
MGRX,2025-08-21 20:27:37
CATX,2025-08-21 20:27:37
MTNB,2025-08-21 20:27:37
CGBDL,2025-08-21 20:27:37
SCVL,2025-08-21 20:27:37
OVLY,2025-08-21 20:27:37
PTON,2025-08-21 20:27:37
FATBP,2025-08-21 20:27:37
EZGO,2025-08-21 20:27:37
SHBI,2025-08-21 20:27:37
TNMG,2025-08-21 20:27:37
TRVG,2025-08-21 20:27:37
ACTG,2025-08-21 20:27:37
CTNT,2025-08-21 20:27:37
REAX,2025-08-21 20:27:37
ELTK,2025-08-21 20:27:37
AIRT,2025-08-21 20:27:37
PBPB,2025-08-21 20:27:37
RUN,2025-08-21 20:27:37
PRSO,2025-08-21 20:27:37
RELL,2025-08-21 20:27:37
PRPO,2025-08-21 20:27:37
BACCU,2025-08-21 20:27:37
BLRX,2025-08-21 20:27:37
SSYS,2025-08-21 20:27:37
MKDW,2025-08-21 20:27:37
TTEC,2025-08-21 20:27:37
PROV,2025-08-21 20:27:37
TCMD,2025-08-21 20:27:37
IRRXU,2025-08-21 20:27:37
DYCQ,2025-08-21 20:27:37
OPEN,2025-08-21 20:27:37
PBBK,2025-08-21 20:27:37
MYSE,2025-08-21 20:27:37
FSEA,2025-08-21 20:27:37
MDLZ,2025-08-21 20:27:37
RMCF,2025-08-21 20:27:37
IZM,2025-08-21 20:27:37
BPYPN,2025-08-21 20:27:37
REI,2025-08-21 20:27:37
RCKT,2025-08-21 20:27:37
NAGE,2025-08-21 20:27:37
OMCL,2025-08-21 20:27:37
SLE,2025-08-21 20:27:37
BACC,2025-08-21 20:27:37
ZIMV,2025-08-21 20:27:37
HEPA,2025-08-21 20:27:37
DYAI,2025-08-21 20:27:37
FIGX,2025-08-21 20:27:37
PMTR,2025-08-21 20:27:37
THM,2025-08-21 20:27:37
REGCO,2025-08-21 20:27:37
OMAB,2025-08-21 20:27:37
CALI,2025-08-21 20:27:37
WETO,2025-08-21 20:27:37
APUS,2025-08-21 20:27:37
GNLX,2025-08-21 20:27:37
ULTA,2025-08-21 20:27:37
FTHM,2025-08-21 20:27:37
FCUV,2025-08-21 20:27:37
EONR,2025-08-21 20:27:37
SIRI,2025-08-21 20:27:37
PSIG,2025-08-21 20:27:37
MSBIP,2025-08-21 20:27:37
TYRA,2025-08-21 20:27:37
BTOC,2025-08-21 20:27:37
MITK,2025-08-21 20:27:37
SHLS,2025-08-21 20:27:37
CLSD,2025-08-21 20:27:37
LAND,2025-08-21 20:27:37
REGCP,2025-08-21 20:27:37
RMNI,2025-08-21 20:27:37
GTEN,2025-08-21 20:27:37
GNS,2025-08-21 20:27:37
GTBP,2025-08-21 20:27:37
LTRN,2025-08-21 20:27:37
AEHL,2025-08-21 20:27:37
FTRK,2025-08-21 20:27:37
AKAN,2025-08-21 20:27:37
BWBBP,2025-08-21 20:27:37
PGY,2025-08-21 20:27:37
OCC,2025-08-21 20:27:37
SMCI,2025-08-21 20:27:37
TLIH,2025-08-21 20:27:37
NVNO,2025-08-21 20:27:37
VECO,2025-08-21 20:27:37
AIM,2025-08-21 20:27:37
IBO,2025-08-21 20:27:37
UROY,2025-08-21 20:27:37
AQUNU,2025-08-21 20:27:37
SEB,2025-08-21 20:27:37
BPYPO,2025-08-21 20:27:37
VENU,2025-08-21 20:27:37
ICCT,2025-08-21 20:27:37
AMRX,2025-08-21 20:27:37
STEC,2025-08-21 20:27:37
TOUR,2025-08-21 20:27:37
PCB,2025-08-21 20:27:37
SMID,2025-08-21 20:27:37
AACIU,2025-08-21 20:27:37
AEHR,2025-08-21 20:27:37
LRE,2025-08-21 20:27:37
UBCP,2025-08-21 20:27:37
MTEX,2025-08-21 20:27:37
OCCIN,2025-08-21 20:27:37
LOGC,2025-08-21 20:27:37
HUSA,2025-08-21 20:27:37
SCLX,2025-08-21 20:27:37
MHUA,2025-08-21 20:27:37
WLDN,2025-08-21 20:27:37
USLM,2025-08-21 20:27:37
JG,2025-08-21 20:27:37
OFIX,2025-08-21 20:27:37
PMTS,2025-08-21 20:27:37
PFG,2025-08-21 20:27:37
SXTC,2025-08-21 20:27:37
LOAN,2025-08-21 20:27:37
PHUN,2025-08-21 20:27:37
NEWTH,2025-08-21 20:27:37
THAR,2025-08-21 20:27:37
LHSW,2025-08-21 20:27:37
LGPS,2025-08-21 20:27:37
GGR,2025-08-21 20:27:37
ICCM,2025-08-21 20:27:37
CFBK,2025-08-21 20:27:37
JFU,2025-08-21 20:27:37
ZYME,2025-08-21 20:27:37
TIGR,2025-08-21 20:27:37
IMUX,2025-08-21 20:27:37
NODK,2025-08-21 20:27:37
TXMD,2025-08-21 20:27:37
BEAG,2025-08-21 20:27:37
CME,2025-08-21 20:27:37
ARBB,2025-08-21 20:27:37
GSM,2025-08-21 20:27:37
UCL,2025-08-21 20:27:37
PRZO,2025-08-21 20:27:37
EFSCP,2025-08-21 20:27:37
AACI,2025-08-21 20:27:37
APADU,2025-08-21 20:27:37
CHSCN,2025-08-21 20:27:37
UYSC,2025-08-21 20:27:37
ZTEK,2025-08-21 20:27:37
STKL,2025-08-21 20:27:37
AGNCP,2025-08-21 20:27:37
UMBF,2025-08-21 20:27:37
IGIC,2025-08-21 20:27:37
RNTX,2025-08-21 20:27:37
SFM,2025-08-21 20:27:37
ICCC,2025-08-21 20:27:37
ASTC,2025-08-21 20:27:37
VSA,2025-08-21 20:27:37
TTAN,2025-08-21 20:27:37
QVCGB,2025-08-21 20:27:37
USCB,2025-08-21 20:27:37
VRSN,2025-08-21 20:27:37
DGICB,2025-08-21 20:27:37
CBOE,2025-08-21 20:27:37
PLAG,2025-08-21 20:27:37
TIGO,2025-08-21 20:27:37
PBM,2025-08-21 20:27:37
ASM,2025-08-21 20:27:37
ROOT,2025-08-21 20:27:37
NSIT,2025-08-21 20:27:37
USEA,2025-08-21 20:27:37
EGHA,2025-08-21 20:27:37
TACO,2025-08-21 20:27:37
PPTA,2025-08-21 20:27:37
OYSER,2025-08-21 20:27:37
WENN,2025-08-21 20:27:37
PT,2025-08-21 20:27:37
BAOS,2025-08-21 20:27:37
ZXZZT,2025-08-21 20:27:37
GDC,2025-08-21 20:27:37
RLMD,2025-08-21 20:27:37
SNBR,2025-08-21 20:27:37
NTLA,2025-08-21 20:27:37
NHC,2025-08-21 20:27:37
NVCT,2025-08-21 20:27:37
TARA,2025-08-21 20:27:37
BMHL,2025-08-21 20:27:37
SGRP,2025-08-21 20:27:37
TDAC,2025-08-21 20:27:37
RIVN,2025-08-21 20:27:37
ZSPC,2025-08-21 20:27:37
WFRD,2025-08-21 20:27:37
ZS,2025-08-21 20:27:37
EPM,2025-08-21 20:27:37
NWSA,2025-08-21 20:27:37
SSBI,2025-08-21 20:27:37
STRRP,2025-08-21 20:27:37
SYBX,2025-08-21 20:27:37
ZDGE,2025-08-21 20:27:37
UG,2025-08-21 20:27:37
SAFT,2025-08-21 20:27:37
VTYX,2025-08-21 20:27:37
SYNA,2025-08-21 20:27:37
SYM,2025-08-21 20:27:37
NG,2025-08-21 20:27:37
DYN,2025-08-21 20:27:37
ONCHU,2025-08-21 20:27:37
IMA,2025-08-21 20:27:37
OPPJ,2025-08-21 20:27:37
BURU,2025-08-21 20:27:37
SKK,2025-08-21 20:27:37
DALN,2025-08-21 20:27:37
RLGT,2025-08-21 20:27:37
SUPN,2025-08-21 20:27:37
MMLP,2025-08-21 20:27:37
WAI,2025-08-21 20:27:37
RILYN,2025-08-21 20:27:37
MBOT,2025-08-21 20:27:37
PECO,2025-08-21 20:27:37
VMD,2025-08-21 20:27:37
SIGIP,2025-08-21 20:27:37
STXS,2025-08-21 20:27:37
YOSH,2025-08-21 20:27:37
UGRO,2025-08-21 20:27:37
ELBM,2025-08-21 20:27:37
ALCY,2025-08-21 20:27:37
RTACW,2025-08-21 20:27:37
YXT,2025-08-21 20:27:37
HCWB,2025-08-21 20:27:37
CDZIP,2025-08-21 20:27:37
RGP,2025-08-21 20:27:37
HQY,2025-08-21 20:27:37
DRDB,2025-08-21 20:27:37
FAMI,2025-08-21 20:27:37
JL,2025-08-21 20:27:37
WNEB,2025-08-21 20:27:37
NVTS,2025-08-21 20:27:37
FBYD,2025-08-21 20:27:37
MRNO,2025-08-21 20:27:37
BRR,2025-08-21 20:27:37
WPRT,2025-08-21 20:27:37
WBTN,2025-08-21 20:27:37
NYAX,2025-08-21 20:27:37
PZG,2025-08-21 20:27:37
FLYX,2025-08-21 20:27:37
IMO,2025-08-21 20:27:37
SDA,2025-08-21 20:27:37
YGMZ,2025-08-21 20:27:37
CHNR,2025-08-21 20:27:37
WSBF,2025-08-21 20:27:37
NKGN,2025-08-21 20:27:37
ASPCU,2025-08-21 20:27:37
LVRO,2025-08-21 20:27:37
SEIC,2025-08-21 20:27:37
FER,2025-08-21 20:27:37
BRLS,2025-08-21 20:27:37
PRPL,2025-08-21 20:27:37
YIBO,2025-08-21 20:27:37
IBAC,2025-08-21 20:27:37
BRRWU,2025-08-21 20:27:37
WBUY,2025-08-21 20:27:37
VOXR,2025-08-21 20:27:37
SMSI,2025-08-21 20:27:37
EVTV,2025-08-21 20:27:37
MKLYU,2025-08-21 20:27:37
STRS,2025-08-21 20:27:37
VTVT,2025-08-21 20:27:37
CSWCZ,2025-08-21 20:27:37
SPHL,2025-08-21 20:27:37
JDZG,2025-08-21 20:27:37
NYMTI,2025-08-21 20:27:37
STRA,2025-08-21 20:27:37
AGNCL,2025-08-21 20:27:37
WIMI,2025-08-21 20:27:37
OGEN,2025-08-21 20:27:37
INBKZ,2025-08-21 20:27:37
WAFD,2025-08-21 20:27:37
STRK,2025-08-21 20:27:37
PCAP,2025-08-21 20:27:37
RFAIR,2025-08-21 20:27:37
DFPH,2025-08-21 20:27:37
STFS,2025-08-21 20:27:37
RAPT,2025-08-21 20:27:37
ANGO,2025-08-21 20:27:37
IPOD,2025-08-21 20:27:37
MLAC,2025-08-21 20:27:37
AGMH,2025-08-21 20:27:37
FNLC,2025-08-21 20:27:37
NAKA,2025-08-21 20:27:37
TANH,2025-08-21 20:27:37
AZI,2025-08-21 20:27:37
MKTX,2025-08-21 20:27:37
SWAG,2025-08-21 20:27:37
ANSC,2025-08-21 20:27:37
PCAPU,2025-08-21 20:27:37
UPST,2025-08-21 20:27:37
QNCX,2025-08-21 20:27:37
TRST,2025-08-21 20:27:37
INTJ,2025-08-21 20:27:37
DHAI,2025-08-21 20:27:37
BOXL,2025-08-21 20:27:37
OSUR,2025-08-21 20:27:37
STOK,2025-08-21 20:27:37
WTMA,2025-08-21 20:27:37
CGCT,2025-08-21 20:27:37
SOAR,2025-08-21 20:27:37
WRAP,2025-08-21 20:27:37
WINA,2025-08-21 20:27:37
JZXN,2025-08-21 20:27:37
CASY,2025-08-21 20:27:37
FGBIP,2025-08-21 20:27:37
OPTT,2025-08-21 20:27:37
EXTR,2025-08-21 20:27:37
TRDA,2025-08-21 20:27:37
USAS,2025-08-21 20:27:37
STHO,2025-08-21 20:27:37
CCEC,2025-08-21 20:27:37
TPST,2025-08-21 20:27:37
TACH,2025-08-21 20:27:37
BREA,2025-08-21 20:27:37
MRTN,2025-08-21 20:27:37
ARMN,2025-08-21 20:27:37
PPIH,2025-08-21 20:27:37
NEXT,2025-08-21 20:27:37
TBMC,2025-08-21 20:27:37
HFBL,2025-08-21 20:27:37
SELF,2025-08-21 20:27:37
PRTG,2025-08-21 20:27:37
SOPH,2025-08-21 20:27:37
QH,2025-08-21 20:27:37
RDGT,2025-08-21 20:27:37
ON,2025-08-21 20:27:37
ODFL,2025-08-21 20:27:37
BRTX,2025-08-21 20:27:37
UDMY,2025-08-21 20:27:37
SBUX,2025-08-21 20:27:37
TURN,2025-08-21 20:27:37
SNDX,2025-08-21 20:27:37
TBPH,2025-08-21 20:27:37
TNXP,2025-08-21 20:27:37
SCAG,2025-08-21 20:27:37
AZTR,2025-08-21 20:27:37
LOT,2025-08-21 20:27:37
HOTH,2025-08-21 20:27:37
ATII,2025-08-21 20:27:37
VEEE,2025-08-21 20:27:37
EPRX,2025-08-21 20:27:37
PLX,2025-08-21 20:27:37
MERC,2025-08-21 20:27:37
SLNH,2025-08-21 20:27:37
OPXS,2025-08-21 20:27:37
PENG,2025-08-21 20:27:37
TRIP,2025-08-21 20:27:37
BMBL,2025-08-21 20:27:37
PAX,2025-08-21 20:27:37
PSNL,2025-08-21 20:27:37
ISPO,2025-08-21 20:27:37
LKQ,2025-08-21 20:27:37
NMFCZ,2025-08-21 20:27:37
ONEG,2025-08-21 20:27:37
SHOO,2025-08-21 20:27:37
XP,2025-08-21 20:27:37
CMCL,2025-08-21 20:27:37
TBBK,2025-08-21 20:27:37
PRME,2025-08-21 20:27:37
SCNI,2025-08-21 20:27:37
OACC,2025-08-21 20:27:37
GELS,2025-08-21 20:27:37
ATCH,2025-08-21 20:27:37
TSEM,2025-08-21 20:27:37
PCLA,2025-08-21 20:27:37
FITBP,2025-08-21 20:27:37
TCBS,2025-08-21 20:27:37
RARE,2025-08-21 20:27:37
REAL,2025-08-21 20:27:37
PLG,2025-08-21 20:27:37
PRE,2025-08-21 20:27:37
ACMR,2025-08-21 20:27:37
ZBAI,2025-08-21 20:27:37
SCOR,2025-08-21 20:27:37
CCNEP,2025-08-21 20:27:37
KAVL,2025-08-21 20:27:37
PI,2025-08-21 20:27:37
NBTB,2025-08-21 20:27:37
SOHU,2025-08-21 20:27:37
OMER,2025-08-21 20:27:37
ASRT,2025-08-21 20:27:37
CDIO,2025-08-21 20:27:37
TKNO,2025-08-21 20:27:37
SYNX,2025-08-21 20:27:37
THCH,2025-08-21 20:27:37
XENE,2025-08-21 20:27:37
JBHT,2025-08-21 20:27:37
OTLK,2025-08-21 20:27:37
TBRG,2025-08-21 20:27:37
OXSQZ,2025-08-21 20:27:37
PVBC,2025-08-21 20:27:37
SLAB,2025-08-21 20:27:37
RDZN,2025-08-21 20:27:37
TSHA,2025-08-21 20:27:37
SNCY,2025-08-21 20:27:37
PSNY,2025-08-21 20:27:37
SGML,2025-08-21 20:27:37
RIBBU,2025-08-21 20:27:37
VINP,2025-08-21 20:27:37
SOUN,2025-08-21 20:27:37
CVLT,2025-08-21 20:27:37
BCARU,2025-08-21 20:27:37
TELA,2025-08-21 20:27:37
XGN,2025-08-21 20:27:37
ZCAR,2025-08-21 20:27:37
TWG,2025-08-21 20:27:37
RLAY,2025-08-21 20:27:37
WNW,2025-08-21 20:27:37
RILYZ,2025-08-21 20:27:37
XYLO,2025-08-21 20:27:37
RWAYZ,2025-08-21 20:27:37
WORX,2025-08-21 20:27:37
RUM,2025-08-21 20:27:37
SAIH,2025-08-21 20:27:37
AREB,2025-08-21 20:27:37
LOOP,2025-08-21 20:27:37
VOR,2025-08-21 20:27:37
AAME,2025-08-21 20:27:37
WLGS,2025-08-21 20:27:37
OXLCO,2025-08-21 20:27:37
RTACU,2025-08-21 20:27:37
NIVF,2025-08-21 20:27:37
OXLCP,2025-08-21 20:27:37
YJ,2025-08-21 20:27:37
NNOX,2025-08-21 20:27:37
YORK,2025-08-21 20:27:37
SLN,2025-08-21 20:27:37
ZBRA,2025-08-21 20:27:37
LSTA,2025-08-21 20:27:37
OCFC,2025-08-21 20:27:37
NRIM,2025-08-21 20:27:37
SBCF,2025-08-21 20:27:37
LRHC,2025-08-21 20:27:37
XPON,2025-08-21 20:27:37
NAK,2025-08-21 20:27:37
MGTX,2025-08-21 20:27:37
ELVA,2025-08-21 20:27:37
ELWS,2025-08-21 20:27:37
NMRA,2025-08-21 20:27:37
FLX,2025-08-21 20:27:37
KPLT,2025-08-21 20:27:37
OXLCG,2025-08-21 20:27:37
AACBR,2025-08-21 20:27:37
PTCT,2025-08-21 20:27:37
CTNM,2025-08-21 20:27:37
HITI,2025-08-21 20:27:37
NNNN,2025-08-21 20:27:37
TVTX,2025-08-21 20:27:37
UONE,2025-08-21 20:27:37
YORKU,2025-08-21 20:27:37
INDO,2025-08-21 20:27:37
HVII,2025-08-21 20:27:37
ATXI,2025-08-21 20:27:37
TMUS,2025-08-21 20:27:37
MAGH,2025-08-21 20:27:37
CHPGR,2025-08-21 20:27:37
OXBR,2025-08-21 20:27:37
BCG,2025-08-21 20:27:37
INNV,2025-08-21 20:27:37
OLPX,2025-08-21 20:27:37
HOUR,2025-08-21 20:27:37
SFWL,2025-08-21 20:27:37
CTAS,2025-08-21 20:27:37
EDRY,2025-08-21 20:27:37
ICG,2025-08-21 20:27:37
NOTV,2025-08-21 20:27:37
ECDA,2025-08-21 20:27:37
IPWR,2025-08-21 20:27:37
CRAQR,2025-08-21 20:27:37
IRMD,2025-08-21 20:27:37
ATMVR,2025-08-21 20:27:37
DCOMG,2025-08-21 20:27:37
MCHX,2025-08-21 20:27:37
STIM,2025-08-21 20:27:37
NOVT,2025-08-21 20:27:37
PACH,2025-08-21 20:27:37
EVEX-WT,2025-08-21 20:27:37
NHTC,2025-08-21 20:27:37
WRN,2025-08-21 20:27:37
GURE,2025-08-21 20:27:37
DHCNL,2025-08-21 20:27:37
NTCL,2025-08-21 20:27:37
GDEV,2025-08-21 20:27:37
NVMI,2025-08-21 20:27:37
ANIX,2025-08-21 20:27:37
XCH,2025-08-21 20:27:37
JFB,2025-08-21 20:27:37
DKI,2025-08-21 20:27:37
VNRX,2025-08-21 20:27:37
EBON,2025-08-21 20:27:37
IROH,2025-08-21 20:27:37
TVAI,2025-08-21 20:27:37
RAND,2025-08-21 20:27:37
KTCC,2025-08-21 20:27:37
INACU,2025-08-21 20:27:37
XHLD,2025-08-21 20:27:37
EGHAR,2025-08-21 20:27:37
DXR,2025-08-21 20:27:37
NSSC,2025-08-21 20:27:37
INDP,2025-08-21 20:27:37
HSAI,2025-08-21 20:27:37
NBIX,2025-08-21 20:27:37
ESOA,2025-08-21 20:27:37
GOODN,2025-08-21 20:27:37
PWP,2025-08-21 20:27:37
MACI,2025-08-21 20:27:37
GP,2025-08-21 20:27:37
IPM,2025-08-21 20:27:37
ADVB,2025-08-21 20:27:37
XRTX,2025-08-21 20:27:37
RWAYL,2025-08-21 20:27:37
HWH,2025-08-21 20:27:37
OXLC,2025-08-21 20:27:37
PEPG,2025-08-21 20:27:37
ATMCU,2025-08-21 20:27:37
AXTI,2025-08-21 20:27:37
SLMBP,2025-08-21 20:27:37
SRRK,2025-08-21 20:27:37
ORGN,2025-08-21 20:27:37
ONC,2025-08-21 20:27:37
VRA,2025-08-21 20:27:37
AIRO,2025-08-21 20:27:37
CMT,2025-08-21 20:27:37
AGNCN,2025-08-21 20:27:37
DMAA,2025-08-21 20:27:37
BCAB,2025-08-21 20:27:37
EXLS,2025-08-21 20:27:37
AGFY,2025-08-21 20:27:37
PLUR,2025-08-21 20:27:37
COCP,2025-08-21 20:27:37
WB,2025-08-21 20:27:37
TRMD,2025-08-21 20:27:37
WGRX,2025-08-21 20:27:37
YAAS,2025-08-21 20:27:37
PTLE,2025-08-21 20:27:37
TZOO,2025-08-21 20:27:37
AIXI,2025-08-21 20:27:37
REFR,2025-08-21 20:27:37
PHOE,2025-08-21 20:27:37
SDM,2025-08-21 20:27:37
PROP,2025-08-21 20:27:37
PULM,2025-08-21 20:27:37
AENT,2025-08-21 20:27:37
FEAM,2025-08-21 20:27:37
WHF,2025-08-21 20:27:37
WLFC,2025-08-21 20:27:37
WKHS,2025-08-21 20:27:37
VWAV,2025-08-21 20:27:37
PAHC,2025-08-21 20:27:37
PAVM,2025-08-21 20:27:37
PGNY,2025-08-21 20:27:37
MRCY,2025-08-21 20:27:37
VBNK,2025-08-21 20:27:37
RANGR,2025-08-21 20:27:37
SPT,2025-08-21 20:27:37
NAMMW,2025-08-21 20:27:37
BYNO,2025-08-21 20:27:37
STSS,2025-08-21 20:27:37
MAG,2025-08-21 20:27:37
NDSN,2025-08-21 20:27:37
PAYS,2025-08-21 20:27:37
PMVP,2025-08-21 20:27:37
HKIT,2025-08-21 20:27:37
TRMK,2025-08-21 20:27:37
VGAS,2025-08-21 20:27:37
MFI,2025-08-21 20:27:37
VZLA,2025-08-21 20:27:37
SKYE,2025-08-21 20:27:37
MYO,2025-08-21 20:27:37
VNMEU,2025-08-21 20:27:37
SLGL,2025-08-21 20:27:37
HOLO,2025-08-21 20:27:37
GAINN,2025-08-21 20:27:37
OPI,2025-08-21 20:27:37
SYTA,2025-08-21 20:27:37
QFIN,2025-08-21 20:27:37
GNFT,2025-08-21 20:27:37
AGNCM,2025-08-21 20:27:37
GAINL,2025-08-21 20:27:37
HTLM,2025-08-21 20:27:37
WAY,2025-08-21 20:27:37
CALC,2025-08-21 20:27:37
POCI,2025-08-21 20:27:37
ASMB,2025-08-21 20:27:37
NEWTI,2025-08-21 20:27:37
UNB,2025-08-21 20:27:37
ACXP,2025-08-21 20:27:37
FPAY,2025-08-21 20:27:37
GDTC,2025-08-21 20:27:37
WWD,2025-08-21 20:27:37
AERT,2025-08-21 20:27:37
VCIG,2025-08-21 20:27:37
SHMD,2025-08-21 20:27:37
SPWH,2025-08-21 20:27:37
IPHA,2025-08-21 20:27:37
SSRM,2025-08-21 20:27:37
OBAWW,2025-08-21 20:27:37
PONY,2025-08-21 20:27:37
FORM,2025-08-21 20:27:37
PNTG,2025-08-21 20:27:37
RGC,2025-08-21 20:27:37
KZIA,2025-08-21 20:27:37
STRD,2025-08-21 20:27:37
SEGG,2025-08-21 20:27:37
SATS,2025-08-21 20:27:37
SCKT,2025-08-21 20:27:37
SPEGU,2025-08-21 20:27:37
ONEW,2025-08-21 20:27:37
RETO,2025-08-21 20:27:37
TMDE,2025-08-21 20:27:37
FYBR,2025-08-21 20:27:37
MTC,2025-08-21 20:27:37
OFAL,2025-08-21 20:27:37
BTG,2025-08-21 20:27:37
LSH,2025-08-21 20:27:37
SNCR,2025-08-21 20:27:37
HHS,2025-08-21 20:27:37
GECCH,2025-08-21 20:27:37
RPTX,2025-08-21 20:27:37
EVAX,2025-08-21 20:27:37
PACHW,2025-08-21 20:27:37
ALOT,2025-08-21 20:27:37
ECX,2025-08-21 20:27:37
TVA,2025-08-21 20:27:37
IAC,2025-08-21 20:27:37
MATH,2025-08-21 20:27:37
PLAB,2025-08-21 20:27:37
LANDO,2025-08-21 20:27:37
WTO,2025-08-21 20:27:37
EFTY,2025-08-21 20:27:37
IMCR,2025-08-21 20:27:37
XOMAO,2025-08-21 20:27:37
TLX,2025-08-21 20:27:37
TSCO,2025-08-21 20:27:37
XOMA,2025-08-21 20:27:37
NHICU,2025-08-21 20:27:37
INTT,2025-08-21 20:27:37
ERNA,2025-08-21 20:27:37
MYNZ,2025-08-21 20:27:37
TOVX,2025-08-21 20:27:37
SRCE,2025-08-21 20:27:37
TCBX,2025-08-21 20:27:37
FLYY,2025-08-21 20:27:37
SONO,2025-08-21 20:27:37
RPD,2025-08-21 20:27:37
LEGN,2025-08-21 20:27:37
ZG,2025-08-21 20:27:37
HROWL,2025-08-21 20:27:37
IVA,2025-08-21 20:27:37
GRNQ,2025-08-21 20:27:37
BRKR,2025-08-21 20:27:37
RILYL,2025-08-21 20:27:37
TGEN,2025-08-21 20:27:37
AGAE,2025-08-21 20:27:37
CLST,2025-08-21 20:27:37
ORLA,2025-08-21 20:27:37
IE,2025-08-21 20:27:37
BENF,2025-08-21 20:27:37
OSBC,2025-08-21 20:27:37
CVM,2025-08-21 20:27:37
MIRA,2025-08-21 20:27:37
REYN,2025-08-21 20:27:37
ARCC,2025-08-21 20:27:37
RIBBR,2025-08-21 20:27:37
SLNG,2025-08-21 20:27:37
EPOW,2025-08-21 20:27:37
BHAT,2025-08-21 20:27:37
PCRX,2025-08-21 20:27:37
ONCO,2025-08-21 20:27:37
CETY,2025-08-21 20:27:37
SRAD,2025-08-21 20:27:37
CHSCL,2025-08-21 20:27:37
RYOJ,2025-08-21 20:27:37
NATH,2025-08-21 20:27:37
COFS,2025-08-21 20:27:37
DBVT,2025-08-21 20:27:37
ZVRA,2025-08-21 20:27:37
THFF,2025-08-21 20:27:37
TZUP,2025-08-21 20:27:37
TXN,2025-08-21 20:27:37
UBXG,2025-08-21 20:27:37
XOS,2025-08-21 20:27:37
TCRX,2025-08-21 20:27:37
DXF,2025-08-21 20:27:37
JYD,2025-08-21 20:27:37
AIEV,2025-08-21 20:27:37
SMX,2025-08-21 20:27:37
UNTY,2025-08-21 20:27:37
GRO,2025-08-21 20:27:37
NRSN,2025-08-21 20:27:37
AFBI,2025-08-21 20:27:37
JAZZ,2025-08-21 20:27:37
TER,2025-08-21 20:27:37
TCRT,2025-08-21 20:27:37
UPC,2025-08-21 20:27:37
CNVS,2025-08-21 20:27:37
MGPI,2025-08-21 20:27:37
UPLD,2025-08-21 20:27:37
MNST,2025-08-21 20:27:37
SHFS,2025-08-21 20:27:37
BRFH,2025-08-21 20:27:37
NXPI,2025-08-21 20:27:37
ULY,2025-08-21 20:27:37
UOKA,2025-08-21 20:27:37
BTDR,2025-08-21 20:27:37
ALT,2025-08-21 20:27:37
NTWO,2025-08-21 20:27:37
CCCXU,2025-08-21 20:27:37
PDSB,2025-08-21 20:27:37
NTCT,2025-08-21 20:27:37
SHC,2025-08-21 20:27:37
UMAC,2025-08-21 20:27:37
OPHC,2025-08-21 20:27:37
NITO,2025-08-21 20:27:37
SOGP,2025-08-21 20:27:37
VC,2025-08-21 20:27:37
SEZL,2025-08-21 20:27:37
SFBC,2025-08-21 20:27:37
OCTO,2025-08-21 20:27:37
APT,2025-08-21 20:27:37
SNTG,2025-08-21 20:27:37
VERI,2025-08-21 20:27:37
STRO,2025-08-21 20:27:37
ATNM,2025-08-21 20:27:37
SLRX,2025-08-21 20:27:37
INHD,2025-08-21 20:27:37
VITL,2025-08-21 20:27:37
XFOR,2025-08-21 20:27:37
VLGEA,2025-08-21 20:27:37
ALBT,2025-08-21 20:27:37
COLB,2025-08-21 20:27:37
CAPR,2025-08-21 20:27:37
NTGR,2025-08-21 20:27:37
BKTI,2025-08-21 20:27:37
NWE,2025-08-21 20:27:37
NEUP,2025-08-21 20:27:37
OSPN,2025-08-21 20:27:37
UHG,2025-08-21 20:27:37
JWEL,2025-08-21 20:27:37
ARBKL,2025-08-21 20:27:37
INAB,2025-08-21 20:27:37
JXG,2025-08-21 20:27:37
EHLD,2025-08-21 20:27:37
ABLV,2025-08-21 20:27:37
XOMAP,2025-08-21 20:27:37
SVII,2025-08-21 20:27:37
XBIO,2025-08-21 20:27:37
AYTU,2025-08-21 20:27:37
FBRX,2025-08-21 20:27:37
VNDA,2025-08-21 20:27:37
WSBCP,2025-08-21 20:27:37
VSTA,2025-08-21 20:27:37
APRE,2025-08-21 20:27:37
ZKIN,2025-08-21 20:27:37
KELYB,2025-08-21 20:27:37
XWEL,2025-08-21 20:27:37
WTBA,2025-08-21 20:27:37
NVX,2025-08-21 20:27:37
XERS,2025-08-21 20:27:37
EDUC,2025-08-21 20:27:37
INV,2025-08-21 20:27:37
ZIONP,2025-08-21 20:27:37
FLL,2025-08-21 20:27:37
VCEL,2025-08-21 20:27:37
CRDL,2025-08-21 20:27:37
VIR,2025-08-21 20:27:37
GNPX,2025-08-21 20:27:37
AZN,2025-08-21 20:27:37
WOK,2025-08-21 20:27:37
XTLB,2025-08-21 20:27:37
VIASP,2025-08-21 20:27:37
QNRX,2025-08-21 20:27:37
DSY,2025-08-21 20:27:37
CMLS,2025-08-21 20:27:37
ATLCL,2025-08-21 20:27:37
SWVL,2025-08-21 20:27:37
AMBA,2025-08-21 20:27:37
PETZ,2025-08-21 20:27:37
WDAY,2025-08-21 20:27:37
ATLCZ,2025-08-21 20:27:37
NYMTH,2025-08-21 20:27:37
TAOP,2025-08-21 20:27:37
WHLR,2025-08-21 20:27:37
SNGX,2025-08-21 20:27:37
INAC,2025-08-21 20:27:37
PMCB,2025-08-21 20:27:37
XTKG,2025-08-21 20:27:37
BHST,2025-08-21 20:27:37
HCTI,2025-08-21 20:27:37
CODX,2025-08-21 20:27:37
UUUU,2025-08-21 20:27:37
NYMTL,2025-08-21 20:27:37
WGS,2025-08-21 20:27:37
ONBPO,2025-08-21 20:27:37
ZJK,2025-08-21 20:27:37
ELAB,2025-08-21 20:27:37
CCG,2025-08-21 20:27:37
FARM,2025-08-21 20:27:37
TRI,2025-08-21 20:27:37
WILC,2025-08-21 20:27:37
STAK,2025-08-21 20:27:37
FGMCU,2025-08-21 20:27:37
WHLRP,2025-08-21 20:27:37
WSC,2025-08-21 20:27:37
EXOZ,2025-08-21 20:27:37
GLADZ,2025-08-21 20:27:37
WTF,2025-08-21 20:27:37
NWFL,2025-08-21 20:27:37
GNSS,2025-08-21 20:27:37
FSHP,2025-08-21 20:27:37
GLXY,2025-08-21 20:27:37
GDST,2025-08-21 20:27:37
GLBE,2025-08-21 20:27:37
FSHPR,2025-08-21 20:27:37
RGS,2025-08-21 20:27:37
SBFM,2025-08-21 20:27:37
QLGN,2025-08-21 20:27:37
QVCGA,2025-08-21 20:27:37
WINV,2025-08-21 20:27:37
BFRI,2025-08-21 20:27:37
NTRB,2025-08-21 20:27:37
UEIC,2025-08-21 20:27:37
RPRX,2025-08-21 20:27:37
PODD,2025-08-21 20:27:37
LSB,2025-08-21 20:27:37
PPBI,2025-08-21 20:27:37
PNBK,2025-08-21 20:27:37
FMST,2025-08-21 20:27:37
OCS,2025-08-21 20:27:37
OCEA,2025-08-21 20:27:37
RCON,2025-08-21 20:27:37
FWRD,2025-08-21 20:27:37
TECTP,2025-08-21 20:27:37
SDOT,2025-08-21 20:27:37
INM,2025-08-21 20:27:37
BHFAP,2025-08-21 20:27:37
KXIN,2025-08-21 20:27:37
OMEX,2025-08-21 20:27:37
ATPC,2025-08-21 20:27:37
PHLT,2025-08-21 20:27:37
ROCK,2025-08-21 20:27:37
SONM,2025-08-21 20:27:37
PMTRW,2025-08-21 20:27:37
SLP,2025-08-21 20:27:37
PHAR,2025-08-21 20:27:37
SGHT,2025-08-21 20:27:37
JOB,2025-08-21 20:27:37
OTLY,2025-08-21 20:27:37
SNAL,2025-08-21 20:27:37
OKTA,2025-08-21 20:27:37
FIGXU,2025-08-21 20:27:37
UCAR,2025-08-21 20:27:37
PSNYW,2025-08-21 20:27:37
GLTO,2025-08-21 20:27:37
SLND,2025-08-21 20:27:37
TNDM,2025-08-21 20:27:37
RGCO,2025-08-21 20:27:37
SOPA,2025-08-21 20:27:37
SLNO,2025-08-21 20:27:37
GIPR,2025-08-21 20:27:37
NTWK,2025-08-21 20:27:37
LXRX,2025-08-21 20:27:37
OSRH,2025-08-21 20:27:37
PKOH,2025-08-21 20:27:37
SLNHP,2025-08-21 20:27:37
XHG,2025-08-21 20:27:37
PHGE,2025-08-21 20:27:37
TDTH,2025-08-21 20:27:37
ROIV,2025-08-21 20:27:37
RDNT,2025-08-21 20:27:37
LANDM,2025-08-21 20:27:37
CCIIU,2025-08-21 20:27:37
ROST,2025-08-21 20:27:37
ORKT,2025-08-21 20:27:37
CJMB,2025-08-21 20:27:37
SANG,2025-08-21 20:27:37
NUTX,2025-08-21 20:27:37
EDAP,2025-08-21 20:27:37
TWFG,2025-08-21 20:27:37
ZBAO,2025-08-21 20:27:37
NUKK,2025-08-21 20:27:37
RKLB,2025-08-21 20:27:37
CDRO,2025-08-21 20:27:37
NISN,2025-08-21 20:27:37
TOPP,2025-08-21 20:27:37
SCYX,2025-08-21 20:27:37
PTC,2025-08-21 20:27:37
BLUW,2025-08-21 20:27:37
RMCO,2025-08-21 20:27:37
GENC,2025-08-21 20:27:37
RDI,2025-08-21 20:27:37
SDHIU,2025-08-21 20:27:37
NMFC,2025-08-21 20:27:37
TSLA,2025-08-21 20:27:37
PZZA,2025-08-21 20:27:37
VERU,2025-08-21 20:27:37
REBN,2025-08-21 20:27:37
BRBS,2025-08-21 20:27:37
SFNC,2025-08-21 20:27:37
SCPH,2025-08-21 20:27:37
MTA,2025-08-21 20:27:37
REPL,2025-08-21 20:27:37
NYMTN,2025-08-21 20:27:37
ZCMD,2025-08-21 20:27:37
RENT,2025-08-21 20:27:37
SUNE,2025-08-21 20:27:37
PRCH,2025-08-21 20:27:37
RUSHB,2025-08-21 20:27:37
BRN,2025-08-21 20:27:37
WVVIP,2025-08-21 20:27:37
NLSP,2025-08-21 20:27:37
TGTX,2025-08-21 20:27:37
SCHL,2025-08-21 20:27:37
WVVI,2025-08-21 20:27:37
RILYP,2025-08-21 20:27:37
IONS,2025-08-21 20:27:37
NPAC,2025-08-21 20:27:37
NAMI,2025-08-21 20:27:37
GPAT,2025-08-21 20:27:37
NHPAP,2025-08-21 20:27:37
WSBK,2025-08-21 20:27:37
OS,2025-08-21 20:27:37
IMPPP,2025-08-21 20:27:37
MOB,2025-08-21 20:27:37
NEXM,2025-08-21 20:27:37
WYNN,2025-08-21 20:27:37
MXL,2025-08-21 20:27:37
NCL,2025-08-21 20:27:37
OFS,2025-08-21 20:27:37
KVAC,2025-08-21 20:27:37
OXLCI,2025-08-21 20:27:37
LPLA,2025-08-21 20:27:37
MBAV,2025-08-21 20:27:37
OVBC,2025-08-21 20:27:37
LIMN,2025-08-21 20:27:37
LPA,2025-08-21 20:27:37
NMPAU,2025-08-21 20:27:37
LYRA,2025-08-21 20:27:37
BEEP,2025-08-21 20:27:37
IPCXU,2025-08-21 20:27:37
ELSE,2025-08-21 20:27:37
UONEK,2025-08-21 20:27:37
PESI,2025-08-21 20:27:37
CIIT,2025-08-21 20:27:37
NHIC,2025-08-21 20:27:37
CNL,2025-08-21 20:27:37
CMBM,2025-08-21 20:27:37
WATT,2025-08-21 20:27:37
CNOBP,2025-08-21 20:27:37
LEE,2025-08-21 20:27:37
DUO,2025-08-21 20:27:37
RDAG,2025-08-21 20:27:37
NRC,2025-08-21 20:27:37
LSF,2025-08-21 20:27:37
GLBS,2025-08-21 20:27:37
HCMAU,2025-08-21 20:27:37
CPRX,2025-08-21 20:27:37
BRRWW,2025-08-21 20:27:37
PLTR,2025-08-21 20:27:37
LBRDK,2025-08-21 20:27:37
NYMTG,2025-08-21 20:27:37
EP,2025-08-21 20:27:37
ANNA,2025-08-21 20:27:37
HNRG,2025-08-21 20:27:37
WRD,2025-08-21 20:27:37
YHNA,2025-08-21 20:27:37
IMPP,2025-08-21 20:27:37
LICN,2025-08-21 20:27:37
VSME,2025-08-21 20:27:37
GIG,2025-08-21 20:27:37
LNKB,2025-08-21 20:27:37
SBEV,2025-08-21 20:27:37
TIVC,2025-08-21 20:27:37
UFPT,2025-08-21 20:27:37
ALDFU,2025-08-21 20:27:37
PMN,2025-08-21 20:27:37
BCAR,2025-08-21 20:27:37
Z,2025-08-21 20:27:37
CBSH,2025-08-21 20:27:37
WTFC,2025-08-21 20:27:37
AUID,2025-08-21 20:27:37
GORO,2025-08-21 20:27:37
SPWRW,2025-08-21 20:27:37
EHGO,2025-08-21 20:27:37
MSGY,2025-08-21 20:27:37
HUBC,2025-08-21 20:27:37
WYY,2025-08-21 20:27:37
ANNX,2025-08-21 20:27:37
ZOOZ,2025-08-21 20:27:37
BLUWU,2025-08-21 20:27:37
HPCO,2025-08-21 20:27:37
TRUG,2025-08-21 20:27:37
PACHU,2025-08-21 20:27:37
DRIO,2025-08-21 20:27:37
ZDAI,2025-08-21 20:27:37
EDTK,2025-08-21 20:27:37
ULH,2025-08-21 20:27:37
IMG,2025-08-21 20:27:37
LCCCR,2025-08-21 20:27:37
BSBK,2025-08-21 20:27:37
MOVE,2025-08-21 20:27:37
RYDE,2025-08-21 20:27:37
XBP,2025-08-21 20:27:37
HAO,2025-08-21 20:27:37
ITP,2025-08-21 20:27:37
NFGC,2025-08-21 20:27:37
HMR,2025-08-21 20:27:37
UFPI,2025-08-21 20:27:37
LWACU,2025-08-21 20:27:37
TCBK,2025-08-21 20:27:37
TPG,2025-08-21 20:27:37
ADD,2025-08-21 20:27:37
VLYPO,2025-08-21 20:27:37
ALZN,2025-08-21 20:27:37
SAVA,2025-08-21 20:27:37
SNSE,2025-08-21 20:27:37
CEP,2025-08-21 20:27:37
VACH,2025-08-21 20:27:37
GLDG,2025-08-21 20:27:37
SWKS,2025-08-21 20:27:37
MGYR,2025-08-21 20:27:37
HKPD,2025-08-21 20:27:37
VUZI,2025-08-21 20:27:37
MTEK,2025-08-21 20:27:37
HCHL,2025-08-21 20:27:37
GSUN,2025-08-21 20:27:37
DCOM,2025-08-21 20:27:37
PRTH,2025-08-21 20:27:37
CNTM,2025-08-21 20:27:37
FEBO,2025-08-21 20:27:37
FAAS,2025-08-21 20:27:37
COOT,2025-08-21 20:27:37
PCAR,2025-08-21 20:27:37
FRGT,2025-08-21 20:27:37
MSN,2025-08-21 20:27:37
VRAX,2025-08-21 20:27:37
VRPX,2025-08-21 20:27:37
TC,2025-08-21 20:27:37
CVGW,2025-08-21 20:27:37
PAYX,2025-08-21 20:27:37
WW,2025-08-21 20:27:37
ROMA,2025-08-21 20:27:37
MTEN,2025-08-21 20:27:37
FRSX,2025-08-21 20:27:37
FTII,2025-08-21 20:27:37
ROAD,2025-08-21 20:27:37
QSG,2025-08-21 20:27:37
ABLLL,2025-08-21 20:27:37
PFSA,2025-08-21 20:27:37
AIRTP,2025-08-21 20:27:37
IMTX,2025-08-21 20:27:37
SOND,2025-08-21 20:27:37
MIGI,2025-08-21 20:27:37
TTD,2025-08-21 20:27:37
AGRI,2025-08-21 20:27:37
EEIQ,2025-08-21 20:27:37
COLA,2025-08-21 20:27:37
BAYAR,2025-08-21 20:27:37
TLS,2025-08-21 20:27:37
SQFTP,2025-08-21 20:27:37
VGZ,2025-08-21 20:27:37
OZKAP,2025-08-21 20:27:37
FTAIM,2025-08-21 20:27:37
NWL,2025-08-21 20:27:37
SUPX,2025-08-21 20:27:37
LODE,2025-08-21 20:27:37
AUBN,2025-08-21 20:27:37
RGEN,2025-08-21 20:27:37
PFAI,2025-08-21 20:27:37
SILO,2025-08-21 20:27:37
TBHC,2025-08-21 20:27:37
GAU,2025-08-21 20:27:37
HQI,2025-08-21 20:27:37
TTEK,2025-08-21 20:27:37
NEWTZ,2025-08-21 20:27:37
VRTX,2025-08-21 20:27:37
OZK,2025-08-21 20:27:37
SKYX,2025-08-21 20:27:37
BDL,2025-08-21 20:27:37
IFBD,2025-08-21 20:27:37
CNSP,2025-08-21 20:27:37
ALFUU,2025-08-21 20:27:37
KSCP,2025-08-21 20:27:37
IROHR,2025-08-21 20:27:37
AXGN,2025-08-21 20:27:37
CYCCP,2025-08-21 20:27:37
USIO,2025-08-21 20:27:37
SMTI,2025-08-21 20:27:37
SRXH,2025-08-21 20:27:37
CODA,2025-08-21 20:27:37
SILC,2025-08-21 20:27:37
GAINI,2025-08-21 20:27:37
PGC,2025-08-21 20:27:37
SKYQ,2025-08-21 20:27:37
GREEL,2025-08-21 20:27:37
ILPT,2025-08-21 20:27:37
ITRG,2025-08-21 20:27:37
LOKV,2025-08-21 20:27:37
DCOMP,2025-08-21 20:27:37
BACK,2025-08-21 20:27:37
FSTR,2025-08-21 20:27:37
WHFCL,2025-08-21 20:27:37
FLUX,2025-08-21 20:27:37
SRPT,2025-08-21 20:27:37
NATR,2025-08-21 20:27:37
QMMM,2025-08-21 20:27:37
BAYA,2025-08-21 20:27:37
ORIC,2025-08-21 20:27:37
ICON,2025-08-21 20:27:37
NCEW,2025-08-21 20:27:37
NGD,2025-08-21 20:27:37
STRR,2025-08-21 20:27:37
VEEA,2025-08-21 20:27:37
SUGP,2025-08-21 20:27:37
VINC,2025-08-21 20:27:37
NTNX,2025-08-21 20:27:37
PFIS,2025-08-21 20:27:37
SPWR,2025-08-21 20:27:37
EYPT,2025-08-21 20:27:37
SEPN,2025-08-21 20:27:37
VSAT,2025-08-21 20:27:37
GPUS,2025-08-21 20:27:37
NVFY,2025-08-21 20:27:37
SPKL,2025-08-21 20:27:37
MPU,2025-08-21 20:27:37
GVH,2025-08-21 20:27:37
SPAI,2025-08-21 20:27:37
UXIN,2025-08-21 20:27:37
WETH,2025-08-21 20:27:37
CLDI,2025-08-21 20:27:37
ZLAB,2025-08-21 20:27:37
SSSS,2025-08-21 20:27:37
SLXN,2025-08-21 20:27:37
RILYK,2025-08-21 20:27:37
PERI,2025-08-21 20:27:37
OBA,2025-08-21 20:27:37
HSON,2025-08-21 20:27:37
THTX,2025-08-21 20:27:37
INFU,2025-08-21 20:27:37
ONMD,2025-08-21 20:27:37
DAAQ,2025-08-21 20:27:37
QIPT,2025-08-21 20:27:37
NAOV,2025-08-21 20:27:37
NNBR,2025-08-21 20:27:37
CPHC,2025-08-21 20:27:37
WENNU,2025-08-21 20:27:37
RGTI,2025-08-21 20:27:37
VERB,2025-08-21 20:27:37
TPET,2025-08-21 20:27:37
SSTI,2025-08-21 20:27:37
SFD,2025-08-21 20:27:37
FORL,2025-08-21 20:27:37
SENS,2025-08-21 20:27:37
ASUR,2025-08-21 20:27:37
IBACR,2025-08-21 20:27:37
HBNB,2025-08-21 20:27:37
STAA,2025-08-21 20:27:37
DBX,2025-08-21 20:27:37
WRLD,2025-08-21 20:27:37
NFLX,2025-08-21 20:27:37
NDAQ,2025-08-21 20:27:37
SKYT,2025-08-21 20:27:37
SLI,2025-08-21 20:27:37
CTRM,2025-08-21 20:27:37
SCNX,2025-08-21 20:27:37
WENNW,2025-08-21 20:27:37
KBSX,2025-08-21 20:27:37
TTNP,2025-08-21 20:27:37
SVRE,2025-08-21 20:27:37
TRNR,2025-08-21 20:27:37
ALRS,2025-08-21 20:27:37
PXLW,2025-08-21 20:27:37
FGL,2025-08-21 20:27:37
JCSE,2025-08-21 20:27:37
DNN,2025-08-21 20:27:37
TMC,2025-08-21 20:27:37
NDRA,2025-08-21 20:27:37
TOI,2025-08-21 20:27:37
MASK,2025-08-21 20:27:37
KLXE,2025-08-21 20:27:37
ANL,2025-08-21 20:27:37
AVAV,2025-08-21 20:27:37
GECCZ,2025-08-21 20:27:37
MTVA,2025-08-21 20:27:37
UNIT,2025-08-21 20:27:37
UUU,2025-08-21 20:27:37
RYET,2025-08-21 20:27:37
RDIB,2025-08-21 20:27:37
NNVC,2025-08-21 20:27:37
VVOS,2025-08-21 20:27:37
TXRH,2025-08-21 20:27:37
CWST,2025-08-21 20:27:37
CURR,2025-08-21 20:27:37
HURC,2025-08-21 20:27:37
SHPH,2025-08-21 20:27:37
VRSK,2025-08-21 20:27:37
GENK,2025-08-21 20:27:37
PCSA,2025-08-21 20:27:37
SSKN,2025-08-21 20:27:37
OBAWU,2025-08-21 20:27:37
NWTG,2025-08-21 20:27:37
BHB,2025-08-21 20:27:37
UAVS,2025-08-21 20:27:37
CZFS,2025-08-21 20:27:37
EVOK,2025-08-21 20:27:37
TERN,2025-08-21 20:27:37
SSNC,2025-08-21 20:27:37
XPEL,2025-08-21 20:27:37
XCUR,2025-08-21 20:27:37
BSAA,2025-08-21 20:27:37
BILI,2025-08-21 20:27:37
BCDA,2025-08-21 20:27:37
WHWK,2025-08-21 20:27:37
HONDU,2025-08-21 20:27:37
LGMK,2025-08-21 20:27:37
VANI,2025-08-21 20:27:37
AHG,2025-08-21 20:27:37
GMM,2025-08-21 20:27:37
TDI,2025-08-21 20:27:37
TIRX,2025-08-21 20:27:37
GTERU,2025-08-21 20:27:37
INTS,2025-08-21 20:27:37
USAU,2025-08-21 20:27:37
VBIX,2025-08-21 20:27:37
UPWK,2025-08-21 20:27:37
NSPR,2025-08-21 20:27:37
CRVS,2025-08-21 20:27:37
VLY,2025-08-21 20:27:37
SIGI,2025-08-21 20:27:37
SIF,2025-08-21 20:27:37
ENTO,2025-08-21 20:27:37
VTSI,2025-08-21 20:27:37
NESR,2025-08-21 20:27:37
WTW,2025-08-21 20:27:37
ESEA,2025-08-21 20:27:37
TMCI,2025-08-21 20:27:37
ENGN,2025-08-21 20:27:37
INCR,2025-08-21 20:27:37
SNES,2025-08-21 20:27:37
TIPT,2025-08-21 20:27:37
TRINI,2025-08-21 20:27:37
UPBD,2025-08-21 20:27:37
YCBD,2025-08-21 20:27:37
QMCO,2025-08-21 20:27:37
SOCAU,2025-08-21 20:27:37
MKZR,2025-08-21 20:27:37
VS,2025-08-21 20:27:37
SVC,2025-08-21 20:27:37
TRIB,2025-08-21 20:27:37
NAII,2025-08-21 20:27:37
TOP,2025-08-21 20:27:37
ASNS,2025-08-21 20:27:37
SOHOO,2025-08-21 20:27:37
BTAI,2025-08-21 20:27:37
WBA,2025-08-21 20:27:37
WYFI,2025-08-21 20:27:37
NEWTG,2025-08-21 20:27:37
TAVI,2025-08-21 20:27:37
TLF,2025-08-21 20:27:37
BIDU,2025-08-21 20:27:37
SERV,2025-08-21 20:27:37
WIX,2025-08-21 20:27:37
SVIIR,2025-08-21 20:27:37
STKH,2025-08-21 20:27:37
NFBK,2025-08-21 20:27:37
RFAI,2025-08-21 20:27:37
NPACU,2025-08-21 20:27:37
FGMCR,2025-08-21 20:27:37
DSWL,2025-08-21 20:27:37
QURE,2025-08-21 20:27:37
RNAZ,2025-08-21 20:27:37
TCPC,2025-08-21 20:27:37
BPRN,2025-08-21 20:27:37
SFST,2025-08-21 20:27:37
RAIN,2025-08-21 20:27:37
STLD,2025-08-21 20:27:37
ANTE,2025-08-21 20:27:37
ACON,2025-08-21 20:27:37
CHEK,2025-08-21 20:27:37
GYRO,2025-08-21 20:27:37
SLDB,2025-08-21 20:27:37
COLAR,2025-08-21 20:27:37
DWTX,2025-08-21 20:27:37
WAFU,2025-08-21 20:27:37
NTHI,2025-08-21 20:27:37
MAYA,2025-08-21 20:27:37
SOHON,2025-08-21 20:27:37
SPRO,2025-08-21 20:27:37
STBA,2025-08-21 20:27:37
APDN,2025-08-21 20:27:37
VLYPN,2025-08-21 20:27:37
NGNE,2025-08-21 20:27:37
RAIL,2025-08-21 20:27:37
ZUMZ,2025-08-21 20:27:37
TOMZ,2025-08-21 20:27:37
OPTX,2025-08-21 20:27:37
PMEC,2025-08-21 20:27:37
APLM,2025-08-21 20:27:37
QUMSU,2025-08-21 20:27:37
FGMC,2025-08-21 20:27:37
CDTG,2025-08-21 20:27:37
BLBX,2025-08-21 20:27:37
CIX,2025-08-21 20:27:37
LEU,2025-08-21 20:27:37
TFSL,2025-08-21 20:27:37
WVE,2025-08-21 20:27:37
OP,2025-08-21 20:27:37
ZENV,2025-08-21 20:27:37
NEXN,2025-08-21 20:27:37
NYMTM,2025-08-21 20:27:37
PHH,2025-08-21 20:27:37
AIHS,2025-08-21 20:27:37
CARV,2025-08-21 20:27:37
ANY,2025-08-21 20:27:37
SMBC,2025-08-21 20:27:37
UFG,2025-08-21 20:27:37
SGA,2025-08-21 20:27:37
FIZZ,2025-08-21 20:27:37
BTSG,2025-08-21 20:27:37
CNCK,2025-08-21 20:27:37
EVI,2025-08-21 20:27:37
HYFM,2025-08-21 20:27:37
RILYG,2025-08-21 20:27:37
OABI,2025-08-21 20:27:37
TRVI,2025-08-21 20:27:37
RCKY,2025-08-21 20:27:37
HDL,2025-08-21 20:27:37
FOSLL,2025-08-21 20:27:37
RMTI,2025-08-21 20:27:37
EJH,2025-08-21 20:27:37
TBCH,2025-08-21 20:27:37
HUHU,2025-08-21 20:27:37
SATL,2025-08-21 20:27:37
IMOS,2025-08-21 20:27:37
SANA,2025-08-21 20:27:37
IROQ,2025-08-21 20:27:37
PEBO,2025-08-21 20:27:37
SLSN,2025-08-21 20:27:37
BNCWW,2025-08-21 20:27:37
TPGXL,2025-08-21 20:27:37
SVM,2025-08-21 20:27:37
RKDA,2025-08-21 20:27:37
RBBN,2025-08-21 20:27:37
FORA,2025-08-21 20:27:37
GRAN,2025-08-21 20:27:37
AVT,2025-08-21 20:27:37
PLRX,2025-08-21 20:27:37
CHKP,2025-08-21 20:27:37
SONN,2025-08-21 20:27:37
PN,2025-08-21 20:27:37
EMX,2025-08-21 20:27:37
RXRX,2025-08-21 20:27:37
PPBT,2025-08-21 20:27:37
CLIR,2025-08-21 20:27:37
PLSE,2025-08-21 20:27:37
OST,2025-08-21 20:27:37
OXSQ,2025-08-21 20:27:37
POET,2025-08-21 20:27:37
PTIX,2025-08-21 20:27:37
SCSC,2025-08-21 20:27:37
CLNN,2025-08-21 20:27:37
HIHO,2025-08-21 20:27:37
CLPT,2025-08-21 20:27:37
RADX,2025-08-21 20:27:37
SKWD,2025-08-21 20:27:37
PLPC,2025-08-21 20:27:37
REPX,2025-08-21 20:27:37
EXE,2025-08-21 20:27:37
POWW,2025-08-21 20:27:37
IPDN,2025-08-21 20:27:37
LIQT,2025-08-21 20:27:37
MLSS,2025-08-21 20:27:37
FIEE,2025-08-21 20:27:37
OSW,2025-08-21 20:27:37
SOTK,2025-08-21 20:27:37
RGLD,2025-08-21 20:27:37
MRVI,2025-08-21 20:27:37
PRAA,2025-08-21 20:27:37
SAMG,2025-08-21 20:27:37
SGMT,2025-08-21 20:27:37
CSCI,2025-08-21 20:27:37
GCL,2025-08-21 20:27:37
PLL,2025-08-21 20:27:37
HVIIU,2025-08-21 20:27:37
BMNR,2025-08-21 20:27:37
REKR,2025-08-21 20:27:37
ORRF,2025-08-21 20:27:37
IDAI,2025-08-21 20:27:37
ABTS,2025-08-21 20:27:37
ESLA,2025-08-21 20:27:37
DAAQU,2025-08-21 20:27:37
PLUT,2025-08-21 20:27:37
GDHG,2025-08-21 20:27:37
GBR,2025-08-21 20:27:37
GTX,2025-08-21 20:27:37
HUDI,2025-08-21 20:27:37
OSS,2025-08-21 20:27:37
PSEC,2025-08-21 20:27:37
SGMO,2025-08-21 20:27:37
OGI,2025-08-21 20:27:37
GEGGL,2025-08-21 20:27:37
FDSB,2025-08-21 20:27:37
ZYBT,2025-08-21 20:27:37
NYMTZ,2025-08-21 20:27:37
PXS,2025-08-21 20:27:37
RNA,2025-08-21 20:27:37
OKYO,2025-08-21 20:27:37
OMSE,2025-08-21 20:27:37
OPINL,2025-08-21 20:27:37
BCPC,2025-08-21 20:27:37
OPRT,2025-08-21 20:27:37
HCAT,2025-08-21 20:27:37
CCLDO,2025-08-21 20:27:37
NWS,2025-08-21 20:27:37
TOPS,2025-08-21 20:27:37
ZONE,2025-08-21 20:27:37
ACCS,2025-08-21 20:27:37
KFFB,2025-08-21 20:27:37
UAN,2025-08-21 20:27:37
EBR-B,2025-08-21 20:27:37
EQS,2025-08-21 20:27:37
ILLRW,2025-08-21 20:27:37
BNT,2025-08-21 20:27:37
HFSI,2025-08-21 20:27:37
TMCWW,2025-08-21 20:27:37
ARMP,2025-08-21 20:27:37
SOS,2025-08-21 20:27:37
AEON,2025-08-21 20:27:37
CPBI,2025-08-21 20:27:37
DMYY,2025-08-21 20:27:37
GRBK-PA,2025-08-21 20:27:37
LOCL,2025-08-21 20:27:37
ASB-PF,2025-08-21 20:27:37
CNO-PA,2025-08-21 20:27:37
MRT,2025-08-21 20:27:37
CORZW,2025-08-21 20:27:37
SBXD,2025-08-21 20:27:37
KYIVW,2025-08-21 20:27:37
EPR-PE,2025-08-21 20:27:37
BQ,2025-08-21 20:27:37
BZAIW,2025-08-21 20:27:37
NCT,2025-08-21 20:27:37
TOON,2025-08-21 20:27:37
AACIW,2025-08-21 20:27:37
CYCUW,2025-08-21 20:27:37
RVP,2025-08-21 20:27:37
EGG,2025-08-21 20:27:37
MULN,2025-08-21 20:27:37
CRMLW,2025-08-21 20:27:37
TRX,2025-08-21 20:27:37
CRGOW,2025-08-21 20:27:37
DLNG-PA,2025-08-21 20:27:37
AFJKR,2025-08-21 20:27:37
KFIIU,2025-08-21 20:27:37
CMCM,2025-08-21 20:27:37
AREC,2025-08-21 20:27:37
FUFUW,2025-08-21 20:27:37
CPHI,2025-08-21 20:27:37
FLDDW,2025-08-21 20:27:37
SOL,2025-08-21 20:27:37
WFCF,2025-08-21 20:27:37
CODI-PC,2025-08-21 20:27:37
MWG,2025-08-21 20:27:37
NRP,2025-08-21 20:27:37
DYCQU,2025-08-21 20:27:37
HPP-PC,2025-08-21 20:27:37
MNYWW,2025-08-21 20:27:37
ATLCP,2025-08-21 20:27:37
MCI,2025-08-21 20:27:37
BYFC,2025-08-21 20:27:37
BATL,2025-08-21 20:27:37
CCEP,2025-08-21 20:27:37
PEB-PH,2025-08-21 20:27:37
NRXS,2025-08-21 20:27:37
TKLF,2025-08-21 20:27:37
AIRI,2025-08-21 20:27:37
CUBI-PE,2025-08-21 20:27:37
MDBH,2025-08-21 20:27:37
GMRE-PA,2025-08-21 20:27:37
LUD,2025-08-21 20:27:37
VATE,2025-08-21 20:27:37
QSEAU,2025-08-21 20:27:37
CODI-PB,2025-08-21 20:27:37
LBRDP,2025-08-21 20:27:37
LPAA,2025-08-21 20:27:37
AFRIW,2025-08-21 20:27:37
FURY,2025-08-21 20:27:37
SBXD-UN,2025-08-21 20:27:37
PTHS,2025-08-21 20:27:37
MBBC,2025-08-21 20:27:37
VXRT,2025-08-21 20:27:37
KREF-PA,2025-08-21 20:27:37
RMBL,2025-08-21 20:27:37
BTMWW,2025-08-21 20:27:37
NTRP,2025-08-21 20:27:37
JUNE,2025-08-21 20:27:37
AUST,2025-08-21 20:27:37
MNDO,2025-08-21 20:27:37
HKD,2025-08-21 20:27:37
BSLKW,2025-08-21 20:27:37
AMZE,2025-08-21 20:27:37
CCEL,2025-08-21 20:27:37
LPBB,2025-08-21 20:27:37
WCC-PA,2025-08-21 20:27:37
XIN,2025-08-21 20:27:37
AWX,2025-08-21 20:27:37
JTAI,2025-08-21 20:27:37
TACOW,2025-08-21 20:27:37
JFBR,2025-08-21 20:27:37
LWACW,2025-08-21 20:27:37
EICA,2025-08-21 20:27:37
MCBS,2025-08-21 20:27:37
IPW,2025-08-21 20:27:37
JBSS,2025-08-21 20:27:37
TDS-PV,2025-08-21 20:27:37
ABR-PD,2025-08-21 20:27:37
CEROW,2025-08-21 20:27:37
SPNT-PB,2025-08-21 20:27:37
CLSKW,2025-08-21 20:27:37
ATMV,2025-08-21 20:27:37
PSFE-WT,2025-08-21 20:27:37
INVZW,2025-08-21 20:27:37
CTA-PA,2025-08-21 20:27:37
GLOP-PA,2025-08-21 20:27:37
DJTWW,2025-08-21 20:27:37
IGC,2025-08-21 20:27:37
ICUCW,2025-08-21 20:27:37
ACHR-WT,2025-08-21 20:27:37
SHO-PI,2025-08-21 20:27:37
ECCW,2025-08-21 20:27:37
COLAU,2025-08-21 20:27:37
HPKEW,2025-08-21 20:27:37
DBRG-PJ,2025-08-21 20:27:37
AISPW,2025-08-21 20:27:37
ARGD,2025-08-21 20:27:37
ELLO,2025-08-21 20:27:37
PEB-PE,2025-08-21 20:27:37
WFC-PL,2025-08-21 20:27:37
IHT,2025-08-21 20:27:37
PFXNZ,2025-08-21 20:27:37
SLSR,2025-08-21 20:27:37
MOBBW,2025-08-21 20:27:37
SVCC,2025-08-21 20:27:37
RCB,2025-08-21 20:27:37
TDACU,2025-08-21 20:27:37
NLY-PI,2025-08-21 20:27:37
YCBD-PA,2025-08-21 20:27:37
SOUNW,2025-08-21 20:27:37
SNV-PD,2025-08-21 20:27:37
AMBO,2025-08-21 20:27:37
BKKT-WT,2025-08-21 20:27:37
EQV-UN,2025-08-21 20:27:37
FERAU,2025-08-21 20:27:37
RCC,2025-08-21 20:27:37
ELPC,2025-08-21 20:27:37
BHR-PD,2025-08-21 20:27:37
EFC-PA,2025-08-21 20:27:37
HPAIW,2025-08-21 20:27:37
HCWC,2025-08-21 20:27:37
CRD-B,2025-08-21 20:27:37
NEUE,2025-08-21 20:27:37
HTFB,2025-08-21 20:27:37
ZKH,2025-08-21 20:27:37
HUMAW,2025-08-21 20:27:37
ADNWW,2025-08-21 20:27:37
RGTIW,2025-08-21 20:27:37
OYSEU,2025-08-21 20:27:37
OUSTZ,2025-08-21 20:27:37
RUMBW,2025-08-21 20:27:37
AUROW,2025-08-21 20:27:37
AMPX-WT,2025-08-21 20:27:37
MSC,2025-08-21 20:27:37
ARGO-PA,2025-08-21 20:27:37
CDR-PC,2025-08-21 20:27:37
MITP,2025-08-21 20:27:37
GLP-PB,2025-08-21 20:27:37
DX-PC,2025-08-21 20:27:37
ECCC,2025-08-21 20:27:37
TAVIU,2025-08-21 20:27:37
BBAI-WT,2025-08-21 20:27:37
CMPOW,2025-08-21 20:27:37
CIM-PA,2025-08-21 20:27:37
HTZWW,2025-08-21 20:27:37
KPLTW,2025-08-21 20:27:37
PW,2025-08-21 20:27:37
TWO-PA,2025-08-21 20:27:37
QBTS-WT,2025-08-21 20:27:37
RZLVW,2025-08-21 20:27:37
IPODU,2025-08-21 20:27:37
GLOP-PC,2025-08-21 20:27:37
RWTN,2025-08-21 20:27:37
UMH-PD,2025-08-21 20:27:37
NNAVW,2025-08-21 20:27:37
BACQU,2025-08-21 20:27:37
ET-PI,2025-08-21 20:27:37
C-PN,2025-08-21 20:27:37
SBEV-WT,2025-08-21 20:27:37
FBRT-PE,2025-08-21 20:27:37
CFR-PB,2025-08-21 20:27:37
ABVEW,2025-08-21 20:27:37
SLDPW,2025-08-21 20:27:37
LBTYB,2025-08-21 20:27:37
NVVEW,2025-08-21 20:27:37
EMCGW,2025-08-21 20:27:37
EFC-PC,2025-08-21 20:27:37
WLYB,2025-08-21 20:27:37
SQFTW,2025-08-21 20:27:37
SVIIW,2025-08-21 20:27:37
ESGL,2025-08-21 20:27:37
CHAR,2025-08-21 20:27:37
MGLD,2025-08-21 20:27:37
PCG-PD,2025-08-21 20:27:37
AHT-PG,2025-08-21 20:27:37
FOXO,2025-08-21 20:27:37
MITQ,2025-08-21 20:27:37
MFAO,2025-08-21 20:27:37
SEATW,2025-08-21 20:27:37
CCM,2025-08-21 20:27:37
BGI,2025-08-21 20:27:37
EVGOW,2025-08-21 20:27:37
CANF,2025-08-21 20:27:37
PCG-PA,2025-08-21 20:27:37
TWO-PB,2025-08-21 20:27:37
COCHW,2025-08-21 20:27:37
COHN,2025-08-21 20:27:37
GNL-PE,2025-08-21 20:27:37
SOR,2025-08-21 20:27:37
ALCYU,2025-08-21 20:27:37
RITM-PD,2025-08-21 20:27:37
CFSB,2025-08-21 20:27:37
NRXPW,2025-08-21 20:27:37
NLY-PG,2025-08-21 20:27:37
GRAF,2025-08-21 20:27:37
CET,2025-08-21 20:27:37
BWNB,2025-08-21 20:27:37
MFAN,2025-08-21 20:27:37
RITM-PA,2025-08-21 20:27:37
MOBQW,2025-08-21 20:27:37
CTO-PA,2025-08-21 20:27:37
RVSNW,2025-08-21 20:27:37
CIM-PD,2025-08-21 20:27:37
AHT-PF,2025-08-21 20:27:37
PCG-PB,2025-08-21 20:27:37
ECCU,2025-08-21 20:27:37
DBRG-PI,2025-08-21 20:27:37
GTENU,2025-08-21 20:27:37
OPFI-WT,2025-08-21 20:27:37
CVR,2025-08-21 20:27:37
OUSTW,2025-08-21 20:27:37
PMT-PA,2025-08-21 20:27:37
MAYAU,2025-08-21 20:27:37
EXEEL,2025-08-21 20:27:37
ADVWW,2025-08-21 20:27:37
CUBWU,2025-08-21 20:27:37
NUKKW,2025-08-21 20:27:37
EURK,2025-08-21 20:27:37
OSRHW,2025-08-21 20:27:37
GPATU,2025-08-21 20:27:37
GS-PC,2025-08-21 20:27:37
OAK-PA,2025-08-21 20:27:37
PEB-PG,2025-08-21 20:27:37
ARR-PC,2025-08-21 20:27:37
BHR-PB,2025-08-21 20:27:37
DRH-PA,2025-08-21 20:27:37
LCCCU,2025-08-21 20:27:37
BENFW,2025-08-21 20:27:37
MET-PA,2025-08-21 20:27:37
SIMAU,2025-08-21 20:27:37
GRRRW,2025-08-21 20:27:37
CINGW,2025-08-21 20:27:37
SHFSW,2025-08-21 20:27:37
ALVOW,2025-08-21 20:27:37
UYSCU,2025-08-21 20:27:37
BRID,2025-08-21 20:27:37
GCLWW,2025-08-21 20:27:37
AMH-PH,2025-08-21 20:27:37
IVR-PC,2025-08-21 20:27:37
HUBCW,2025-08-21 20:27:37
JACS,2025-08-21 20:27:37
CIO-PA,2025-08-21 20:27:37
BML-PJ,2025-08-21 20:27:37
MLACU,2025-08-21 20:27:37
OXY-WT,2025-08-21 20:27:37
NUVB-WT,2025-08-21 20:27:37
SDHI,2025-08-21 20:27:37
PCSC,2025-08-21 20:27:37
LGL-WT,2025-08-21 20:27:37
CUBI-PF,2025-08-21 20:27:37
PGYWW,2025-08-21 20:27:37
SNV-PE,2025-08-21 20:27:37
MHLA,2025-08-21 20:27:37
RVPHW,2025-08-21 20:27:37
AMBI,2025-08-21 20:27:37
QETA,2025-08-21 20:27:37
QETAU,2025-08-21 20:27:37
KITTW,2025-08-21 20:27:37
ACONW,2025-08-21 20:27:37
KUKE,2025-08-21 20:27:37
HOOK,2025-08-21 20:27:37
JOBY-WT,2025-08-21 20:27:37
TISI,2025-08-21 20:27:37
MAYS,2025-08-21 20:27:37
ZVSA,2025-08-21 20:27:37
VHC,2025-08-21 20:27:37
DAVEW,2025-08-21 20:27:37
KVACU,2025-08-21 20:27:37
BRIA,2025-08-21 20:27:37
LFT-PA,2025-08-21 20:27:37
SER,2025-08-21 20:27:37
NGL-PB,2025-08-21 20:27:37
BULLW,2025-08-21 20:27:37
BEP-PA,2025-08-21 20:27:37
MFA-PC,2025-08-21 20:27:37
TRTN-PD,2025-08-21 20:27:37
GPMT-PA,2025-08-21 20:27:37
EFC-PB,2025-08-21 20:27:37
LITB,2025-08-21 20:27:37
BFLY-WT,2025-08-21 20:27:37
GTN-A,2025-08-21 20:27:37
ECCF,2025-08-21 20:27:37
GPATW,2025-08-21 20:27:37
ONMDW,2025-08-21 20:27:37
SES-WT,2025-08-21 20:27:37
MACIW,2025-08-21 20:27:37
CRESW,2025-08-21 20:27:37
COEPW,2025-08-21 20:27:37
AGM-PE,2025-08-21 20:27:37
ACR-PC,2025-08-21 20:27:37
MRNOW,2025-08-21 20:27:37
VLN-WT,2025-08-21 20:27:37
PMT-PC,2025-08-21 20:27:37
GROY-WT,2025-08-21 20:27:37
DFLIW,2025-08-21 20:27:37
RITM-PB,2025-08-21 20:27:37
TVE,2025-08-21 20:27:37
QSIAW,2025-08-21 20:27:37
BIP-PB,2025-08-21 20:27:37
AXIL,2025-08-21 20:27:37
FRT-PC,2025-08-21 20:27:37
GLOP-PB,2025-08-21 20:27:37
AGM-PF,2025-08-21 20:27:37
BGLWW,2025-08-21 20:27:37
SEAL-PA,2025-08-21 20:27:37
CIM-PC,2025-08-21 20:27:37
IIPR-PA,2025-08-21 20:27:37
CTA-PB,2025-08-21 20:27:37
MXC,2025-08-21 20:27:37
MKC-V,2025-08-21 20:27:37
WBS-PF,2025-08-21 20:27:37
VAL-WT,2025-08-21 20:27:37
DRTSW,2025-08-21 20:27:37
EVLVW,2025-08-21 20:27:37
SF-PB,2025-08-21 20:27:37
ONFOW,2025-08-21 20:27:37
NREF-PA,2025-08-21 20:27:37
BML-PL,2025-08-21 20:27:37
ATCO-PH,2025-08-21 20:27:37
WGSWW,2025-08-21 20:27:37
RAC,2025-08-21 20:27:37
ENJ,2025-08-21 20:27:37
CDIOW,2025-08-21 20:27:37
CPAC,2025-08-21 20:27:37
GCMGW,2025-08-21 20:27:37
PSA-PQ,2025-08-21 20:27:37
SCCG,2025-08-21 20:27:37
FMSTW,2025-08-21 20:27:37
BHM,2025-08-21 20:27:37
XAGEW,2025-08-21 20:27:37
PEB-PF,2025-08-21 20:27:37
RC-PE,2025-08-21 20:27:37
LIDRW,2025-08-21 20:27:37
AUUDW,2025-08-21 20:27:37
PL-WT,2025-08-21 20:27:37
ROLR,2025-08-21 20:27:37
CMRE-PC,2025-08-21 20:27:37
REXR-PC,2025-08-21 20:27:37
PMT-PB,2025-08-21 20:27:37
NXLIW,2025-08-21 20:27:37
FHN-PE,2025-08-21 20:27:37
BCOR,2025-08-21 20:27:37
FHN-PF,2025-08-21 20:27:37
NYC,2025-08-21 20:27:37
CKX,2025-08-21 20:27:37
BML-PH,2025-08-21 20:27:37
AFGD,2025-08-21 20:27:37
NLY-PF,2025-08-21 20:27:37
AGM-PD,2025-08-21 20:27:37
PCTTW,2025-08-21 20:27:37
COF-PK,2025-08-21 20:27:37
INN-PE,2025-08-21 20:27:37
DBRG-PH,2025-08-21 20:27:37
TVGNW,2025-08-21 20:27:37
WLACW,2025-08-21 20:27:37
SCCC,2025-08-21 20:27:37
ORGNW,2025-08-21 20:27:37
RJF-PB,2025-08-21 20:27:37
HOLOW,2025-08-21 20:27:37
APLMW,2025-08-21 20:27:37
AQNB,2025-08-21 20:27:37
INN-PF,2025-08-21 20:27:37
CELG-RI,2025-08-21 20:27:37
ASB-PE,2025-08-21 20:27:37
CURIW,2025-08-21 20:27:37
BIP-PA,2025-08-21 20:27:37
SCCD,2025-08-21 20:27:37
GGROW,2025-08-21 20:27:37
CODI-PA,2025-08-21 20:27:37
OAK-PB,2025-08-21 20:27:37
LXP-PC,2025-08-21 20:27:37
LGL,2025-08-21 20:27:37
MSPRW,2025-08-21 20:27:37
ACR-PD,2025-08-21 20:27:37
PSEC-PA,2025-08-21 20:27:37
BKSY-WT,2025-08-21 20:27:37
GNL-PB,2025-08-21 20:27:37
NOEMR,2025-08-21 20:27:37
NSA-PA,2025-08-21 20:27:37
AGM-PG,2025-08-21 20:27:37
AHH-PA,2025-08-21 20:27:37
TRPA,2025-08-21 20:27:37
CHMI-PA,2025-08-21 20:27:37
IONQ-WT,2025-08-21 20:27:37
MHH,2025-08-21 20:27:37
CCIXW,2025-08-21 20:27:37
STG,2025-08-21 20:27:37
UKOMW,2025-08-21 20:27:37
MITT-PA,2025-08-21 20:27:37
SAY,2025-08-21 20:27:37
MITT-PC,2025-08-21 20:27:37
SB-PD,2025-08-21 20:27:37
BFS-PE,2025-08-21 20:27:37
FAASW,2025-08-21 20:27:37
MITN,2025-08-21 20:27:37
DHAIW,2025-08-21 20:27:37
HYMCL,2025-08-21 20:27:37
TDS-PU,2025-08-21 20:27:37
CUBWW,2025-08-21 20:27:37
CMRE-PD,2025-08-21 20:27:37
JFBRW,2025-08-21 20:27:37
ALFUW,2025-08-21 20:27:37
MITT-PB,2025-08-21 20:27:37
MFA-PB,2025-08-21 20:27:37
OZ,2025-08-21 20:27:37
AMH-PG,2025-08-21 20:27:37
FORTY,2025-08-21 20:27:37
GDEVW,2025-08-21 20:27:37
XOSWW,2025-08-21 20:27:37
RWT-PA,2025-08-21 20:27:37
EPR-PC,2025-08-21 20:27:37
ARQQW,2025-08-21 20:27:37
HUBCZ,2025-08-21 20:27:37
MI,2025-08-21 20:27:37
LFMDP,2025-08-21 20:27:37
STSSW,2025-08-21 20:27:37
AKA,2025-08-21 20:27:37
CTHR,2025-08-21 20:27:37
OAKU,2025-08-21 20:27:37
EIIA,2025-08-21 20:27:37
CLDT-PA,2025-08-21 20:27:37
SPG-PJ,2025-08-21 20:27:37
BCGWW,2025-08-21 20:27:37
EDBLW,2025-08-21 20:27:37
SEAL-PB,2025-08-21 20:27:37
DC-WT,2025-08-21 20:27:37
NOTE-WT,2025-08-21 20:27:37
GSL-PB,2025-08-21 20:27:37
PMTU,2025-08-21 20:27:37
TEN-PE,2025-08-21 20:27:37
AHT-PI,2025-08-21 20:27:37
HYAC-UN,2025-08-21 20:27:37
OPPE,2025-08-21 20:27:37
MYND,2025-08-21 20:27:37
DSX-PB,2025-08-21 20:27:37
SHO-PH,2025-08-21 20:27:37
TALKW,2025-08-21 20:27:37
ARKOW,2025-08-21 20:27:37
MDV-PA,2025-08-21 20:27:37
SYTAW,2025-08-21 20:27:37
OACCU,2025-08-21 20:27:37
XBPEW,2025-08-21 20:27:37
BCLI,2025-08-21 20:27:37
FFAIW,2025-08-21 20:27:37
GTLS-PB,2025-08-21 20:27:37
CDR-PB,2025-08-21 20:27:37
DSS,2025-08-21 20:27:37
OPTXW,2025-08-21 20:27:37
COE,2025-08-21 20:27:37
CUBB,2025-08-21 20:27:37
LCFYW,2025-08-21 20:27:37
NTRBW,2025-08-21 20:27:37
ABR-PF,2025-08-21 20:27:37
WHLRL,2025-08-21 20:27:37
SACH-PA,2025-08-21 20:27:37
BLDEW,2025-08-21 20:27:37
BFRIW,2025-08-21 20:27:37
SOUL,2025-08-21 20:27:37
NXPLW,2025-08-21 20:27:37
MLECW,2025-08-21 20:27:37
BFRGW,2025-08-21 20:27:37
SCLXW,2025-08-21 20:27:37
PDYNW,2025-08-21 20:27:37
INLX,2025-08-21 20:27:37
RBOT-WT,2025-08-21 20:27:37
UWMC-WT,2025-08-21 20:27:37
ENGNW,2025-08-21 20:27:37
ASBPW,2025-08-21 20:27:37
PIIIW,2025-08-21 20:27:37
KLTOW,2025-08-21 20:27:37
ABR-PE,2025-08-21 20:27:37
NVAWW,2025-08-21 20:27:37
MAPSW,2025-08-21 20:27:37
HOVRW,2025-08-21 20:27:37
GIGGW,2025-08-21 20:27:37
SDSTW,2025-08-21 20:27:37
LIPO,2025-08-21 20:27:37
GAM-PB,2025-08-21 20:27:37
LTRYW,2025-08-21 20:27:37
VCICW,2025-08-21 20:27:37
AHT-PD,2025-08-21 20:27:37
MHNC,2025-08-21 20:27:37
CMS-PB,2025-08-21 20:27:37
VSSYW,2025-08-21 20:27:37
NGL-PC,2025-08-21 20:27:37
FHN-PC,2025-08-21 20:27:37
EUDAW,2025-08-21 20:27:37
STRN,2025-08-21 20:27:37
BCTXW,2025-08-21 20:27:37
PXSAW,2025-08-21 20:27:37
GECCI,2025-08-21 20:27:37
TBLAW,2025-08-21 20:27:37
SANW,2025-08-21 20:27:37
CCIXU,2025-08-21 20:27:37
REVBW,2025-08-21 20:27:37
MAA-PI,2025-08-21 20:27:37
TRTX-PC,2025-08-21 20:27:37
ASTLW,2025-08-21 20:27:37
TWO-PC,2025-08-21 20:27:37
PDPA,2025-08-21 20:27:37
NWTNW,2025-08-21 20:27:37
SRZNW,2025-08-21 20:27:37
ZEOWW,2025-08-21 20:27:37
IGTAR,2025-08-21 20:27:37
SRG-PA,2025-08-21 20:27:37
IROHW,2025-08-21 20:27:37
CCGWW,2025-08-21 20:27:37
VEEAW,2025-08-21 20:27:37
PDCC,2025-08-21 20:27:37
OXBRW,2025-08-21 20:27:37
BFS-PD,2025-08-21 20:27:37
KIM-PN,2025-08-21 20:27:37
ANSCW,2025-08-21 20:27:37
DAICW,2025-08-21 20:27:37
SAJ,2025-08-21 20:27:37
ETI-P,2025-08-21 20:27:37
MTEKW,2025-08-21 20:27:37
RSVRW,2025-08-21 20:27:37
SHMDW,2025-08-21 20:27:37
BNAIW,2025-08-21 20:27:37
CMRE-PB,2025-08-21 20:27:37
MSPRZ,2025-08-21 20:27:37
SLXNW,2025-08-21 20:27:37
FLYX-WT,2025-08-21 20:27:37
AERTW,2025-08-21 20:27:37
SVCCW,2025-08-21 20:27:37
HTOOW,2025-08-21 20:27:37
BETRW,2025-08-21 20:27:37
CGCTW,2025-08-21 20:27:37
HCXY,2025-08-21 20:27:37
HOFV,2025-08-21 20:27:37
AEVAW,2025-08-21 20:27:37
PBMWW,2025-08-21 20:27:37
AIRJW,2025-08-21 20:27:37
COOTW,2025-08-21 20:27:37
MOGU,2025-08-21 20:27:37
CELUW,2025-08-21 20:27:37
ICR-PA,2025-08-21 20:27:37
MFICL,2025-08-21 20:27:37
SCCF,2025-08-21 20:27:37
AIMDW,2025-08-21 20:27:37
AAM,2025-08-21 20:27:37
MDCXW,2025-08-21 20:27:37
NAMSW,2025-08-21 20:27:37
ELON,2025-08-21 20:27:37
DSYWW,2025-08-21 20:27:37
SVREW,2025-08-21 20:27:37
IPB,2025-08-21 20:27:37
TOIIW,2025-08-21 20:27:37
ECCV,2025-08-21 20:27:37
CLNNW,2025-08-21 20:27:37
VCIC,2025-08-21 20:27:37
ECDAW,2025-08-21 20:27:37
SAT,2025-08-21 20:27:37
JHLN,2025-08-21 20:27:37
EOSEW,2025-08-21 20:27:37
MBAVW,2025-08-21 20:27:37
GOVXW,2025-08-21 20:27:37
ESBA,2025-08-21 20:27:37
BAERW,2025-08-21 20:27:37
ADXN,2025-08-21 20:27:37
CHMI-PB,2025-08-21 20:27:37
CREVW,2025-08-21 20:27:37
ARBEW,2025-08-21 20:27:37
NLSPW,2025-08-21 20:27:37
VFSWW,2025-08-21 20:27:37
MYPSW,2025-08-21 20:27:37
REXR-PB,2025-08-21 20:27:37
OGCP,2025-08-21 20:27:37
MNTSW,2025-08-21 20:27:37
COPL,2025-08-21 20:27:37
ISPOW,2025-08-21 20:27:37
RVMDW,2025-08-21 20:27:37
AREBW,2025-08-21 20:27:37
NETDW,2025-08-21 20:27:37
SONDW,2025-08-21 20:27:37
GOGL,2025-08-21 20:27:37
PCG-PI,2025-08-21 20:27:37
GIPRW,2025-08-21 20:27:37
GRP-UN,2025-08-21 20:27:37
UTSI,2025-08-21 20:27:37
WALDW,2025-08-21 20:27:37
CRGX,2025-08-21 20:27:37
BZFDW,2025-08-21 20:27:37
HWM-P,2025-08-21 20:27:37
SZZLU,2025-08-21 20:27:37
ZCARW,2025-08-21 20:27:37
LIMNW,2025-08-21 20:27:37
NPACW,2025-08-21 20:27:37
HTFC,2025-08-21 20:27:37
KFII,2025-08-21 20:27:37
FCRX,2025-08-21 20:27:37
FLAG,2025-08-21 20:27:37
WLAC,2025-08-21 20:27:37
SSSSL,2025-08-21 20:27:37
BCTXZ,2025-08-21 20:27:37
TY-P,2025-08-21 20:27:37
QSEA,2025-08-21 20:27:37
RIBB,2025-08-21 20:27:37
SDHIR,2025-08-21 20:27:37
PRENW,2025-08-21 20:27:37
NTWOW,2025-08-21 20:27:37
MOBXW,2025-08-21 20:27:37
PCG-PG,2025-08-21 20:27:37
FERA,2025-08-21 20:27:37
ATMCR,2025-08-21 20:27:37
ADSEW,2025-08-21 20:27:37
TDACW,2025-08-21 20:27:37
LCCC,2025-08-21 20:27:37
FISK,2025-08-21 20:27:37
MOG-B,2025-08-21 20:27:37
DRMAW,2025-08-21 20:27:37
AMODW,2025-08-21 20:27:37
POAS,2025-08-21 20:27:37
ANGHW,2025-08-21 20:27:37
SWVLW,2025-08-21 20:27:37
CUB,2025-08-21 20:27:37
AFJK,2025-08-21 20:27:37
PCI,2025-08-21 20:27:37
ECCX,2025-08-21 20:27:37
GFAIW,2025-08-21 20:27:37
HSCSW,2025-08-21 20:27:37
LEGT,2025-08-21 20:27:37
USB-PA,2025-08-21 20:27:37
NEN,2025-08-21 20:27:37
WTGUR,2025-08-21 20:27:37
SWAGW,2025-08-21 20:27:37
PCG-PE,2025-08-21 20:27:37
RDAGW,2025-08-21 20:27:37
NVNIW,2025-08-21 20:27:37
MKDWW,2025-08-21 20:27:37
AGM-A,2025-08-21 20:27:37
IINNW,2025-08-21 20:27:37
NSTS,2025-08-21 20:27:37
SVIIU,2025-08-21 20:27:37
ATMCW,2025-08-21 20:27:37
EMCGR,2025-08-21 20:27:37
ATMC,2025-08-21 20:27:37
CDROW,2025-08-21 20:27:37
ATIIW,2025-08-21 20:27:37
DTSTW,2025-08-21 20:27:37
SMAP,2025-08-21 20:27:37
IOR,2025-08-21 20:27:37
VSEEW,2025-08-21 20:27:37
DYCQR,2025-08-21 20:27:37
ALCYW,2025-08-21 20:27:37
EFC-PD,2025-08-21 20:27:37
BIAFW,2025-08-21 20:27:37
IPCXR,2025-08-21 20:27:37
YHNAR,2025-08-21 20:27:37
PCTTU,2025-08-21 20:27:37
NETD,2025-08-21 20:27:37
SIM,2025-08-21 20:27:37
SPRB,2025-08-21 20:27:37
BNZIW,2025-08-21 20:27:37
BEATW,2025-08-21 20:27:37
AHT-PH,2025-08-21 20:27:37
LIXTW,2025-08-21 20:27:37
SABSW,2025-08-21 20:27:37
HL-PB,2025-08-21 20:27:37
AMPGW,2025-08-21 20:27:37
HNNAZ,2025-08-21 20:27:37
PGAC,2025-08-21 20:27:37
WLDSW,2025-08-21 20:27:37
PERF-WT,2025-08-21 20:27:37
WLACU,2025-08-21 20:27:37
LOKVW,2025-08-21 20:27:37
HVIIR,2025-08-21 20:27:37
ESLAW,2025-08-21 20:27:37
MSAIW,2025-08-21 20:27:37
WTGUU,2025-08-21 20:27:37
HVMCU,2025-08-21 20:27:37
KIDZW,2025-08-21 20:27:37
PELIR,2025-08-21 20:27:37
GTENW,2025-08-21 20:27:37
ALTG-PA,2025-08-21 20:27:37
SBFMW,2025-08-21 20:27:37
NOEMW,2025-08-21 20:27:37
ABPWW,2025-08-21 20:27:37
HSPO,2025-08-21 20:27:37
SBCWW,2025-08-21 20:27:37
IPODW,2025-08-21 20:27:37
PCG-PH,2025-08-21 20:27:37
PETVW,2025-08-21 20:27:37
ATNF,2025-08-21 20:27:37
MBAVU,2025-08-21 20:27:37
DRDBW,2025-08-21 20:27:37
CNFRZ,2025-08-21 20:27:37
GSHRU,2025-08-21 20:27:37
FBYDW,2025-08-21 20:27:37
FVNNU,2025-08-21 20:27:37
PGACR,2025-08-21 20:27:37
TFINP,2025-08-21 20:27:37
DYNXU,2025-08-21 20:27:37
CAPNR,2025-08-21 20:27:37
ABLVW,2025-08-21 20:27:37
JENA-UN,2025-08-21 20:27:37
RANGU,2025-08-21 20:27:37
CDTTW,2025-08-21 20:27:37
GSRTU,2025-08-21 20:27:37
HSPOW,2025-08-21 20:27:37
PPYAW,2025-08-21 20:27:37
AACBU,2025-08-21 20:27:37
RNWWW,2025-08-21 20:27:37
RANG,2025-08-21 20:27:37
LOTWW,2025-08-21 20:27:37
POLEW,2025-08-21 20:27:37
CAPTW,2025-08-21 20:27:37
CGCTU,2025-08-21 20:27:37
RELIW,2025-08-21 20:27:37
OCEAW,2025-08-21 20:27:37
WTG,2025-08-21 20:27:37
CHPGU,2025-08-21 20:27:37
RMCOW,2025-08-21 20:27:37
NXGLW,2025-08-21 20:27:37
NEOVW,2025-08-21 20:27:37
BLUWW,2025-08-21 20:27:37
SKYH-WT,2025-08-21 20:27:37
SIMAW,2025-08-21 20:27:37
LEXXW,2025-08-21 20:27:37
CHARU,2025-08-21 20:27:37
HSPOR,2025-08-21 20:27:37
SATLW,2025-08-21 20:27:37
SPKLW,2025-08-21 20:27:37
BARK-WT,2025-08-21 20:27:37
DMAAU,2025-08-21 20:27:37
ISRLU,2025-08-21 20:27:37
GSHR,2025-08-21 20:27:37
FACT,2025-08-21 20:27:37
PLMKW,2025-08-21 20:27:37
NRSNW,2025-08-21 20:27:37
RC-PC,2025-08-21 20:27:37
FRMEP,2025-08-21 20:27:37
IROHU,2025-08-21 20:27:37
FEDU,2025-08-21 20:27:37
AENTW,2025-08-21 20:27:37
BKHAR,2025-08-21 20:27:37
ASPC,2025-08-21 20:27:37
POLE,2025-08-21 20:27:37
NUAIW,2025-08-21 20:27:37
LSBPW,2025-08-21 20:27:37
PTIXW,2025-08-21 20:27:37
TPIC,2025-08-21 20:27:37
CXAIW,2025-08-21 20:27:37
SCAGW,2025-08-21 20:27:37
VCICU,2025-08-21 20:27:37
HLLY-WT,2025-08-21 20:27:37
ISRL,2025-08-21 20:27:37
MAYAR,2025-08-21 20:27:37
GWH-WT,2025-08-21 20:27:37
EGHAU,2025-08-21 20:27:37
LPAAU,2025-08-21 20:27:37
RFAIU,2025-08-21 20:27:37
RDAGU,2025-08-21 20:27:37
YOTAW,2025-08-21 20:27:37
NCPLW,2025-08-21 20:27:37
ASPCR,2025-08-21 20:27:37
SAIHW,2025-08-21 20:27:37
AXINU,2025-08-21 20:27:37
GRAF-UN,2025-08-21 20:27:37
BEDU,2025-08-21 20:27:37
BTBDW,2025-08-21 20:27:37
THRD,2025-08-21 20:27:37
STR,2025-08-21 20:27:37
JSPRW,2025-08-21 20:27:37
LPAAW,2025-08-21 20:27:37
OTRK,2025-08-21 20:27:37
KFIIR,2025-08-21 20:27:37
FGIWW,2025-08-21 20:27:37
ECXWW,2025-08-21 20:27:37
NIXXW,2025-08-21 20:27:37
PCG-PC,2025-08-21 20:27:37
ZOOZW,2025-08-21 20:27:37
GECCO,2025-08-21 20:27:37
GB,2025-08-21 20:27:37
OABIW,2025-08-21 20:27:37
QETAR,2025-08-21 20:27:37
RDAC,2025-08-21 20:27:37
FGXCU,2025-08-21 20:27:37
DRDBU,2025-08-21 20:27:37
CAPNU,2025-08-21 20:27:37
CCIR,2025-08-21 20:27:37
AOGOW,2025-08-21 20:27:37
NOEMU,2025-08-21 20:27:37
CCIRU,2025-08-21 20:27:37
EMCGU,2025-08-21 20:27:37
KTTAW,2025-08-21 20:27:37
APCXW,2025-08-21 20:27:37
KVACW,2025-08-21 20:27:37
NIVFW,2025-08-21 20:27:37
KNW,2025-08-21 20:27:37
NEHC,2025-08-21 20:27:37
BRLSW,2025-08-21 20:27:37
CHACU,2025-08-21 20:27:37
RSLS,2025-08-21 20:27:37
MACIU,2025-08-21 20:27:37
RDACU,2025-08-21 20:27:37
VINO,2025-08-21 20:27:37
CCZ,2025-08-21 20:27:37
SOUL-UN,2025-08-21 20:27:37
GIGGU,2025-08-21 20:27:37
HGASW,2025-08-21 20:27:37
BBLGW,2025-08-21 20:27:37
ESHA,2025-08-21 20:27:37
NETDU,2025-08-21 20:27:37
TVAIR,2025-08-21 20:27:37
NMHIW,2025-08-21 20:27:37
IGMS,2025-08-21 20:27:37
HSPOU,2025-08-21 20:27:37
ABLLW,2025-08-21 20:27:37
RAINW,2025-08-21 20:27:37
RAC-UN,2025-08-21 20:27:37
ATIIU,2025-08-21 20:27:37
DTSQ,2025-08-21 20:27:37
SZZL,2025-08-21 20:27:37
NTWOU,2025-08-21 20:27:37
DMAAR,2025-08-21 20:27:37
EXEEZ,2025-08-21 20:27:37
IMAQR,2025-08-21 20:27:37
SNRE,2025-08-21 20:27:37
SSY,2025-08-21 20:27:37
SPKLU,2025-08-21 20:27:37
FTIIW,2025-08-21 20:27:37
ATMVU,2025-08-21 20:27:37
PMTRU,2025-08-21 20:27:37
ZIVOW,2025-08-21 20:27:37
BAYAU,2025-08-21 20:27:37
YHNAU,2025-08-21 20:27:37
AKO-A,2025-08-21 20:27:37
BKHA,2025-08-21 20:27:37
NAKAW,2025-08-21 20:27:37
SVCCU,2025-08-21 20:27:37
USM,2025-08-21 20:27:37
FVN,2025-08-21 20:27:37
FVNNR,2025-08-21 20:27:37
BOWN,2025-08-21 20:27:37
LPBBU,2025-08-21 20:27:37
HLXB,2025-08-21 20:27:37
EURKU,2025-08-21 20:27:37
PLMKU,2025-08-21 20:27:37
LFLYW,2025-08-21 20:27:37
MCAGR,2025-08-21 20:27:37
AMED,2025-08-21 20:27:37
ANSCU,2025-08-21 20:27:37
STRM,2025-08-21 20:27:37
EXEEW,2025-08-21 20:27:37
IRS-WT,2025-08-21 20:27:37
HVT-A,2025-08-21 20:27:37
ATNFW,2025-08-21 20:27:37
EURKR,2025-08-21 20:27:37
FSHPU,2025-08-21 20:27:37
SB-PC,2025-08-21 20:27:37
POLEU,2025-08-21 20:27:37
RAAQU,2025-08-21 20:27:37
ODVWZ,2025-08-21 20:27:37
TAP-A,2025-08-21 20:27:37
VACHU,2025-08-21 20:27:37
WSO-B,2025-08-21 20:27:37
GDSTW,2025-08-21 20:27:37
CMPOV,2025-08-21 20:27:37
DATS,2025-08-21 20:27:37
FGF,2025-08-21 20:27:37
NKGNW,2025-08-21 20:27:37
FGFPP,2025-08-21 20:27:37
MAQCW,2025-08-21 20:27:37
BOWNR,2025-08-21 20:27:37
DATSW,2025-08-21 20:27:37
IGTAW,2025-08-21 20:27:37
AIFER,2025-08-21 20:27:37
NVACW,2025-08-21 20:27:37
GDSTR,2025-08-21 20:27:37
LEGT-UN,2025-08-21 20:27:37
BIO-B,2025-08-21 20:27:37
GLLIW,2025-08-21 20:27:37
TVACW,2025-08-21 20:27:37
TSBX,2025-08-21 20:27:37
VAPEW,2025-08-21 20:27:37
SAGE,2025-08-21 20:27:37
VERV,2025-08-21 20:27:37
MMP,2025-08-21 20:27:37
GLLIR,2025-08-21 20:27:37
VAPE,2025-08-21 20:27:37
DTC,2025-08-21 20:27:37
KDLY,2025-08-21 20:27:37
CBX,2025-08-21 20:27:37
TVAIU,2025-08-21 20:27:37
CCTS,2025-08-21 20:27:37
BKHAU,2025-08-21 20:27:37
PARA,2025-08-21 20:27:37
PLIN,2025-08-21 20:27:37
ELEV,2025-08-21 20:27:37
BULLZ,2025-08-21 20:27:37
TVACU,2025-08-21 20:27:37
ESSA,2025-08-21 20:27:37
FTIIU,2025-08-21 20:27:37
AEAEW,2025-08-21 20:27:37
IKNA,2025-08-21 20:27:37
PETWW,2025-08-21 20:27:37
OAKUU,2025-08-21 20:27:37
CGBSW,2025-08-21 20:27:37
ELRC,2025-08-21 20:27:37
WINVW,2025-08-21 20:27:37
VIGL,2025-08-21 20:27:37
CSC,2025-08-21 20:27:37
SGAMU,2025-08-21 20:27:37
BSIIU,2025-08-21 20:27:37
BRMK,2025-08-21 20:27:37
CCCM,2025-08-21 20:27:37
TGP,2025-08-21 20:27:37
INTEW,2025-08-21 20:27:37
CFFE,2025-08-21 20:27:37
WINVR,2025-08-21 20:27:37
AUS-UN,2025-08-21 20:27:37
NVEE,2025-08-21 20:27:37
TGI,2025-08-21 20:27:37
AGS,2025-08-21 20:27:37
AZUL,2025-08-21 20:27:37
ATH-PC,2025-08-21 20:27:37
ETWO-WT,2025-08-21 20:27:37
BYLK,2025-08-21 20:27:37
CHEB,2025-08-21 20:27:37
AP-WT,2025-08-21 20:27:37
ETWO,2025-08-21 20:27:37
BHACW,2025-08-21 20:27:37
CFFS,2025-08-21 20:27:37
DLNG-PB,2025-08-21 20:27:37
BMTC,2025-08-21 20:27:37
AZEK,2025-08-21 20:27:37
WINVU,2025-08-21 20:27:37
VLCN,2025-08-21 20:27:37
METCL,2025-08-21 20:27:37
QLGC,2025-08-21 20:27:37
BSII,2025-08-21 20:27:37
PUCKW,2025-08-21 20:27:37
PWOD,2025-08-21 20:27:37
PET,2025-08-21 20:27:37
ASCB,2025-08-21 20:27:37
BSAQ,2025-08-21 20:27:37
BRCN,2025-08-21 20:27:37
CCII,2025-08-21 20:27:37
CHEB-UN,2025-08-21 20:27:37
BROG,2025-08-21 20:27:37
AVPTW,2025-08-21 20:27:37
AEBIV,2025-08-21 20:27:37
FHN-PB,2025-08-21 20:27:37
AIMAU,2025-08-21 20:27:37
BIGC,2025-08-21 20:27:37
SGMA,2025-08-21 20:27:37
ATW,2025-08-21 20:27:37
TUGC,2025-08-21 20:27:37
IMAQW,2025-08-21 20:27:37
BRKHU,2025-08-21 20:27:37
AQUNR,2025-08-21 20:27:37
PMD,2025-08-21 20:27:37
SBBP,2025-08-21 20:27:37
BUJA,2025-08-21 20:27:37
CCCMW,2025-08-21 20:27:37
CCVI,2025-08-21 20:27:37
BRDS,2025-08-21 20:27:37
KIRK,2025-08-21 20:27:37
CCCMU,2025-08-21 20:27:37
BKDT,2025-08-21 20:27:37
BUJAU,2025-08-21 20:27:37
AIFE,2025-08-21 20:27:37
BETS,2025-08-21 20:27:37
AF,2025-08-21 20:27:37
PARAA,2025-08-21 20:27:37
BPMC,2025-08-21 20:27:37
STL,2025-08-21 20:27:37
APTS,2025-08-21 20:27:37
APOL,2025-08-21 20:27:37
ALSAU,2025-08-21 20:27:37
APXT,2025-08-21 20:27:37
AMIC,2025-08-21 20:27:37
ANSS,2025-08-21 20:27:37
AKYA,2025-08-21 20:27:37
EIGR,2025-08-21 20:27:37
CVII,2025-08-21 20:27:37
CTK,2025-08-21 20:27:37
EVRI,2025-08-21 20:27:37
EVGR,2025-08-21 20:27:37
HOT,2025-08-21 20:27:37
CHX,2025-08-21 20:27:37
FAZEW,2025-08-21 20:27:37
CRSAU,2025-08-21 20:27:37
DTJ,2025-08-21 20:27:37
CITE,2025-08-21 20:27:37
EYEN,2025-08-21 20:27:37
FGMCW,2025-08-21 20:27:37
DAOOU,2025-08-21 20:27:37
CLBR,2025-08-21 20:27:37
CHRO,2025-08-21 20:27:37
EVGRU,2025-08-21 20:27:37
ESGRO,2025-08-21 20:27:37
DWA,2025-08-21 20:27:37
DTP,2025-08-21 20:27:37
CPAAW,2025-08-21 20:27:37
ESACW,2025-08-21 20:27:37
ENFA,2025-08-21 20:27:37
FCB,2025-08-21 20:27:37
HCXZ,2025-08-21 20:27:37
HHLA,2025-08-21 20:27:37
CPUH,2025-08-21 20:27:37
ESRX,2025-08-21 20:27:37
HEP,2025-08-21 20:27:37
GNBC,2025-08-21 20:27:37
DEN,2025-08-21 20:27:37
CPAR,2025-08-21 20:27:37
GTER,2025-08-21 20:27:37
CNTQU,2025-08-21 20:27:37
GMFIW,2025-08-21 20:27:37
ENPC-UN,2025-08-21 20:27:37
EGL,2025-08-21 20:27:37
FNVTW,2025-08-21 20:27:37
ESAC,2025-08-21 20:27:37
CLRCW,2025-08-21 20:27:37
HES,2025-08-21 20:27:37
GTPAW,2025-08-21 20:27:37
CRACU,2025-08-21 20:27:37
GSQD-UN,2025-08-21 20:27:37
ESGC,2025-08-21 20:27:37
COTV,2025-08-21 20:27:37
ENERR,2025-08-21 20:27:37
DPL,2025-08-21 20:27:37
HFC,2025-08-21 20:27:37
FMTO,2025-08-21 20:27:37
HCVIW,2025-08-21 20:27:37
ENNVW,2025-08-21 20:27:37
GMBLW,2025-08-21 20:27:37
DMF,2025-08-21 20:27:37
CMLFU,2025-08-21 20:27:37
FRP,2025-08-21 20:27:37
GTPA,2025-08-21 20:27:37
ENERW,2025-08-21 20:27:37
CSWI,2025-08-21 20:27:37
CUENW,2025-08-21 20:27:37
GMBLZ,2025-08-21 20:27:37
FSSI,2025-08-21 20:27:37
HMTV,2025-08-21 20:27:37
CSSE,2025-08-21 20:27:37
FARO,2025-08-21 20:27:37
HEOP,2025-08-21 20:27:37
HOFVW,2025-08-21 20:27:37
FEXDU,2025-08-21 20:27:37
FMBIP,2025-08-21 20:27:37
CSSEP,2025-08-21 20:27:37
DNAC,2025-08-21 20:27:37
HAIAU,2025-08-21 20:27:37
DIST,2025-08-21 20:27:37
ERS,2025-08-21 20:27:37
HORIU,2025-08-21 20:27:37
CLBR-WT,2025-08-21 20:27:37
FLFVW,2025-08-21 20:27:37
CFFSU,2025-08-21 20:27:37
GTPAU,2025-08-21 20:27:37
FLFVR,2025-08-21 20:27:37
HEES,2025-08-21 20:27:37
GIMO,2025-08-21 20:27:37
IPVA,2025-08-21 20:27:37
INZY,2025-08-21 20:27:37
IMCIW,2025-08-21 20:27:37
GLSTW,2025-08-21 20:27:37
GLYC,2025-08-21 20:27:37
INBXV,2025-08-21 20:27:37
GLAC,2025-08-21 20:27:37
JNPR,2025-08-21 20:27:37
FTPA,2025-08-21 20:27:37
IPVF,2025-08-21 20:27:37
ITAQU,2025-08-21 20:27:37
IPAS,2025-08-21 20:27:37
FTOCU,2025-08-21 20:27:37
FVT,2025-08-21 20:27:37
JNP,2025-08-21 20:27:37
IVCA,2025-08-21 20:27:37
IQNT,2025-08-21 20:27:37
IVC,2025-08-21 20:27:37
SCRM,2025-08-21 20:27:37
SCMAU,2025-08-21 20:27:37
KRON,2025-08-21 20:27:37
JUPWW,2025-08-21 20:27:37
SMR-WT,2025-08-21 20:27:37
PFTAU,2025-08-21 20:27:37
SAMAU,2025-08-21 20:27:37
LEAP-UN,2025-08-21 20:27:37
BRACU,2025-08-21 20:27:37
QADB,2025-08-21 20:27:37
TCN,2025-08-21 20:27:37
LFG,2025-08-21 20:27:37
SLAC-UN,2025-08-21 20:27:37
POSH,2025-08-21 20:27:37
SNPX,2025-08-21 20:27:37
SOAC-UN,2025-08-21 20:27:37
KMF,2025-08-21 20:27:37
SNCRL,2025-08-21 20:27:37
KSMT,2025-08-21 20:27:37
RACB,2025-08-21 20:27:37
OCX,2025-08-21 20:27:37
KKR-PC,2025-08-21 20:27:37
OLITW,2025-08-21 20:27:37
SLRN,2025-08-21 20:27:37
JOFFW,2025-08-21 20:27:37
KWESW,2025-08-21 20:27:37
PGHL,2025-08-21 20:27:37
RAVN,2025-08-21 20:27:37
OSA,2025-08-21 20:27:37
SHYF,2025-08-21 20:27:37
LCAA,2025-08-21 20:27:37
LFAC,2025-08-21 20:27:37
RICO,2025-08-21 20:27:37
MSSA,2025-08-21 20:27:37
KACLU,2025-08-21 20:27:37
MTL,2025-08-21 20:27:37
RNR-PE,2025-08-21 20:27:37
MRIN,2025-08-21 20:27:37
MAAQW,2025-08-21 20:27:37
PIK,2025-08-21 20:27:37
TGAA,2025-08-21 20:27:37
JVSA,2025-08-21 20:27:37
NMP,2025-08-21 20:27:37
TCRZ,2025-08-21 20:27:37
KAHC,2025-08-21 20:27:37
MTGE,2025-08-21 20:27:37
SAL,2025-08-21 20:27:37
KDLYW,2025-08-21 20:27:37
TGH,2025-08-21 20:27:37
RXDX,2025-08-21 20:27:37
JNVR,2025-08-21 20:27:37
LIVBU,2025-08-21 20:27:37
ONCH,2025-08-21 20:27:37
SJR,2025-08-21 20:27:37
OBSV,2025-08-21 20:27:37
OCAT,2025-08-21 20:27:37
RVAC,2025-08-21 20:27:37
TANNI,2025-08-21 20:27:37
SKGRU,2025-08-21 20:27:37
STFC,2025-08-21 20:27:37
MOTV-UN,2025-08-21 20:27:37
MBAC,2025-08-21 20:27:37
JOBS,2025-08-21 20:27:37
KACLR,2025-08-21 20:27:37
PRBM-UN,2025-08-21 20:27:37
SBIGW,2025-08-21 20:27:37
TCACU,2025-08-21 20:27:37
SCCB,2025-08-21 20:27:37
OEPW,2025-08-21 20:27:37
MPAC,2025-08-21 20:27:37
MCADR,2025-08-21 20:27:37
NCBS,2025-08-21 20:27:37
SFG,2025-08-21 20:27:37
LDTC,2025-08-21 20:27:37
NIR,2025-08-21 20:27:37
SPKAU,2025-08-21 20:27:37
SFRWW,2025-08-21 20:27:37
LIME,2025-08-21 20:27:37
LKCO,2025-08-21 20:27:37
SOCB,2025-08-21 20:27:37
DECAW,2025-08-21 20:27:37
NUBIW,2025-08-21 20:27:37
SHQAU,2025-08-21 20:27:37
SNAXW,2025-08-21 20:27:37
PEGRU,2025-08-21 20:27:37
JNS,2025-08-21 20:27:37
NFX,2025-08-21 20:27:37
SLGCW,2025-08-21 20:27:37
LYL,2025-08-21 20:27:37
OBDE,2025-08-21 20:27:37
LTRY,2025-08-21 20:27:37
POND-UN,2025-08-21 20:27:37
MINM,2025-08-21 20:27:37
MLAIW,2025-08-21 20:27:37
PFBI,2025-08-21 20:27:37
MNRK,2025-08-21 20:27:37
MEOAU,2025-08-21 20:27:37
MGN,2025-08-21 20:27:37
MER,2025-08-21 20:27:37
MKTO,2025-08-21 20:27:37
ASEI,2025-08-21 20:27:37
SVU,2025-08-21 20:27:37
APMIU,2025-08-21 20:27:37
ESGR,2025-08-21 20:27:37
RLOG,2025-08-21 20:27:37
JTAIW,2025-08-21 20:27:37
BPACW,2025-08-21 20:27:37
WSTC,2025-08-21 20:27:37
LIAN,2025-08-21 20:27:37
RETA,2025-08-21 20:27:37
SNC,2025-08-21 20:27:37
REPH,2025-08-21 20:27:37
LANC,2025-08-21 20:27:37
LGF-A,2025-08-21 20:27:37
VSAI,2025-08-21 20:27:37
MBRG,2025-08-21 20:27:37
GOLD,2025-08-21 20:27:37
SHLM,2025-08-21 20:27:37
RDUS,2025-08-21 20:27:37
CSSEL,2025-08-21 20:27:37
RTC,2025-08-21 20:27:37
DST,2025-08-21 20:27:37
SVMH,2025-08-21 20:27:37
LUB,2025-08-21 20:27:37
RKUS,2025-08-21 20:27:37
CDEV,2025-08-21 20:27:37
CPGX,2025-08-21 20:27:37
PROC,2025-08-21 20:27:37
TPBA,2025-08-21 20:27:37
HMA,2025-08-21 20:27:37
VIVO,2025-08-21 20:27:37
DFS,2025-08-21 20:27:37
CACB,2025-08-21 20:27:37
NCNC,2025-08-21 20:27:37
KACL,2025-08-21 20:27:37
TETE,2025-08-21 20:27:37
VRN,2025-08-21 20:27:37
TWX,2025-08-21 20:27:37
LGF-B,2025-08-21 20:27:37
CMAX,2025-08-21 20:27:37
LGHLW,2025-08-21 20:27:37
CLRC,2025-08-21 20:27:37
UTEK,2025-08-21 20:27:37
PVAC,2025-08-21 20:27:37
PFTA,2025-08-21 20:27:37
YVR,2025-08-21 20:27:37
HFFC,2025-08-21 20:27:37
RCFA,2025-08-21 20:27:37
AAM-UN,2025-08-21 20:27:37
BLUE,2025-08-21 20:27:37
VNME,2025-08-21 20:27:37
EBTC,2025-08-21 20:27:37
GFED,2025-08-21 20:27:37
PROCW,2025-08-21 20:27:37
SSPK,2025-08-21 20:27:37
TUGCU,2025-08-21 20:27:37
LSEA,2025-08-21 20:27:37
GATEW,2025-08-21 20:27:37
QOMO,2025-08-21 20:27:37
AVHIW,2025-08-21 20:27:37
TVTY,2025-08-21 20:27:37
SYT,2025-08-21 20:27:37
LYT,2025-08-21 20:27:37
IVCB,2025-08-21 20:27:37
RNBW,2025-08-21 20:27:37
AIFEU,2025-08-21 20:27:37
SFE,2025-08-21 20:27:37
ENDP,2025-08-21 20:27:37
VMCA,2025-08-21 20:27:37
DMYY-UN,2025-08-21 20:27:37
DTSI,2025-08-21 20:27:37
USCT,2025-08-21 20:27:37
DMN,2025-08-21 20:27:37
VRMEW,2025-08-21 20:27:37
BWLD,2025-08-21 20:27:37
BWAQU,2025-08-21 20:27:37
GLACR,2025-08-21 20:27:37
UBX,2025-08-21 20:27:37
MBNKP,2025-08-21 20:27:37
XLNX,2025-08-21 20:27:37
SHPW,2025-08-21 20:27:37
BNIXR,2025-08-21 20:27:37
CKPT,2025-08-21 20:27:37
ACTA,2025-08-21 20:27:37
PTRA,2025-08-21 20:27:37
TSVT,2025-08-21 20:27:37
WBKC,2025-08-21 20:27:37
TLGA-UN,2025-08-21 20:27:37
ACW,2025-08-21 20:27:37
TRIS,2025-08-21 20:27:37
TOPW,2025-08-21 20:27:37
PEGRW,2025-08-21 20:27:37
TMPO,2025-08-21 20:27:37
KTWO,2025-08-21 20:27:37
LDTCW,2025-08-21 20:27:37
FRSGU,2025-08-21 20:27:37
TETC,2025-08-21 20:27:37
RBPAA,2025-08-21 20:27:37
GLBKV,2025-08-21 20:27:37
IXAQU,2025-08-21 20:27:37
ENH,2025-08-21 20:27:37
TWND,2025-08-21 20:27:37
SGFY,2025-08-21 20:27:37
PEI-PD,2025-08-21 20:27:37
MUDSU,2025-08-21 20:27:37
SFTW,2025-08-21 20:27:37
SHCAU,2025-08-21 20:27:37
MCAFU,2025-08-21 20:27:37
THCAW,2025-08-21 20:27:37
CRHC-UN,2025-08-21 20:27:37
RCHGU,2025-08-21 20:27:37
FTRP,2025-08-21 20:27:37
BUJAR,2025-08-21 20:27:37
JGGCR,2025-08-21 20:27:37
SMIH,2025-08-21 20:27:37
PDOT-WT,2025-08-21 20:27:37
AIBBU,2025-08-21 20:27:37
LGSTW,2025-08-21 20:27:37
DALS,2025-08-21 20:27:37
DCRNW,2025-08-21 20:27:37
FEXDR,2025-08-21 20:27:37
FRC-PI,2025-08-21 20:27:37
FINMU,2025-08-21 20:27:37
TACA,2025-08-21 20:27:37
CQH,2025-08-21 20:27:37
ADERU,2025-08-21 20:27:37
MHGC,2025-08-21 20:27:37
BSN-UN,2025-08-21 20:27:37
TACA-UN,2025-08-21 20:27:37
GPAC,2025-08-21 20:27:37
UTAA,2025-08-21 20:27:37
ENBL,2025-08-21 20:27:37
WR,2025-08-21 20:27:37
ENCPW,2025-08-21 20:27:37
AHRN,2025-08-21 20:27:37
RGLS,2025-08-21 20:27:37
LAXXU,2025-08-21 20:27:37
JAQC,2025-08-21 20:27:37
RADI,2025-08-21 20:27:37
RENEW,2025-08-21 20:27:37
USCTW,2025-08-21 20:27:37
VGAC,2025-08-21 20:27:37
ANAC-UN,2025-08-21 20:27:37
METR,2025-08-21 20:27:37
EQD,2025-08-21 20:27:37
BPMP,2025-08-21 20:27:37
FTAA,2025-08-21 20:27:37
JCS,2025-08-21 20:27:37
CLII,2025-08-21 20:27:37
SOV,2025-08-21 20:27:37
DCT,2025-08-21 20:27:37
OIBR-C,2025-08-21 20:27:37
HCNEU,2025-08-21 20:27:37
LBDAV,2025-08-21 20:27:37
LIZI,2025-08-21 20:27:37
ACY,2025-08-21 20:27:37
REVH,2025-08-21 20:27:37
BHAC,2025-08-21 20:27:37
TLMDW,2025-08-21 20:27:37
QFTA,2025-08-21 20:27:37
SSAA,2025-08-21 20:27:37
KBNTW,2025-08-21 20:27:37
LFTRU,2025-08-21 20:27:37
ROCRU,2025-08-21 20:27:37
CVC,2025-08-21 20:27:37
CMCAW,2025-08-21 20:27:37
ALTU,2025-08-21 20:27:37
DMYS-UN,2025-08-21 20:27:37
MACAU,2025-08-21 20:27:37
SYNT,2025-08-21 20:27:37
BUJAW,2025-08-21 20:27:37
MSSAW,2025-08-21 20:27:37
LAZY,2025-08-21 20:27:37
DLCAW,2025-08-21 20:27:37
MCAAW,2025-08-21 20:27:37
SABRP,2025-08-21 20:27:37
MURFU,2025-08-21 20:27:37
EBAC,2025-08-21 20:27:37
IMGO,2025-08-21 20:27:37
DUNEU,2025-08-21 20:27:37
PNK,2025-08-21 20:27:37
VORB,2025-08-21 20:27:37
CHEKZ,2025-08-21 20:27:37
PEPLW,2025-08-21 20:27:37
OEG,2025-08-21 20:27:37
RAMMW,2025-08-21 20:27:37
EPHYW,2025-08-21 20:27:37
CRXT,2025-08-21 20:27:37
NOVA,2025-08-21 20:27:37
ASCAW,2025-08-21 20:27:37
WTFCP,2025-08-21 20:27:37
FSNB-WT,2025-08-21 20:27:37
FFFZ,2025-08-21 20:27:37
AVCO,2025-08-21 20:27:37
TIO,2025-08-21 20:27:37
BCACW,2025-08-21 20:27:37
GPP,2025-08-21 20:27:37
NSS,2025-08-21 20:27:37
CBO,2025-08-21 20:27:37
CVII-WT,2025-08-21 20:27:37
MBINO,2025-08-21 20:27:37
VTRU,2025-08-21 20:27:37
AEB,2025-08-21 20:27:37
FRGAP,2025-08-21 20:27:37
EQRX,2025-08-21 20:27:37
BTWNW,2025-08-21 20:27:37
YELL,2025-08-21 20:27:37
TCBPW,2025-08-21 20:27:37
LICY,2025-08-21 20:27:37
CNSL,2025-08-21 20:27:37
ALTR,2025-08-21 20:27:37
GHACU,2025-08-21 20:27:37
RCFA-UN,2025-08-21 20:27:37
FOUN,2025-08-21 20:27:37
OSAAW,2025-08-21 20:27:37
FATBV,2025-08-21 20:27:37
LABP,2025-08-21 20:27:37
PXDT,2025-08-21 20:27:37
PEV,2025-08-21 20:27:37
ENOC,2025-08-21 20:27:37
AL-PA,2025-08-21 20:27:37
CIR,2025-08-21 20:27:37
AIII,2025-08-21 20:27:37
INBKL,2025-08-21 20:27:37
RWLK,2025-08-21 20:27:37
APXIU,2025-08-21 20:27:37
ONVO,2025-08-21 20:27:37
IMH,2025-08-21 20:27:37
FACA-WT,2025-08-21 20:27:37
HCDIZ,2025-08-21 20:27:37
HHGCW,2025-08-21 20:27:37
LOTZW,2025-08-21 20:27:37
NS-PB,2025-08-21 20:27:37
ATVI,2025-08-21 20:27:37
CHEAU,2025-08-21 20:27:37
HSTO,2025-08-21 20:27:37
IBTX,2025-08-21 20:27:37
LUXAW,2025-08-21 20:27:37
QDRO,2025-08-21 20:27:37
ROCL,2025-08-21 20:27:37
SRCL,2025-08-21 20:27:37
LEC,2025-08-21 20:27:37
PLTNU,2025-08-21 20:27:37
SEPA,2025-08-21 20:27:37
AGR,2025-08-21 20:27:37
MNTX,2025-08-21 20:27:37
AEH,2025-08-21 20:27:37
CPTK-WT,2025-08-21 20:27:37
AMH-PE,2025-08-21 20:27:37
NUVOW,2025-08-21 20:27:37
ENTFU,2025-08-21 20:27:37
REVBU,2025-08-21 20:27:37
PKBOW,2025-08-21 20:27:37
FANH,2025-08-21 20:27:37
ORAN,2025-08-21 20:27:37
CXAC-UN,2025-08-21 20:27:37
PKBO,2025-08-21 20:27:37
SQNM,2025-08-21 20:27:37
GBBKW,2025-08-21 20:27:37
ARCH,2025-08-21 20:27:37
TIG,2025-08-21 20:27:37
GOED,2025-08-21 20:27:37
OUST-WT,2025-08-21 20:27:37
OPNT,2025-08-21 20:27:37
ESMT,2025-08-21 20:27:37
AWH,2025-08-21 20:27:37
LAAAW,2025-08-21 20:27:37
CAVM,2025-08-21 20:27:37
WARR,2025-08-21 20:27:37
BTB,2025-08-21 20:27:37
IGACW,2025-08-21 20:27:37
YGF,2025-08-21 20:27:37
GMCR,2025-08-21 20:27:37
EXTO,2025-08-21 20:27:37
ISEE,2025-08-21 20:27:37
ZVO,2025-08-21 20:27:37
KTRA,2025-08-21 20:27:37
LLAP,2025-08-21 20:27:37
EVBS,2025-08-21 20:27:37
CIDM,2025-08-21 20:27:37
DM,2025-08-21 20:27:37
CTLT,2025-08-21 20:27:37
SCX,2025-08-21 20:27:37
APO-PB,2025-08-21 20:27:37
TPGY-WT,2025-08-21 20:27:37
CTXRW,2025-08-21 20:27:37
SHCR,2025-08-21 20:27:37
CIXX,2025-08-21 20:27:37
JXJT,2025-08-21 20:27:37
UB,2025-08-21 20:27:37
NOVV,2025-08-21 20:27:37
IFIN-UN,2025-08-21 20:27:37
AFAR,2025-08-21 20:27:37
CEIX,2025-08-21 20:27:37
RKLY-WT,2025-08-21 20:27:37
SVFD,2025-08-21 20:27:37
HBANO,2025-08-21 20:27:37
QIWI,2025-08-21 20:27:37
RCHG,2025-08-21 20:27:37
AMTBB,2025-08-21 20:27:37
MPLN-WT,2025-08-21 20:27:37
LEJU,2025-08-21 20:27:37
RDS-B,2025-08-21 20:27:37
HNRA,2025-08-21 20:27:37
CARA,2025-08-21 20:27:37
SCAQW,2025-08-21 20:27:37
ROLLP,2025-08-21 20:27:37
BOCN,2025-08-21 20:27:37
FNFG,2025-08-21 20:27:37
EHLDV,2025-08-21 20:27:37
INST,2025-08-21 20:27:37
SBT,2025-08-21 20:27:37
TWNK,2025-08-21 20:27:37
TCS,2025-08-21 20:27:37
MJN,2025-08-21 20:27:37
CTIB,2025-08-21 20:27:37
AFTR,2025-08-21 20:27:37
TWKS,2025-08-21 20:27:37
MGTA,2025-08-21 20:27:37
GPS,2025-08-21 20:27:37
VEV,2025-08-21 20:27:37
SILK,2025-08-21 20:27:37
TELL,2025-08-21 20:27:37
NH,2025-08-21 20:27:37
CMRAW,2025-08-21 20:27:37
TMDI,2025-08-21 20:27:37
MBT,2025-08-21 20:27:37
TSYS,2025-08-21 20:27:37
AKU,2025-08-21 20:27:37
PCGU,2025-08-21 20:27:37
TRCA-UN,2025-08-21 20:27:37
DWIN-WT,2025-08-21 20:27:37
MNK,2025-08-21 20:27:37
RCM,2025-08-21 20:27:37
WDCVV,2025-08-21 20:27:37
FATAV,2025-08-21 20:27:37
LCA,2025-08-21 20:27:37
NSTD-UN,2025-08-21 20:27:37
MIT-WT,2025-08-21 20:27:37
QNGY,2025-08-21 20:27:37
IMPR,2025-08-21 20:27:37
GNOG,2025-08-21 20:27:37
MBII,2025-08-21 20:27:37
ADRA-WT,2025-08-21 20:27:37
DBGIW,2025-08-21 20:27:37
SEDA,2025-08-21 20:27:37
DS-PD,2025-08-21 20:27:37
KSICW,2025-08-21 20:27:37
OTECW,2025-08-21 20:27:37
CCLDP,2025-08-21 20:27:37
SLGC,2025-08-21 20:27:37
LBYAV,2025-08-21 20:27:37
CSLMU,2025-08-21 20:27:37
ARVL,2025-08-21 20:27:37
EXAR,2025-08-21 20:27:37
HCARU,2025-08-21 20:27:37
PV-WT,2025-08-21 20:27:37
THCP,2025-08-21 20:27:37
MBTCR,2025-08-21 20:27:37
HPY,2025-08-21 20:27:37
BENEW,2025-08-21 20:27:37
LIFW,2025-08-21 20:27:37
DTY,2025-08-21 20:27:37
APXTU,2025-08-21 20:27:37
CSBK,2025-08-21 20:27:37
PRFT,2025-08-21 20:27:37
GIAC,2025-08-21 20:27:37
NMRX,2025-08-21 20:27:37
THCPW,2025-08-21 20:27:37
NRDY-WT,2025-08-21 20:27:37
MTSN,2025-08-21 20:27:37
ROI,2025-08-21 20:27:37
POZN,2025-08-21 20:27:37
VBIV,2025-08-21 20:27:37
AAM-PB,2025-08-21 20:27:37
AY,2025-08-21 20:27:37
VACC,2025-08-21 20:27:37
KBAL,2025-08-21 20:27:37
TPX,2025-08-21 20:27:37
GSEV,2025-08-21 20:27:37
OMGA,2025-08-21 20:27:37
ARNC,2025-08-21 20:27:37
STT-PD,2025-08-21 20:27:37
JBT,2025-08-21 20:27:37
LAAC,2025-08-21 20:27:37
ACAB,2025-08-21 20:27:37
UNTD,2025-08-21 20:27:37
HEAR,2025-08-21 20:27:37
EGLX,2025-08-21 20:27:37
QOMOW,2025-08-21 20:27:37
DBTX,2025-08-21 20:27:37
PGSS-WT,2025-08-21 20:27:37
PSTI,2025-08-21 20:27:37
MCBC,2025-08-21 20:27:37
EZFL,2025-08-21 20:27:37
ALVR,2025-08-21 20:27:37
APGB-WT,2025-08-21 20:27:37
AJX,2025-08-21 20:27:37
AMTI,2025-08-21 20:27:37
BDXB,2025-08-21 20:27:37
AEHA,2025-08-21 20:27:37
NPAB,2025-08-21 20:27:37
CFXA,2025-08-21 20:27:37
CNBKA,2025-08-21 20:27:37
OSMT,2025-08-21 20:27:37
PBY,2025-08-21 20:27:37
WBK,2025-08-21 20:27:37
NBEV,2025-08-21 20:27:37
AGTC,2025-08-21 20:27:37
ASLEW,2025-08-21 20:27:37
DISCA,2025-08-21 20:27:37
VBLT,2025-08-21 20:27:37
SWM,2025-08-21 20:27:37
DRNA,2025-08-21 20:27:37
RAAS,2025-08-21 20:27:37
PLM,2025-08-21 20:27:37
ACBI,2025-08-21 20:27:37
LOJN,2025-08-21 20:27:37
COMSW,2025-08-21 20:27:37
CELP,2025-08-21 20:27:37
AACQU,2025-08-21 20:27:37
PMVC-WT,2025-08-21 20:27:37
CVON,2025-08-21 20:27:37
RXN,2025-08-21 20:27:37
RSYS,2025-08-21 20:27:37
BACA-WT,2025-08-21 20:27:37
BLAC,2025-08-21 20:27:37
DS,2025-08-21 20:27:37
ONCT,2025-08-21 20:27:37
GNCA,2025-08-21 20:27:37
NYCB,2025-08-21 20:27:37
BANC-PE,2025-08-21 20:27:37
CSLT,2025-08-21 20:27:37
HUDAU,2025-08-21 20:27:37
HWCC,2025-08-21 20:27:37
ENTFW,2025-08-21 20:27:37
CAB,2025-08-21 20:27:37
IPVIU,2025-08-21 20:27:37
AMH-PF,2025-08-21 20:27:37
EMCF,2025-08-21 20:27:37
JMP,2025-08-21 20:27:37
HDLS,2025-08-21 20:27:37
OBAS,2025-08-21 20:27:37
EFSH,2025-08-21 20:27:37
ECOL,2025-08-21 20:27:37
HHGCU,2025-08-21 20:27:37
BOCH,2025-08-21 20:27:37
REGI,2025-08-21 20:27:37
ANCX,2025-08-21 20:27:37
PITA,2025-08-21 20:27:37
NHWK,2025-08-21 20:27:37
AXU,2025-08-21 20:27:37
LMDX,2025-08-21 20:27:37
HTBI,2025-08-21 20:27:37
GSV,2025-08-21 20:27:37
EMLDW,2025-08-21 20:27:37
SQBG,2025-08-21 20:27:37
SCMA,2025-08-21 20:27:37
GBL,2025-08-21 20:27:37
PAE,2025-08-21 20:27:37
QRTEB,2025-08-21 20:27:37
SGIIU,2025-08-21 20:27:37
STRY-WT,2025-08-21 20:27:37
TDW-WT,2025-08-21 20:27:37
PBFX,2025-08-21 20:27:37
CIT,2025-08-21 20:27:37
INDIW,2025-08-21 20:27:37
RDBX,2025-08-21 20:27:37
LONE,2025-08-21 20:27:37
APGN,2025-08-21 20:27:37
IMPX-WT,2025-08-21 20:27:37
WAVD,2025-08-21 20:27:37
GLADL,2025-08-21 20:27:37
LOCK,2025-08-21 20:27:37
DICE,2025-08-21 20:27:37
LMNX,2025-08-21 20:27:37
QK,2025-08-21 20:27:37
OSN,2025-08-21 20:27:37
INFN,2025-08-21 20:27:37
NTCO,2025-08-21 20:27:37
IVR-PB,2025-08-21 20:27:37
MCLD,2025-08-21 20:27:37
JW-A,2025-08-21 20:27:37
SBLKZ,2025-08-21 20:27:37
DWCH,2025-08-21 20:27:37
VEDL,2025-08-21 20:27:37
TANNZ,2025-08-21 20:27:37
VENA,2025-08-21 20:27:37
CLAQU,2025-08-21 20:27:37
MYNA,2025-08-21 20:27:37
STAR-PG,2025-08-21 20:27:37
NRF,2025-08-21 20:27:37
XBIOW,2025-08-21 20:27:37
VIACA,2025-08-21 20:27:37
FRTX,2025-08-21 20:27:37
DPSI,2025-08-21 20:27:37
UIHC,2025-08-21 20:27:37
BOAS-WT,2025-08-21 20:27:37
RILYI,2025-08-21 20:27:37
GVP,2025-08-21 20:27:37
MCFE,2025-08-21 20:27:37
ESEAV,2025-08-21 20:27:37
IVCBW,2025-08-21 20:27:37
SQ,2025-08-21 20:27:37
MCAC,2025-08-21 20:27:37
FMBIO,2025-08-21 20:27:37
RVNC,2025-08-21 20:27:37
NES,2025-08-21 20:27:37
DGNR,2025-08-21 20:27:37
TRKA,2025-08-21 20:27:37
MPACU,2025-08-21 20:27:37
SCWX,2025-08-21 20:27:37
AIMC,2025-08-21 20:27:37
FUSN,2025-08-21 20:27:37
EUCRW,2025-08-21 20:27:37
GOEVW,2025-08-21 20:27:37
IQMD,2025-08-21 20:27:37
CPSI,2025-08-21 20:27:37
SVSVU,2025-08-21 20:27:37
WPCB,2025-08-21 20:27:37
ACHL,2025-08-21 20:27:37
UEPS,2025-08-21 20:27:37
PHYT-UN,2025-08-21 20:27:37
CGA,2025-08-21 20:27:37
CST,2025-08-21 20:27:37
NAV,2025-08-21 20:27:37
MCAAU,2025-08-21 20:27:37
QRTEP,2025-08-21 20:27:37
PLMIW,2025-08-21 20:27:37
PYR,2025-08-21 20:27:37
SWI,2025-08-21 20:27:37
GENQ,2025-08-21 20:27:37
BOCNU,2025-08-21 20:27:37
UNFL,2025-08-21 20:27:37
BSMX,2025-08-21 20:27:37
NBSTW,2025-08-21 20:27:37
BRSHW,2025-08-21 20:27:37
NMMCW,2025-08-21 20:27:37
PSUS,2025-08-21 20:27:37
CHWA,2025-08-21 20:27:37
BECN,2025-08-21 20:27:37
GSAQ,2025-08-21 20:27:37
OSI-WT,2025-08-21 20:27:37
GPCOU,2025-08-21 20:27:37
MTP,2025-08-21 20:27:37
WISA,2025-08-21 20:27:37
RF-PB,2025-08-21 20:27:37
STDY,2025-08-21 20:27:37
GAINM,2025-08-21 20:27:37
SHCRW,2025-08-21 20:27:37
PSAG,2025-08-21 20:27:37
EVE-WT,2025-08-21 20:27:37
YTEN,2025-08-21 20:27:37
ROIC,2025-08-21 20:27:37
ALSAW,2025-08-21 20:27:37
EFHTW,2025-08-21 20:27:37
ANGIV,2025-08-21 20:27:37
SRACU,2025-08-21 20:27:37
VASC,2025-08-21 20:27:37
VLDR,2025-08-21 20:27:37
MN,2025-08-21 20:27:37
HKIB,2025-08-21 20:27:37
CYAD,2025-08-21 20:27:37
AFINP,2025-08-21 20:27:37
POWRU,2025-08-21 20:27:37
GSMG,2025-08-21 20:27:37
RICE-UN,2025-08-21 20:27:37
BDR,2025-08-21 20:27:37
STCN,2025-08-21 20:27:37
ISDR,2025-08-21 20:27:37
CLIN,2025-08-21 20:27:37
GBBK,2025-08-21 20:27:37
EMKR,2025-08-21 20:27:37
NSTB-UN,2025-08-21 20:27:37
UNAM,2025-08-21 20:27:37
FEXD,2025-08-21 20:27:37
VTAQR,2025-08-21 20:27:37
CPG,2025-08-21 20:27:37
SPCMU,2025-08-21 20:27:37
SLACU,2025-08-21 20:27:37
BOXD,2025-08-21 20:27:37
KS,2025-08-21 20:27:37
CONN,2025-08-21 20:27:37
CHFN,2025-08-21 20:27:37
CPTNW,2025-08-21 20:27:37
KSU-P,2025-08-21 20:27:37
DTRTW,2025-08-21 20:27:37
AHI,2025-08-21 20:27:37
EPIQ,2025-08-21 20:27:37
EVBN,2025-08-21 20:27:37
SGE,2025-08-21 20:27:37
SSIC,2025-08-21 20:27:37
SJIV,2025-08-21 20:27:37
MRNS,2025-08-21 20:27:37
TOROV,2025-08-21 20:27:37
WMAR,2025-08-21 20:27:37
CDAQU,2025-08-21 20:27:37
BMAQU,2025-08-21 20:27:37
PYCR,2025-08-21 20:27:37
GCACW,2025-08-21 20:27:37
TNP-PF,2025-08-21 20:27:37
CLAS-WT,2025-08-21 20:27:37
AIG-PA,2025-08-21 20:27:37
FXCOR,2025-08-21 20:27:37
BKEPP,2025-08-21 20:27:37
SVNAU,2025-08-21 20:27:37
LCY,2025-08-21 20:27:37
ZUO,2025-08-21 20:27:37
FTAI-PB,2025-08-21 20:27:37
UZC,2025-08-21 20:27:37
MDVL,2025-08-21 20:27:37
JWSM-UN,2025-08-21 20:27:37
BBG,2025-08-21 20:27:37
WAVS,2025-08-21 20:27:37
GACQW,2025-08-21 20:27:37
CHKEZ,2025-08-21 20:27:37
SMTS,2025-08-21 20:27:37
ENV,2025-08-21 20:27:37
BTTR,2025-08-21 20:27:37
GBRGR,2025-08-21 20:27:37
RCRT,2025-08-21 20:27:37
GSQB-UN,2025-08-21 20:27:37
ROCLW,2025-08-21 20:27:37
HCAR,2025-08-21 20:27:37
TLGYW,2025-08-21 20:27:37
BODY-WT,2025-08-21 20:27:37
WTRU,2025-08-21 20:27:37
TWCT,2025-08-21 20:27:37
AUVI,2025-08-21 20:27:37
SUNSV,2025-08-21 20:27:37
IPXXU,2025-08-21 20:27:37
CHUY,2025-08-21 20:27:37
VIA,2025-08-21 20:27:37
SVMHW,2025-08-21 20:27:37
SWAV,2025-08-21 20:27:37
BRD-WT,2025-08-21 20:27:37
PIAI,2025-08-21 20:27:37
DRQ,2025-08-21 20:27:37
ELAT,2025-08-21 20:27:37
VHAQ-UN,2025-08-21 20:27:37
SAGAU,2025-08-21 20:27:37
MDRRP,2025-08-21 20:27:37
HECCU,2025-08-21 20:27:37
PHCF,2025-08-21 20:27:37
SHUAW,2025-08-21 20:27:37
SLNA,2025-08-21 20:27:37
APEN,2025-08-21 20:27:37
SIFYR,2025-08-21 20:27:37
SQSP,2025-08-21 20:27:37
AITR,2025-08-21 20:27:37
DTLK,2025-08-21 20:27:37
AHL-PC,2025-08-21 20:27:37
ADRT,2025-08-21 20:27:37
GBRGW,2025-08-21 20:27:37
GODNU,2025-08-21 20:27:37
WEL-UN,2025-08-21 20:27:37
PLAOW,2025-08-21 20:27:37
CMPI,2025-08-21 20:27:37
HAIAW,2025-08-21 20:27:37
EVOJ,2025-08-21 20:27:37
IMPL,2025-08-21 20:27:37
BHSE,2025-08-21 20:27:37
BYU,2025-08-21 20:27:37
AXNX,2025-08-21 20:27:37
ADEX-UN,2025-08-21 20:27:37
AINC,2025-08-21 20:27:37
SHPG,2025-08-21 20:27:37
SAG,2025-08-21 20:27:37
SMLP,2025-08-21 20:27:37
CALT,2025-08-21 20:27:37
ACAHW,2025-08-21 20:27:37
TSIBU,2025-08-21 20:27:37
ROCGU,2025-08-21 20:27:37
JMACU,2025-08-21 20:27:37
CALB,2025-08-21 20:27:37
WE,2025-08-21 20:27:37
SDC,2025-08-21 20:27:37
NR,2025-08-21 20:27:37
FNBG,2025-08-21 20:27:37
ETRN,2025-08-21 20:27:37
LDHAW,2025-08-21 20:27:37
IRNT,2025-08-21 20:27:37
AMPS-WT,2025-08-21 20:27:37
DYNS,2025-08-21 20:27:37
RNER,2025-08-21 20:27:37
FRES,2025-08-21 20:27:37
VLD,2025-08-21 20:27:37
SIVB,2025-08-21 20:27:37
AHC,2025-08-21 20:27:37
ARG,2025-08-21 20:27:37
DRCTW,2025-08-21 20:27:37
JOFF,2025-08-21 20:27:37
GODN,2025-08-21 20:27:37
GIWWW,2025-08-21 20:27:37
PALT,2025-08-21 20:27:37
MIXT,2025-08-21 20:27:37
KLAQU,2025-08-21 20:27:37
VOXX,2025-08-21 20:27:37
TMTC,2025-08-21 20:27:37
ELVT,2025-08-21 20:27:37
AMCC,2025-08-21 20:27:37
BPY,2025-08-21 20:27:37
CAM,2025-08-21 20:27:37
SPHAU,2025-08-21 20:27:37
LBAI,2025-08-21 20:27:37
GXGX,2025-08-21 20:27:37
MNTN-WT,2025-08-21 20:27:37
GHIXU,2025-08-21 20:27:37
ITHX,2025-08-21 20:27:37
COL,2025-08-21 20:27:37
PFIE,2025-08-21 20:27:37
FZT,2025-08-21 20:27:37
BELP,2025-08-21 20:27:37
OME,2025-08-21 20:27:37
ECYT,2025-08-21 20:27:37
SPECW,2025-08-21 20:27:37
LAXXW,2025-08-21 20:27:37
PF,2025-08-21 20:27:37
LSXMB,2025-08-21 20:27:37
PICC-WT,2025-08-21 20:27:37
TNP-PE,2025-08-21 20:27:37
DHBC,2025-08-21 20:27:37
ASZ-WT,2025-08-21 20:27:37
BKI,2025-08-21 20:27:37
VSAR,2025-08-21 20:27:37
JMPNZ,2025-08-21 20:27:37
ACBA,2025-08-21 20:27:37
VYGG-WT,2025-08-21 20:27:37
ELNK,2025-08-21 20:27:37
AAC-WT,2025-08-21 20:27:37
AMRI,2025-08-21 20:27:37
GAPA-UN,2025-08-21 20:27:37
FSBK,2025-08-21 20:27:37
ADGE,2025-08-21 20:27:37
BOWL,2025-08-21 20:27:37
SPCMW,2025-08-21 20:27:37
QFTA-WT,2025-08-21 20:27:37
CPAQW,2025-08-21 20:27:37
WEL-WT,2025-08-21 20:27:37
MINDP,2025-08-21 20:27:37
REXX,2025-08-21 20:27:37
ININ,2025-08-21 20:27:37
EXN,2025-08-21 20:27:37
WAVSU,2025-08-21 20:27:37
FRX,2025-08-21 20:27:37
RAI,2025-08-21 20:27:37
IPAX,2025-08-21 20:27:37
VENAW,2025-08-21 20:27:37
CTV,2025-08-21 20:27:37
WBEV,2025-08-21 20:27:37
SCAQ,2025-08-21 20:27:37
SCAI,2025-08-21 20:27:37
LMHA,2025-08-21 20:27:37
SAMA,2025-08-21 20:27:37
MCLDP,2025-08-21 20:27:37
WFM,2025-08-21 20:27:37
SRSAU,2025-08-21 20:27:37
KAMN,2025-08-21 20:27:37
KRNLU,2025-08-21 20:27:37
RCLFW,2025-08-21 20:27:37
FOXWW,2025-08-21 20:27:37
GI,2025-08-21 20:27:37
BBBY,2025-08-21 20:27:37
ROSS-WT,2025-08-21 20:27:37
FNCB,2025-08-21 20:27:37
VCKAU,2025-08-21 20:27:37
GTH,2025-08-21 20:27:37
TFFP,2025-08-21 20:27:37
BFAC,2025-08-21 20:27:37
DISA,2025-08-21 20:27:37
HPX-WT,2025-08-21 20:27:37
HYZN,2025-08-21 20:27:37
IO,2025-08-21 20:27:37
LJAQ,2025-08-21 20:27:37
SLVRW,2025-08-21 20:27:37
POND-WT,2025-08-21 20:27:37
WWE,2025-08-21 20:27:37
OZON,2025-08-21 20:27:37
PORT-WT,2025-08-21 20:27:37
USAP,2025-08-21 20:27:37
IZTC,2025-08-21 20:27:37
CPLG,2025-08-21 20:27:37
FLDDU,2025-08-21 20:27:37
FMI,2025-08-21 20:27:37
TSIBW,2025-08-21 20:27:37
VLTA,2025-08-21 20:27:37
XOXO,2025-08-21 20:27:37
TELZ,2025-08-21 20:27:37
GRALV,2025-08-21 20:27:37
EFHT,2025-08-21 20:27:37
OWLT-WT,2025-08-21 20:27:37
TPVY,2025-08-21 20:27:37
UP-WT,2025-08-21 20:27:37
PMGM,2025-08-21 20:27:37
TNP,2025-08-21 20:27:37
SFC,2025-08-21 20:27:37
PNACW,2025-08-21 20:27:37
GSS,2025-08-21 20:27:37
MZOR,2025-08-21 20:27:37
RILYM,2025-08-21 20:27:37
VINCW,2025-08-21 20:27:37
FTEV-UN,2025-08-21 20:27:37
ATRI,2025-08-21 20:27:37
GGMCW,2025-08-21 20:27:37
FLYA-WT,2025-08-21 20:27:37
ALXN,2025-08-21 20:27:37
CLRM,2025-08-21 20:27:37
TRR,2025-08-21 20:27:37
TGR-WT,2025-08-21 20:27:37
ALACW,2025-08-21 20:27:37
FTAI-PC,2025-08-21 20:27:37
ARTEU,2025-08-21 20:27:37
THCBU,2025-08-21 20:27:37
ATML,2025-08-21 20:27:37
MBINP,2025-08-21 20:27:37
GFGDW,2025-08-21 20:27:37
GIA-WT,2025-08-21 20:27:37
CNCE,2025-08-21 20:27:37
DNZ,2025-08-21 20:27:37
SIERW,2025-08-21 20:27:37
CND-UN,2025-08-21 20:27:37
BGSX,2025-08-21 20:27:37
DSKEW,2025-08-21 20:27:37
MBTCU,2025-08-21 20:27:37
APTV-PA,2025-08-21 20:27:37
SBXC,2025-08-21 20:27:37
SANBW,2025-08-21 20:27:37
FREY-WT,2025-08-21 20:27:37
HPLT,2025-08-21 20:27:37
PTOC,2025-08-21 20:27:37
ABIO,2025-08-21 20:27:37
NVRO,2025-08-21 20:27:37
IPAXW,2025-08-21 20:27:37
HT-PD,2025-08-21 20:27:37
NEWR,2025-08-21 20:27:37
LAX,2025-08-21 20:27:37
VLAT,2025-08-21 20:27:37
FMER,2025-08-21 20:27:37
LATGU,2025-08-21 20:27:37
OSH,2025-08-21 20:27:37
EXFO,2025-08-21 20:27:37
GIACW,2025-08-21 20:27:37
CPE,2025-08-21 20:27:37
CIAN,2025-08-21 20:27:37
CSTA-WT,2025-08-21 20:27:37
LCW-WT,2025-08-21 20:27:37
VNE,2025-08-21 20:27:37
ML-WT,2025-08-21 20:27:37
BKMU,2025-08-21 20:27:37
CSLM,2025-08-21 20:27:37
MICS,2025-08-21 20:27:37
COBZ,2025-08-21 20:27:37
BNNRW,2025-08-21 20:27:37
DGHI,2025-08-21 20:27:37
MCAE,2025-08-21 20:27:37
GXGXW,2025-08-21 20:27:37
VSAC,2025-08-21 20:27:37
KLR-WT,2025-08-21 20:27:37
BGSX-UN,2025-08-21 20:27:37
IPOD-WT,2025-08-21 20:27:37
GWIIW,2025-08-21 20:27:37
FVT-UN,2025-08-21 20:27:37
CND-WT,2025-08-21 20:27:37
TWNKW,2025-08-21 20:27:37
CIIGW,2025-08-21 20:27:37
ATSPU,2025-08-21 20:27:37
BENER,2025-08-21 20:27:37
CBAH,2025-08-21 20:27:37
CMRX,2025-08-21 20:27:37
SNRH,2025-08-21 20:27:37
TMPOW,2025-08-21 20:27:37
DHCAW,2025-08-21 20:27:37
TSPQ-WT,2025-08-21 20:27:37
EVE-UN,2025-08-21 20:27:37
UZA,2025-08-21 20:27:37
GLSPT,2025-08-21 20:27:37
KURIU,2025-08-21 20:27:37
JATT-WT,2025-08-21 20:27:37
ARPO,2025-08-21 20:27:37
SBOW,2025-08-21 20:27:37
IRCP,2025-08-21 20:27:37
APOP,2025-08-21 20:27:37
ACABU,2025-08-21 20:27:37
TUP,2025-08-21 20:27:37
EURN,2025-08-21 20:27:37
PCP,2025-08-21 20:27:37
HSAQ,2025-08-21 20:27:37
NI-PB,2025-08-21 20:27:37
RCLFU,2025-08-21 20:27:37
FFIEW,2025-08-21 20:27:37
FREE,2025-08-21 20:27:37
GNACU,2025-08-21 20:27:37
AKTS,2025-08-21 20:27:37
CCLP,2025-08-21 20:27:37
RPHM,2025-08-21 20:27:37
BNNRU,2025-08-21 20:27:37
STJ,2025-08-21 20:27:37
SPAQ-UN,2025-08-21 20:27:37
RLGY,2025-08-21 20:27:37
AERI,2025-08-21 20:27:37
SOAC,2025-08-21 20:27:37
CREE,2025-08-21 20:27:37
ONYX,2025-08-21 20:27:37
BPYUP,2025-08-21 20:27:37
FPAC-WT,2025-08-21 20:27:37
LUXA,2025-08-21 20:27:37
PRPB-UN,2025-08-21 20:27:37
AVCT,2025-08-21 20:27:37
JCIC,2025-08-21 20:27:37
PRSS,2025-08-21 20:27:37
NFTG,2025-08-21 20:27:37
DLA,2025-08-21 20:27:37
PPS,2025-08-21 20:27:37
CVG,2025-08-21 20:27:37
FORG,2025-08-21 20:27:37
BWC,2025-08-21 20:27:37
NCR,2025-08-21 20:27:37
LIONU,2025-08-21 20:27:37
SPTKU,2025-08-21 20:27:37
MSCC,2025-08-21 20:27:37
NS-PA,2025-08-21 20:27:37
STWO,2025-08-21 20:27:37
ESM-UN,2025-08-21 20:27:37
RNERW,2025-08-21 20:27:37
HHRS,2025-08-21 20:27:37
PLYM-PA,2025-08-21 20:27:37
DWIN,2025-08-21 20:27:37
GENQU,2025-08-21 20:27:37
ZGYHU,2025-08-21 20:27:37
CNDA-UN,2025-08-21 20:27:37
JGGCU,2025-08-21 20:27:37
SPKE,2025-08-21 20:27:37
RDEN,2025-08-21 20:27:37
NRZ-PD,2025-08-21 20:27:37
CTG,2025-08-21 20:27:37
ANZUU,2025-08-21 20:27:37
AEZS,2025-08-21 20:27:37
MKD,2025-08-21 20:27:37
HCCI,2025-08-21 20:27:37
IGAC,2025-08-21 20:27:37
GOL,2025-08-21 20:27:37
SHCA,2025-08-21 20:27:37
LCW,2025-08-21 20:27:37
PAQCU,2025-08-21 20:27:37
BOWX,2025-08-21 20:27:37
FEYE,2025-08-21 20:27:37
NVCN,2025-08-21 20:27:37
FINMW,2025-08-21 20:27:37
FRW,2025-08-21 20:27:37
ONDR,2025-08-21 20:27:37
NEBCU,2025-08-21 20:27:37
RACY,2025-08-21 20:27:37
GHACW,2025-08-21 20:27:37
PZN,2025-08-21 20:27:37
IVAC,2025-08-21 20:27:37
ROCRW,2025-08-21 20:27:37
PTSI,2025-08-21 20:27:37
BRD-UN,2025-08-21 20:27:37
NILE,2025-08-21 20:27:37
RILYO,2025-08-21 20:27:37
MTRYW,2025-08-21 20:27:37
COLI,2025-08-21 20:27:37
AQNU,2025-08-21 20:27:37
ENERU,2025-08-21 20:27:37
MBVT,2025-08-21 20:27:37
FTIVU,2025-08-21 20:27:37
EXAC,2025-08-21 20:27:37
HMAC,2025-08-21 20:27:37
CDAQW,2025-08-21 20:27:37
OIG,2025-08-21 20:27:37
IQMDU,2025-08-21 20:27:37
VLATU,2025-08-21 20:27:37
PEARW,2025-08-21 20:27:37
CERE,2025-08-21 20:27:37
JCOM,2025-08-21 20:27:37
EVOJU,2025-08-21 20:27:37
FRBNW,2025-08-21 20:27:37
KLR,2025-08-21 20:27:37
GWIIU,2025-08-21 20:27:37
ISIG,2025-08-21 20:27:37
LCAHW,2025-08-21 20:27:37
FIPWV,2025-08-21 20:27:37
PLMIU,2025-08-21 20:27:37
AHPAU,2025-08-21 20:27:37
PACXW,2025-08-21 20:27:37
AMAOU,2025-08-21 20:27:37
GBNK,2025-08-21 20:27:37
LJPC,2025-08-21 20:27:37
OCSI,2025-08-21 20:27:37
CHAA,2025-08-21 20:27:37
YSACU,2025-08-21 20:27:37
SHAC,2025-08-21 20:27:37
GPCO,2025-08-21 20:27:37
TRAQ-UN,2025-08-21 20:27:37
MACAW,2025-08-21 20:27:37
SWCH,2025-08-21 20:27:37
PRXL,2025-08-21 20:27:37
MDWT,2025-08-21 20:27:37
ADF,2025-08-21 20:27:37
PWPPW,2025-08-21 20:27:37
MTVC-WT,2025-08-21 20:27:37
BNIXU,2025-08-21 20:27:37
DSPG,2025-08-21 20:27:37
VOSOU,2025-08-21 20:27:37
CTOS-WT,2025-08-21 20:27:37
KAIRU,2025-08-21 20:27:37
SPKB,2025-08-21 20:27:37
GXIIU,2025-08-21 20:27:37
IGZ,2025-08-21 20:27:37
GGAA,2025-08-21 20:27:37
AFJKU,2025-08-21 20:27:37
NUZE,2025-08-21 20:27:37
CONXW,2025-08-21 20:27:37
C-PJ,2025-08-21 20:27:37
PCXCW,2025-08-21 20:27:37
ESM-WT,2025-08-21 20:27:37
ZY,2025-08-21 20:27:37
MDNA,2025-08-21 20:27:37
KIIIW,2025-08-21 20:27:37
ALYA,2025-08-21 20:27:37
MNDT,2025-08-21 20:27:37
NPTN,2025-08-21 20:27:37
APGNW,2025-08-21 20:27:37
PDOT-UN,2025-08-21 20:27:37
PTHR,2025-08-21 20:27:37
AEHAU,2025-08-21 20:27:37
WEL,2025-08-21 20:27:37
KOR,2025-08-21 20:27:37
DSAQ-WT,2025-08-21 20:27:37
SRT,2025-08-21 20:27:37
SBII-UN,2025-08-21 20:27:37
AEY,2025-08-21 20:27:37
HZON,2025-08-21 20:27:37
RJAC,2025-08-21 20:27:37
BPAC,2025-08-21 20:27:37
MDC,2025-08-21 20:27:37
TAST,2025-08-21 20:27:37
AUS,2025-08-21 20:27:37
HMACW,2025-08-21 20:27:37
AAU,2025-08-21 20:27:37
TMAC,2025-08-21 20:27:37
DO,2025-08-21 20:27:37
TRAQ,2025-08-21 20:27:37
VTAQU,2025-08-21 20:27:37
ZNTEU,2025-08-21 20:27:37
MOR,2025-08-21 20:27:37
SMAPW,2025-08-21 20:27:37
SNRHU,2025-08-21 20:27:37
PKY,2025-08-21 20:27:37
OIIM,2025-08-21 20:27:37
UPTD,2025-08-21 20:27:37
PXD,2025-08-21 20:27:37
NSTC-WT,2025-08-21 20:27:37
LOCC-WT,2025-08-21 20:27:37
GECCN,2025-08-21 20:27:37
KNSW-WT,2025-08-21 20:27:37
TSNU,2025-08-21 20:27:37
NEPT,2025-08-21 20:27:37
TGR,2025-08-21 20:27:37
VBOCU,2025-08-21 20:27:37
GNAC,2025-08-21 20:27:37
ONTX,2025-08-21 20:27:37
ACAH,2025-08-21 20:27:37
BCYP,2025-08-21 20:27:37
ZWRK,2025-08-21 20:27:37
COUP,2025-08-21 20:27:37
MOBVU,2025-08-21 20:27:37
SHAP-UN,2025-08-21 20:27:37
ICNC-UN,2025-08-21 20:27:37
CYBE,2025-08-21 20:27:37
XPDBW,2025-08-21 20:27:37
NS,2025-08-21 20:27:37
WNNR-UN,2025-08-21 20:27:37
AAQC-WT,2025-08-21 20:27:37
CHWAU,2025-08-21 20:27:37
TIOA,2025-08-21 20:27:37
ALAC,2025-08-21 20:27:37
DSCI,2025-08-21 20:27:37
SP,2025-08-21 20:27:37
IS,2025-08-21 20:27:37
EJFA,2025-08-21 20:27:37
FOXWU,2025-08-21 20:27:37
CTXS,2025-08-21 20:27:37
PNNTG,2025-08-21 20:27:37
SOI,2025-08-21 20:27:37
PLXP,2025-08-21 20:27:37
PAQC,2025-08-21 20:27:37
LOKB,2025-08-21 20:27:37
MCAER,2025-08-21 20:27:37
SLCR,2025-08-21 20:27:37
CRU-UN,2025-08-21 20:27:37
MITAU,2025-08-21 20:27:37
VINCU,2025-08-21 20:27:37
TGAAW,2025-08-21 20:27:37
MACA,2025-08-21 20:27:37
CIH,2025-08-21 20:27:37
ADTH,2025-08-21 20:27:37
MMAT,2025-08-21 20:27:37
HERAU,2025-08-21 20:27:37
DTOCW,2025-08-21 20:27:37
FLJ,2025-08-21 20:27:37
OXAC,2025-08-21 20:27:37
FHN-PD,2025-08-21 20:27:37
CFV,2025-08-21 20:27:37
ZFOXW,2025-08-21 20:27:37
PRBM-WT,2025-08-21 20:27:37
HNP,2025-08-21 20:27:37
TVPT,2025-08-21 20:27:37
SPTKW,2025-08-21 20:27:37
MACQU,2025-08-21 20:27:37
OA,2025-08-21 20:27:37
EGIO,2025-08-21 20:27:37
PNACR,2025-08-21 20:27:37
ALJJ,2025-08-21 20:27:37
FCAC,2025-08-21 20:27:37
ARGU,2025-08-21 20:27:37
ITHXW,2025-08-21 20:27:37
RENEU,2025-08-21 20:27:37
EVBG,2025-08-21 20:27:37
SPK,2025-08-21 20:27:37
SGII,2025-08-21 20:27:37
XRM,2025-08-21 20:27:37
SPGS-WT,2025-08-21 20:27:37
HMA-WT,2025-08-21 20:27:37
PACXU,2025-08-21 20:27:37
HUGE,2025-08-21 20:27:37
AVTA,2025-08-21 20:27:37
MACUU,2025-08-21 20:27:37
GFLU,2025-08-21 20:27:37
IGNYW,2025-08-21 20:27:37
BTNB,2025-08-21 20:27:37
AXAC-RI,2025-08-21 20:27:37
APSG,2025-08-21 20:27:37
CSR-PC,2025-08-21 20:27:37
AMBC-WT,2025-08-21 20:27:37
DSAC,2025-08-21 20:27:37
MIR-WT,2025-08-21 20:27:37
POW,2025-08-21 20:27:37
ARBGU,2025-08-21 20:27:37
ACRO-WT,2025-08-21 20:27:37
BKCC,2025-08-21 20:27:37
FLME-WT,2025-08-21 20:27:37
AMK,2025-08-21 20:27:37
GFX,2025-08-21 20:27:37
OREX,2025-08-21 20:27:37
GSAQW,2025-08-21 20:27:37
AJRD,2025-08-21 20:27:37
RNWK,2025-08-21 20:27:37
SECO,2025-08-21 20:27:37
CCV,2025-08-21 20:27:37
ARCKW,2025-08-21 20:27:37
WALDU,2025-08-21 20:27:37
CLRMW,2025-08-21 20:27:37
IPLDP,2025-08-21 20:27:37
PRSTW,2025-08-21 20:27:37
CBAY,2025-08-21 20:27:37
FOCS,2025-08-21 20:27:37
RKLY,2025-08-21 20:27:37
APPHW,2025-08-21 20:27:37
MIC,2025-08-21 20:27:37
PSACU,2025-08-21 20:27:37
NS-PC,2025-08-21 20:27:37
LITTW,2025-08-21 20:27:37
SLCA,2025-08-21 20:27:37
ACKIT,2025-08-21 20:27:37
MGOL,2025-08-21 20:27:37
CFVIW,2025-08-21 20:27:37
ICD,2025-08-21 20:27:37
TBKCP,2025-08-21 20:27:37
BKEP,2025-08-21 20:27:37
AYX,2025-08-21 20:27:37
BRMK-WT,2025-08-21 20:27:37
TDA,2025-08-21 20:27:37
CENHW,2025-08-21 20:27:37
CFIVW,2025-08-21 20:27:37
ACST,2025-08-21 20:27:37
OLITU,2025-08-21 20:27:37
PARAP,2025-08-21 20:27:37
SQL,2025-08-21 20:27:37
CNHI,2025-08-21 20:27:37
FLYA-UN,2025-08-21 20:27:37
LMRK,2025-08-21 20:27:37
ENR-PA,2025-08-21 20:27:37
TGH-PB,2025-08-21 20:27:37
CD,2025-08-21 20:27:37
CHRA,2025-08-21 20:27:37
TRCA-WT,2025-08-21 20:27:37
LJAQU,2025-08-21 20:27:37
SAVAW,2025-08-21 20:27:37
FUV,2025-08-21 20:27:37
GAQ,2025-08-21 20:27:37
PVTB,2025-08-21 20:27:37
WE-WT,2025-08-21 20:27:37
AEACW,2025-08-21 20:27:37
NFYS-WT,2025-08-21 20:27:37
GSMGW,2025-08-21 20:27:37
MEOAW,2025-08-21 20:27:37
CLVRW,2025-08-21 20:27:37
VMW,2025-08-21 20:27:37
VLDRW,2025-08-21 20:27:37
FATH,2025-08-21 20:27:37
WFC-PR,2025-08-21 20:27:37
NLITW,2025-08-21 20:27:37
BFAC-UN,2025-08-21 20:27:37
KINZ,2025-08-21 20:27:37
HCICW,2025-08-21 20:27:37
KSI,2025-08-21 20:27:37
LMACA,2025-08-21 20:27:37
LEGA,2025-08-21 20:27:37
HMCOU,2025-08-21 20:27:37
NCACU,2025-08-21 20:27:37
MCACU,2025-08-21 20:27:37
MDH,2025-08-21 20:27:37
CLAYW,2025-08-21 20:27:37
HUGS,2025-08-21 20:27:37
OKSB,2025-08-21 20:27:37
FFKT,2025-08-21 20:27:37
ACDCW,2025-08-21 20:27:37
IFIN,2025-08-21 20:27:37
PRDS,2025-08-21 20:27:37
REVE,2025-08-21 20:27:37
CDAY,2025-08-21 20:27:37
LHC,2025-08-21 20:27:37
GMDA,2025-08-21 20:27:37
BITE,2025-08-21 20:27:37
IFFT,2025-08-21 20:27:37
EUCRU,2025-08-21 20:27:37
LIBY,2025-08-21 20:27:37
LIVK,2025-08-21 20:27:37
CFVI,2025-08-21 20:27:37
PNRA,2025-08-21 20:27:37
IEAWW,2025-08-21 20:27:37
ENNVU,2025-08-21 20:27:37
BWCAW,2025-08-21 20:27:37
SAFM,2025-08-21 20:27:37
VERY,2025-08-21 20:27:37
JUN-WT,2025-08-21 20:27:37
APACU,2025-08-21 20:27:37
TARO,2025-08-21 20:27:37
IIIIU,2025-08-21 20:27:37
BPYU,2025-08-21 20:27:37
JYAC,2025-08-21 20:27:37
FWBI,2025-08-21 20:27:37
FSRD,2025-08-21 20:27:37
ACTDU,2025-08-21 20:27:37
PNM,2025-08-21 20:27:37
RMGCU,2025-08-21 20:27:37
ANZUW,2025-08-21 20:27:37
BPTS,2025-08-21 20:27:37
CVII-UN,2025-08-21 20:27:37
ASCA,2025-08-21 20:27:37
FATP,2025-08-21 20:27:37
SPNV,2025-08-21 20:27:37
ELIQ,2025-08-21 20:27:37
LVRAW,2025-08-21 20:27:37
EPZM,2025-08-21 20:27:37
BGRYW,2025-08-21 20:27:37
LGV-UN,2025-08-21 20:27:37
TMTSU,2025-08-21 20:27:37
HX,2025-08-21 20:27:37
ADOC,2025-08-21 20:27:37
KDNY,2025-08-21 20:27:37
THMAW,2025-08-21 20:27:37
PLAOU,2025-08-21 20:27:37
TMBR,2025-08-21 20:27:37
ADTHW,2025-08-21 20:27:37
SAVE,2025-08-21 20:27:37
BIOTU,2025-08-21 20:27:37
ACAC,2025-08-21 20:27:37
ATVCW,2025-08-21 20:27:37
VCXA,2025-08-21 20:27:37
VGFC,2025-08-21 20:27:37
EQHA-WT,2025-08-21 20:27:37
ADAL,2025-08-21 20:27:37
GEEXW,2025-08-21 20:27:37
KAIRW,2025-08-21 20:27:37
FSSIU,2025-08-21 20:27:37
KCGI-WT,2025-08-21 20:27:37
MCAA,2025-08-21 20:27:37
SACC,2025-08-21 20:27:37
TOACU,2025-08-21 20:27:37
TVAC,2025-08-21 20:27:37
STAY,2025-08-21 20:27:37
CIIG,2025-08-21 20:27:37
COVS,2025-08-21 20:27:37
FFHL,2025-08-21 20:27:37
SPIR-WT,2025-08-21 20:27:37
KINZW,2025-08-21 20:27:37
AIC,2025-08-21 20:27:37
HTA,2025-08-21 20:27:37
GLACU,2025-08-21 20:27:37
SZZLW,2025-08-21 20:27:37
USCTU,2025-08-21 20:27:37
UTIW,2025-08-21 20:27:37
ALSK,2025-08-21 20:27:37
PFXNL,2025-08-21 20:27:37
ZAIS,2025-08-21 20:27:37
SDPI,2025-08-21 20:27:37
ENFAU,2025-08-21 20:27:37
SMED,2025-08-21 20:27:37
ENPC-WT,2025-08-21 20:27:37
SHI,2025-08-21 20:27:37
HCIC,2025-08-21 20:27:37
VMGA,2025-08-21 20:27:37
ZFOX,2025-08-21 20:27:37
TCRR,2025-08-21 20:27:37
ARGUU,2025-08-21 20:27:37
VERBW,2025-08-21 20:27:37
DMTX,2025-08-21 20:27:37
TCVA,2025-08-21 20:27:37
PTWO,2025-08-21 20:27:37
HWELU,2025-08-21 20:27:37
FRLN,2025-08-21 20:27:37
EPAY,2025-08-21 20:27:37
SHAP-WT,2025-08-21 20:27:37
AFI,2025-08-21 20:27:37
AAIC-PC,2025-08-21 20:27:37
LCAAU,2025-08-21 20:27:37
TWLVW,2025-08-21 20:27:37
GAQ-UN,2025-08-21 20:27:37
MITAW,2025-08-21 20:27:37
LBBB,2025-08-21 20:27:37
MPRAU,2025-08-21 20:27:37
MKFG-WT,2025-08-21 20:27:37
CSRA,2025-08-21 20:27:37
AGCUU,2025-08-21 20:27:37
LGVCU,2025-08-21 20:27:37
MIT-UN,2025-08-21 20:27:37
FCAX,2025-08-21 20:27:37
AJAX-UN,2025-08-21 20:27:37
ASAP,2025-08-21 20:27:37
KERN,2025-08-21 20:27:37
MTACU,2025-08-21 20:27:37
BLI,2025-08-21 20:27:37
LILMW,2025-08-21 20:27:37
OSG,2025-08-21 20:27:37
MRDB,2025-08-21 20:27:37
AGC,2025-08-21 20:27:37
ISAA,2025-08-21 20:27:37
PRPC-WT,2025-08-21 20:27:37
KSMTU,2025-08-21 20:27:37
CLAA,2025-08-21 20:27:37
LFTR,2025-08-21 20:27:37
BMAC-UN,2025-08-21 20:27:37
ROSE,2025-08-21 20:27:37
ECOLW,2025-08-21 20:27:37
FRONU,2025-08-21 20:27:37
JUNO,2025-08-21 20:27:37
SNPO,2025-08-21 20:27:37
RFP,2025-08-21 20:27:37
SUAC-WT,2025-08-21 20:27:37
HHGCR,2025-08-21 20:27:37
DCRN,2025-08-21 20:27:37
CMRE-PE,2025-08-21 20:27:37
LVAC,2025-08-21 20:27:37
ACQR,2025-08-21 20:27:37
HTIBP,2025-08-21 20:27:37
WPCA,2025-08-21 20:27:37
PPGH,2025-08-21 20:27:37
GIW,2025-08-21 20:27:37
PHYT-WT,2025-08-21 20:27:37
THCA,2025-08-21 20:27:37
RBT,2025-08-21 20:27:37
OSI,2025-08-21 20:27:37
PPD,2025-08-21 20:27:37
LOCC,2025-08-21 20:27:37
GOAC-UN,2025-08-21 20:27:37
APCA-UN,2025-08-21 20:27:37
ATMR,2025-08-21 20:27:37
TBCPU,2025-08-21 20:27:37
CCF,2025-08-21 20:27:37
FCAX-WT,2025-08-21 20:27:37
NDRAW,2025-08-21 20:27:37
PNT,2025-08-21 20:27:37
AFAQU,2025-08-21 20:27:37
PMC,2025-08-21 20:27:37
VMCAW,2025-08-21 20:27:37
PEGY,2025-08-21 20:27:37
INAQ-UN,2025-08-21 20:27:37
KA,2025-08-21 20:27:37
NLOK,2025-08-21 20:27:37
DRAYU,2025-08-21 20:27:37
ATVCU,2025-08-21 20:27:37
SRNG,2025-08-21 20:27:37
HLG,2025-08-21 20:27:37
HCNEW,2025-08-21 20:27:37
ANPC,2025-08-21 20:27:37
GNRT,2025-08-21 20:27:37
AEACU,2025-08-21 20:27:37
VPCBW,2025-08-21 20:27:37
CREXW,2025-08-21 20:27:37
AIKI,2025-08-21 20:27:37
ISLE,2025-08-21 20:27:37
GFX-UN,2025-08-21 20:27:37
GLSPU,2025-08-21 20:27:37
GGPIU,2025-08-21 20:27:37
NSTC-UN,2025-08-21 20:27:37
CFG-PD,2025-08-21 20:27:37
VIIAU,2025-08-21 20:27:37
BRLIW,2025-08-21 20:27:37
APXTW,2025-08-21 20:27:37
POND,2025-08-21 20:27:37
APGB-UN,2025-08-21 20:27:37
BYTS,2025-08-21 20:27:37
ASPAU,2025-08-21 20:27:37
GWGH,2025-08-21 20:27:37
GLHAU,2025-08-21 20:27:37
BLL,2025-08-21 20:27:37
HMHC,2025-08-21 20:27:37
ENCP,2025-08-21 20:27:37
LMRKN,2025-08-21 20:27:37
AMCIW,2025-08-21 20:27:37
ANDA,2025-08-21 20:27:37
BIOTW,2025-08-21 20:27:37
ADERW,2025-08-21 20:27:37
FTIV,2025-08-21 20:27:37
APN,2025-08-21 20:27:37
LGVCW,2025-08-21 20:27:37
GGGV,2025-08-21 20:27:37
REV,2025-08-21 20:27:37
GGMC,2025-08-21 20:27:37
NEW,2025-08-21 20:27:37
AQU,2025-08-21 20:27:37
ESSCR,2025-08-21 20:27:37
ALCC,2025-08-21 20:27:37
FRSGW,2025-08-21 20:27:37
FXCO,2025-08-21 20:27:37
BSKYU,2025-08-21 20:27:37
GRDI,2025-08-21 20:27:37
GSQD-WT,2025-08-21 20:27:37
HZON-WT,2025-08-21 20:27:37
ZINGU,2025-08-21 20:27:37
TCOA-WT,2025-08-21 20:27:37
BWCAU,2025-08-21 20:27:37
PCXCU,2025-08-21 20:27:37
APGB,2025-08-21 20:27:37
ETAC,2025-08-21 20:27:37
VCKA,2025-08-21 20:27:37
MTBL,2025-08-21 20:27:37
BYTSU,2025-08-21 20:27:37
AMPI-UN,2025-08-21 20:27:37
ARCE,2025-08-21 20:27:37
CHPM,2025-08-21 20:27:37
ACKIW,2025-08-21 20:27:37
TRIL,2025-08-21 20:27:37
POWRW,2025-08-21 20:27:37
DTOCU,2025-08-21 20:27:37
CMIIW,2025-08-21 20:27:37
CATB,2025-08-21 20:27:37
ARTEW,2025-08-21 20:27:37
ACAXU,2025-08-21 20:27:37
CDK,2025-08-21 20:27:37
AKICW,2025-08-21 20:27:37
GLBLW,2025-08-21 20:27:37
TMPM,2025-08-21 20:27:37
FUSE,2025-08-21 20:27:37
PTICU,2025-08-21 20:27:37
UGIC,2025-08-21 20:27:37
BCACU,2025-08-21 20:27:37
ACTD,2025-08-21 20:27:37
DHBCW,2025-08-21 20:27:37
VEDU,2025-08-21 20:27:37
FVIV-WT,2025-08-21 20:27:37
PACE,2025-08-21 20:27:37
LDHAU,2025-08-21 20:27:37
BCAC,2025-08-21 20:27:37
FHS,2025-08-21 20:27:37
SANB,2025-08-21 20:27:37
ACOR,2025-08-21 20:27:37
ZOES,2025-08-21 20:27:37
WEI,2025-08-21 20:27:37
GGAAU,2025-08-21 20:27:37
ALPA,2025-08-21 20:27:37
GAPA,2025-08-21 20:27:37
OYST,2025-08-21 20:27:37
ZINGW,2025-08-21 20:27:37
AEL-PA,2025-08-21 20:27:37
BAMI,2025-08-21 20:27:37
THCAU,2025-08-21 20:27:37
THMA,2025-08-21 20:27:37
MSSAU,2025-08-21 20:27:37
DCGOW,2025-08-21 20:27:37
CCAC-UN,2025-08-21 20:27:37
APMI,2025-08-21 20:27:37
NOACU,2025-08-21 20:27:37
NGAC,2025-08-21 20:27:37
TLC,2025-08-21 20:27:37
GLOG-PA,2025-08-21 20:27:37
TWOU,2025-08-21 20:27:37
MPACW,2025-08-21 20:27:37
QOMOR,2025-08-21 20:27:37
RMGC,2025-08-21 20:27:37
KVSB,2025-08-21 20:27:37
AKIC,2025-08-21 20:27:37
KSICU,2025-08-21 20:27:37
SWETU,2025-08-21 20:27:37
JWAC,2025-08-21 20:27:37
LIVB,2025-08-21 20:27:37
KCAC-UN,2025-08-21 20:27:37
HPX-UN,2025-08-21 20:27:37
ACABW,2025-08-21 20:27:37
NAAC,2025-08-21 20:27:37
WQGA,2025-08-21 20:27:37
GMBTU,2025-08-21 20:27:37
BWAQ,2025-08-21 20:27:37
AYLA,2025-08-21 20:27:37
ITAC,2025-08-21 20:27:37
VCKAW,2025-08-21 20:27:37
DFPHU,2025-08-21 20:27:37
TMAC-UN,2025-08-21 20:27:37
SCRMW,2025-08-21 20:27:37
VENAU,2025-08-21 20:27:37
DMYI,2025-08-21 20:27:37
DTRTU,2025-08-21 20:27:37
ALP-PQ,2025-08-21 20:27:37
TEDU,2025-08-21 20:27:37
VSACU,2025-08-21 20:27:37
NUBI,2025-08-21 20:27:37
NRAC,2025-08-21 20:27:37
HIGA,2025-08-21 20:27:37
MSDA,2025-08-21 20:27:37
XPOA-UN,2025-08-21 20:27:37
BREZR,2025-08-21 20:27:37
BNNR,2025-08-21 20:27:37
VTAQW,2025-08-21 20:27:37
SJIJ,2025-08-21 20:27:37
TMPMU,2025-08-21 20:27:37
SRAC,2025-08-21 20:27:37
TEKK,2025-08-21 20:27:37
DUNE,2025-08-21 20:27:37
WSCI,2025-08-21 20:27:37
SBII,2025-08-21 20:27:37
PNAC,2025-08-21 20:27:37
AGBA,2025-08-21 20:27:37
MCAFR,2025-08-21 20:27:37
BOBE,2025-08-21 20:27:37
OHAA,2025-08-21 20:27:37
BENEU,2025-08-21 20:27:37
HOLUU,2025-08-21 20:27:37
TMKR,2025-08-21 20:27:37
RACYW,2025-08-21 20:27:37
BTAQ,2025-08-21 20:27:37
KYCHU,2025-08-21 20:27:37
PUYI,2025-08-21 20:27:37
CLIM,2025-08-21 20:27:37
NGC-UN,2025-08-21 20:27:37
TRTL-UN,2025-08-21 20:27:37
AURC,2025-08-21 20:27:37
GHIX,2025-08-21 20:27:37
ONYXU,2025-08-21 20:27:37
FTPAU,2025-08-21 20:27:37
RTPY,2025-08-21 20:27:37
DUETU,2025-08-21 20:27:37
PAICU,2025-08-21 20:27:37
GIIXU,2025-08-21 20:27:37
BRPM,2025-08-21 20:27:37
DDMX,2025-08-21 20:27:37
DTRT,2025-08-21 20:27:37
MRAC,2025-08-21 20:27:37
JWSM,2025-08-21 20:27:37
DGNU,2025-08-21 20:27:37
VCXAW,2025-08-21 20:27:37
DGNS,2025-08-21 20:27:37
GLEE,2025-08-21 20:27:37
CRSA,2025-08-21 20:27:37
TGR-UN,2025-08-21 20:27:37
FCRW,2025-08-21 20:27:37
DCRDU,2025-08-21 20:27:37
APCA,2025-08-21 20:27:37
PLMI,2025-08-21 20:27:37
PCPC,2025-08-21 20:27:37
CLAQ,2025-08-21 20:27:37
AURCU,2025-08-21 20:27:37
SVFA,2025-08-21 20:27:37
GRCYU,2025-08-21 20:27:37
RTP,2025-08-21 20:27:37
ATAKU,2025-08-21 20:27:37
TIOAW,2025-08-21 20:27:37
JMAC,2025-08-21 20:27:37
ALPS,2025-08-21 20:27:37
BTWN,2025-08-21 20:27:37
AMRB,2025-08-21 20:27:37
BRG-PC,2025-08-21 20:27:37
FVIV,2025-08-21 20:27:37
GMBT,2025-08-21 20:27:37
FLME-UN,2025-08-21 20:27:37
ATCX,2025-08-21 20:27:37
IPVIW,2025-08-21 20:27:37
HCNE,2025-08-21 20:27:37
MITL,2025-08-21 20:27:37
FRBNU,2025-08-21 20:27:37
IVCP,2025-08-21 20:27:37
FTAAW,2025-08-21 20:27:37
KNBE,2025-08-21 20:27:37
ATAKW,2025-08-21 20:27:37
KURIW,2025-08-21 20:27:37
SWBK,2025-08-21 20:27:37
PPHPU,2025-08-21 20:27:37
ECCB,2025-08-21 20:27:37
TCTM,2025-08-21 20:27:37
ROT,2025-08-21 20:27:37
APTM,2025-08-21 20:27:37
BRCM,2025-08-21 20:27:37
FRBK,2025-08-21 20:27:37
TSRI,2025-08-21 20:27:37
BTN,2025-08-21 20:27:37
LEGAU,2025-08-21 20:27:37
WETF,2025-08-21 20:27:37
QOMOU,2025-08-21 20:27:37
WQGA-UN,2025-08-21 20:27:37
DHBCU,2025-08-21 20:27:37
AGGR,2025-08-21 20:27:37
DILA,2025-08-21 20:27:37
DVD,2025-08-21 20:27:37
RADA,2025-08-21 20:27:37
MUDSW,2025-08-21 20:27:37
VRS,2025-08-21 20:27:37
XPDI,2025-08-21 20:27:37
LQR,2025-08-21 20:27:37
CTV-WT,2025-08-21 20:27:37
TCJH,2025-08-21 20:27:37
XPDB,2025-08-21 20:27:37
ACEVU,2025-08-21 20:27:37
GIIXW,2025-08-21 20:27:37
LINX,2025-08-21 20:27:37
FTAAU,2025-08-21 20:27:37
BBL,2025-08-21 20:27:37
PDAC,2025-08-21 20:27:37
IVCPU,2025-08-21 20:27:37
MMX,2025-08-21 20:27:37
BYN-WT,2025-08-21 20:27:37
GMIIW,2025-08-21 20:27:37
VHNAU,2025-08-21 20:27:37
LSPRW,2025-08-21 20:27:37
FICVW,2025-08-21 20:27:37
BRIVW,2025-08-21 20:27:37
SDIG,2025-08-21 20:27:37
CMCTP,2025-08-21 20:27:37
FTV-PA,2025-08-21 20:27:37
AAQC,2025-08-21 20:27:37
EACPW,2025-08-21 20:27:37
RRAC-WT,2025-08-21 20:27:37
OCN,2025-08-21 20:27:37
NTLS,2025-08-21 20:27:37
WRE,2025-08-21 20:27:37
TPBAU,2025-08-21 20:27:37
HGEN,2025-08-21 20:27:37
NETC,2025-08-21 20:27:37
FDUSG,2025-08-21 20:27:37
AVHI,2025-08-21 20:27:37
ROLL,2025-08-21 20:27:37
NEE-PP,2025-08-21 20:27:37
SEAS,2025-08-21 20:27:37
ACII-UN,2025-08-21 20:27:37
BLTS,2025-08-21 20:27:37
LOTZ,2025-08-21 20:27:37
MOHO,2025-08-21 20:27:37
AIRM,2025-08-21 20:27:37
SLAMU,2025-08-21 20:27:37
IVCPW,2025-08-21 20:27:37
GGGVR,2025-08-21 20:27:37
RXRA,2025-08-21 20:27:37
AE,2025-08-21 20:27:37
SRLP,2025-08-21 20:27:37
SFET,2025-08-21 20:27:37
BLTSW,2025-08-21 20:27:37
SAITW,2025-08-21 20:27:37
CVLY,2025-08-21 20:27:37
VER,2025-08-21 20:27:37
AFARU,2025-08-21 20:27:37
NP,2025-08-21 20:27:37
SPKBU,2025-08-21 20:27:37
GSAH,2025-08-21 20:27:37
ARBGW,2025-08-21 20:27:37
FAZE,2025-08-21 20:27:37
SPGS-UN,2025-08-21 20:27:37
LSDI,2025-08-21 20:27:37
AQUA,2025-08-21 20:27:37
YNDX,2025-08-21 20:27:37
FLYA,2025-08-21 20:27:37
NVEI,2025-08-21 20:27:37
PGRU,2025-08-21 20:27:37
GBRGU,2025-08-21 20:27:37
PV-UN,2025-08-21 20:27:37
NSH-UN,2025-08-21 20:27:37
ABST,2025-08-21 20:27:37
MLND,2025-08-21 20:27:37
MICT,2025-08-21 20:27:37
RMGN,2025-08-21 20:27:37
DRAYW,2025-08-21 20:27:37
ACQRU,2025-08-21 20:27:37
RAACU,2025-08-21 20:27:37
GOAC,2025-08-21 20:27:37
GSEVU,2025-08-21 20:27:37
CONX,2025-08-21 20:27:37
HTIA,2025-08-21 20:27:37
FRC-PK,2025-08-21 20:27:37
LORL,2025-08-21 20:27:37
DS-PC,2025-08-21 20:27:37
GBRG,2025-08-21 20:27:37
BAMH,2025-08-21 20:27:37
SVFC,2025-08-21 20:27:37
NVSA,2025-08-21 20:27:37
WEJO,2025-08-21 20:27:37
EVE,2025-08-21 20:27:37
COG,2025-08-21 20:27:37
CPLP,2025-08-21 20:27:37
RYB,2025-08-21 20:27:37
FTAI-PA,2025-08-21 20:27:37
GLF,2025-08-21 20:27:37
ICNC,2025-08-21 20:27:37
MCG,2025-08-21 20:27:37
RE,2025-08-21 20:27:37
HCII,2025-08-21 20:27:37
IMBIL,2025-08-21 20:27:37
FLMN,2025-08-21 20:27:37
FCRD,2025-08-21 20:27:37
NLIT,2025-08-21 20:27:37
WPG,2025-08-21 20:27:37
GET,2025-08-21 20:27:37
ZIXI,2025-08-21 20:27:37
FLACU,2025-08-21 20:27:37
NMFCL,2025-08-21 20:27:37
IIVIP,2025-08-21 20:27:37
BLNG,2025-08-21 20:27:37
TRTN,2025-08-21 20:27:37
ID,2025-08-21 20:27:37
MTAL-UN,2025-08-21 20:27:37
ASAQ-UN,2025-08-21 20:27:37
GLBLU,2025-08-21 20:27:37
BDXA,2025-08-21 20:27:37
ACGLP,2025-08-21 20:27:37
SVFAU,2025-08-21 20:27:37
NVTSW,2025-08-21 20:27:37
ESBK,2025-08-21 20:27:37
QTEK,2025-08-21 20:27:37
EUSGW,2025-08-21 20:27:37
NAKD,2025-08-21 20:27:37
PHYT,2025-08-21 20:27:37
PIPP-UN,2025-08-21 20:27:37
BAMR,2025-08-21 20:27:37
ANGN,2025-08-21 20:27:37
IGICW,2025-08-21 20:27:37
MEOA,2025-08-21 20:27:37
CCRC,2025-08-21 20:27:37
VWE,2025-08-21 20:27:37
MAAQU,2025-08-21 20:27:37
GGPIW,2025-08-21 20:27:37
MAAC,2025-08-21 20:27:37
CRZNU,2025-08-21 20:27:37
KAIIW,2025-08-21 20:27:37
PULB,2025-08-21 20:27:37
VER-PF,2025-08-21 20:27:37
TINV,2025-08-21 20:27:37
PKI,2025-08-21 20:27:37
CLNC,2025-08-21 20:27:37
REKRW,2025-08-21 20:27:37
NDACW,2025-08-21 20:27:37
VACQU,2025-08-21 20:27:37
AMHCU,2025-08-21 20:27:37
OEPWW,2025-08-21 20:27:37
DCUE,2025-08-21 20:27:37
STBZ,2025-08-21 20:27:37
FACA,2025-08-21 20:27:37
EVOJW,2025-08-21 20:27:37
MONDW,2025-08-21 20:27:37
PDCE,2025-08-21 20:27:37
CCNC,2025-08-21 20:27:37
MH-PD,2025-08-21 20:27:37
ABB,2025-08-21 20:27:37
TWLVU,2025-08-21 20:27:37
RNDB,2025-08-21 20:27:37
IMRNW,2025-08-21 20:27:37
VTIQ,2025-08-21 20:27:37
FBC,2025-08-21 20:27:37
PPHPR,2025-08-21 20:27:37
PCOM,2025-08-21 20:27:37
PCSB,2025-08-21 20:27:37
OCA,2025-08-21 20:27:37
XENT,2025-08-21 20:27:37
MDP,2025-08-21 20:27:37
ITCB,2025-08-21 20:27:37
IRRX-UN,2025-08-21 20:27:37
RAMMU,2025-08-21 20:27:37
LEVLP,2025-08-21 20:27:37
ZEN,2025-08-21 20:27:37
RRAC,2025-08-21 20:27:37
PAFOR,2025-08-21 20:27:37
RBAC-UN,2025-08-21 20:27:37
BPFH,2025-08-21 20:27:37
IPVI,2025-08-21 20:27:37
LAAA,2025-08-21 20:27:37
ONVI,2025-08-21 20:27:37
PROG,2025-08-21 20:27:37
CHMA,2025-08-21 20:27:37
DWIN-UN,2025-08-21 20:27:37
ACER,2025-08-21 20:27:37
GSDWU,2025-08-21 20:27:37
GEEXU,2025-08-21 20:27:37
HLXA,2025-08-21 20:27:37
CURO,2025-08-21 20:27:37
BIOT,2025-08-21 20:27:37
LNFA-WT,2025-08-21 20:27:37
HERAW,2025-08-21 20:27:37
OHAAU,2025-08-21 20:27:37
ENBA,2025-08-21 20:27:37
MGLN,2025-08-21 20:27:37
FHLTW,2025-08-21 20:27:37
GLTA-UN,2025-08-21 20:27:37
MILE,2025-08-21 20:27:37
JOFFU,2025-08-21 20:27:37
DHACW,2025-08-21 20:27:37
ITQRU,2025-08-21 20:27:37
EAR,2025-08-21 20:27:37
OTMO,2025-08-21 20:27:37
GMFI,2025-08-21 20:27:37
FOE,2025-08-21 20:27:37
UPH,2025-08-21 20:27:37
SUMO,2025-08-21 20:27:37
MEACU,2025-08-21 20:27:37
DAOO,2025-08-21 20:27:37
AFAQ,2025-08-21 20:27:37
ELMS,2025-08-21 20:27:37
PBAXW,2025-08-21 20:27:37
ETAO,2025-08-21 20:27:37
SKYS,2025-08-21 20:27:37
AMRS,2025-08-21 20:27:37
HYACW,2025-08-21 20:27:37
ARGO,2025-08-21 20:27:37
OCCIP,2025-08-21 20:27:37
LBPH,2025-08-21 20:27:37
PNTM-WT,2025-08-21 20:27:37
FPAC,2025-08-21 20:27:37
CRSAW,2025-08-21 20:27:37
TCBIL,2025-08-21 20:27:37
AMPI,2025-08-21 20:27:37
RDW-WT,2025-08-21 20:27:37
GFGD,2025-08-21 20:27:37
PFTAW,2025-08-21 20:27:37
RVACW,2025-08-21 20:27:37
VORBW,2025-08-21 20:27:37
NSEC,2025-08-21 20:27:37
JMACW,2025-08-21 20:27:37
OXACW,2025-08-21 20:27:37
AAIN,2025-08-21 20:27:37
DHCAU,2025-08-21 20:27:37
ATHN,2025-08-21 20:27:37
IIAC,2025-08-21 20:27:37
PRPC-UN,2025-08-21 20:27:37
IAA,2025-08-21 20:27:37
NXTD,2025-08-21 20:27:37
OBNK,2025-08-21 20:27:37
LGAC,2025-08-21 20:27:37
BSN,2025-08-21 20:27:37
LAXXR,2025-08-21 20:27:37
QELLU,2025-08-21 20:27:37
VNTR,2025-08-21 20:27:37
CFFEU,2025-08-21 20:27:37
COSI,2025-08-21 20:27:37
GPCOW,2025-08-21 20:27:37
CENH,2025-08-21 20:27:37
PPGHW,2025-08-21 20:27:37
SOFIW,2025-08-21 20:27:37
SUNL,2025-08-21 20:27:37
VECT,2025-08-21 20:27:37
ZGNX,2025-08-21 20:27:37
GTPBW,2025-08-21 20:27:37
FICV,2025-08-21 20:27:37
ACTDW,2025-08-21 20:27:37
DHHCU,2025-08-21 20:27:37
SBEAU,2025-08-21 20:27:37
GCP,2025-08-21 20:27:37
LACQW,2025-08-21 20:27:37
ARTAU,2025-08-21 20:27:37
IVAN,2025-08-21 20:27:37
ITHXU,2025-08-21 20:27:37
CBLI,2025-08-21 20:27:37
ARRWW,2025-08-21 20:27:37
ATSPT,2025-08-21 20:27:37
ATA-WT,2025-08-21 20:27:37
PSAC,2025-08-21 20:27:37
NNN-PF,2025-08-21 20:27:37
LOV,2025-08-21 20:27:37
HMCOW,2025-08-21 20:27:37
TIGOR,2025-08-21 20:27:37
MCADU,2025-08-21 20:27:37
CEQP-P,2025-08-21 20:27:37
RKTA,2025-08-21 20:27:37
HIIIU,2025-08-21 20:27:37
JWSM-WT,2025-08-21 20:27:37
RTL,2025-08-21 20:27:37
BWV,2025-08-21 20:27:37
FMBI,2025-08-21 20:27:37
CRECW,2025-08-21 20:27:37
MTMT,2025-08-21 20:27:37
BLNKW,2025-08-21 20:27:37
BHG,2025-08-21 20:27:37
LGACW,2025-08-21 20:27:37
VEC,2025-08-21 20:27:37
BRQS,2025-08-21 20:27:37
GMIIU,2025-08-21 20:27:37
IGAP,2025-08-21 20:27:37
ROCLU,2025-08-21 20:27:37
TINV-UN,2025-08-21 20:27:37
FOXW,2025-08-21 20:27:37
ZDVSV,2025-08-21 20:27:37
ENJY,2025-08-21 20:27:37
NLS,2025-08-21 20:27:37
RBT-WT,2025-08-21 20:27:37
LOCC-UN,2025-08-21 20:27:37
ADOM,2025-08-21 20:27:37
TPGY,2025-08-21 20:27:37
BSX-PA,2025-08-21 20:27:37
GHVIU,2025-08-21 20:27:37
LMRKP,2025-08-21 20:27:37
VRTV,2025-08-21 20:27:37
OXLCM,2025-08-21 20:27:37
FSRDW,2025-08-21 20:27:37
DCP-PC,2025-08-21 20:27:37
LVOXU,2025-08-21 20:27:37
JT,2025-08-21 20:27:37
SCR,2025-08-21 20:27:37
CNNB,2025-08-21 20:27:37
VIAC,2025-08-21 20:27:37
FST,2025-08-21 20:27:37
CVET,2025-08-21 20:27:37
IOACU,2025-08-21 20:27:37
BRIVU,2025-08-21 20:27:37
MAAQR,2025-08-21 20:27:37
TBLTW,2025-08-21 20:27:37
CZOO,2025-08-21 20:27:37
RAD,2025-08-21 20:27:37
JCICW,2025-08-21 20:27:37
EDTX,2025-08-21 20:27:37
SIRE,2025-08-21 20:27:37
ONE,2025-08-21 20:27:37
CRECU,2025-08-21 20:27:37
KBSF,2025-08-21 20:27:37
NMK-PC,2025-08-21 20:27:37
HUSN,2025-08-21 20:27:37
MH-PA,2025-08-21 20:27:37
FSRXW,2025-08-21 20:27:37
TWNI,2025-08-21 20:27:37
OBCI,2025-08-21 20:27:37
XFIN,2025-08-21 20:27:37
SUMR,2025-08-21 20:27:37
UPTDW,2025-08-21 20:27:37
ATVC,2025-08-21 20:27:37
DHHC,2025-08-21 20:27:37
NMMC,2025-08-21 20:27:37
FTVIW,2025-08-21 20:27:37
RACA,2025-08-21 20:27:37
TRQ,2025-08-21 20:27:37
RBAC,2025-08-21 20:27:37
TBSA,2025-08-21 20:27:37
OSTR,2025-08-21 20:27:37
NSR,2025-08-21 20:27:37
RMGCW,2025-08-21 20:27:37
QUOT,2025-08-21 20:27:37
KLAQ,2025-08-21 20:27:37
SOLOW,2025-08-21 20:27:37
BOMN,2025-08-21 20:27:37
BYN,2025-08-21 20:27:37
GMTX,2025-08-21 20:27:37
PICC-UN,2025-08-21 20:27:37
CSPR,2025-08-21 20:27:37
IMBI,2025-08-21 20:27:37
MTAC,2025-08-21 20:27:37
FTCH,2025-08-21 20:27:37
LHAA,2025-08-21 20:27:37
SCOBW,2025-08-21 20:27:37
CHAA-UN,2025-08-21 20:27:37
JW-B,2025-08-21 20:27:37
HCCCU,2025-08-21 20:27:37
NVTA,2025-08-21 20:27:37
IRNT-WT,2025-08-21 20:27:37
PAIC,2025-08-21 20:27:37
HBP,2025-08-21 20:27:37
PBCTP,2025-08-21 20:27:37
PTIC,2025-08-21 20:27:37
HT-PE,2025-08-21 20:27:37
ZING,2025-08-21 20:27:37
TSIB,2025-08-21 20:27:37
PNTM-UN,2025-08-21 20:27:37
HCDI,2025-08-21 20:27:37
UBA,2025-08-21 20:27:37
UBP-PH,2025-08-21 20:27:37
UMPQ,2025-08-21 20:27:37
AEPI,2025-08-21 20:27:37
SLHGP,2025-08-21 20:27:37
PMBC,2025-08-21 20:27:37
SAIIU,2025-08-21 20:27:37
VMGAU,2025-08-21 20:27:37
UBP,2025-08-21 20:27:37
VOSOW,2025-08-21 20:27:37
RMED,2025-08-21 20:27:37
C-PK,2025-08-21 20:27:37
CHS,2025-08-21 20:27:37
VIHAU,2025-08-21 20:27:37
TSCAP,2025-08-21 20:27:37
PCCTU,2025-08-21 20:27:37
SGEN,2025-08-21 20:27:37
HHC,2025-08-21 20:27:37
LEGOW,2025-08-21 20:27:37
TYHT,2025-08-21 20:27:37
BBI,2025-08-21 20:27:37
OXSQL,2025-08-21 20:27:37
TUFN,2025-08-21 20:27:37
AJXA,2025-08-21 20:27:37
ADALW,2025-08-21 20:27:37
DCRCW,2025-08-21 20:27:37
AGBAW,2025-08-21 20:27:37
KNSW,2025-08-21 20:27:37
POLY,2025-08-21 20:27:37
ACH,2025-08-21 20:27:37
GTT,2025-08-21 20:27:37
NEX,2025-08-21 20:27:37
TBK,2025-08-21 20:27:37
GFX-WT,2025-08-21 20:27:37
FSNB-UN,2025-08-21 20:27:37
HARP,2025-08-21 20:27:37
BWAQR,2025-08-21 20:27:37
LAAAU,2025-08-21 20:27:37
VYNT,2025-08-21 20:27:37
PRTK,2025-08-21 20:27:37
AAIC-PB,2025-08-21 20:27:37
TKAT,2025-08-21 20:27:37
LMNL,2025-08-21 20:27:37
QTS-PB,2025-08-21 20:27:37
CSTA-UN,2025-08-21 20:27:37
ALNA,2025-08-21 20:27:37
GMBTW,2025-08-21 20:27:37
RICE,2025-08-21 20:27:37
MF,2025-08-21 20:27:37
KORE-WT,2025-08-21 20:27:37
YMTX,2025-08-21 20:27:37
WISH,2025-08-21 20:27:37
SCLEU,2025-08-21 20:27:37
RXRAU,2025-08-21 20:27:37
MMAC,2025-08-21 20:27:37
ORPH,2025-08-21 20:27:37
ZEV,2025-08-21 20:27:37
PRTY,2025-08-21 20:27:37
DRE,2025-08-21 20:27:37
MTBCO,2025-08-21 20:27:37
BFAC-WT,2025-08-21 20:27:37
HCIIW,2025-08-21 20:27:37
CRU-WT,2025-08-21 20:27:37
ACBAU,2025-08-21 20:27:37
MOTV,2025-08-21 20:27:37
OPA-WT,2025-08-21 20:27:37
GRAY,2025-08-21 20:27:37
HMLP-PA,2025-08-21 20:27:37
BPACU,2025-08-21 20:27:37
VLNS,2025-08-21 20:27:37
MTRYU,2025-08-21 20:27:37
GAMCW,2025-08-21 20:27:37
FBHS,2025-08-21 20:27:37
MCACW,2025-08-21 20:27:37
ENCPU,2025-08-21 20:27:37
AVAC,2025-08-21 20:27:37
AGFS,2025-08-21 20:27:37
AMAM,2025-08-21 20:27:37
GRSVU,2025-08-21 20:27:37
NUAN,2025-08-21 20:27:37
CORR-PA,2025-08-21 20:27:37
STET,2025-08-21 20:27:37
IDRA,2025-08-21 20:27:37
DISCK,2025-08-21 20:27:37
QTS,2025-08-21 20:27:37
TALS,2025-08-21 20:27:37
CLSN,2025-08-21 20:27:37
GTHX,2025-08-21 20:27:37
FRTA,2025-08-21 20:27:37
ARIZU,2025-08-21 20:27:37
RUTH,2025-08-21 20:27:37
TESS,2025-08-21 20:27:37
SLNAW,2025-08-21 20:27:37
NOAC,2025-08-21 20:27:37
ACAQ-UN,2025-08-21 20:27:37
TYME,2025-08-21 20:27:37
ZIOP,2025-08-21 20:27:37
EXPR,2025-08-21 20:27:37
CATM,2025-08-21 20:27:37
WLTW,2025-08-21 20:27:37
HT,2025-08-21 20:27:37
MMMB,2025-08-21 20:27:37
VTIQW,2025-08-21 20:27:37
AKUS,2025-08-21 20:27:37
GTXAP,2025-08-21 20:27:37
BCYPW,2025-08-21 20:27:37
BOAS-UN,2025-08-21 20:27:37
ZSAN,2025-08-21 20:27:37
KIIIU,2025-08-21 20:27:37
GLEEW,2025-08-21 20:27:37
AUGX,2025-08-21 20:27:37
IRHOU,2025-08-21 20:27:37
NLSN,2025-08-21 20:27:37
EDNCU,2025-08-21 20:27:37
GAMCU,2025-08-21 20:27:37
AAIC,2025-08-21 20:27:37
NBRV,2025-08-21 20:27:37
EOCW-UN,2025-08-21 20:27:37
FMIV,2025-08-21 20:27:37
EMBKW,2025-08-21 20:27:37
XM,2025-08-21 20:27:37
ONCS,2025-08-21 20:27:37
PGSS,2025-08-21 20:27:37
AHRNU,2025-08-21 20:27:37
AVACW,2025-08-21 20:27:37
GNUS,2025-08-21 20:27:37
CANO-WT,2025-08-21 20:27:37
GSRMW,2025-08-21 20:27:37
ACRO-UN,2025-08-21 20:27:37
USX,2025-08-21 20:27:37
TOACW,2025-08-21 20:27:37
TDW-WTA,2025-08-21 20:27:37
ENOB,2025-08-21 20:27:37
BLU,2025-08-21 20:27:37
SIOX,2025-08-21 20:27:37
AAWW,2025-08-21 20:27:37
ERESU,2025-08-21 20:27:37
AIB,2025-08-21 20:27:37
MBTC,2025-08-21 20:27:37
HMACR,2025-08-21 20:27:37
JUGGU,2025-08-21 20:27:37
HWKZ-UN,2025-08-21 20:27:37
DNAD,2025-08-21 20:27:37
PMGMW,2025-08-21 20:27:37
AFAM,2025-08-21 20:27:37
CORS,2025-08-21 20:27:37
ACAXR,2025-08-21 20:27:37
AIMBU,2025-08-21 20:27:37
ITAQW,2025-08-21 20:27:37
BMAC-WT,2025-08-21 20:27:37
APTI,2025-08-21 20:27:37
SPPI,2025-08-21 20:27:37
ATIP-WT,2025-08-21 20:27:37
HGTY-WT,2025-08-21 20:27:37
AMSG,2025-08-21 20:27:37
GOGN-UN,2025-08-21 20:27:37
ORCC,2025-08-21 20:27:37
GSRM,2025-08-21 20:27:37
ATCO-PD,2025-08-21 20:27:37
ANAD,2025-08-21 20:27:37
APPH,2025-08-21 20:27:37
ATTO,2025-08-21 20:27:37
HPLTW,2025-08-21 20:27:37
VPCB,2025-08-21 20:27:37
PSAGU,2025-08-21 20:27:37
HMPT,2025-08-21 20:27:37
UFAB,2025-08-21 20:27:37
PLCM,2025-08-21 20:27:37
ALSAR,2025-08-21 20:27:37
OPAD-WT,2025-08-21 20:27:37
TWOA,2025-08-21 20:27:37
AAGRW,2025-08-21 20:27:37
BIOSU,2025-08-21 20:27:37
CFMS,2025-08-21 20:27:37
DSEY,2025-08-21 20:27:37
ITQ,2025-08-21 20:27:37
ALSA,2025-08-21 20:27:37
RWODW,2025-08-21 20:27:37
RRD,2025-08-21 20:27:37
BBLN,2025-08-21 20:27:37
AFFX,2025-08-21 20:27:37
FZT-WT,2025-08-21 20:27:37
PAVMW,2025-08-21 20:27:37
WWACW,2025-08-21 20:27:37
OSI-UN,2025-08-21 20:27:37
ADILW,2025-08-21 20:27:37
PGRWW,2025-08-21 20:27:37
STL-PA,2025-08-21 20:27:37
ALLK,2025-08-21 20:27:37
BLNGU,2025-08-21 20:27:37
BRDS-WT,2025-08-21 20:27:37
VBOCW,2025-08-21 20:27:37
CORS-WT,2025-08-21 20:27:37
NOVN,2025-08-21 20:27:37
QFTA-UN,2025-08-21 20:27:37
MOOV,2025-08-21 20:27:37
AUBAP,2025-08-21 20:27:37
CAA,2025-08-21 20:27:37
ALOHA,2025-08-21 20:27:37
BWAQW,2025-08-21 20:27:37
DBDRU,2025-08-21 20:27:37
AXDX,2025-08-21 20:27:37
LVOPP,2025-08-21 20:27:37
BEAV,2025-08-21 20:27:37
CSTA,2025-08-21 20:27:37
TREC,2025-08-21 20:27:37
BLT,2025-08-21 20:27:37
ASCBU,2025-08-21 20:27:37
BNIXW,2025-08-21 20:27:37
XPAXW,2025-08-21 20:27:37
BMAC,2025-08-21 20:27:37
SDACU,2025-08-21 20:27:37
BRAC,2025-08-21 20:27:37
AVEO,2025-08-21 20:27:37
BBOX,2025-08-21 20:27:37
DHCA,2025-08-21 20:27:37
CLBH,2025-08-21 20:27:37
FRGI,2025-08-21 20:27:37
CWAY,2025-08-21 20:27:37
FEIC,2025-08-21 20:27:37
LRFC,2025-08-21 20:27:37
FLIC,2025-08-21 20:27:37
CFACU,2025-08-21 20:27:37
MIME,2025-08-21 20:27:37
CITEU,2025-08-21 20:27:37
DADA,2025-08-21 20:27:37
MHLD,2025-08-21 20:27:37
CEAD,2025-08-21 20:27:37
ESACU,2025-08-21 20:27:37
CEADW,2025-08-21 20:27:37
MENT,2025-08-21 20:27:37
FLME,2025-08-21 20:27:37
CIFC,2025-08-21 20:27:37
FATBW,2025-08-21 20:27:37
ELEC,2025-08-21 20:27:37
MLAI,2025-08-21 20:27:37
GXP,2025-08-21 20:27:37
ESGRP,2025-08-21 20:27:37
DCRNU,2025-08-21 20:27:37
FCACU,2025-08-21 20:27:37
CEC,2025-08-21 20:27:37
CXAC,2025-08-21 20:27:37
DGAS,2025-08-21 20:27:37
LFACU,2025-08-21 20:27:37
LIBYW,2025-08-21 20:27:37
CMCA,2025-08-21 20:27:37
EXCVV,2025-08-21 20:27:37
CRAC,2025-08-21 20:27:37
MMV,2025-08-21 20:27:37
DWAC,2025-08-21 20:27:37
CCTSU,2025-08-21 20:27:37
JWN,2025-08-21 20:27:37
LACQ,2025-08-21 20:27:37
FUEL,2025-08-21 20:27:37
LILM,2025-08-21 20:27:37
EYESW,2025-08-21 20:27:37
DHHCW,2025-08-21 20:27:37
DCRC,2025-08-21 20:27:37
CGBS,2025-08-21 20:27:37
LPNT,2025-08-21 20:27:37
LVRA,2025-08-21 20:27:37
LTCHW,2025-08-21 20:27:37
LITTU,2025-08-21 20:27:37
CONE,2025-08-21 20:27:37
DYAX,2025-08-21 20:27:37
LLTC,2025-08-21 20:27:37
LMIA,2025-08-21 20:27:37
EGC,2025-08-21 20:27:37
IVCAW,2025-08-21 20:27:37
COVA,2025-08-21 20:27:37
HAAC,2025-08-21 20:27:37
CENQU,2025-08-21 20:27:37
MONCW,2025-08-21 20:27:37
FNVTU,2025-08-21 20:27:37
IMS,2025-08-21 20:27:37
DNAY,2025-08-21 20:27:37
CSLR,2025-08-21 20:27:37
KIND,2025-08-21 20:27:37
CBMX,2025-08-21 20:27:37
LMDXW,2025-08-21 20:27:37
GAN,2025-08-21 20:27:37
MIMO-WT,2025-08-21 20:27:37
HAIA,2025-08-21 20:27:37
CHEA,2025-08-21 20:27:37
CLBR-UN,2025-08-21 20:27:37
GLAQU,2025-08-21 20:27:37
HYMCW,2025-08-21 20:27:37
LNCE,2025-08-21 20:27:37
CFX,2025-08-21 20:27:37
MOCO,2025-08-21 20:27:37
EVHC,2025-08-21 20:27:37
CLEU,2025-08-21 20:27:37
IPOD-UN,2025-08-21 20:27:37
FPAC-UN,2025-08-21 20:27:37
CNTG,2025-08-21 20:27:37
CTAQ,2025-08-21 20:27:37
LATNU,2025-08-21 20:27:37
LIONW,2025-08-21 20:27:37
FRWAU,2025-08-21 20:27:37
IGT,2025-08-21 20:27:37
IPXL,2025-08-21 20:27:37
CANO,2025-08-21 20:27:37
FVE,2025-08-21 20:27:37
DCFC,2025-08-21 20:27:37
GTPB,2025-08-21 20:27:37
ME,2025-08-21 20:27:37
IXYS,2025-08-21 20:27:37
HHLA-UN,2025-08-21 20:27:37
HAWK,2025-08-21 20:27:37
FRXB-UN,2025-08-21 20:27:37
HNR,2025-08-21 20:27:37
HBMD,2025-08-21 20:27:37
HCVI,2025-08-21 20:27:37
HCDIW,2025-08-21 20:27:37
HDNG,2025-08-21 20:27:37
SLCT,2025-08-21 20:27:37
OBAW,2025-08-21 20:27:37
SNPR,2025-08-21 20:27:37
SQLLW,2025-08-21 20:27:37
OB,2025-08-21 20:27:37
TGVCW,2025-08-21 20:27:37
MPRA,2025-08-21 20:27:37
OHAAW,2025-08-21 20:27:37
SPTK,2025-08-21 20:27:37
SRM,2025-08-21 20:27:37
NFNT,2025-08-21 20:27:37
PHUNW,2025-08-21 20:27:37
WWAC,2025-08-21 20:27:37
NLTX,2025-08-21 20:27:37
STR-WT,2025-08-21 20:27:37
SPCM,2025-08-21 20:27:37
TCBP,2025-08-21 20:27:37
VSTEW,2025-08-21 20:27:37
NVACR,2025-08-21 20:27:37
OFC,2025-08-21 20:27:37
TBSAU,2025-08-21 20:27:37
RTLR,2025-08-21 20:27:37
SPFR-UN,2025-08-21 20:27:37
NPBC,2025-08-21 20:27:37
NNAGW,2025-08-21 20:27:37
SBNYP,2025-08-21 20:27:37
SCLE,2025-08-21 20:27:37
SUP,2025-08-21 20:27:37
SSNI,2025-08-21 20:27:37
NEE-PQ,2025-08-21 20:27:37
OMP,2025-08-21 20:27:37
SATX,2025-08-21 20:27:37
SHUAU,2025-08-21 20:27:37
SPGC,2025-08-21 20:27:37
SCMAW,2025-08-21 20:27:37
PEI-PB,2025-08-21 20:27:37
MTVC-UN,2025-08-21 20:27:37
VMCAU,2025-08-21 20:27:37
SI-PA,2025-08-21 20:27:37
SUNW,2025-08-21 20:27:37
NESRW,2025-08-21 20:27:37
NFH,2025-08-21 20:27:37
SPGS,2025-08-21 20:27:37
SINO,2025-08-21 20:27:37
ROCG,2025-08-21 20:27:37
OPTN,2025-08-21 20:27:37
SVNAW,2025-08-21 20:27:37
RIVR,2025-08-21 20:27:37
SHLT,2025-08-21 20:27:37
PLTN,2025-08-21 20:27:37
TGVCU,2025-08-21 20:27:37
SST-WT,2025-08-21 20:27:37
MUDS,2025-08-21 20:27:37
SGTX,2025-08-21 20:27:37
SNMX,2025-08-21 20:27:37
PGACU,2025-08-21 20:27:37
ROCR,2025-08-21 20:27:37
CPLA,2025-08-21 20:27:37
SODR,2025-08-21 20:27:37
PHAS,2025-08-21 20:27:37
RFACW,2025-08-21 20:27:37
SLACW,2025-08-21 20:27:37
NRACU,2025-08-21 20:27:37
SRC,2025-08-21 20:27:37
OMEG,2025-08-21 20:27:37
REVEU,2025-08-21 20:27:37
SEDA-WT,2025-08-21 20:27:37
SSBK,2025-08-21 20:27:37
RDS-A,2025-08-21 20:27:37
SWTX,2025-08-21 20:27:37
OSTRW,2025-08-21 20:27:37
SRGA,2025-08-21 20:27:37
SCOB,2025-08-21 20:27:37
SWAGU,2025-08-21 20:27:37
PLAO,2025-08-21 20:27:37
REXI,2025-08-21 20:27:37
ROVR,2025-08-21 20:27:37
TRTL,2025-08-21 20:27:37
CSSEN,2025-08-21 20:27:37
PCYG,2025-08-21 20:27:37
FNVT,2025-08-21 20:27:37
SMAPU,2025-08-21 20:27:37
PTOCW,2025-08-21 20:27:37
XOG,2025-08-21 20:27:37
REIS,2025-08-21 20:27:37
DESP,2025-08-21 20:27:37
RAAC,2025-08-21 20:27:37
YOTAR,2025-08-21 20:27:37
RDFN,2025-08-21 20:27:37
CLRCR,2025-08-21 20:27:37
MURF,2025-08-21 20:27:37
X,2025-08-21 20:27:37
ESIO,2025-08-21 20:27:37
ZI,2025-08-21 20:27:37
PRLHW,2025-08-21 20:27:37
PHX,2025-08-21 20:27:37
WTGU,2025-08-21 20:27:37
PTN,2025-08-21 20:27:37
PRLH,2025-08-21 20:27:37
ICAD,2025-08-21 20:27:37
LBDKV,2025-08-21 20:27:37
ESSC,2025-08-21 20:27:37
DCRDW,2025-08-21 20:27:37
KWE,2025-08-21 20:27:37
CIIGU,2025-08-21 20:27:37
LSEAW,2025-08-21 20:27:37
RAACW,2025-08-21 20:27:37
SPI,2025-08-21 20:27:37
SLH,2025-08-21 20:27:37
GDNRW,2025-08-21 20:27:37
QTEKW,2025-08-21 20:27:37
BYNOW,2025-08-21 20:27:37
ATCOL,2025-08-21 20:27:37
BSF,2025-08-21 20:27:37
FRBN,2025-08-21 20:27:37
DECA,2025-08-21 20:27:37
PRLHU,2025-08-21 20:27:37
ASTSW,2025-08-21 20:27:37
RCACW,2025-08-21 20:27:37
FMD,2025-08-21 20:27:37
SWC,2025-08-21 20:27:37
ACAXW,2025-08-21 20:27:37
SMMF,2025-08-21 20:27:37
LGF,2025-08-21 20:27:37
GATE,2025-08-21 20:27:37
ISBC,2025-08-21 20:27:37
RWODR,2025-08-21 20:27:37
ASCBW,2025-08-21 20:27:37
SVT,2025-08-21 20:27:37
HCCCW,2025-08-21 20:27:37
IXAQ,2025-08-21 20:27:37
NSTG,2025-08-21 20:27:37
TGAAU,2025-08-21 20:27:37
PBSK,2025-08-21 20:27:37
REDU,2025-08-21 20:27:37
HORI,2025-08-21 20:27:37
IXAQW,2025-08-21 20:27:37
PRSR,2025-08-21 20:27:37
SHACU,2025-08-21 20:27:37
CNGLW,2025-08-21 20:27:37
RENE,2025-08-21 20:27:37
GLSTR,2025-08-21 20:27:37
AGAC-UN,2025-08-21 20:27:37
ZAPP,2025-08-21 20:27:37
SCOAW,2025-08-21 20:27:37
HTAQ,2025-08-21 20:27:37
GSDWW,2025-08-21 20:27:37
EACQ,2025-08-21 20:27:37
BNIX,2025-08-21 20:27:37
GLST,2025-08-21 20:27:37
GLBAV,2025-08-21 20:27:37
JVSAR,2025-08-21 20:27:37
ARRW,2025-08-21 20:27:37
WFBI,2025-08-21 20:27:37
INKAW,2025-08-21 20:27:37
MSSAR,2025-08-21 20:27:37
AFMD,2025-08-21 20:27:37
FREY,2025-08-21 20:27:37
EDGW,2025-08-21 20:27:37
RCACU,2025-08-21 20:27:37
BOWNU,2025-08-21 20:27:37
VIIAW,2025-08-21 20:27:37
BRKH,2025-08-21 20:27:37
TETEU,2025-08-21 20:27:37
IVCBU,2025-08-21 20:27:37
HCIIU,2025-08-21 20:27:37
CALL,2025-08-21 20:27:37
PGRW,2025-08-21 20:27:37
COB,2025-08-21 20:27:37
TLGY,2025-08-21 20:27:37
CLINW,2025-08-21 20:27:37
PERY,2025-08-21 20:27:37
VMGAW,2025-08-21 20:27:37
VSTE,2025-08-21 20:27:37
PRPB,2025-08-21 20:27:37
RGF,2025-08-21 20:27:37
CYTO,2025-08-21 20:27:37
TSRO,2025-08-21 20:27:37
GMII,2025-08-21 20:27:37
EVOP,2025-08-21 20:27:37
AIMAW,2025-08-21 20:27:37
ACFC,2025-08-21 20:27:37
FRONW,2025-08-21 20:27:37
IMTXW,2025-08-21 20:27:37
SVAC,2025-08-21 20:27:37
GRFX,2025-08-21 20:27:37
JATT,2025-08-21 20:27:37
KLXI,2025-08-21 20:27:37
EVA,2025-08-21 20:27:37
ASBB,2025-08-21 20:27:37
REVHU,2025-08-21 20:27:37
APIC,2025-08-21 20:27:37
PLYA,2025-08-21 20:27:37
JACS-UN,2025-08-21 20:27:37
TRTL-WT,2025-08-21 20:27:37
STER,2025-08-21 20:27:37
ML,2025-08-21 20:27:37
OTEC,2025-08-21 20:27:37
OCFCP,2025-08-21 20:27:37
LIOX,2025-08-21 20:27:37
PPHPW,2025-08-21 20:27:37
NOGNW,2025-08-21 20:27:37
CRTX,2025-08-21 20:27:37
CWBR,2025-08-21 20:27:37
ELYM,2025-08-21 20:27:37
LEGAW,2025-08-21 20:27:37
PBAXU,2025-08-21 20:27:37
FUSE-UN,2025-08-21 20:27:37
RVLP,2025-08-21 20:27:37
SMFR,2025-08-21 20:27:37
ADOCR,2025-08-21 20:27:37
DRTT,2025-08-21 20:27:37
FFNW,2025-08-21 20:27:37
CATC,2025-08-21 20:27:37
BLEUR,2025-08-21 20:27:37
BHSEW,2025-08-21 20:27:37
NAVA,2025-08-21 20:27:37
DCFCW,2025-08-21 20:27:37
MURAV,2025-08-21 20:27:37
ARIZR,2025-08-21 20:27:37
PFSW,2025-08-21 20:27:37
PDCO,2025-08-21 20:27:37
WTFCM,2025-08-21 20:27:37
NFNT-WT,2025-08-21 20:27:37
CVIIW,2025-08-21 20:27:37
ATHX,2025-08-21 20:27:37
SGOC,2025-08-21 20:27:37
SHIPZ,2025-08-21 20:27:37
HCDIP,2025-08-21 20:27:37
SIEN,2025-08-21 20:27:37
SEEL,2025-08-21 20:27:37
IMGN,2025-08-21 20:27:37
ENNV,2025-08-21 20:27:37
KLAQW,2025-08-21 20:27:37
AVCTW,2025-08-21 20:27:37
ALTA,2025-08-21 20:27:37
BGRY,2025-08-21 20:27:37
IOAC,2025-08-21 20:27:37
BC-PB,2025-08-21 20:27:37
PEI,2025-08-21 20:27:37
ENJYW,2025-08-21 20:27:37
PIAI-WT,2025-08-21 20:27:37
QTNT,2025-08-21 20:27:37
BFI,2025-08-21 20:27:37
HIL,2025-08-21 20:27:37
MKTWW,2025-08-21 20:27:37
ENIA,2025-08-21 20:27:37
MTBC,2025-08-21 20:27:37
THCBW,2025-08-21 20:27:37
MSDAW,2025-08-21 20:27:37
HLTH,2025-08-21 20:27:37
SAGAR,2025-08-21 20:27:37
TRKAW,2025-08-21 20:27:37
AUY,2025-08-21 20:27:37
RMRM,2025-08-21 20:27:37
SSU,2025-08-21 20:27:37
FATH-WT,2025-08-21 20:27:37
AMYT,2025-08-21 20:27:37
RVACU,2025-08-21 20:27:37
PCX,2025-08-21 20:27:37
JVSAU,2025-08-21 20:27:37
LSAQ,2025-08-21 20:27:37
CCXI,2025-08-21 20:27:37
OSTK,2025-08-21 20:27:37
PSB-PX,2025-08-21 20:27:37
JMBA,2025-08-21 20:27:37
GRTS,2025-08-21 20:27:37
SPKAR,2025-08-21 20:27:37
HAPP,2025-08-21 20:27:37
SCVX-UN,2025-08-21 20:27:37
KAIR,2025-08-21 20:27:37
ENFN,2025-08-21 20:27:37
IEA,2025-08-21 20:27:37
AADI,2025-08-21 20:27:37
BOAC-UN,2025-08-21 20:27:37
FSPR,2025-08-21 20:27:37
FNA,2025-08-21 20:27:37
BACA,2025-08-21 20:27:37
STET-UN,2025-08-21 20:27:37
PFMT,2025-08-21 20:27:37
TRHC,2025-08-21 20:27:37
ATEK-UN,2025-08-21 20:27:37
GATEU,2025-08-21 20:27:37
ACCD,2025-08-21 20:27:37
CLIM-WT,2025-08-21 20:27:37
YY,2025-08-21 20:27:37
MACU,2025-08-21 20:27:37
INXB,2025-08-21 20:27:37
INAQ-WT,2025-08-21 20:27:37
MKUL,2025-08-21 20:27:37
LGNDV,2025-08-21 20:27:37
CITEW,2025-08-21 20:27:37
SNGXW,2025-08-21 20:27:37
TMKRW,2025-08-21 20:27:37
NXU,2025-08-21 20:27:37
INT,2025-08-21 20:27:37
PWSC,2025-08-21 20:27:37
PACWP,2025-08-21 20:27:37
PSTX,2025-08-21 20:27:37
ANDAU,2025-08-21 20:27:37
HYW,2025-08-21 20:27:37
HLGN-WT,2025-08-21 20:27:37
ACII-WT,2025-08-21 20:27:37
LDR,2025-08-21 20:27:37
BOKFL,2025-08-21 20:27:37
ARAV,2025-08-21 20:27:37
VGR,2025-08-21 20:27:37
EDR,2025-08-21 20:27:37
TDCX,2025-08-21 20:27:37
PITAW,2025-08-21 20:27:37
RJAC-WT,2025-08-21 20:27:37
BNOX,2025-08-21 20:27:37
JTAIZ,2025-08-21 20:27:37
WEB,2025-08-21 20:27:37
CYNO,2025-08-21 20:27:37
HTCH,2025-08-21 20:27:37
GSAH-UN,2025-08-21 20:27:37
CYS,2025-08-21 20:27:37
CCVI-WT,2025-08-21 20:27:37
BCAN,2025-08-21 20:27:37
DKDCW,2025-08-21 20:27:37
COWN,2025-08-21 20:27:37
GRNVR,2025-08-21 20:27:37
PCPC-WT,2025-08-21 20:27:37
FSTX,2025-08-21 20:27:37
NEWTL,2025-08-21 20:27:37
FBMS,2025-08-21 20:27:37
VZA,2025-08-21 20:27:37
AESE,2025-08-21 20:27:37
LBYKV,2025-08-21 20:27:37
TWNPV,2025-08-21 20:27:37
ACAQ,2025-08-21 20:27:37
OFG-PD,2025-08-21 20:27:37
GEHCV,2025-08-21 20:27:37
PWX,2025-08-21 20:27:37
GLT,2025-08-21 20:27:37
NAPA,2025-08-21 20:27:37
PCBK,2025-08-21 20:27:37
CIT-PB,2025-08-21 20:27:37
CAJ,2025-08-21 20:27:37
PRVB,2025-08-21 20:27:37
IBER-WT,2025-08-21 20:27:37
WPCB-WT,2025-08-21 20:27:37
VIRI,2025-08-21 20:27:37
GRCL,2025-08-21 20:27:37
RBCP,2025-08-21 20:27:37
ATY,2025-08-21 20:27:37
BLPH,2025-08-21 20:27:37
SONC,2025-08-21 20:27:37
BTRS,2025-08-21 20:27:37
TRINL,2025-08-21 20:27:37
CACO,2025-08-21 20:27:37
BRSH,2025-08-21 20:27:37
CLC,2025-08-21 20:27:37
USER,2025-08-21 20:27:37
SCPL,2025-08-21 20:27:37
ACRX,2025-08-21 20:27:37
SJW,2025-08-21 20:27:37
AVGOP,2025-08-21 20:27:37
NTEC,2025-08-21 20:27:37
DHR-PB,2025-08-21 20:27:37
DS-PB,2025-08-21 20:27:37
OPT,2025-08-21 20:27:37
ITCI,2025-08-21 20:27:37
AVGR,2025-08-21 20:27:37
KMPH,2025-08-21 20:27:37
BSKYW,2025-08-21 20:27:37
FRC-PL,2025-08-21 20:27:37
CGRN,2025-08-21 20:27:37
HTGM,2025-08-21 20:27:37
EMLDU,2025-08-21 20:27:37
VTNR,2025-08-21 20:27:37
PRMW,2025-08-21 20:27:37
MPACR,2025-08-21 20:27:37
OUST-WTA,2025-08-21 20:27:37
RLJE,2025-08-21 20:27:37
CO,2025-08-21 20:27:37
CRHC-WT,2025-08-21 20:27:37
BSGAR,2025-08-21 20:27:37
GEEX,2025-08-21 20:27:37
MARX,2025-08-21 20:27:37
BROGW,2025-08-21 20:27:37
JWACR,2025-08-21 20:27:37
ONTXW,2025-08-21 20:27:37
EUCR,2025-08-21 20:27:37
ARII,2025-08-21 20:27:37
TLMD,2025-08-21 20:27:37
TYDE,2025-08-21 20:27:37
CEO,2025-08-21 20:27:37
SPNE,2025-08-21 20:27:37
CNDB-WT,2025-08-21 20:27:37
HORIW,2025-08-21 20:27:37
HYZNW,2025-08-21 20:27:37
NURO,2025-08-21 20:27:37
SZMK,2025-08-21 20:27:37
LIFWW,2025-08-21 20:27:37
AIU,2025-08-21 20:27:37
LIFWZ,2025-08-21 20:27:37
LCW-UN,2025-08-21 20:27:37
EQC,2025-08-21 20:27:37
TANNL,2025-08-21 20:27:37
SWH,2025-08-21 20:27:37
QRTEA,2025-08-21 20:27:37
ASPAW,2025-08-21 20:27:37
ANDAW,2025-08-21 20:27:37
PETQ,2025-08-21 20:27:37
ATSG,2025-08-21 20:27:37
WENAW,2025-08-21 20:27:37
THRN,2025-08-21 20:27:37
JAN,2025-08-21 20:27:37
STET-WT,2025-08-21 20:27:37
BNRE-A,2025-08-21 20:27:37
AZYO,2025-08-21 20:27:37
CFFVW,2025-08-21 20:27:37
VINE,2025-08-21 20:27:37
CDMOP,2025-08-21 20:27:37
SCLN,2025-08-21 20:27:37
FTAIO,2025-08-21 20:27:37
DHACU,2025-08-21 20:27:37
PFDRW,2025-08-21 20:27:37
DWRE,2025-08-21 20:27:37
OABIV,2025-08-21 20:27:37
GS-PJ,2025-08-21 20:27:37
LBBBU,2025-08-21 20:27:37
SHSP,2025-08-21 20:27:37
FMIVW,2025-08-21 20:27:37
GPX,2025-08-21 20:27:37
NM,2025-08-21 20:27:37
KRA,2025-08-21 20:27:37
TTM,2025-08-21 20:27:37
LSXMK,2025-08-21 20:27:37
GWB,2025-08-21 20:27:37
KMCM,2025-08-21 20:27:37
EMAN,2025-08-21 20:27:37
CSCD,2025-08-21 20:27:37
MIMO,2025-08-21 20:27:37
HTBX,2025-08-21 20:27:37
SNMP,2025-08-21 20:27:37
AGE,2025-08-21 20:27:37
CBRGU,2025-08-21 20:27:37
JCTCF,2025-08-21 20:27:37
MTL-P,2025-08-21 20:27:37
CRY,2025-08-21 20:27:37
DPW,2025-08-21 20:27:37
PSPC-WT,2025-08-21 20:27:37
TINV-WT,2025-08-21 20:27:37
APE,2025-08-21 20:27:37
HAYN,2025-08-21 20:27:37
INXBV,2025-08-21 20:27:37
KVSC,2025-08-21 20:27:37
BRG,2025-08-21 20:27:37
GROMW,2025-08-21 20:27:37
SNREV,2025-08-21 20:27:37
SHAP,2025-08-21 20:27:37
TWNI-WT,2025-08-21 20:27:37
GBT,2025-08-21 20:27:37
CFB,2025-08-21 20:27:37
MSFG,2025-08-21 20:27:37
FLAI,2025-08-21 20:27:37
KRNL,2025-08-21 20:27:37
CPTN,2025-08-21 20:27:37
BIG,2025-08-21 20:27:37
GEAR,2025-08-21 20:27:37
NARI,2025-08-21 20:27:37
NAYA,2025-08-21 20:27:37
AXLA,2025-08-21 20:27:37
REVEW,2025-08-21 20:27:37
SKYAW,2025-08-21 20:27:37
BXS,2025-08-21 20:27:37
HCP,2025-08-21 20:27:37
LHCG,2025-08-21 20:27:37
NFYS,2025-08-21 20:27:37
ET-PE,2025-08-21 20:27:37
BIOC,2025-08-21 20:27:37
KAHC-WT,2025-08-21 20:27:37
MTAL-WT,2025-08-21 20:27:37
ADMP,2025-08-21 20:27:37
CYTH,2025-08-21 20:27:37
IHC,2025-08-21 20:27:37
DVCR,2025-08-21 20:27:37
CKP,2025-08-21 20:27:37
ANDAR,2025-08-21 20:27:37
AMNB,2025-08-21 20:27:37
NTUS,2025-08-21 20:27:37
BBQ,2025-08-21 20:27:37
CDAQ,2025-08-21 20:27:37
SAB,2025-08-21 20:27:37
AZRX,2025-08-21 20:27:37
MKGI,2025-08-21 20:27:37
ACGN,2025-08-21 20:27:37
CERN,2025-08-21 20:27:37
FCBP,2025-08-21 20:27:37
NUTR,2025-08-21 20:27:37
HCHC,2025-08-21 20:27:37
PACI,2025-08-21 20:27:37
BHTG,2025-08-21 20:27:37
BCOV,2025-08-21 20:27:37
FCCY,2025-08-21 20:27:37
ABMD,2025-08-21 20:27:37
GPL,2025-08-21 20:27:37
NYCB-PA,2025-08-21 20:27:37
IACVV,2025-08-21 20:27:37
AZPN,2025-08-21 20:27:37
WIRE,2025-08-21 20:27:37
BFRA,2025-08-21 20:27:37
NM-PH,2025-08-21 20:27:37
UFS,2025-08-21 20:27:37
CHK,2025-08-21 20:27:37
ESSCW,2025-08-21 20:27:37
DCPH,2025-08-21 20:27:37
AUD,2025-08-21 20:27:37
WMPN,2025-08-21 20:27:37
PROS,2025-08-21 20:27:37
ILMNV,2025-08-21 20:27:37
ZNGA,2025-08-21 20:27:37
FBYDP,2025-08-21 20:27:37
MYTE,2025-08-21 20:27:37
ILG,2025-08-21 20:27:37
FLDD,2025-08-21 20:27:37
QLI,2025-08-21 20:27:37
PHGE-UN,2025-08-21 20:27:37
OMIC,2025-08-21 20:27:37
LMST,2025-08-21 20:27:37
ALPX,2025-08-21 20:27:37
MYCC,2025-08-21 20:27:37
FLDM,2025-08-21 20:27:37
ZNH,2025-08-21 20:27:37
SLCRU,2025-08-21 20:27:37
BLCM,2025-08-21 20:27:37
AEAXX,2025-08-21 20:27:37
USCR,2025-08-21 20:27:37
BLEUW,2025-08-21 20:27:37
KATE,2025-08-21 20:27:37
PRE-PJ,2025-08-21 20:27:37
ICLK,2025-08-21 20:27:37
PFHD,2025-08-21 20:27:37
ZOM,2025-08-21 20:27:37
PVG,2025-08-21 20:27:37
BRACR,2025-08-21 20:27:37
AILEW,2025-08-21 20:27:37
CUTR,2025-08-21 20:27:37
DUETW,2025-08-21 20:27:37
MATR,2025-08-21 20:27:37
MTTR,2025-08-21 20:27:37
RCFA-WT,2025-08-21 20:27:37
ADEX,2025-08-21 20:27:37
RIVE,2025-08-21 20:27:37
JNCE,2025-08-21 20:27:37
MRO,2025-08-21 20:27:37
GECCM,2025-08-21 20:27:37
AGRIW,2025-08-21 20:27:37
DOMA-WT,2025-08-21 20:27:37
AEPPZ,2025-08-21 20:27:37
SPKEP,2025-08-21 20:27:37
DFFN,2025-08-21 20:27:37
LEV,2025-08-21 20:27:37
AGBAR,2025-08-21 20:27:37
ASXC,2025-08-21 20:27:37
PRB,2025-08-21 20:27:37
KKD,2025-08-21 20:27:37
FOUNU,2025-08-21 20:27:37
LBC,2025-08-21 20:27:37
HNGR,2025-08-21 20:27:37
DHR-PA,2025-08-21 20:27:37
RHLDV,2025-08-21 20:27:37
AAC-UN,2025-08-21 20:27:37
ATNX,2025-08-21 20:27:37
RWOD,2025-08-21 20:27:37
NAACW,2025-08-21 20:27:37
SYNL,2025-08-21 20:27:37
RTLPP,2025-08-21 20:27:37
SFUN,2025-08-21 20:27:37
CPUH-UN,2025-08-21 20:27:37
GENE,2025-08-21 20:27:37
TBNK,2025-08-21 20:27:37
CLBTW,2025-08-21 20:27:37
STIXW,2025-08-21 20:27:37
PIXY,2025-08-21 20:27:37
QNGY-WT,2025-08-21 20:27:37
VIEWW,2025-08-21 20:27:37
PFC,2025-08-21 20:27:37
STON,2025-08-21 20:27:37
ASCAU,2025-08-21 20:27:37
SPHA,2025-08-21 20:27:37
ENLC,2025-08-21 20:27:37
INVO,2025-08-21 20:27:37
HMNF,2025-08-21 20:27:37
ICCH,2025-08-21 20:27:37
EFC-PE,2025-08-21 20:27:37
MCAD,2025-08-21 20:27:37
PAVMZ,2025-08-21 20:27:37
INTX,2025-08-21 20:27:37
SURGW,2025-08-21 20:27:37
AAMC,2025-08-21 20:27:37
DMYS,2025-08-21 20:27:37
CSLMW,2025-08-21 20:27:37
ENG,2025-08-21 20:27:37
SPLP-PA,2025-08-21 20:27:37
SASR,2025-08-21 20:27:37
SIRO,2025-08-21 20:27:37
NVNOW,2025-08-21 20:27:37
SHACW,2025-08-21 20:27:37
IBA,2025-08-21 20:27:37
OFSSI,2025-08-21 20:27:37
NSTD,2025-08-21 20:27:37
TA,2025-08-21 20:27:37
PTVE,2025-08-21 20:27:37
VMEM,2025-08-21 20:27:37
HCAQ,2025-08-21 20:27:37
PNC-PP,2025-08-21 20:27:37
ALRN,2025-08-21 20:27:37
VVI,2025-08-21 20:27:37
RHE,2025-08-21 20:27:37
ARIA,2025-08-21 20:27:37
CDMO,2025-08-21 20:27:37
SHPW-WT,2025-08-21 20:27:37
AMEH,2025-08-21 20:27:37
OLK,2025-08-21 20:27:37
SESN,2025-08-21 20:27:37
BRIV,2025-08-21 20:27:37
AIBBR,2025-08-21 20:27:37
ASPCW,2025-08-21 20:27:37
NICK,2025-08-21 20:27:37
RJF-PA,2025-08-21 20:27:37
SLHG,2025-08-21 20:27:37
STAF,2025-08-21 20:27:37
CRN,2025-08-21 20:27:37
CVIIU,2025-08-21 20:27:37
STRCW,2025-08-21 20:27:37
GAPA-WT,2025-08-21 20:27:37
GNE-PA,2025-08-21 20:27:37
NKLA,2025-08-21 20:27:37
SMAR,2025-08-21 20:27:37
NVIV,2025-08-21 20:27:37
LIBYU,2025-08-21 20:27:37
SUM,2025-08-21 20:27:37
FATPW,2025-08-21 20:27:37
ASLN,2025-08-21 20:27:37
AMPI-WT,2025-08-21 20:27:37
CLVT-PA,2025-08-21 20:27:37
TWCBU,2025-08-21 20:27:37
EVK,2025-08-21 20:27:37
DEL,2025-08-21 20:27:37
BERY,2025-08-21 20:27:37
HGH,2025-08-21 20:27:37
APACW,2025-08-21 20:27:37
ASAI,2025-08-21 20:27:37
FSII,2025-08-21 20:27:37
CNDB,2025-08-21 20:27:37
LBBBW,2025-08-21 20:27:37
EQRXW,2025-08-21 20:27:37
FSR,2025-08-21 20:27:37
CBD,2025-08-21 20:27:37
HTLF,2025-08-21 20:27:37
LATG,2025-08-21 20:27:37
CBTX,2025-08-21 20:27:37
BTWNU,2025-08-21 20:27:37
PAYOW,2025-08-21 20:27:37
FISV,2025-08-21 20:27:37
SHCAW,2025-08-21 20:27:37
CYRN,2025-08-21 20:27:37
LBPS,2025-08-21 20:27:37
HTLFP,2025-08-21 20:27:37
JOY,2025-08-21 20:27:37
HIPO-WT,2025-08-21 20:27:37
AITRU,2025-08-21 20:27:37
BLACU,2025-08-21 20:27:37
VCSA,2025-08-21 20:27:37
GBNH,2025-08-21 20:27:37
MKFG,2025-08-21 20:27:37
NCNCW,2025-08-21 20:27:37
NUVO,2025-08-21 20:27:37
SNDKV,2025-08-21 20:27:37
BDSI,2025-08-21 20:27:37
CLIM-UN,2025-08-21 20:27:37
ODT,2025-08-21 20:27:37
BMTX,2025-08-21 20:27:37
SVFAW,2025-08-21 20:27:37
CCP,2025-08-21 20:27:37
ZPTAW,2025-08-21 20:27:37
THCHW,2025-08-21 20:27:37
EXAI,2025-08-21 20:27:37
ARNA,2025-08-21 20:27:37
SFT,2025-08-21 20:27:37
CDXC,2025-08-21 20:27:37
WETG,2025-08-21 20:27:37
PLMJU,2025-08-21 20:27:37
ANAC,2025-08-21 20:27:37
TETCU,2025-08-21 20:27:37
HCVIU,2025-08-21 20:27:37
BIOS,2025-08-21 20:27:37
GLAQ,2025-08-21 20:27:37
HYMCZ,2025-08-21 20:27:37
RFAC,2025-08-21 20:27:37
CTCT,2025-08-21 20:27:37
LGTY,2025-08-21 20:27:37
JGGCW,2025-08-21 20:27:37
FLMNW,2025-08-21 20:27:37
FREEW,2025-08-21 20:27:37
SCHN,2025-08-21 20:27:37
BCSAU,2025-08-21 20:27:37
FACT-WT,2025-08-21 20:27:37
DTSQU,2025-08-21 20:27:37
FIACU,2025-08-21 20:27:37
VZIO,2025-08-21 20:27:37
CHPMW,2025-08-21 20:27:37
VSACW,2025-08-21 20:27:37
FHLTU,2025-08-21 20:27:37
OCLR,2025-08-21 20:27:37
COOL,2025-08-21 20:27:37
APTO,2025-08-21 20:27:37
UMH-PC,2025-08-21 20:27:37
SLAMW,2025-08-21 20:27:37
QTS-PA,2025-08-21 20:27:37
PGRWU,2025-08-21 20:27:37
CHPMU,2025-08-21 20:27:37
ROIVW,2025-08-21 20:27:37
ATAK,2025-08-21 20:27:37
DWACW,2025-08-21 20:27:37
HGSH,2025-08-21 20:27:37
TWLV,2025-08-21 20:27:37
CPTAG,2025-08-21 20:27:37
STBX,2025-08-21 20:27:37
OTRAU,2025-08-21 20:27:37
ZIONL,2025-08-21 20:27:37
AIH,2025-08-21 20:27:37
ISUN,2025-08-21 20:27:37
GAQ-WT,2025-08-21 20:27:37
HZNP,2025-08-21 20:27:37
HRT,2025-08-21 20:27:37
FZT-UN,2025-08-21 20:27:37
AFAC,2025-08-21 20:27:37
NVSAW,2025-08-21 20:27:37
IVCAU,2025-08-21 20:27:37
IBLUU,2025-08-21 20:27:37
TSP,2025-08-21 20:27:37
ERF,2025-08-21 20:27:37
ALORW,2025-08-21 20:27:37
LFC,2025-08-21 20:27:37
SPHAR,2025-08-21 20:27:37
VLON,2025-08-21 20:27:37
FWP,2025-08-21 20:27:37
VAPO,2025-08-21 20:27:37
BLEUU,2025-08-21 20:27:37
ARES-PA,2025-08-21 20:27:37
RBNEV,2025-08-21 20:27:37
WRK,2025-08-21 20:27:37
BMAQW,2025-08-21 20:27:37
IDEX,2025-08-21 20:27:37
BNGOW,2025-08-21 20:27:37
LAWS,2025-08-21 20:27:37
AVACU,2025-08-21 20:27:37
ADRT-UN,2025-08-21 20:27:37
HAACW,2025-08-21 20:27:37
LVOXW,2025-08-21 20:27:37
PTWOU,2025-08-21 20:27:37
GSQB-WT,2025-08-21 20:27:37
ABCD,2025-08-21 20:27:37
EGOX,2025-08-21 20:27:37
BREZW,2025-08-21 20:27:37
TWCBW,2025-08-21 20:27:37
BCSAW,2025-08-21 20:27:37
STAR-PI,2025-08-21 20:27:37
MCACR,2025-08-21 20:27:37
SNCE,2025-08-21 20:27:37
AITRR,2025-08-21 20:27:37
ETTX,2025-08-21 20:27:37
OCUP,2025-08-21 20:27:37
MRACW,2025-08-21 20:27:37
FCAX-UN,2025-08-21 20:27:37
AAM-PA,2025-08-21 20:27:37
ROCGW,2025-08-21 20:27:37
UCBIO,2025-08-21 20:27:37
BHIL,2025-08-21 20:27:37
SCLEW,2025-08-21 20:27:37
RCRTW,2025-08-21 20:27:37
PIRS,2025-08-21 20:27:37
HIIIW,2025-08-21 20:27:37
ATIF,2025-08-21 20:27:37
NOGN,2025-08-21 20:27:37
MEDS,2025-08-21 20:27:37
GIA-UN,2025-08-21 20:27:37
DCRCU,2025-08-21 20:27:37
SPAN,2025-08-21 20:27:37
AXAC-WT,2025-08-21 20:27:37
AMAOW,2025-08-21 20:27:37
ARYD,2025-08-21 20:27:37
SCTL,2025-08-21 20:27:37
CINR,2025-08-21 20:27:37
ICBK,2025-08-21 20:27:37
PPHP,2025-08-21 20:27:37
TMST,2025-08-21 20:27:37
IFIN-WT,2025-08-21 20:27:37
FTAIP,2025-08-21 20:27:37
LLAP-WT,2025-08-21 20:27:37
FVAM,2025-08-21 20:27:37
IBACU,2025-08-21 20:27:37
BRP,2025-08-21 20:27:37
ENZ,2025-08-21 20:27:37
FRSG,2025-08-21 20:27:37
HAACU,2025-08-21 20:27:37
MPLN,2025-08-21 20:27:37
ZNTE,2025-08-21 20:27:37
HA,2025-08-21 20:27:37
CJJD,2025-08-21 20:27:37
HTPA-WT,2025-08-21 20:27:37
GRDIW,2025-08-21 20:27:37
BEST,2025-08-21 20:27:37
NSM,2025-08-21 20:27:37
BRCD,2025-08-21 20:27:37
ARIZW,2025-08-21 20:27:37
BGNE,2025-08-21 20:27:37
AHACU,2025-08-21 20:27:37
ALTM,2025-08-21 20:27:37
DILAW,2025-08-21 20:27:37
KACLW,2025-08-21 20:27:37
KRNLW,2025-08-21 20:27:37
EFTRW,2025-08-21 20:27:37
LGV-WT,2025-08-21 20:27:37
SCAQU,2025-08-21 20:27:37
GLDC,2025-08-21 20:27:37
TUGCW,2025-08-21 20:27:37
PWFL,2025-08-21 20:27:37
LFTRW,2025-08-21 20:27:37
GROV-WT,2025-08-21 20:27:37
APXIW,2025-08-21 20:27:37
VIACP,2025-08-21 20:27:37
ORIAW,2025-08-21 20:27:37
MORF,2025-08-21 20:27:37
HRC,2025-08-21 20:27:37
CDOR,2025-08-21 20:27:37
LCI,2025-08-21 20:27:37
SGDVV,2025-08-21 20:27:37
RSTI,2025-08-21 20:27:37
MOBL,2025-08-21 20:27:37
HHGC,2025-08-21 20:27:37
BRKHW,2025-08-21 20:27:37
IRRX-WT,2025-08-21 20:27:37
TPGH-UN,2025-08-21 20:27:37
SVOK,2025-08-21 20:27:37
EMLD,2025-08-21 20:27:37
BLCT,2025-08-21 20:27:37
GEHI,2025-08-21 20:27:37
GBBKR,2025-08-21 20:27:37
BLEU,2025-08-21 20:27:37
ESND,2025-08-21 20:27:37
ANCB,2025-08-21 20:27:37
TRAQ-WT,2025-08-21 20:27:37
ARTLW,2025-08-21 20:27:37
SIC,2025-08-21 20:27:37
IL,2025-08-21 20:27:37
CFNL,2025-08-21 20:27:37
GBOX,2025-08-21 20:27:37
APTX,2025-08-21 20:27:37
CSLRW,2025-08-21 20:27:37
CLBS,2025-08-21 20:27:37
APN-WT,2025-08-21 20:27:37
VTRO,2025-08-21 20:27:37
ASAQ-WT,2025-08-21 20:27:37
PATI,2025-08-21 20:27:37
TENK,2025-08-21 20:27:37
SGH,2025-08-21 20:27:37
EOCW-WT,2025-08-21 20:27:37
GMVDW,2025-08-21 20:27:37
ASZ,2025-08-21 20:27:37
CTCXW,2025-08-21 20:27:37
SQI,2025-08-21 20:27:37
ADEX-WT,2025-08-21 20:27:37
TETCW,2025-08-21 20:27:37
NSTB-WT,2025-08-21 20:27:37
KCAC-WT,2025-08-21 20:27:37
CLAA-WT,2025-08-21 20:27:37
APOPW,2025-08-21 20:27:37
LGTOU,2025-08-21 20:27:37
ALPAW,2025-08-21 20:27:37
LUCYW,2025-08-21 20:27:37
WAVSW,2025-08-21 20:27:37
SOGO,2025-08-21 20:27:37
CCMP,2025-08-21 20:27:37
IVTY,2025-08-21 20:27:37
LCAAW,2025-08-21 20:27:37
RCHGW,2025-08-21 20:27:37
AULT,2025-08-21 20:27:37
NTP,2025-08-21 20:27:37
CXAC-WT,2025-08-21 20:27:37
WTREP,2025-08-21 20:27:37
AVAN-WT,2025-08-21 20:27:37
SPFR,2025-08-21 20:27:37
FCS,2025-08-21 20:27:37
ALLG,2025-08-21 20:27:37
CPTK,2025-08-21 20:27:37
GPACW,2025-08-21 20:27:37
LTHM,2025-08-21 20:27:37
BGSX-WT,2025-08-21 20:27:37
VSTO,2025-08-21 20:27:37
ROSS,2025-08-21 20:27:37
KL,2025-08-21 20:27:37
SYN,2025-08-21 20:27:37
TCACW,2025-08-21 20:27:37
WIBC,2025-08-21 20:27:37
VCXB-UN,2025-08-21 20:27:37
GNPK-UN,2025-08-21 20:27:37
BLUA-UN,2025-08-21 20:27:37
TLGYU,2025-08-21 20:27:37
EDNCW,2025-08-21 20:27:37
CPAQ,2025-08-21 20:27:37
USWSW,2025-08-21 20:27:37
ANAC-WT,2025-08-21 20:27:37
XCRA,2025-08-21 20:27:37
IQMDW,2025-08-21 20:27:37
SGLB,2025-08-21 20:27:37
AKLI,2025-08-21 20:27:37
IIII,2025-08-21 20:27:37
VLTA-WT,2025-08-21 20:27:37
SCRMU,2025-08-21 20:27:37
GTWN,2025-08-21 20:27:37
HLAHW,2025-08-21 20:27:37
GIWWU,2025-08-21 20:27:37
STRE-WT,2025-08-21 20:27:37
AEVA-WT,2025-08-21 20:27:37
HCARW,2025-08-21 20:27:37
ARGUW,2025-08-21 20:27:37
SEND,2025-08-21 20:27:37
PIPP-WT,2025-08-21 20:27:37
AVXS,2025-08-21 20:27:37
MCAF,2025-08-21 20:27:37
SRACW,2025-08-21 20:27:37
TWCTU,2025-08-21 20:27:37
RCA,2025-08-21 20:27:37
PEB-PD,2025-08-21 20:27:37
ASAX,2025-08-21 20:27:37
ACF,2025-08-21 20:27:37
CLAQW,2025-08-21 20:27:37
MARXU,2025-08-21 20:27:37
GSQD,2025-08-21 20:27:37
SMFRW,2025-08-21 20:27:37
ACACW,2025-08-21 20:27:37
FEXDW,2025-08-21 20:27:37
EQY,2025-08-21 20:27:37
DMTK,2025-08-21 20:27:37
GS-PK,2025-08-21 20:27:37
BIOSW,2025-08-21 20:27:37
RRAC-UN,2025-08-21 20:27:37
KIN,2025-08-21 20:27:37
KLDX,2025-08-21 20:27:37
CHWAW,2025-08-21 20:27:37
REEAW,2025-08-21 20:27:37
AGTI,2025-08-21 20:27:37
TMPMW,2025-08-21 20:27:37
XPDIU,2025-08-21 20:27:37
BMTX-WT,2025-08-21 20:27:37
QCP,2025-08-21 20:27:37
EUSGU,2025-08-21 20:27:37
HPX,2025-08-21 20:27:37
SKYAU,2025-08-21 20:27:37
QELL,2025-08-21 20:27:37
WENA,2025-08-21 20:27:37
LBPSW,2025-08-21 20:27:37
CLAQR,2025-08-21 20:27:37
TBC,2025-08-21 20:27:37
GRCYW,2025-08-21 20:27:37
SMIHU,2025-08-21 20:27:37
INAQU,2025-08-21 20:27:37
RWODU,2025-08-21 20:27:37
GSEVW,2025-08-21 20:27:37
MEACW,2025-08-21 20:27:37
AFCGV,2025-08-21 20:27:37
MNTN-UN,2025-08-21 20:27:37
JUPW,2025-08-21 20:27:37
LCYAU,2025-08-21 20:27:37
STOR,2025-08-21 20:27:37
PNY,2025-08-21 20:27:37
DMS-WT,2025-08-21 20:27:37
HIGA-WT,2025-08-21 20:27:37
EGN,2025-08-21 20:27:37
LSBG,2025-08-21 20:27:37
SEDA-UN,2025-08-21 20:27:37
AEHAW,2025-08-21 20:27:37
GLTA,2025-08-21 20:27:37
CBRG,2025-08-21 20:27:37
ASAQ,2025-08-21 20:27:37
RXRAW,2025-08-21 20:27:37
NDAC,2025-08-21 20:27:37
TUBE,2025-08-21 20:27:37
KWAC-UN,2025-08-21 20:27:37
EFHTU,2025-08-21 20:27:37
CCAI,2025-08-21 20:27:37
ICNC-WT,2025-08-21 20:27:37
RMPL-P,2025-08-21 20:27:37
BITE-WT,2025-08-21 20:27:37
KAII,2025-08-21 20:27:37
TMAC-WT,2025-08-21 20:27:37
ALOG,2025-08-21 20:27:37
AURCW,2025-08-21 20:27:37
AMSWA,2025-08-21 20:27:37
XL,2025-08-21 20:27:37
CTT,2025-08-21 20:27:37
AVTE,2025-08-21 20:27:37
ALPN,2025-08-21 20:27:37
CUDA,2025-08-21 20:27:37
SREV,2025-08-21 20:27:37
GDNRU,2025-08-21 20:27:37
ACACU,2025-08-21 20:27:37
KYCH,2025-08-21 20:27:37
MFGP,2025-08-21 20:27:37
DMYS-WT,2025-08-21 20:27:37
GWAC,2025-08-21 20:27:37
GGMCU,2025-08-21 20:27:37
CRGE,2025-08-21 20:27:37
SLCRW,2025-08-21 20:27:37
NGMS,2025-08-21 20:27:37
ZME,2025-08-21 20:27:37
YSAC,2025-08-21 20:27:37
STRY,2025-08-21 20:27:37
QUMU,2025-08-21 20:27:37
NGACU,2025-08-21 20:27:37
MNRL,2025-08-21 20:27:37
EAC,2025-08-21 20:27:37
BCTG,2025-08-21 20:27:37
DHAC,2025-08-21 20:27:37
GSAQU,2025-08-21 20:27:37
OPA-UN,2025-08-21 20:27:37
MITC,2025-08-21 20:27:37
SNP,2025-08-21 20:27:37
SWIR,2025-08-21 20:27:37
CEI,2025-08-21 20:27:37
GSLD,2025-08-21 20:27:37
VWTR,2025-08-21 20:27:37
STRDW,2025-08-21 20:27:37
SFR,2025-08-21 20:27:37
ICVX,2025-08-21 20:27:37
LOCL-WT,2025-08-21 20:27:37
AGIL,2025-08-21 20:27:37
GVCIU,2025-08-21 20:27:37
SC,2025-08-21 20:27:37
PHIC,2025-08-21 20:27:37
TLGA-WT,2025-08-21 20:27:37
ORIAU,2025-08-21 20:27:37
YS,2025-08-21 20:27:37
BACA-UN,2025-08-21 20:27:37
ALIM,2025-08-21 20:27:37
ET-PC,2025-08-21 20:27:37
CHNGU,2025-08-21 20:27:37
NCAC,2025-08-21 20:27:37
BRLI,2025-08-21 20:27:37
SRNGW,2025-08-21 20:27:37
XPLR,2025-08-21 20:27:37
MDH-WT,2025-08-21 20:27:37
CTAQU,2025-08-21 20:27:37
TPTX,2025-08-21 20:27:37
AAC,2025-08-21 20:27:37
NVSL,2025-08-21 20:27:37
CYT,2025-08-21 20:27:37
GTYH,2025-08-21 20:27:37
EVGRW,2025-08-21 20:27:37
AMHC,2025-08-21 20:27:37
FAII,2025-08-21 20:27:37
HWELW,2025-08-21 20:27:37
RJET,2025-08-21 20:27:37
ICPT,2025-08-21 20:27:37
EDTXW,2025-08-21 20:27:37
SYKE,2025-08-21 20:27:37
CCTSW,2025-08-21 20:27:37
ALORU,2025-08-21 20:27:37
AIW,2025-08-21 20:27:37
AEL,2025-08-21 20:27:37
MAXR,2025-08-21 20:27:37
CTCX,2025-08-21 20:27:37
IDBA,2025-08-21 20:27:37
DMAQ,2025-08-21 20:27:37
CTEK,2025-08-21 20:27:37
PSTH,2025-08-21 20:27:37
LMACW,2025-08-21 20:27:37
OTLKW,2025-08-21 20:27:37
CHKEL,2025-08-21 20:27:37
GLG,2025-08-21 20:27:37
AGGRU,2025-08-21 20:27:37
GGL,2025-08-21 20:27:37
COVAW,2025-08-21 20:27:37
PSPC,2025-08-21 20:27:37
SIERU,2025-08-21 20:27:37
POM,2025-08-21 20:27:37
AUVIP,2025-08-21 20:27:37
BOXD-WT,2025-08-21 20:27:37
SILV,2025-08-21 20:27:37
AHPAW,2025-08-21 20:27:37
HMLP,2025-08-21 20:27:37
DECAU,2025-08-21 20:27:37
OAS,2025-08-21 20:27:37
VCRA,2025-08-21 20:27:37
OCAXW,2025-08-21 20:27:37
PTWOW,2025-08-21 20:27:37
ASCAR,2025-08-21 20:27:37
HCAPZ,2025-08-21 20:27:37
FOUNW,2025-08-21 20:27:37
MAAQ,2025-08-21 20:27:37
GHAC,2025-08-21 20:27:37
ESM,2025-08-21 20:27:37
GTACW,2025-08-21 20:27:37
LVLT,2025-08-21 20:27:37
LGTOW,2025-08-21 20:27:37
SOLO,2025-08-21 20:27:37
FLFVU,2025-08-21 20:27:37
RJAC-UN,2025-08-21 20:27:37
FRXB-WT,2025-08-21 20:27:37
TRIS-UN,2025-08-21 20:27:37
DWACU,2025-08-21 20:27:37
KYCHW,2025-08-21 20:27:37
PWUPU,2025-08-21 20:27:37
ASAXW,2025-08-21 20:27:37
SYX,2025-08-21 20:27:37
ALOR,2025-08-21 20:27:37
GFOR,2025-08-21 20:27:37
VII,2025-08-21 20:27:37
AGCB,2025-08-21 20:27:37
PANA,2025-08-21 20:27:37
MBSC-UN,2025-08-21 20:27:37
LVOX,2025-08-21 20:27:37
LHC-WT,2025-08-21 20:27:37
TZPSU,2025-08-21 20:27:37
VCVCU,2025-08-21 20:27:37
WORK,2025-08-21 20:27:37
KMG,2025-08-21 20:27:37
NGM,2025-08-21 20:27:37
RVI,2025-08-21 20:27:37
ARYE,2025-08-21 20:27:37
PRBM,2025-08-21 20:27:37
LITT,2025-08-21 20:27:37
VHNA,2025-08-21 20:27:37
MBSC,2025-08-21 20:27:37
DNA-WT,2025-08-21 20:27:37
SPRT,2025-08-21 20:27:37
VMAC,2025-08-21 20:27:37
MSDAU,2025-08-21 20:27:37
GLHAW,2025-08-21 20:27:37
ASPA,2025-08-21 20:27:37
SRNGU,2025-08-21 20:27:37
BOJA,2025-08-21 20:27:37
AMCI,2025-08-21 20:27:37
DMAQR,2025-08-21 20:27:37
ASCBR,2025-08-21 20:27:37
LEAP,2025-08-21 20:27:37
ECOM,2025-08-21 20:27:37
FCRZ,2025-08-21 20:27:37
GETVV,2025-08-21 20:27:37
NATI,2025-08-21 20:27:37
DTLA-P,2025-08-21 20:27:37
ATC,2025-08-21 20:27:37
ALKSV,2025-08-21 20:27:37
LJAQW,2025-08-21 20:27:37
NCACW,2025-08-21 20:27:37
GOBI,2025-08-21 20:27:37
GLTA-WT,2025-08-21 20:27:37
ARTE,2025-08-21 20:27:37
LXK,2025-08-21 20:27:37
VCXAU,2025-08-21 20:27:37
FTPAW,2025-08-21 20:27:37
GRCY,2025-08-21 20:27:37
CSLMR,2025-08-21 20:27:37
GTAC,2025-08-21 20:27:37
HLAH,2025-08-21 20:27:37
UCBA,2025-08-21 20:27:37
TRIS-WT,2025-08-21 20:27:37
FHLT,2025-08-21 20:27:37
IPOF,2025-08-21 20:27:37
ALACR,2025-08-21 20:27:37
HCCC,2025-08-21 20:27:37
JOAN,2025-08-21 20:27:37
SPNV-UN,2025-08-21 20:27:37
LGACU,2025-08-21 20:27:37
BSQR,2025-08-21 20:27:37
VLATW,2025-08-21 20:27:37
CLNY,2025-08-21 20:27:37
BHIL-WT,2025-08-21 20:27:37
FLT,2025-08-21 20:27:37
SWT,2025-08-21 20:27:37
WWACU,2025-08-21 20:27:37
LVRAU,2025-08-21 20:27:37
CLAS-UN,2025-08-21 20:27:37
MCF,2025-08-21 20:27:37
LCAHU,2025-08-21 20:27:37
VAQC,2025-08-21 20:27:37
SAGA,2025-08-21 20:27:37
SDACW,2025-08-21 20:27:37
SDH,2025-08-21 20:27:37
BSGAU,2025-08-21 20:27:37
TLGA,2025-08-21 20:27:37
VJET,2025-08-21 20:27:37
RSPP,2025-08-21 20:27:37
CSTR,2025-08-21 20:27:37
XTLY,2025-08-21 20:27:37
FLACW,2025-08-21 20:27:37
LLNW,2025-08-21 20:27:37
CENQW,2025-08-21 20:27:37
BYN-UN,2025-08-21 20:27:37
MANT,2025-08-21 20:27:37
ADOCW,2025-08-21 20:27:37
AFAQW,2025-08-21 20:27:37
NWLI,2025-08-21 20:27:37
MDLA,2025-08-21 20:27:37
CPARU,2025-08-21 20:27:37
CVCY,2025-08-21 20:27:37
NSTC,2025-08-21 20:27:37
TEKKW,2025-08-21 20:27:37
TLMR,2025-08-21 20:27:37
NPABU,2025-08-21 20:27:37
ORIG,2025-08-21 20:27:37
ENVIW,2025-08-21 20:27:37
ZGYHW,2025-08-21 20:27:37
EBACW,2025-08-21 20:27:37
BRKS,2025-08-21 20:27:37
ADES,2025-08-21 20:27:37
SJI,2025-08-21 20:27:37
TWNI-UN,2025-08-21 20:27:37
EQD-UN,2025-08-21 20:27:37
RNLX,2025-08-21 20:27:37
LVACW,2025-08-21 20:27:37
THCPU,2025-08-21 20:27:37
ENVI,2025-08-21 20:27:37
GATO,2025-08-21 20:27:37
LHDX,2025-08-21 20:27:37
GGE,2025-08-21 20:27:37
EGGF,2025-08-21 20:27:37
TZPSW,2025-08-21 20:27:37
GFOR-WT,2025-08-21 20:27:37
EQC-PD,2025-08-21 20:27:37
CNDB-UN,2025-08-21 20:27:37
VIEW,2025-08-21 20:27:37
DTEA,2025-08-21 20:27:37
HPLTU,2025-08-21 20:27:37
SPLK,2025-08-21 20:27:37
ONCR,2025-08-21 20:27:37
FOA-WT,2025-08-21 20:27:37
MCAEU,2025-08-21 20:27:37
CLMS,2025-08-21 20:27:37
ROSEW,2025-08-21 20:27:37
TRONU,2025-08-21 20:27:37
LSXMA,2025-08-21 20:27:37
ATCO,2025-08-21 20:27:37
PQG,2025-08-21 20:27:37
BWL-A,2025-08-21 20:27:37
CLDB,2025-08-21 20:27:37
OXUSW,2025-08-21 20:27:37
PFHC,2025-08-21 20:27:37
HDP,2025-08-21 20:27:37
NSTB,2025-08-21 20:27:37
UCBI,2025-08-21 20:27:37
DSKE,2025-08-21 20:27:37
SPLS,2025-08-21 20:27:37
ARCKU,2025-08-21 20:27:37
CRU,2025-08-21 20:27:37
THACU,2025-08-21 20:27:37
BRG-PD,2025-08-21 20:27:37
KNTE,2025-08-21 20:27:37
STWOU,2025-08-21 20:27:37
TGAN,2025-08-21 20:27:37
FTEV,2025-08-21 20:27:37
KERX,2025-08-21 20:27:37
BNRE,2025-08-21 20:27:37
EPHY,2025-08-21 20:27:37
CSOD,2025-08-21 20:27:37
RESN,2025-08-21 20:27:37
JUGGW,2025-08-21 20:27:37
GLP-PA,2025-08-21 20:27:37
JATT-UN,2025-08-21 20:27:37
GOODM,2025-08-21 20:27:37
SGLBW,2025-08-21 20:27:37
SSAAW,2025-08-21 20:27:37
GRPH,2025-08-21 20:27:37
VQS,2025-08-21 20:27:37
RCLF,2025-08-21 20:27:37
WRNT,2025-08-21 20:27:37
CCAC,2025-08-21 20:27:37
SCPE,2025-08-21 20:27:37
OHPAW,2025-08-21 20:27:37
LEGOU,2025-08-21 20:27:37
CMLTU,2025-08-21 20:27:37
ADRA,2025-08-21 20:27:37
CHFW-UN,2025-08-21 20:27:37
NOACW,2025-08-21 20:27:37
WEBR,2025-08-21 20:27:37
UPTDU,2025-08-21 20:27:37
SVBI,2025-08-21 20:27:37
GHL,2025-08-21 20:27:37
GIACU,2025-08-21 20:27:37
UBRT,2025-08-21 20:27:37
NM-PG,2025-08-21 20:27:37
LMAO,2025-08-21 20:27:37
MOSY,2025-08-21 20:27:37
ALUS,2025-08-21 20:27:37
GLSPW,2025-08-21 20:27:37
LNDC,2025-08-21 20:27:37
DOOR,2025-08-21 20:27:37
ASTR,2025-08-21 20:27:37
TCDA,2025-08-21 20:27:37
FIXX,2025-08-21 20:27:37
NSH,2025-08-21 20:27:37
CAHCW,2025-08-21 20:27:37
CHKEW,2025-08-21 20:27:37
PMCS,2025-08-21 20:27:37
FIAC,2025-08-21 20:27:37
SLAC-WT,2025-08-21 20:27:37
IMPV,2025-08-21 20:27:37
GRNVW,2025-08-21 20:27:37
ACEVW,2025-08-21 20:27:37
BCYPU,2025-08-21 20:27:37
PHIOW,2025-08-21 20:27:37
ABR-PC,2025-08-21 20:27:37
AGAC,2025-08-21 20:27:37
BCEL,2025-08-21 20:27:37
EDNC,2025-08-21 20:27:37
COLIW,2025-08-21 20:27:37
ORIA,2025-08-21 20:27:37
SLAM,2025-08-21 20:27:37
XPDIW,2025-08-21 20:27:37
OHPA,2025-08-21 20:27:37
DPCSW,2025-08-21 20:27:37
RNERU,2025-08-21 20:27:37
CNFRL,2025-08-21 20:27:37
SGHLW,2025-08-21 20:27:37
GBLIL,2025-08-21 20:27:37
BMAQR,2025-08-21 20:27:37
APTMW,2025-08-21 20:27:37
IIAC-UN,2025-08-21 20:27:37
CALD,2025-08-21 20:27:37
GDP,2025-08-21 20:27:37
OTMOW,2025-08-21 20:27:37
CPARW,2025-08-21 20:27:37
BMAQ,2025-08-21 20:27:37
VWEWW,2025-08-21 20:27:37
KSPN,2025-08-21 20:27:37
GLS-WT,2025-08-21 20:27:37
IPVF-WT,2025-08-21 20:27:37
DLCAU,2025-08-21 20:27:37
KND,2025-08-21 20:27:37
NRZ-PC,2025-08-21 20:27:37
PBTS,2025-08-21 20:27:37
CCV-WT,2025-08-21 20:27:37
MODN,2025-08-21 20:27:37
SVA,2025-08-21 20:27:37
LATNW,2025-08-21 20:27:37
NYMTO,2025-08-21 20:27:37
FWAA,2025-08-21 20:27:37
CMLF,2025-08-21 20:27:37
SITC-PA,2025-08-21 20:27:37
GRUB,2025-08-21 20:27:37
MTOR,2025-08-21 20:27:37
LCAPW,2025-08-21 20:27:37
STAR-PD,2025-08-21 20:27:37
FFIE,2025-08-21 20:27:37
PLMJW,2025-08-21 20:27:37
SCOA,2025-08-21 20:27:37
COOLW,2025-08-21 20:27:37
VHAQ-WT,2025-08-21 20:27:37
APAC,2025-08-21 20:27:37
VVC,2025-08-21 20:27:37
PAEWW,2025-08-21 20:27:37
AKICU,2025-08-21 20:27:37
NEP,2025-08-21 20:27:37
HUDA,2025-08-21 20:27:37
KIQ,2025-08-21 20:27:37
WKSPW,2025-08-21 20:27:37
ZWRKU,2025-08-21 20:27:37
AMPS,2025-08-21 20:27:37
YTPG,2025-08-21 20:27:37
HWEL,2025-08-21 20:27:37
LFACW,2025-08-21 20:27:37
HTAQ-UN,2025-08-21 20:27:37
HERA,2025-08-21 20:27:37
NMK-PB,2025-08-21 20:27:37
MACQW,2025-08-21 20:27:37
WTRH,2025-08-21 20:27:37
HLBZW,2025-08-21 20:27:37
ABR-PB,2025-08-21 20:27:37
QADA,2025-08-21 20:27:37
TBCPW,2025-08-21 20:27:37
MACC-WT,2025-08-21 20:27:37
CPTAL,2025-08-21 20:27:37
CVA,2025-08-21 20:27:37
OPALW,2025-08-21 20:27:37
ATA-UN,2025-08-21 20:27:37
FMAC,2025-08-21 20:27:37
COVAU,2025-08-21 20:27:37
VRAY,2025-08-21 20:27:37
AGILW,2025-08-21 20:27:37
MITA,2025-08-21 20:27:37
TGH-PA,2025-08-21 20:27:37
IACC,2025-08-21 20:27:37
PTRS,2025-08-21 20:27:37
PXSAP,2025-08-21 20:27:37
MILEW,2025-08-21 20:27:37
SUAC-UN,2025-08-21 20:27:37
IPOF-UN,2025-08-21 20:27:37
PTE,2025-08-21 20:27:37
JGGC,2025-08-21 20:27:37
LOKM,2025-08-21 20:27:37
NIMC,2025-08-21 20:27:37
TCOA-UN,2025-08-21 20:27:37
ZTAQW,2025-08-21 20:27:37
LGV,2025-08-21 20:27:37
NNAG,2025-08-21 20:27:37
GDNR,2025-08-21 20:27:37
IPVA-WT,2025-08-21 20:27:37
PLMJ,2025-08-21 20:27:37
SAK,2025-08-21 20:27:37
PACE-UN,2025-08-21 20:27:37
PPGHU,2025-08-21 20:27:37
BIOL,2025-08-21 20:27:37
LBBBR,2025-08-21 20:27:37
ORBC,2025-08-21 20:27:37
ACAHU,2025-08-21 20:27:37
UTME,2025-08-21 20:27:37
STIX,2025-08-21 20:27:37
HECCW,2025-08-21 20:27:37
ETACU,2025-08-21 20:27:37
LIFE,2025-08-21 20:27:37
PHICW,2025-08-21 20:27:37
NGC-WT,2025-08-21 20:27:37
MACC-UN,2025-08-21 20:27:37
THWWW,2025-08-21 20:27:37
XFINU,2025-08-21 20:27:37
IMPX,2025-08-21 20:27:37
IPOF-WT,2025-08-21 20:27:37
ONYXW,2025-08-21 20:27:37
MTCN,2025-08-21 20:27:37
AMAO,2025-08-21 20:27:37
CRZNW,2025-08-21 20:27:37
EGGF-UN,2025-08-21 20:27:37
GACQ,2025-08-21 20:27:37
MDGS,2025-08-21 20:27:37
SOVO,2025-08-21 20:27:37
INPX,2025-08-21 20:27:37
AIRC,2025-08-21 20:27:37
PRSRW,2025-08-21 20:27:37
RFACU,2025-08-21 20:27:37
ACBAW,2025-08-21 20:27:37
DUET,2025-08-21 20:27:37
BEEMW,2025-08-21 20:27:37
VMACU,2025-08-21 20:27:37
BRD,2025-08-21 20:27:37
ACII,2025-08-21 20:27:37
FNHC,2025-08-21 20:27:37
SGIIW,2025-08-21 20:27:37
PACI-UN,2025-08-21 20:27:37
TRMR,2025-08-21 20:27:37
RBNC,2025-08-21 20:27:37
ALTUU,2025-08-21 20:27:37
MDH-UN,2025-08-21 20:27:37
DOMA,2025-08-21 20:27:37
WAVC,2025-08-21 20:27:37
SVACU,2025-08-21 20:27:37
IPXX,2025-08-21 20:27:37
NBSE,2025-08-21 20:27:37
AMOT,2025-08-21 20:27:37
MOXC,2025-08-21 20:27:37
ACDI,2025-08-21 20:27:37
ARBG,2025-08-21 20:27:37
DFNS,2025-08-21 20:27:37
PHXM,2025-08-21 20:27:37
CETU,2025-08-21 20:27:37
IVR-PA,2025-08-21 20:27:37
PEPL,2025-08-21 20:27:37
PBIP,2025-08-21 20:27:37
SGBXV,2025-08-21 20:27:37
VELOU,2025-08-21 20:27:37
OTECU,2025-08-21 20:27:37
PNTM,2025-08-21 20:27:37
ZIONO,2025-08-21 20:27:37
PME,2025-08-21 20:27:37
BENE,2025-08-21 20:27:37
ISLEW,2025-08-21 20:27:37
CBRGW,2025-08-21 20:27:37
IACA,2025-08-21 20:27:37
ROSEU,2025-08-21 20:27:37
HOLI,2025-08-21 20:27:37
AIRTW,2025-08-21 20:27:37
IPVA-UN,2025-08-21 20:27:37
CETXW,2025-08-21 20:27:37
AGRX,2025-08-21 20:27:37
FTVI,2025-08-21 20:27:37
ATAKR,2025-08-21 20:27:37
SASI,2025-08-21 20:27:37
MONCU,2025-08-21 20:27:37
KERNW,2025-08-21 20:27:37
AVRO,2025-08-21 20:27:37
NVSAU,2025-08-21 20:27:37
CFFSW,2025-08-21 20:27:37
LMRKO,2025-08-21 20:27:37
STPC,2025-08-21 20:27:37
LGVC,2025-08-21 20:27:37
MCMJW,2025-08-21 20:27:37
BOAC,2025-08-21 20:27:37
PLAN,2025-08-21 20:27:37
CORI,2025-08-21 20:27:37
BREZ,2025-08-21 20:27:37
HMCO,2025-08-21 20:27:37
VIAO,2025-08-21 20:27:37
SSPKW,2025-08-21 20:27:37
WPCB-UN,2025-08-21 20:27:37
SHLX,2025-08-21 20:27:37
AMCIU,2025-08-21 20:27:37
EAST,2025-08-21 20:27:37
LMAOW,2025-08-21 20:27:37
FTOC,2025-08-21 20:27:37
SSNT,2025-08-21 20:27:37
FWAC,2025-08-21 20:27:37
SAII,2025-08-21 20:27:37
FTSI,2025-08-21 20:27:37
ACDI-UN,2025-08-21 20:27:37
ZWRKW,2025-08-21 20:27:37
KAIIU,2025-08-21 20:27:37
ACEV,2025-08-21 20:27:37
CPTA,2025-08-21 20:27:37
SAMAW,2025-08-21 20:27:37
NFNT-UN,2025-08-21 20:27:37
NOVVU,2025-08-21 20:27:37
GXIIW,2025-08-21 20:27:37
AONE,2025-08-21 20:27:37
KALWW,2025-08-21 20:27:37
AUS-WT,2025-08-21 20:27:37
MDJH,2025-08-21 20:27:37
ISNS,2025-08-21 20:27:37
LSI,2025-08-21 20:27:37
IIIIW,2025-08-21 20:27:37
LL,2025-08-21 20:27:37
ACRO,2025-08-21 20:27:37
NMMCU,2025-08-21 20:27:37
MNR-PC,2025-08-21 20:27:37
PSB,2025-08-21 20:27:37
DCP-PB,2025-08-21 20:27:37
CFFEW,2025-08-21 20:27:37
IOACW,2025-08-21 20:27:37
PSXP,2025-08-21 20:27:37
TLGT,2025-08-21 20:27:37
BSIG,2025-08-21 20:27:37
PAFO,2025-08-21 20:27:37
MSON,2025-08-21 20:27:37
WQGA-WT,2025-08-21 20:27:37
NRBO,2025-08-21 20:27:37
AJAX,2025-08-21 20:27:37
NTBL,2025-08-21 20:27:37
ABC,2025-08-21 20:27:37
COOLU,2025-08-21 20:27:37
DNZ-WT,2025-08-21 20:27:37
ANAT,2025-08-21 20:27:37
SWN,2025-08-21 20:27:37
TMTS,2025-08-21 20:27:37
SBEAW,2025-08-21 20:27:37
HW,2025-08-21 20:27:37
ENFAW,2025-08-21 20:27:37
ADMS,2025-08-21 20:27:37
CMO,2025-08-21 20:27:37
SWET,2025-08-21 20:27:37
APCA-WT,2025-08-21 20:27:37
SCUA-WT,2025-08-21 20:27:37
FVT-WT,2025-08-21 20:27:37
EJFAW,2025-08-21 20:27:37
ALACU,2025-08-21 20:27:37
RILYH,2025-08-21 20:27:37
FIACW,2025-08-21 20:27:37
VENAR,2025-08-21 20:27:37
GPACU,2025-08-21 20:27:37
CNTQW,2025-08-21 20:27:37
SRSAW,2025-08-21 20:27:37
NOVVR,2025-08-21 20:27:37
DDMXW,2025-08-21 20:27:37
HCMA,2025-08-21 20:27:37
PMVC-UN,2025-08-21 20:27:37
EDTXU,2025-08-21 20:27:37
ZYNE,2025-08-21 20:27:37
NGCAU,2025-08-21 20:27:37
PGTI,2025-08-21 20:27:37
FLFV,2025-08-21 20:27:37
CLOER,2025-08-21 20:27:37
VLD-WT,2025-08-21 20:27:37
QTI,2025-08-21 20:27:37
LCAPU,2025-08-21 20:27:37
MGP,2025-08-21 20:27:37
MYMD,2025-08-21 20:27:37
ACKIU,2025-08-21 20:27:37
HPH,2025-08-21 20:27:37
ACAX,2025-08-21 20:27:37
IPAXU,2025-08-21 20:27:37
PNACU,2025-08-21 20:27:37
THRX,2025-08-21 20:27:37
THCB,2025-08-21 20:27:37
NNAGR,2025-08-21 20:27:37
ALBO,2025-08-21 20:27:37
BHSEU,2025-08-21 20:27:37
GNACW,2025-08-21 20:27:37
CEA,2025-08-21 20:27:37
RYZB,2025-08-21 20:27:37
BRPMU,2025-08-21 20:27:37
PRSRU,2025-08-21 20:27:37
SHQA,2025-08-21 20:27:37
BTCTW,2025-08-21 20:27:37
RZA,2025-08-21 20:27:37
NBA-WT,2025-08-21 20:27:37
FREQ,2025-08-21 20:27:37
REVHW,2025-08-21 20:27:37
OLIT,2025-08-21 20:27:37
AEL-PB,2025-08-21 20:27:37
GLEEU,2025-08-21 20:27:37
BTAQU,2025-08-21 20:27:37
NNAGU,2025-08-21 20:27:37
CRHC,2025-08-21 20:27:37
OVTI,2025-08-21 20:27:37
AAN,2025-08-21 20:27:37
CMIIU,2025-08-21 20:27:37
CFIV,2025-08-21 20:27:37
FTCV,2025-08-21 20:27:37
ARRWU,2025-08-21 20:27:37
OTRA,2025-08-21 20:27:37
FRON,2025-08-21 20:27:37
NGCA,2025-08-21 20:27:37
CLAY,2025-08-21 20:27:37
INAQ,2025-08-21 20:27:37
KCGI-UN,2025-08-21 20:27:37
FTCVU,2025-08-21 20:27:37
CFIVU,2025-08-21 20:27:37
GIIX,2025-08-21 20:27:37
SCUA-UN,2025-08-21 20:27:37
EACPU,2025-08-21 20:27:37
DFPHW,2025-08-21 20:27:37
LAYN,2025-08-21 20:27:37
MURFW,2025-08-21 20:27:37
OACB-UN,2025-08-21 20:27:37
LOKM-WT,2025-08-21 20:27:37
BLSA,2025-08-21 20:27:37
RACYU,2025-08-21 20:27:37
EPWR,2025-08-21 20:27:37
HIGA-UN,2025-08-21 20:27:37
ENER,2025-08-21 20:27:37
PRPC,2025-08-21 20:27:37
SRRA,2025-08-21 20:27:37
STRE,2025-08-21 20:27:37
XFINW,2025-08-21 20:27:37
CNTQ,2025-08-21 20:27:37
FICVU,2025-08-21 20:27:37
THAC,2025-08-21 20:27:37
PACX,2025-08-21 20:27:37
PSPC-UN,2025-08-21 20:27:37
GVCIW,2025-08-21 20:27:37
DSAQ-UN,2025-08-21 20:27:37
TGVC,2025-08-21 20:27:37
BSKY,2025-08-21 20:27:37
CFVIU,2025-08-21 20:27:37
HTPA,2025-08-21 20:27:37
LNFA-UN,2025-08-21 20:27:37
WNNR,2025-08-21 20:27:37
AVAN-UN,2025-08-21 20:27:37
GGAAW,2025-08-21 20:27:37
GMFIU,2025-08-21 20:27:37
PFDR,2025-08-21 20:27:37
EQHA,2025-08-21 20:27:37
ABGI,2025-08-21 20:27:37
CORS-UN,2025-08-21 20:27:37
GFOR-UN,2025-08-21 20:27:37
GGPI,2025-08-21 20:27:37
TMKRU,2025-08-21 20:27:37
FMAC-UN,2025-08-21 20:27:37
AFTR-UN,2025-08-21 20:27:37
TSPQ-UN,2025-08-21 20:27:37
RAM,2025-08-21 20:27:37
LOKM-UN,2025-08-21 20:27:37
APSG-UN,2025-08-21 20:27:37
SKGRW,2025-08-21 20:27:37
ANZU,2025-08-21 20:27:37
MIT,2025-08-21 20:27:37
PTOCU,2025-08-21 20:27:37
CREC,2025-08-21 20:27:37
VTAQ,2025-08-21 20:27:37
FVIV-UN,2025-08-21 20:27:37
DSACU,2025-08-21 20:27:37
ATA,2025-08-21 20:27:37
NAACU,2025-08-21 20:27:37
MOBV,2025-08-21 20:27:37
FTEV-WT,2025-08-21 20:27:37
CND,2025-08-21 20:27:37
LNFA,2025-08-21 20:27:37
OCA-UN,2025-08-21 20:27:37
OEPWU,2025-08-21 20:27:37
WPF,2025-08-21 20:27:37
AVHIU,2025-08-21 20:27:37
OACB,2025-08-21 20:27:37
IGACU,2025-08-21 20:27:37
UTAAU,2025-08-21 20:27:37
IGNYU,2025-08-21 20:27:37
IBER,2025-08-21 20:27:37
ROSS-UN,2025-08-21 20:27:37
VTIQU,2025-08-21 20:27:37
IGNY,2025-08-21 20:27:37
SVFB,2025-08-21 20:27:37
VCXB,2025-08-21 20:27:37
PHICU,2025-08-21 20:27:37
STRE-UN,2025-08-21 20:27:37
XPAX,2025-08-21 20:27:37
XPDBU,2025-08-21 20:27:37
AFARW,2025-08-21 20:27:37
VPCBU,2025-08-21 20:27:37
FSRXU,2025-08-21 20:27:37
GXGXU,2025-08-21 20:27:37
CRZN,2025-08-21 20:27:37
ARIZ,2025-08-21 20:27:37
CCAIW,2025-08-21 20:27:37
OXUSU,2025-08-21 20:27:37
LSPR,2025-08-21 20:27:37
P,2025-08-21 20:27:37
FRXB,2025-08-21 20:27:37
ATAX,2025-08-21 20:27:37
BCSA,2025-08-21 20:27:37
BOCNW,2025-08-21 20:27:37
NOVVW,2025-08-21 20:27:37
SSAAU,2025-08-21 20:27:37
DPCS,2025-08-21 20:27:37
PPYAU,2025-08-21 20:27:37
LIVKU,2025-08-21 20:27:37
PTICW,2025-08-21 20:27:37
AFACW,2025-08-21 20:27:37
SVNA,2025-08-21 20:27:37
ALTUW,2025-08-21 20:27:37
ATH,2025-08-21 20:27:37
SVOKW,2025-08-21 20:27:37
BWAC,2025-08-21 20:27:37
HMACU,2025-08-21 20:27:37
ZLS,2025-08-21 20:27:37
FORE,2025-08-21 20:27:37
CLRCU,2025-08-21 20:27:37
NRZ-PB,2025-08-21 20:27:37
CLINU,2025-08-21 20:27:37
SCOAU,2025-08-21 20:27:37
LGST,2025-08-21 20:27:37
SIER,2025-08-21 20:27:37
UHALB,2025-08-21 20:27:37
ITACU,2025-08-21 20:27:37
OHPAU,2025-08-21 20:27:37
CLAYU,2025-08-21 20:27:37
LATGW,2025-08-21 20:27:37
SLAC,2025-08-21 20:27:37
DTOC,2025-08-21 20:27:37
HZAC,2025-08-21 20:27:37
SV,2025-08-21 20:27:37
NRACW,2025-08-21 20:27:37
NUBIU,2025-08-21 20:27:37
HOL,2025-08-21 20:27:37
SNRHW,2025-08-21 20:27:37
FATPU,2025-08-21 20:27:37
MDGSW,2025-08-21 20:27:37
CLRMU,2025-08-21 20:27:37
JUN-UN,2025-08-21 20:27:37
HVBT,2025-08-21 20:27:37
TWND-UN,2025-08-21 20:27:37
TGA,2025-08-21 20:27:37
DCRBU,2025-08-21 20:27:37
SEV,2025-08-21 20:27:37
RHE-PA,2025-08-21 20:27:37
VACQ,2025-08-21 20:27:37
PWUPW,2025-08-21 20:27:37
KCGI,2025-08-21 20:27:37
TZPS,2025-08-21 20:27:37
NGC,2025-08-21 20:27:37
FSRX,2025-08-21 20:27:37
DKDCA,2025-08-21 20:27:37
GDYNW,2025-08-21 20:27:37
PCPC-UN,2025-08-21 20:27:37
DKDCU,2025-08-21 20:27:37
GRIL,2025-08-21 20:27:37
DBRT,2025-08-21 20:27:37
EBIX,2025-08-21 20:27:37
EQHA-UN,2025-08-21 20:27:37
WLL,2025-08-21 20:27:37
GPCOR,2025-08-21 20:27:37
INKAU,2025-08-21 20:27:37
SAI,2025-08-21 20:27:37
PTR,2025-08-21 20:27:37
PEPLU,2025-08-21 20:27:37
MSACW,2025-08-21 20:27:37
SBBA,2025-08-21 20:27:37
HIII,2025-08-21 20:27:37
GRND-WT,2025-08-21 20:27:37
GTACU,2025-08-21 20:27:37
ATEK-WT,2025-08-21 20:27:37
YAC,2025-08-21 20:27:37
RFACR,2025-08-21 20:27:37
NETE,2025-08-21 20:27:37
DISCB,2025-08-21 20:27:37
SBEA,2025-08-21 20:27:37
WEJOW,2025-08-21 20:27:37
MRLN,2025-08-21 20:27:37
KYCHR,2025-08-21 20:27:37
CNXA,2025-08-21 20:27:37
FACA-UN,2025-08-21 20:27:37
XPVVV,2025-08-21 20:27:37
TETEW,2025-08-21 20:27:37
SIVBP,2025-08-21 20:27:37
ACC,2025-08-21 20:27:37
VELO,2025-08-21 20:27:37
KIII,2025-08-21 20:27:37
SPKBW,2025-08-21 20:27:37
VYGG-UN,2025-08-21 20:27:37
POL,2025-08-21 20:27:37
SLGG,2025-08-21 20:27:37
CCIV,2025-08-21 20:27:37
BNI,2025-08-21 20:27:37
FRG,2025-08-21 20:27:37
RCII,2025-08-21 20:27:37
MTACW,2025-08-21 20:27:37
ZGYHR,2025-08-21 20:27:37
BITE-UN,2025-08-21 20:27:37
RIDE,2025-08-21 20:27:37
SKYA,2025-08-21 20:27:37
UHALV,2025-08-21 20:27:37
TRMT,2025-08-21 20:27:37
AFACU,2025-08-21 20:27:37
XLRN,2025-08-21 20:27:37
FST-UN,2025-08-21 20:27:37
PFPT,2025-08-21 20:27:37
DLCA,2025-08-21 20:27:37
SIX,2025-08-21 20:27:37
ATCO-PI,2025-08-21 20:27:37
CASA,2025-08-21 20:27:37
FRC-PJ,2025-08-21 20:27:37
STXB,2025-08-21 20:27:37
LVACU,2025-08-21 20:27:37
SBG,2025-08-21 20:27:37
TWND-WT,2025-08-21 20:27:37
GCACU,2025-08-21 20:27:37
SWSSW,2025-08-21 20:27:37
BRLIR,2025-08-21 20:27:37
GTPBU,2025-08-21 20:27:37
AMOV,2025-08-21 20:27:37
VHAQ,2025-08-21 20:27:37
LSPRU,2025-08-21 20:27:37
ASZ-UN,2025-08-21 20:27:37
DISH,2025-08-21 20:27:37
CBB,2025-08-21 20:27:37
SANBU,2025-08-21 20:27:37
ABCW,2025-08-21 20:27:37
HCMAW,2025-08-21 20:27:37
CXP,2025-08-21 20:27:37
MSAC,2025-08-21 20:27:37
PTNR,2025-08-21 20:27:37
FOREW,2025-08-21 20:27:37
JRJC,2025-08-21 20:27:37
BNFT,2025-08-21 20:27:37
NEWA,2025-08-21 20:27:37
ABTX,2025-08-21 20:27:37
DISAU,2025-08-21 20:27:37
AGM-PC,2025-08-21 20:27:37
GHVI,2025-08-21 20:27:37
RTPYU,2025-08-21 20:27:37
CCV-UN,2025-08-21 20:27:37
DCP,2025-08-21 20:27:37
CKEC,2025-08-21 20:27:37
PAYA,2025-08-21 20:27:37
LUXAU,2025-08-21 20:27:37
KINZU,2025-08-21 20:27:37
DCRD,2025-08-21 20:27:37
FRC-PN,2025-08-21 20:27:37
ADALU,2025-08-21 20:27:37
NYMX,2025-08-21 20:27:37
VBOC,2025-08-21 20:27:37
ACAQ-WT,2025-08-21 20:27:37
CHAQ,2025-08-21 20:27:37
ARCK,2025-08-21 20:27:37
WNNR-WT,2025-08-21 20:27:37
GRNAW,2025-08-21 20:27:37
LIVX,2025-08-21 20:27:37
LIVKW,2025-08-21 20:27:37
NRZ,2025-08-21 20:27:37
CYTHW,2025-08-21 20:27:37
TCAC,2025-08-21 20:27:37
AGAC-WT,2025-08-21 20:27:37
PBC,2025-08-21 20:27:37
PCTI,2025-08-21 20:27:37
ABAX,2025-08-21 20:27:37
CNDA-WT,2025-08-21 20:27:37
QTWW,2025-08-21 20:27:37
HTPA-UN,2025-08-21 20:27:37
TSPQ,2025-08-21 20:27:37
CHAA-WT,2025-08-21 20:27:37
CPAQU,2025-08-21 20:27:37
GACQU,2025-08-21 20:27:37
EBACU,2025-08-21 20:27:37
ADER,2025-08-21 20:27:37
CDR,2025-08-21 20:27:37
FTCVW,2025-08-21 20:27:37
AESC,2025-08-21 20:27:37
TSC,2025-08-21 20:27:37
BSGA,2025-08-21 20:27:37
TOAC,2025-08-21 20:27:37
FGH,2025-08-21 20:27:37
MXIM,2025-08-21 20:27:37
JUN,2025-08-21 20:27:37
GVCI,2025-08-21 20:27:37
GLEO,2025-08-21 20:27:37
BLUA-WT,2025-08-21 20:27:37
EPHYU,2025-08-21 20:27:37
NPABW,2025-08-21 20:27:37
ATAQ,2025-08-21 20:27:37
GHIXW,2025-08-21 20:27:37
SCOBU,2025-08-21 20:27:37
PSAGW,2025-08-21 20:27:37
ARD,2025-08-21 20:27:37
IDW,2025-08-21 20:27:37
CHG,2025-08-21 20:27:37
CPAAU,2025-08-21 20:27:37
CPAA,2025-08-21 20:27:37
XPAXU,2025-08-21 20:27:37
PING,2025-08-21 20:27:37
SURF,2025-08-21 20:27:37
AUTO,2025-08-21 20:27:37
LEGO,2025-08-21 20:27:37
HJLIW,2025-08-21 20:27:37
SCU,2025-08-21 20:27:37
HUGS-UN,2025-08-21 20:27:37
PFDRU,2025-08-21 20:27:37
PONOU,2025-08-21 20:27:37
THACW,2025-08-21 20:27:37
JAQCW,2025-08-21 20:27:37
TWTR,2025-08-21 20:27:37
HLAHU,2025-08-21 20:27:37
GSQB,2025-08-21 20:27:37
VOSO,2025-08-21 20:27:37
ASAXU,2025-08-21 20:27:37
KAHC-UN,2025-08-21 20:27:37
AVYA,2025-08-21 20:27:37
JCICU,2025-08-21 20:27:37
CMLT,2025-08-21 20:27:37
RICOU,2025-08-21 20:27:37
CNP-PB,2025-08-21 20:27:37
GFGDR,2025-08-21 20:27:37
PIPP,2025-08-21 20:27:37
BODY,2025-08-21 20:27:37
AGGRW,2025-08-21 20:27:37
EUSG,2025-08-21 20:27:37
MLHR,2025-08-21 20:27:37
HLBZ,2025-08-21 20:27:37
HHLA-WT,2025-08-21 20:27:37
KCA-UN,2025-08-21 20:27:37
DNZ-UN,2025-08-21 20:27:37
DAOOW,2025-08-21 20:27:37
HCICU,2025-08-21 20:27:37
IKNX,2025-08-21 20:27:37
GECCL,2025-08-21 20:27:37
ADRT-WT,2025-08-21 20:27:37
ITMR,2025-08-21 20:27:37
SGHL,2025-08-21 20:27:37
ATSPW,2025-08-21 20:27:37
OPA,2025-08-21 20:27:37
PWUP,2025-08-21 20:27:37
HUDAR,2025-08-21 20:27:37
MOTNU,2025-08-21 20:27:37
LPI,2025-08-21 20:27:37
LMAOU,2025-08-21 20:27:37
USWS,2025-08-21 20:27:37
CLAA-UN,2025-08-21 20:27:37
SMIHW,2025-08-21 20:27:37
PHGE-WT,2025-08-21 20:27:37
TNP-PD,2025-08-21 20:27:37
AED,2025-08-21 20:27:37
FTVIU,2025-08-21 20:27:37
ISR,2025-08-21 20:27:37
FGNA,2025-08-21 20:27:37
PLKI,2025-08-21 20:27:37
WPCA-UN,2025-08-21 20:27:37
DDMXU,2025-08-21 20:27:37
CENQ,2025-08-21 20:27:37
ITQRW,2025-08-21 20:27:37
RDBXW,2025-08-21 20:27:37
COWNL,2025-08-21 20:27:37
AHPA,2025-08-21 20:27:37
INS,2025-08-21 20:27:37
GLHA,2025-08-21 20:27:37
ENPC,2025-08-21 20:27:37
HNRA-WT,2025-08-21 20:27:37
CLAS,2025-08-21 20:27:37
AGBAU,2025-08-21 20:27:37
AAQC-UN,2025-08-21 20:27:37
CLR,2025-08-21 20:27:37
ADGI,2025-08-21 20:27:37
VVNT,2025-08-21 20:27:37
STAR,2025-08-21 20:27:37
EBSB,2025-08-21 20:27:37
FRWAW,2025-08-21 20:27:37
ZGYH,2025-08-21 20:27:37
RMGBU,2025-08-21 20:27:37
VIH,2025-08-21 20:27:37
RCOR,2025-08-21 20:27:37
DBDR,2025-08-21 20:27:37
FAII-UN,2025-08-21 20:27:37
JP,2025-08-21 20:27:37
HUGS-WT,2025-08-21 20:27:37
HYRE,2025-08-21 20:27:37
NILE-PD,2025-08-21 20:27:37
FINM,2025-08-21 20:27:37
LEVL,2025-08-21 20:27:37
TEKKU,2025-08-21 20:27:37
HTAQ-WT,2025-08-21 20:27:37
MON,2025-08-21 20:27:37
GRVI,2025-08-21 20:27:37
Y,2025-08-21 20:27:37
SHUA,2025-08-21 20:27:37
GFGDU,2025-08-21 20:27:37
SGHLU,2025-08-21 20:27:37
QTT,2025-08-21 20:27:37
JE,2025-08-21 20:27:37
OTIC,2025-08-21 20:27:37
AFHBL,2025-08-21 20:27:37
LIVBW,2025-08-21 20:27:37
AHPI,2025-08-21 20:27:37
AVTR-PA,2025-08-21 20:27:37
DNAA,2025-08-21 20:27:37
BOAC-WT,2025-08-21 20:27:37
APN-UN,2025-08-21 20:27:37
ADS,2025-08-21 20:27:37
SKGR,2025-08-21 20:27:37
MAACU,2025-08-21 20:27:37
ATRS,2025-08-21 20:27:37
SOLN,2025-08-21 20:27:37
PEAR,2025-08-21 20:27:37
PSB-PY,2025-08-21 20:27:37
NGCAW,2025-08-21 20:27:37
CHNG,2025-08-21 20:27:37
MACQ,2025-08-21 20:27:37
NWHM,2025-08-21 20:27:37
CPTK-UN,2025-08-21 20:27:37
AFINO,2025-08-21 20:27:37
FLAC,2025-08-21 20:27:37
BOAS,2025-08-21 20:27:37
STZ-B,2025-08-21 20:27:37
GCAC,2025-08-21 20:27:37
MDLY,2025-08-21 20:27:37
ZEST,2025-08-21 20:27:37
MSP,2025-08-21 20:27:37
RPT-PD,2025-08-21 20:27:37
TUEM,2025-08-21 20:27:37
AEAC,2025-08-21 20:27:37
IVAN-UN,2025-08-21 20:27:37
CTAQW,2025-08-21 20:27:37
MEUSW,2025-08-21 20:27:37
PV,2025-08-21 20:27:37
ITAQ,2025-08-21 20:27:37
TIOAU,2025-08-21 20:27:37
EQOS,2025-08-21 20:27:37
ESSCU,2025-08-21 20:27:37
JAQCU,2025-08-21 20:27:37
RTLPO,2025-08-21 20:27:37
OSTRU,2025-08-21 20:27:37
WRI,2025-08-21 20:27:37
CAHC,2025-08-21 20:27:37
SWETW,2025-08-21 20:27:37
DEH,2025-08-21 20:27:37
HRYU,2025-08-21 20:27:37
OCDX,2025-08-21 20:27:37
LDHA,2025-08-21 20:27:37
MH-PC,2025-08-21 20:27:37
CYXT,2025-08-21 20:27:37
SBII-WT,2025-08-21 20:27:37
ONEM,2025-08-21 20:27:37
HHR,2025-08-21 20:27:37
MSPRV,2025-08-21 20:27:37
AINV,2025-08-21 20:27:37
CTAC-UN,2025-08-21 20:27:37
TREB,2025-08-21 20:27:37
AFIN,2025-08-21 20:27:37
MEKA,2025-08-21 20:27:37
APR,2025-08-21 20:27:37
AXH,2025-08-21 20:27:37
PONO,2025-08-21 20:27:37
HYACU,2025-08-21 20:27:37
CMAXW,2025-08-21 20:27:37
MCMJ,2025-08-21 20:27:37
AGLE,2025-08-21 20:27:37
HZON-UN,2025-08-21 20:27:37
KAL,2025-08-21 20:27:37
KURI,2025-08-21 20:27:37
ALL-PG,2025-08-21 20:27:37
NYMTP,2025-08-21 20:27:37
GWII,2025-08-21 20:27:37
MLAIU,2025-08-21 20:27:37
AMHCW,2025-08-21 20:27:37
APRN,2025-08-21 20:27:37
CRDS,2025-08-21 20:27:37
TRCA,2025-08-21 20:27:37
ACQRW,2025-08-21 20:27:37
WPCA-WT,2025-08-21 20:27:37
CMII,2025-08-21 20:27:37
ADRA-UN,2025-08-21 20:27:37
GXII,2025-08-21 20:27:37
XPOA,2025-08-21 20:27:37
PSB-PZ,2025-08-21 20:27:37
PBCT,2025-08-21 20:27:37
PGSS-UN,2025-08-21 20:27:37
SHQAW,2025-08-21 20:27:37
PEI-PC,2025-08-21 20:27:37
LGTO,2025-08-21 20:27:37
AQNA,2025-08-21 20:27:37
MTBCP,2025-08-21 20:27:37
CEMI,2025-08-21 20:27:37
MSGN,2025-08-21 20:27:37
NKA,2025-08-21 20:27:37
EYES,2025-08-21 20:27:37
CSII,2025-08-21 20:27:37
HT-PC,2025-08-21 20:27:37
BLUA,2025-08-21 20:27:37
FRC,2025-08-21 20:27:37
UBP-PK,2025-08-21 20:27:37
HSKA,2025-08-21 20:27:37
MTSL,2025-08-21 20:27:37
LGSTU,2025-08-21 20:27:37
CNVY,2025-08-21 20:27:37
NUVA,2025-08-21 20:27:37
FRC-PM,2025-08-21 20:27:37
MACC,2025-08-21 20:27:37
USAK,2025-08-21 20:27:37
CLI,2025-08-21 20:27:37
MRTX,2025-08-21 20:27:37
HBANN,2025-08-21 20:27:37
CINC,2025-08-21 20:27:37
AVID,2025-08-21 20:27:37
STSA,2025-08-21 20:27:37
MFNC,2025-08-21 20:27:37
DMS,2025-08-21 20:27:37
GRNVU,2025-08-21 20:27:37
FRC-PH,2025-08-21 20:27:37
COLIU,2025-08-21 20:27:37
HIBB,2025-08-21 20:27:37
FSKR,2025-08-21 20:27:37
MACK,2025-08-21 20:27:37
PACW,2025-08-21 20:27:37
EMWP,2025-08-21 20:27:37
MYT,2025-08-21 20:27:37
MDCA,2025-08-21 20:27:37
CTAC,2025-08-21 20:27:37
ZEAL,2025-08-21 20:27:37
DISAW,2025-08-21 20:27:37
CCVI-UN,2025-08-21 20:27:37
WESTW,2025-08-21 20:27:37
GRNV,2025-08-21 20:27:37
SLVRU,2025-08-21 20:27:37
MLVF,2025-08-21 20:27:37
GTS,2025-08-21 20:27:37
CCAIU,2025-08-21 20:27:37
OXUS,2025-08-21 20:27:37
BXRX,2025-08-21 20:27:37
STRNW,2025-08-21 20:27:37
PAFOU,2025-08-21 20:27:37
FDUSZ,2025-08-21 20:27:37
INKA,2025-08-21 20:27:37
BFIIW,2025-08-21 20:27:37
OBLN,2025-08-21 20:27:37
SYNH,2025-08-21 20:27:37
PCCTW,2025-08-21 20:27:37
NEFF,2025-08-21 20:27:37
ENVIU,2025-08-21 20:27:37
WFC-PQ,2025-08-21 20:27:37
DSSI,2025-08-21 20:27:37
CORR,2025-08-21 20:27:37
MGI,2025-08-21 20:27:37
PICC,2025-08-21 20:27:37
METX,2025-08-21 20:27:37
EZT,2025-08-21 20:27:37
NRZ-PA,2025-08-21 20:27:37
LUMO,2025-08-21 20:27:37
CEQP,2025-08-21 20:27:37
PMGMU,2025-08-21 20:27:37
GLS,2025-08-21 20:27:37
CHEAW,2025-08-21 20:27:37
PBAX,2025-08-21 20:27:37
NSTD-WT,2025-08-21 20:27:37
LACQU,2025-08-21 20:27:37
IMACW,2025-08-21 20:27:37
CLVS,2025-08-21 20:27:37
NXGN,2025-08-21 20:27:37
PONOW,2025-08-21 20:27:37
FNB-PE,2025-08-21 20:27:37
HOME,2025-08-21 20:27:37
AVLR,2025-08-21 20:27:37
BOWXU,2025-08-21 20:27:37
TPCO,2025-08-21 20:27:37
LYLT,2025-08-21 20:27:37
VYGG,2025-08-21 20:27:37
TSCBP,2025-08-21 20:27:37
GFNCP,2025-08-21 20:27:37
GBS,2025-08-21 20:27:37
ISO,2025-08-21 20:27:37
DPCSU,2025-08-21 20:27:37
APTMU,2025-08-21 20:27:37
WMC,2025-08-21 20:27:37
SGMS,2025-08-21 20:27:37
GNVC,2025-08-21 20:27:37
DMYI-UN,2025-08-21 20:27:37
BVH,2025-08-21 20:27:37
ABCM,2025-08-21 20:27:37
SRC-PA,2025-08-21 20:27:37
SOLY,2025-08-21 20:27:37
NFYS-UN,2025-08-21 20:27:37
PDOT,2025-08-21 20:27:37
ORTX,2025-08-21 20:27:37
LAIX,2025-08-21 20:27:37
AMV,2025-08-21 20:27:37
TPGY-UN,2025-08-21 20:27:37
TLND,2025-08-21 20:27:37
ECHO,2025-08-21 20:27:37
NETC-UN,2025-08-21 20:27:37
KDMN,2025-08-21 20:27:37
LATN,2025-08-21 20:27:37
VELOW,2025-08-21 20:27:37
CSU,2025-08-21 20:27:37
GSKY,2025-08-21 20:27:37
HZN,2025-08-21 20:27:37
PEGR,2025-08-21 20:27:37
EFHTR,2025-08-21 20:27:37
CS,2025-08-21 20:27:37
FRX-UN,2025-08-21 20:27:37
DIDI,2025-08-21 20:27:37
ELY,2025-08-21 20:27:37
BLTSU,2025-08-21 20:27:37
CVT,2025-08-21 20:27:37
CNST,2025-08-21 20:27:37
RY-PT,2025-08-21 20:27:37
CSCW,2025-08-21 20:27:37
ALR,2025-08-21 20:27:37
INFI,2025-08-21 20:27:37
LMACU,2025-08-21 20:27:37
NETI,2025-08-21 20:27:37
MEAC,2025-08-21 20:27:37
CDAK,2025-08-21 20:27:37
ANTM,2025-08-21 20:27:37
MITO,2025-08-21 20:27:37
FMTX,2025-08-21 20:27:37
MTVC,2025-08-21 20:27:37
CFRX,2025-08-21 20:27:37
IMAC,2025-08-21 20:27:37
BSA,2025-08-21 20:27:37
HILS,2025-08-21 20:27:37
AENZ,2025-08-21 20:27:37
SCUA,2025-08-21 20:27:37
MYOV,2025-08-21 20:27:37
SELB,2025-08-21 20:27:37
AHAC,2025-08-21 20:27:37
NETC-WT,2025-08-21 20:27:37
ESTE,2025-08-21 20:27:37
BVXV,2025-08-21 20:27:37
VCXB-WT,2025-08-21 20:27:37
PFIN,2025-08-21 20:27:37
PCCT,2025-08-21 20:27:37
NDACU,2025-08-21 20:27:37
EXTN,2025-08-21 20:27:37
UAM,2025-08-21 20:27:37
ET-PD,2025-08-21 20:27:37
PEAK,2025-08-21 20:27:37
FSNB,2025-08-21 20:27:37
HMG,2025-08-21 20:27:37
PIAI-UN,2025-08-21 20:27:37
SRSA,2025-08-21 20:27:37
GIA,2025-08-21 20:27:37
RUBY,2025-08-21 20:27:37
NLITU,2025-08-21 20:27:37
ALFIW,2025-08-21 20:27:37
MNTV,2025-08-21 20:27:37
RONI,2025-08-21 20:27:37
WBT,2025-08-21 20:27:37
TRIT,2025-08-21 20:27:37
TBSAW,2025-08-21 20:27:37
GMVD,2025-08-21 20:27:37
WSTG,2025-08-21 20:27:37
GAMC,2025-08-21 20:27:37
KRTX,2025-08-21 20:27:37
FRLAW,2025-08-21 20:27:37
WKME,2025-08-21 20:27:37
BCEI,2025-08-21 20:27:37
CLXT,2025-08-21 20:27:37
XSPA,2025-08-21 20:27:37
EMBCV,2025-08-21 20:27:37
ITI,2025-08-21 20:27:37
IBER-UN,2025-08-21 20:27:37
PAQCW,2025-08-21 20:27:37
KSU,2025-08-21 20:27:37
IMV,2025-08-21 20:27:37
ARC,2025-08-21 20:27:37
OG,2025-08-21 20:27:37
IIN,2025-08-21 20:27:37
FSSIW,2025-08-21 20:27:37
RONI-UN,2025-08-21 20:27:37
MIRO,2025-08-21 20:27:37
TMX,2025-08-21 20:27:37
SBTX,2025-08-21 20:27:37
HJLI,2025-08-21 20:27:37
AERC,2025-08-21 20:27:37
RMO,2025-08-21 20:27:37
TBCP,2025-08-21 20:27:37
AVAN,2025-08-21 20:27:37
CECE,2025-08-21 20:27:37
TENKU,2025-08-21 20:27:37
LLL,2025-08-21 20:27:37
SEAH,2025-08-21 20:27:37
EARS,2025-08-21 20:27:37
CERC,2025-08-21 20:27:37
TRONW,2025-08-21 20:27:37
GOGN,2025-08-21 20:27:37
ALPAU,2025-08-21 20:27:37
AHRNW,2025-08-21 20:27:37
CPUH-WT,2025-08-21 20:27:37
TWCB,2025-08-21 20:27:37
FACT-UN,2025-08-21 20:27:37
MBAC-WT,2025-08-21 20:27:37
HSC,2025-08-21 20:27:37
ERYP,2025-08-21 20:27:37
IPVF-UN,2025-08-21 20:27:37
GRNA,2025-08-21 20:27:37
OXACU,2025-08-21 20:27:37
MBAC-UN,2025-08-21 20:27:37
IIVI,2025-08-21 20:27:37
SDAC,2025-08-21 20:27:37
ERES,2025-08-21 20:27:37
NMTR,2025-08-21 20:27:37
SATX-WTA,2025-08-21 20:27:37
BWACW,2025-08-21 20:27:37
GSRMU,2025-08-21 20:27:37
RCAC,2025-08-21 20:27:37
KVSA,2025-08-21 20:27:37
APMIW,2025-08-21 20:27:37
PORT-UN,2025-08-21 20:27:37
SKIL-WT,2025-08-21 20:27:37
GLOP,2025-08-21 20:27:37
DILAU,2025-08-21 20:27:37
CONXU,2025-08-21 20:27:37
MBSC-WT,2025-08-21 20:27:37
GTPPP,2025-08-21 20:27:37
KNSW-UN,2025-08-21 20:27:37
DUNEW,2025-08-21 20:27:37
WTT,2025-08-21 20:27:37
TCFC,2025-08-21 20:27:37
ZEV-WT,2025-08-21 20:27:37
GENQW,2025-08-21 20:27:37
CLINR,2025-08-21 20:27:37
ZTAQU,2025-08-21 20:27:37
ENTXW,2025-08-21 20:27:37
BRLIU,2025-08-21 20:27:37
MOBVW,2025-08-21 20:27:37
MTRY,2025-08-21 20:27:37
WLMS,2025-08-21 20:27:37
ZT,2025-08-21 20:27:37
PACI-WT,2025-08-21 20:27:37
AZRE,2025-08-21 20:27:37
HVBC,2025-08-21 20:27:37
MLACW,2025-08-21 20:27:37
HMA-UN,2025-08-21 20:27:37
METXW,2025-08-21 20:27:37
DNAB,2025-08-21 20:27:37
BNSO,2025-08-21 20:27:37
UTAAW,2025-08-21 20:27:37
HEXO,2025-08-21 20:27:37
LHC-UN,2025-08-21 20:27:37
MPRAW,2025-08-21 20:27:37
BGCP,2025-08-21 20:27:37
TDW-WTB,2025-08-21 20:27:37
EOCW,2025-08-21 20:27:37
MCLDW,2025-08-21 20:27:37
UPH-WT,2025-08-21 20:27:37
TTCF,2025-08-21 20:27:37
GRNT-WT,2025-08-21 20:27:37
BLNGW,2025-08-21 20:27:37
WRAC,2025-08-21 20:27:37
FXCOW,2025-08-21 20:27:37
BCDAW,2025-08-21 20:27:37
ENTF,2025-08-21 20:27:37
HWKZ,2025-08-21 20:27:37
BWACU,2025-08-21 20:27:37
RONI-WT,2025-08-21 20:27:37
ROCC,2025-08-21 20:27:37
REUN,2025-08-21 20:27:37
GSRMR,2025-08-21 20:27:37
BYTSW,2025-08-21 20:27:37
FMIVU,2025-08-21 20:27:37
SQZ,2025-08-21 20:27:37
SHIPW,2025-08-21 20:27:37
EMBK,2025-08-21 20:27:37
ERESW,2025-08-21 20:27:37
TENKR,2025-08-21 20:27:37
ROCAR,2025-08-21 20:27:37
ROC,2025-08-21 20:27:37
AFTR-WT,2025-08-21 20:27:37
CTIC,2025-08-21 20:27:37
MTCR,2025-08-21 20:27:37
ROCAU,2025-08-21 20:27:37
RENN,2025-08-21 20:27:37
GOGN-WT,2025-08-21 20:27:37
UNVR,2025-08-21 20:27:37
VHNAW,2025-08-21 20:27:37
JUGG,2025-08-21 20:27:37
