successful_ticker,timestamp
BLSH,2025-08-20 16:59:14
BLDR,2025-08-20 16:59:14
ALB,2025-08-20 16:59:14
EBR-B,2025-08-20 16:59:14
WFC,2025-08-20 16:59:14
NVR,2025-08-20 16:59:14
MGRE,2025-08-20 16:59:14
TLYS,2025-08-20 16:59:14
LVWR,2025-08-20 16:59:14
BAX,2025-08-20 16:59:14
WTM,2025-08-20 16:59:14
BRK-A,2025-08-20 16:59:14
DIS,2025-08-20 16:59:14
BBDO,2025-08-20 16:59:14
WOLF,2025-08-20 16:59:14
XOM,2025-08-20 16:59:14
VNCE,2025-08-20 16:59:14
T,2025-08-20 16:59:14
BAC,2025-08-20 16:59:14
GRP-UN,2025-08-20 16:59:14
CVX,2025-08-20 16:59:14
LHX,2025-08-20 16:59:14
LPX,2025-08-20 16:59:14
SBDS,2025-08-20 16:59:14
NMAX,2025-08-20 16:59:14
EBR,2025-08-20 16:59:14
BRK-B,2025-08-20 16:59:14
RDDT,2025-08-20 16:59:14
MX,2025-08-20 16:59:14
AROC,2025-08-20 16:59:14
AESI,2025-08-20 16:59:14
MS,2025-08-20 16:59:14
LOW,2025-08-20 16:59:14
AMPY,2025-08-20 16:59:14
NET,2025-08-20 16:59:14
DSP,2025-08-20 16:59:14
C,2025-08-20 16:59:14
FSLY,2025-08-20 16:59:14
AMCR,2025-08-20 16:59:14
AME,2025-08-20 16:59:14
ASRV,2025-08-20 16:59:14
EBMT,2025-08-20 16:59:14
FC,2025-08-20 16:59:14
VRE,2025-08-20 16:59:14
BDC,2025-08-20 16:59:14
MRUS,2025-08-20 16:59:14
FUBO,2025-08-20 16:59:14
CUBE,2025-08-20 16:59:14
ASTI,2025-08-20 16:59:14
CTRE,2025-08-20 16:59:14
FUL,2025-08-20 16:59:14
CMG,2025-08-20 16:59:14
MP,2025-08-20 16:59:14
CAH,2025-08-20 16:59:14
MRP,2025-08-20 16:59:14
BRC,2025-08-20 16:59:14
ATI,2025-08-20 16:59:14
OVV,2025-08-20 16:59:14
MTDR,2025-08-20 16:59:14
NIQ,2025-08-20 16:59:14
BNAI,2025-08-20 16:59:14
CAVA,2025-08-20 16:59:14
MTN,2025-08-20 16:59:14
RIO,2025-08-20 16:59:14
ONTF,2025-08-20 16:59:14
ATLN,2025-08-20 16:59:14
PSA-PG,2025-08-20 16:59:14
MTW,2025-08-20 16:59:14
BF-A,2025-08-20 16:59:14
APEI,2025-08-20 16:59:14
APO,2025-08-20 16:59:14
BKV,2025-08-20 16:59:14
BDSX,2025-08-20 16:59:14
AOMR,2025-08-20 16:59:14
BROS,2025-08-20 16:59:14
AN,2025-08-20 16:59:14
CADE-PA,2025-08-20 16:59:14
AIR,2025-08-20 16:59:14
ALL,2025-08-20 16:59:14
CE,2025-08-20 16:59:14
LLYVK,2025-08-20 16:59:14
BXP,2025-08-20 16:59:14
AFGC,2025-08-20 16:59:14
LIVN,2025-08-20 16:59:14
CMRE,2025-08-20 16:59:14
COST,2025-08-20 16:59:14
LITE,2025-08-20 16:59:14
CTW,2025-08-20 16:59:14
LINC,2025-08-20 16:59:14
KT,2025-08-20 16:59:14
STNG,2025-08-20 16:59:14
TMHC,2025-08-20 16:59:14
ET-PI,2025-08-20 16:59:14
LDOS,2025-08-20 16:59:14
TPH,2025-08-20 16:59:14
TPR,2025-08-20 16:59:14
ARCO,2025-08-20 16:59:14
WKC,2025-08-20 16:59:14
DEA,2025-08-20 16:59:14
DAC,2025-08-20 16:59:14
NGVT,2025-08-20 16:59:14
IRM,2025-08-20 16:59:14
AVNT,2025-08-20 16:59:14
NPB,2025-08-20 16:59:14
NUS,2025-08-20 16:59:14
NWG,2025-08-20 16:59:14
NRGV,2025-08-20 16:59:14
MGR,2025-08-20 16:59:14
INBK,2025-08-20 16:59:14
NOV,2025-08-20 16:59:14
MYRG,2025-08-20 16:59:14
MSM,2025-08-20 16:59:14
NBHC,2025-08-20 16:59:14
MSTR,2025-08-20 16:59:14
MYE,2025-08-20 16:59:14
MTG,2025-08-20 16:59:14
MTH,2025-08-20 16:59:14
NEE,2025-08-20 16:59:14
MTZ,2025-08-20 16:59:14
NFG,2025-08-20 16:59:14
IMAX,2025-08-20 16:59:14
IIPR,2025-08-20 16:59:14
AXP,2025-08-20 16:59:14
MOBX,2025-08-20 16:59:14
MSI,2025-08-20 16:59:14
LQDT,2025-08-20 16:59:14
HMC,2025-08-20 16:59:14
MO,2025-08-20 16:59:14
MMS,2025-08-20 16:59:14
MLKN,2025-08-20 16:59:14
LADR,2025-08-20 16:59:14
HGV,2025-08-20 16:59:14
JD,2025-08-20 16:59:14
HG,2025-08-20 16:59:14
OC,2025-08-20 16:59:14
GEF,2025-08-20 16:59:14
MHK,2025-08-20 16:59:14
MGY,2025-08-20 16:59:14
AX,2025-08-20 16:59:14
ACI,2025-08-20 16:59:14
AVTR,2025-08-20 16:59:14
ACM,2025-08-20 16:59:14
CON,2025-08-20 16:59:14
TG,2025-08-20 16:59:14
ESAB,2025-08-20 16:59:14
SQM,2025-08-20 16:59:14
LAC,2025-08-20 16:59:14
SLGN,2025-08-20 16:59:14
ERJ,2025-08-20 16:59:14
STT,2025-08-20 16:59:14
ONON,2025-08-20 16:59:14
NOMD,2025-08-20 16:59:14
LSPD,2025-08-20 16:59:14
SR-PA,2025-08-20 16:59:14
TGLS,2025-08-20 16:59:14
TGNA,2025-08-20 16:59:14
LUCY,2025-08-20 16:59:14
BWSN,2025-08-20 16:59:14
LUV,2025-08-20 16:59:14
LUXE,2025-08-20 16:59:14
SMG,2025-08-20 16:59:14
LVS,2025-08-20 16:59:14
PK,2025-08-20 16:59:14
LYV,2025-08-20 16:59:14
BSET,2025-08-20 16:59:14
RYN,2025-08-20 16:59:14
LXP,2025-08-20 16:59:14
RL,2025-08-20 16:59:14
BTI,2025-08-20 16:59:14
M,2025-08-20 16:59:14
PHR,2025-08-20 16:59:14
BEN,2025-08-20 16:59:14
PAC,2025-08-20 16:59:14
BMRA,2025-08-20 16:59:14
SONY,2025-08-20 16:59:14
MBC,2025-08-20 16:59:14
MANU,2025-08-20 16:59:14
MBIO,2025-08-20 16:59:14
PVH,2025-08-20 16:59:14
MC,2025-08-20 16:59:14
BMO,2025-08-20 16:59:14
MBUU,2025-08-20 16:59:14
ODC,2025-08-20 16:59:14
MDWD,2025-08-20 16:59:14
QUAD,2025-08-20 16:59:14
MEC,2025-08-20 16:59:14
OLO,2025-08-20 16:59:14
PFS,2025-08-20 16:59:14
RH,2025-08-20 16:59:14
MET,2025-08-20 16:59:14
PBH,2025-08-20 16:59:14
AMC,2025-08-20 16:59:14
NGL,2025-08-20 16:59:14
MFH,2025-08-20 16:59:14
NOW,2025-08-20 16:59:14
MFC,2025-08-20 16:59:14
PATH,2025-08-20 16:59:14
OEC,2025-08-20 16:59:14
SBH,2025-08-20 16:59:14
MG,2025-08-20 16:59:14
CISS,2025-08-20 16:59:14
CMSD,2025-08-20 16:59:14
CFG,2025-08-20 16:59:14
COF-PJ,2025-08-20 16:59:14
VOYG,2025-08-20 16:59:14
BH,2025-08-20 16:59:14
TDS,2025-08-20 16:59:14
CARS,2025-08-20 16:59:14
SSD,2025-08-20 16:59:14
TSLX,2025-08-20 16:59:14
BBY,2025-08-20 16:59:14
BGS,2025-08-20 16:59:14
XYZ,2025-08-20 16:59:14
BKD,2025-08-20 16:59:14
BKH,2025-08-20 16:59:14
BKKT,2025-08-20 16:59:14
WNC,2025-08-20 16:59:14
BCBP,2025-08-20 16:59:14
WPC,2025-08-20 16:59:14
BGSF,2025-08-20 16:59:14
WLY,2025-08-20 16:59:14
TCI,2025-08-20 16:59:14
TBN,2025-08-20 16:59:14
WLK,2025-08-20 16:59:14
SXI,2025-08-20 16:59:14
WM,2025-08-20 16:59:14
WMB,2025-08-20 16:59:14
WFC-PD,2025-08-20 16:59:14
TDS-PU,2025-08-20 16:59:14
TEL,2025-08-20 16:59:14
SW,2025-08-20 16:59:14
VTMX,2025-08-20 16:59:14
CTLP,2025-08-20 16:59:14
TFC-PR,2025-08-20 16:59:14
VVV,2025-08-20 16:59:14
SWX,2025-08-20 16:59:14
STEM,2025-08-20 16:59:14
STZ,2025-08-20 16:59:14
FRME,2025-08-20 16:59:14
STEL,2025-08-20 16:59:14
FE,2025-08-20 16:59:14
TECK,2025-08-20 16:59:14
FEIM,2025-08-20 16:59:14
FDX,2025-08-20 16:59:14
FRSH,2025-08-20 16:59:14
FENG,2025-08-20 16:59:14
FL,2025-08-20 16:59:14
FRGE,2025-08-20 16:59:14
EXPE,2025-08-20 16:59:14
FDP,2025-08-20 16:59:14
FHI,2025-08-20 16:59:14
FCN,2025-08-20 16:59:14
TIXT,2025-08-20 16:59:14
GABC,2025-08-20 16:59:14
EVH,2025-08-20 16:59:14
EQR,2025-08-20 16:59:14
TY,2025-08-20 16:59:14
GCTK,2025-08-20 16:59:14
UAA,2025-08-20 16:59:14
TRNO,2025-08-20 16:59:14
ENR,2025-08-20 16:59:14
TTI,2025-08-20 16:59:14
EIX,2025-08-20 16:59:14
EMA,2025-08-20 16:59:14
EGO,2025-08-20 16:59:14
UAN,2025-08-20 16:59:14
GFF,2025-08-20 16:59:14
THS,2025-08-20 16:59:14
UBER,2025-08-20 16:59:14
UHAL-B,2025-08-20 16:59:14
ECL,2025-08-20 16:59:14
EFC,2025-08-20 16:59:14
FTK,2025-08-20 16:59:14
EDBL,2025-08-20 16:59:14
EVTL,2025-08-20 16:59:14
UHT,2025-08-20 16:59:14
GBTG,2025-08-20 16:59:14
UI,2025-08-20 16:59:14
DK,2025-08-20 16:59:14
FPI,2025-08-20 16:59:14
UNFI,2025-08-20 16:59:14
DHT,2025-08-20 16:59:14
UNF,2025-08-20 16:59:14
FOUR,2025-08-20 16:59:14
UPS,2025-08-20 16:59:14
DB,2025-08-20 16:59:14
VAL,2025-08-20 16:59:14
DAVE,2025-08-20 16:59:14
DHR,2025-08-20 16:59:14
FSBW,2025-08-20 16:59:14
FTV,2025-08-20 16:59:14
DAVA,2025-08-20 16:59:14
VLRS,2025-08-20 16:59:14
FLR,2025-08-20 16:59:14
CPA,2025-08-20 16:59:14
VLTO,2025-08-20 16:59:14
FLNG,2025-08-20 16:59:14
VHC,2025-08-20 16:59:14
VMI,2025-08-20 16:59:14
FET,2025-08-20 16:59:14
DDOG,2025-08-20 16:59:14
IDCC,2025-08-20 16:59:14
GNK,2025-08-20 16:59:14
NGS,2025-08-20 16:59:14
LOAR,2025-08-20 16:59:14
LBRT,2025-08-20 16:59:14
CIVI,2025-08-20 16:59:14
CMP,2025-08-20 16:59:14
ARMK,2025-08-20 16:59:14
LBTYK,2025-08-20 16:59:14
KVYO,2025-08-20 16:59:14
LAW,2025-08-20 16:59:14
AAT,2025-08-20 16:59:14
CMSA,2025-08-20 16:59:14
MSCI,2025-08-20 16:59:14
KRC,2025-08-20 16:59:14
KRUS,2025-08-20 16:59:14
KLTO,2025-08-20 16:59:14
KLG,2025-08-20 16:59:14
KD,2025-08-20 16:59:14
ELTX,2025-08-20 16:59:14
KB,2025-08-20 16:59:14
JUNS,2025-08-20 16:59:14
LAR,2025-08-20 16:59:14
LEXX,2025-08-20 16:59:14
J,2025-08-20 16:59:14
JOUT,2025-08-20 16:59:14
IX,2025-08-20 16:59:14
CNH,2025-08-20 16:59:14
LEVI,2025-08-20 16:59:14
ITOS,2025-08-20 16:59:14
AB,2025-08-20 16:59:14
IP,2025-08-20 16:59:14
AAP,2025-08-20 16:59:14
INSE,2025-08-20 16:59:14
GHI,2025-08-20 16:59:14
NXRT,2025-08-20 16:59:14
GH,2025-08-20 16:59:14
OOMA,2025-08-20 16:59:14
DOLE,2025-08-20 16:59:14
INN,2025-08-20 16:59:14
NSA,2025-08-20 16:59:14
CVS,2025-08-20 16:59:14
LTM,2025-08-20 16:59:14
INEO,2025-08-20 16:59:14
HAFN,2025-08-20 16:59:14
BRID,2025-08-20 16:59:14
BLCO,2025-08-20 16:59:14
CMPR,2025-08-20 16:59:14
VIPS,2025-08-20 16:59:14
IBP,2025-08-20 16:59:14
DDS,2025-08-20 16:59:14
PLYM,2025-08-20 16:59:14
CHYM,2025-08-20 16:59:14
CCO,2025-08-20 16:59:14
BW-PA,2025-08-20 16:59:14
CRML,2025-08-20 16:59:14
FRO,2025-08-20 16:59:14
GL,2025-08-20 16:59:14
QXO,2025-08-20 16:59:14
OGS,2025-08-20 16:59:14
DWSN,2025-08-20 16:59:14
BDX,2025-08-20 16:59:14
ATO,2025-08-20 16:59:14
MVIS,2025-08-20 16:59:14
GMGI,2025-08-20 16:59:14
GMS,2025-08-20 16:59:14
GNL,2025-08-20 16:59:14
ATEN,2025-08-20 16:59:14
GROV,2025-08-20 16:59:14
AC,2025-08-20 16:59:14
PFE,2025-08-20 16:59:14
GRND,2025-08-20 16:59:14
EPR,2025-08-20 16:59:14
HPP,2025-08-20 16:59:14
YETI,2025-08-20 16:59:14
PDM,2025-08-20 16:59:14
GS-PA,2025-08-20 16:59:14
GSBD,2025-08-20 16:59:14
GV,2025-08-20 16:59:14
BEPH,2025-08-20 16:59:14
PBI,2025-08-20 16:59:14
GSK,2025-08-20 16:59:14
DECK,2025-08-20 16:59:14
GWRE,2025-08-20 16:59:14
HLIT,2025-08-20 16:59:14
CRM,2025-08-20 16:59:14
HLI,2025-08-20 16:59:14
CHRW,2025-08-20 16:59:14
HOLX,2025-08-20 16:59:14
GM,2025-08-20 16:59:14
AR,2025-08-20 16:59:14
HMN,2025-08-20 16:59:14
HRTG,2025-08-20 16:59:14
ETSY,2025-08-20 16:59:14
PEN,2025-08-20 16:59:14
HST,2025-08-20 16:59:14
CRNT,2025-08-20 16:59:14
PCG,2025-08-20 16:59:14
IBM,2025-08-20 16:59:14
AL,2025-08-20 16:59:14
CSWC,2025-08-20 16:59:14
CIM,2025-08-20 16:59:14
CCAP,2025-08-20 16:59:14
CSX,2025-08-20 16:59:14
EHC,2025-08-20 16:59:14
FLS,2025-08-20 16:59:14
BRT,2025-08-20 16:59:14
KO,2025-08-20 16:59:14
CMC,2025-08-20 16:59:14
COYA,2025-08-20 16:59:14
MDU,2025-08-20 16:59:14
BWLP,2025-08-20 16:59:14
CFFI,2025-08-20 16:59:14
ED,2025-08-20 16:59:14
HYPD,2025-08-20 16:59:14
AGCO,2025-08-20 16:59:14
BLK,2025-08-20 16:59:14
AMP,2025-08-20 16:59:14
LTC,2025-08-20 16:59:14
CIM-PB,2025-08-20 16:59:14
HPQ,2025-08-20 16:59:14
MTB,2025-08-20 16:59:14
AG,2025-08-20 16:59:14
TBB,2025-08-20 16:59:14
FSFG,2025-08-20 16:59:14
PSO,2025-08-20 16:59:14
AIRG,2025-08-20 16:59:14
FCX,2025-08-20 16:59:14
AMRC,2025-08-20 16:59:14
GOVX,2025-08-20 16:59:14
EGY,2025-08-20 16:59:14
PGRE,2025-08-20 16:59:14
AXS-PE,2025-08-20 16:59:14
SITC,2025-08-20 16:59:14
PSTG,2025-08-20 16:59:14
EVER,2025-08-20 16:59:14
AMX,2025-08-20 16:59:14
HUBB,2025-08-20 16:59:14
CLSK,2025-08-20 16:59:14
FENC,2025-08-20 16:59:14
BFAM,2025-08-20 16:59:14
CURV,2025-08-20 16:59:14
NVRI,2025-08-20 16:59:14
SFL,2025-08-20 16:59:14
RBOT,2025-08-20 16:59:14
YUM,2025-08-20 16:59:14
CL,2025-08-20 16:59:14
PRMB,2025-08-20 16:59:14
TRTN-PA,2025-08-20 16:59:14
PKE,2025-08-20 16:59:14
LOB,2025-08-20 16:59:14
NEE-PR,2025-08-20 16:59:14
MSAI,2025-08-20 16:59:14
SPG,2025-08-20 16:59:14
DNB,2025-08-20 16:59:14
CMBT,2025-08-20 16:59:14
DRI,2025-08-20 16:59:14
CPIX,2025-08-20 16:59:14
ALG,2025-08-20 16:59:14
HRB,2025-08-20 16:59:14
PRKS,2025-08-20 16:59:14
AOUT,2025-08-20 16:59:14
NVT,2025-08-20 16:59:14
LIF,2025-08-20 16:59:14
AM,2025-08-20 16:59:14
SPGI,2025-08-20 16:59:14
ABOS,2025-08-20 16:59:14
ADCT,2025-08-20 16:59:14
CSV,2025-08-20 16:59:14
HTB,2025-08-20 16:59:14
PMT,2025-08-20 16:59:14
ENS,2025-08-20 16:59:14
HLLY,2025-08-20 16:59:14
HHH,2025-08-20 16:59:14
PUK,2025-08-20 16:59:14
GOOS,2025-08-20 16:59:14
ASB,2025-08-20 16:59:14
NVST,2025-08-20 16:59:14
NNN,2025-08-20 16:59:14
BBVA,2025-08-20 16:59:14
DLR-PK,2025-08-20 16:59:14
JHG,2025-08-20 16:59:14
HVT,2025-08-20 16:59:14
DXLG,2025-08-20 16:59:14
AHR,2025-08-20 16:59:14
CAAP,2025-08-20 16:59:14
NKE,2025-08-20 16:59:14
GLW,2025-08-20 16:59:14
AEIS,2025-08-20 16:59:14
QS,2025-08-20 16:59:14
DQ,2025-08-20 16:59:14
AFRM,2025-08-20 16:59:14
AXL,2025-08-20 16:59:14
BCAX,2025-08-20 16:59:14
BBUC,2025-08-20 16:59:14
BCO,2025-08-20 16:59:14
PACS,2025-08-20 16:59:14
ROG,2025-08-20 16:59:14
KNX,2025-08-20 16:59:14
FVR,2025-08-20 16:59:14
SPNT-PB,2025-08-20 16:59:14
CVEO,2025-08-20 16:59:14
CBAN,2025-08-20 16:59:14
KEX,2025-08-20 16:59:14
DRCT,2025-08-20 16:59:14
SPNT,2025-08-20 16:59:14
ESRT,2025-08-20 16:59:14
BE,2025-08-20 16:59:14
CBLL,2025-08-20 16:59:14
HR,2025-08-20 16:59:14
MH,2025-08-20 16:59:14
RYI,2025-08-20 16:59:14
CRH,2025-08-20 16:59:14
STWD,2025-08-20 16:59:14
RBA,2025-08-20 16:59:14
SOS,2025-08-20 16:59:14
SHEL,2025-08-20 16:59:14
CNP,2025-08-20 16:59:14
SOJD,2025-08-20 16:59:14
SLVM,2025-08-20 16:59:14
PB,2025-08-20 16:59:14
FBRT,2025-08-20 16:59:14
ANDE,2025-08-20 16:59:14
CVBF,2025-08-20 16:59:14
LU,2025-08-20 16:59:14
WEC,2025-08-20 16:59:14
ELF,2025-08-20 16:59:14
CODI,2025-08-20 16:59:14
FFIC,2025-08-20 16:59:14
SN,2025-08-20 16:59:14
CGBD,2025-08-20 16:59:14
VIK,2025-08-20 16:59:14
RITM,2025-08-20 16:59:14
FF,2025-08-20 16:59:14
BNED,2025-08-20 16:59:14
VST,2025-08-20 16:59:14
DAR,2025-08-20 16:59:14
PRGO,2025-08-20 16:59:14
CRI,2025-08-20 16:59:14
KEY,2025-08-20 16:59:14
MNSB,2025-08-20 16:59:14
CB,2025-08-20 16:59:14
DXC,2025-08-20 16:59:14
WAL,2025-08-20 16:59:14
BSAC,2025-08-20 16:59:14
BIO,2025-08-20 16:59:14
SES,2025-08-20 16:59:14
BHVN,2025-08-20 16:59:14
RSI,2025-08-20 16:59:14
BRFS,2025-08-20 16:59:14
VIRT,2025-08-20 16:59:14
FFBC,2025-08-20 16:59:14
HPE,2025-08-20 16:59:14
ALGN,2025-08-20 16:59:14
ALEX,2025-08-20 16:59:14
DEI,2025-08-20 16:59:14
YOU,2025-08-20 16:59:14
TRU,2025-08-20 16:59:14
SST,2025-08-20 16:59:14
SSL,2025-08-20 16:59:14
ARX,2025-08-20 16:59:14
INGM,2025-08-20 16:59:14
CLW,2025-08-20 16:59:14
GEV,2025-08-20 16:59:14
CR,2025-08-20 16:59:14
FINV,2025-08-20 16:59:14
INFY,2025-08-20 16:59:14
WS,2025-08-20 16:59:14
RYAN,2025-08-20 16:59:14
IEX,2025-08-20 16:59:14
AMN,2025-08-20 16:59:14
FORD,2025-08-20 16:59:14
SHG,2025-08-20 16:59:14
FMX,2025-08-20 16:59:14
SA,2025-08-20 16:59:14
WT,2025-08-20 16:59:14
SPXC,2025-08-20 16:59:14
HIG,2025-08-20 16:59:14
WY,2025-08-20 16:59:14
MWA,2025-08-20 16:59:14
DY,2025-08-20 16:59:14
SRE,2025-08-20 16:59:14
SREA,2025-08-20 16:59:14
NTST,2025-08-20 16:59:14
OBK,2025-08-20 16:59:14
API,2025-08-20 16:59:14
RVTY,2025-08-20 16:59:14
BRO,2025-08-20 16:59:14
LCFY,2025-08-20 16:59:14
DXYZ,2025-08-20 16:59:14
SHW,2025-08-20 16:59:14
CSL,2025-08-20 16:59:14
SHCO,2025-08-20 16:59:14
ALUR,2025-08-20 16:59:14
ASLE,2025-08-20 16:59:14
SKLZ,2025-08-20 16:59:14
AIT,2025-08-20 16:59:14
SKM,2025-08-20 16:59:14
AVAL,2025-08-20 16:59:14
ATYR,2025-08-20 16:59:14
BALL,2025-08-20 16:59:14
CMCSA,2025-08-20 16:59:14
IQV,2025-08-20 16:59:14
AFGD,2025-08-20 16:59:14
LZB,2025-08-20 16:59:14
AVBH,2025-08-20 16:59:14
ACR,2025-08-20 16:59:14
EE,2025-08-20 16:59:14
ACRE,2025-08-20 16:59:14
APLE,2025-08-20 16:59:14
ATUS,2025-08-20 16:59:14
HXL,2025-08-20 16:59:14
AGRO,2025-08-20 16:59:14
ICE,2025-08-20 16:59:14
DE,2025-08-20 16:59:14
GRBK,2025-08-20 16:59:14
MTX,2025-08-20 16:59:14
ASAN,2025-08-20 16:59:14
K,2025-08-20 16:59:14
BLKB,2025-08-20 16:59:14
NU,2025-08-20 16:59:14
COLD,2025-08-20 16:59:14
AWI,2025-08-20 16:59:14
NLY,2025-08-20 16:59:14
MPV,2025-08-20 16:59:14
BRY,2025-08-20 16:59:14
ABEO,2025-08-20 16:59:14
NOTE,2025-08-20 16:59:14
AORT,2025-08-20 16:59:14
ROL,2025-08-20 16:59:14
BCS,2025-08-20 16:59:14
NSP,2025-08-20 16:59:14
GRDN,2025-08-20 16:59:14
PRS,2025-08-20 16:59:14
PSA-PR,2025-08-20 16:59:14
AGX,2025-08-20 16:59:14
AVPT,2025-08-20 16:59:14
ALTG,2025-08-20 16:59:14
PNNT,2025-08-20 16:59:14
ALCO,2025-08-20 16:59:14
MURA,2025-08-20 16:59:14
USPH,2025-08-20 16:59:14
DGICA,2025-08-20 16:59:14
MUR,2025-08-20 16:59:14
BRX,2025-08-20 16:59:14
AEM,2025-08-20 16:59:14
AKO-B,2025-08-20 16:59:14
SCCO,2025-08-20 16:59:14
BTMD,2025-08-20 16:59:14
BNS,2025-08-20 16:59:14
MAIN,2025-08-20 16:59:14
PSBD,2025-08-20 16:59:14
ACHR,2025-08-20 16:59:14
LOMA,2025-08-20 16:59:14
AMG,2025-08-20 16:59:14
ALAR,2025-08-20 16:59:14
FGEN,2025-08-20 16:59:14
EVTC,2025-08-20 16:59:14
ENIC,2025-08-20 16:59:14
FCPT,2025-08-20 16:59:14
VSTS,2025-08-20 16:59:14
FSS,2025-08-20 16:59:14
BIPH,2025-08-20 16:59:14
DDL,2025-08-20 16:59:14
DRDB,2025-08-20 16:59:14
BYND,2025-08-20 16:59:14
BMY,2025-08-20 16:59:14
CLB,2025-08-20 16:59:14
UNP,2025-08-20 16:59:14
CUK,2025-08-20 16:59:14
TYL,2025-08-20 16:59:14
CHTR,2025-08-20 16:59:14
CLX,2025-08-20 16:59:14
CNQ,2025-08-20 16:59:14
CLIK,2025-08-20 16:59:14
CRD-B,2025-08-20 16:59:14
ELP,2025-08-20 16:59:14
CNS,2025-08-20 16:59:14
CAN,2025-08-20 16:59:14
CABO,2025-08-20 16:59:14
CNTA,2025-08-20 16:59:14
SGU,2025-08-20 16:59:14
ARCT,2025-08-20 16:59:14
ASST,2025-08-20 16:59:14
BRBR,2025-08-20 16:59:14
BHP,2025-08-20 16:59:14
BARK,2025-08-20 16:59:14
BAC-PL,2025-08-20 16:59:14
CRBU,2025-08-20 16:59:14
COF-PN,2025-08-20 16:59:14
SUN,2025-08-20 16:59:14
AVB,2025-08-20 16:59:14
ARL,2025-08-20 16:59:14
ARGX,2025-08-20 16:59:14
APO-PA,2025-08-20 16:59:14
CRCL,2025-08-20 16:59:14
MASS,2025-08-20 16:59:14
CNR,2025-08-20 16:59:14
DINO,2025-08-20 16:59:14
SCM,2025-08-20 16:59:14
SBSW,2025-08-20 16:59:14
TGE,2025-08-20 16:59:14
SBSI,2025-08-20 16:59:14
TKC,2025-08-20 16:59:14
GFR,2025-08-20 16:59:14
MAA,2025-08-20 16:59:14
STLA,2025-08-20 16:59:14
SNOW,2025-08-20 16:59:14
TDY,2025-08-20 16:59:14
THG,2025-08-20 16:59:14
LTH,2025-08-20 16:59:14
SAFE,2025-08-20 16:59:14
PRO,2025-08-20 16:59:14
RM,2025-08-20 16:59:14
REXR,2025-08-20 16:59:14
TME,2025-08-20 16:59:14
ROK,2025-08-20 16:59:14
QTWO,2025-08-20 16:59:14
PWR,2025-08-20 16:59:14
PRLB,2025-08-20 16:59:14
SYK,2025-08-20 16:59:14
PRIM,2025-08-20 16:59:14
RRC,2025-08-20 16:59:14
TFC,2025-08-20 16:59:14
SYF,2025-08-20 16:59:14
PRA,2025-08-20 16:59:14
RMAX,2025-08-20 16:59:14
KW,2025-08-20 16:59:14
PLD,2025-08-20 16:59:14
PHG,2025-08-20 16:59:14
PINS,2025-08-20 16:59:14
KRP,2025-08-20 16:59:14
KEYS,2025-08-20 16:59:14
TDOC,2025-08-20 16:59:14
MB,2025-08-20 16:59:14
MAGH,2025-08-20 16:59:14
PD,2025-08-20 16:59:14
PG,2025-08-20 16:59:14
LXFR,2025-08-20 16:59:14
MBI,2025-08-20 16:59:14
SNV-PE,2025-08-20 16:59:14
TEVA,2025-08-20 16:59:14
STM,2025-08-20 16:59:14
JLL,2025-08-20 16:59:14
PAAS,2025-08-20 16:59:14
JBGS,2025-08-20 16:59:14
ONTO,2025-08-20 16:59:14
IFF,2025-08-20 16:59:14
TFIN,2025-08-20 16:59:14
TGS,2025-08-20 16:59:14
HGTY,2025-08-20 16:59:14
MAS,2025-08-20 16:59:14
G,2025-08-20 16:59:14
FER,2025-08-20 16:59:14
FERG,2025-08-20 16:59:14
AXR,2025-08-20 16:59:14
GILT,2025-08-20 16:59:14
ACT,2025-08-20 16:59:14
F,2025-08-20 16:59:14
YSG,2025-08-20 16:59:14
ACN,2025-08-20 16:59:14
VVX,2025-08-20 16:59:14
MCO,2025-08-20 16:59:14
WOR,2025-08-20 16:59:14
NX,2025-08-20 16:59:14
MCY,2025-08-20 16:59:14
MET-PE,2025-08-20 16:59:14
WBX,2025-08-20 16:59:14
DT,2025-08-20 16:59:14
WELL,2025-08-20 16:59:14
MET-PF,2025-08-20 16:59:14
MFA,2025-08-20 16:59:14
MGEE,2025-08-20 16:59:14
MSGE,2025-08-20 16:59:14
TWI,2025-08-20 16:59:14
ELS,2025-08-20 16:59:14
TWLO,2025-08-20 16:59:14
MHO,2025-08-20 16:59:14
ECVT,2025-08-20 16:59:14
CPF,2025-08-20 16:59:14
MGRD,2025-08-20 16:59:14
CNC,2025-08-20 16:59:14
MYFW,2025-08-20 16:59:14
MLI,2025-08-20 16:59:14
T-PA,2025-08-20 16:59:14
NRP,2025-08-20 16:59:14
CNK,2025-08-20 16:59:14
SR,2025-08-20 16:59:14
MLM,2025-08-20 16:59:14
STE,2025-08-20 16:59:14
CCS,2025-08-20 16:59:14
BX,2025-08-20 16:59:14
MLR,2025-08-20 16:59:14
MTB-PJ,2025-08-20 16:59:14
MNTN,2025-08-20 16:59:14
CDRE,2025-08-20 16:59:14
NI,2025-08-20 16:59:14
GAME,2025-08-20 16:59:14
NNI,2025-08-20 16:59:14
GNLX,2025-08-20 16:59:14
GPC,2025-08-20 16:59:14
GLIBA,2025-08-20 16:59:14
GO,2025-08-20 16:59:14
GLP,2025-08-20 16:59:14
HBIO,2025-08-20 16:59:14
GPK,2025-08-20 16:59:14
HASI,2025-08-20 16:59:14
ZIM,2025-08-20 16:59:14
VTLE,2025-08-20 16:59:14
GSIT,2025-08-20 16:59:14
GAM,2025-08-20 16:59:14
GFI,2025-08-20 16:59:14
XIFR,2025-08-20 16:59:14
GEL,2025-08-20 16:59:14
GAP,2025-08-20 16:59:14
HII,2025-08-20 16:59:14
GCI,2025-08-20 16:59:14
GALT,2025-08-20 16:59:14
HUN,2025-08-20 16:59:14
HLIO,2025-08-20 16:59:14
GTY,2025-08-20 16:59:14
FTHM,2025-08-20 16:59:14
FTEK,2025-08-20 16:59:14
FSBC,2025-08-20 16:59:14
GGG,2025-08-20 16:59:14
GCTS,2025-08-20 16:59:14
XHR,2025-08-20 16:59:14
FPH,2025-08-20 16:59:14
WWW,2025-08-20 16:59:14
FMS,2025-08-20 16:59:14
HOG,2025-08-20 16:59:14
WTI,2025-08-20 16:59:14
BEP,2025-08-20 16:59:14
HQL,2025-08-20 16:59:14
ZK,2025-08-20 16:59:14
FLEX,2025-08-20 16:59:14
XPER,2025-08-20 16:59:14
HBB,2025-08-20 16:59:14
FAF,2025-08-20 16:59:14
GPJA,2025-08-20 16:59:14
HSHP,2025-08-20 16:59:14
BBU,2025-08-20 16:59:14
EXR,2025-08-20 16:59:14
EVC,2025-08-20 16:59:14
WPM,2025-08-20 16:59:14
WMT,2025-08-20 16:59:14
WRB,2025-08-20 16:59:14
HLN,2025-08-20 16:59:14
H,2025-08-20 16:59:14
WEAV,2025-08-20 16:59:14
VRTS,2025-08-20 16:59:14
VTS,2025-08-20 16:59:14
VRT,2025-08-20 16:59:14
GSIW,2025-08-20 16:59:14
VHI,2025-08-20 16:59:14
VOYA,2025-08-20 16:59:14
ZTO,2025-08-20 16:59:14
VALE,2025-08-20 16:59:14
VOYA-PB,2025-08-20 16:59:14
UZF,2025-08-20 16:59:14
UTL,2025-08-20 16:59:14
UGP,2025-08-20 16:59:14
EQT,2025-08-20 16:59:14
VG,2025-08-20 16:59:14
BC,2025-08-20 16:59:14
BH-A,2025-08-20 16:59:14
UCB,2025-08-20 16:59:14
CCI,2025-08-20 16:59:14
UA,2025-08-20 16:59:14
BSM,2025-08-20 16:59:14
TSN,2025-08-20 16:59:14
BWA,2025-08-20 16:59:14
V,2025-08-20 16:59:14
TXT,2025-08-20 16:59:14
DLPN,2025-08-20 16:59:14
BVN,2025-08-20 16:59:14
UZE,2025-08-20 16:59:14
UZD,2025-08-20 16:59:14
TROX,2025-08-20 16:59:14
CF,2025-08-20 16:59:14
TRN,2025-08-20 16:59:14
TRP,2025-08-20 16:59:14
CHCT,2025-08-20 16:59:14
EAT,2025-08-20 16:59:14
EQH-PA,2025-08-20 16:59:14
TRGP,2025-08-20 16:59:14
TRC,2025-08-20 16:59:14
CHD,2025-08-20 16:59:14
TOST,2025-08-20 16:59:14
TNK,2025-08-20 16:59:14
DBRG,2025-08-20 16:59:14
DG,2025-08-20 16:59:14
VTEX,2025-08-20 16:59:14
DLB,2025-08-20 16:59:14
GRBK-PA,2025-08-20 16:59:14
TMO,2025-08-20 16:59:14
DLR-PJ,2025-08-20 16:59:14
EMBC,2025-08-20 16:59:14
EGP,2025-08-20 16:59:14
CAT,2025-08-20 16:59:14
ECCU,2025-08-20 16:59:14
CBNK,2025-08-20 16:59:14
IVT,2025-08-20 16:59:14
ATOM,2025-08-20 16:59:14
ISPC,2025-08-20 16:59:14
PAM,2025-08-20 16:59:14
PM,2025-08-20 16:59:14
AIZ,2025-08-20 16:59:14
CXW,2025-08-20 16:59:14
BY,2025-08-20 16:59:14
OTF,2025-08-20 16:59:14
PII,2025-08-20 16:59:14
BTX,2025-08-20 16:59:14
AGH,2025-08-20 16:59:14
BBAI,2025-08-20 16:59:14
ADM,2025-08-20 16:59:14
AGI,2025-08-20 16:59:14
CNO,2025-08-20 16:59:14
KE,2025-08-20 16:59:14
GXO,2025-08-20 16:59:14
BYD,2025-08-20 16:59:14
RCL,2025-08-20 16:59:14
CPK,2025-08-20 16:59:14
NSC,2025-08-20 16:59:14
RC,2025-08-20 16:59:14
USB-PH,2025-08-20 16:59:14
GHLD,2025-08-20 16:59:14
INVE,2025-08-20 16:59:14
IPWR,2025-08-20 16:59:14
UL,2025-08-20 16:59:14
BORR,2025-08-20 16:59:14
ETR,2025-08-20 16:59:14
ECC,2025-08-20 16:59:14
TRV,2025-08-20 16:59:14
ADMA,2025-08-20 16:59:14
INSP,2025-08-20 16:59:14
DALN,2025-08-20 16:59:14
JEF,2025-08-20 16:59:14
JPM-PC,2025-08-20 16:59:14
KMI,2025-08-20 16:59:14
AA,2025-08-20 16:59:14
JPM-PJ,2025-08-20 16:59:14
INSG,2025-08-20 16:59:14
SII,2025-08-20 16:59:14
CCNE,2025-08-20 16:59:14
APAM,2025-08-20 16:59:14
HY,2025-08-20 16:59:14
ICG,2025-08-20 16:59:14
INMB,2025-08-20 16:59:14
PJT,2025-08-20 16:59:14
IDA,2025-08-20 16:59:14
AAUC,2025-08-20 16:59:14
CPS,2025-08-20 16:59:14
ALL-PH,2025-08-20 16:59:14
ARES,2025-08-20 16:59:14
JMIA,2025-08-20 16:59:14
LC,2025-08-20 16:59:14
CRNX,2025-08-20 16:59:14
PLOW,2025-08-20 16:59:14
ARI,2025-08-20 16:59:14
BCE,2025-08-20 16:59:14
KBDC,2025-08-20 16:59:14
MEG,2025-08-20 16:59:14
KBR,2025-08-20 16:59:14
LCII,2025-08-20 16:59:14
KEN,2025-08-20 16:59:14
AVD,2025-08-20 16:59:14
KWM,2025-08-20 16:59:14
KMT,2025-08-20 16:59:14
SBXD,2025-08-20 16:59:14
KMPR,2025-08-20 16:59:14
RNR,2025-08-20 16:59:14
KVUE,2025-08-20 16:59:14
OMI,2025-08-20 16:59:14
KMX,2025-08-20 16:59:14
ATS,2025-08-20 16:59:14
MEI,2025-08-20 16:59:14
OGN,2025-08-20 16:59:14
KNSL,2025-08-20 16:59:14
KOP,2025-08-20 16:59:14
LAZ,2025-08-20 16:59:14
KFS,2025-08-20 16:59:14
KORE,2025-08-20 16:59:14
KFRC,2025-08-20 16:59:14
JXN,2025-08-20 16:59:14
KOS,2025-08-20 16:59:14
KRG,2025-08-20 16:59:14
INR,2025-08-20 16:59:14
ALSN,2025-08-20 16:59:14
KRNT,2025-08-20 16:59:14
PH,2025-08-20 16:59:14
LB,2025-08-20 16:59:14
YUMC,2025-08-20 16:59:14
EMN,2025-08-20 16:59:14
KWR,2025-08-20 16:59:14
DOW,2025-08-20 16:59:14
LOAN,2025-08-20 16:59:14
SNX,2025-08-20 16:59:14
CHE,2025-08-20 16:59:14
AMWL,2025-08-20 16:59:14
ALL-PJ,2025-08-20 16:59:14
GIB,2025-08-20 16:59:14
CFFN,2025-08-20 16:59:14
SPB,2025-08-20 16:59:14
ALC,2025-08-20 16:59:14
DOCS,2025-08-20 16:59:14
JELD,2025-08-20 16:59:14
BWMX,2025-08-20 16:59:14
CLF,2025-08-20 16:59:14
LYB,2025-08-20 16:59:14
CLRB,2025-08-20 16:59:14
MKL,2025-08-20 16:59:14
HAYW,2025-08-20 16:59:14
HMY,2025-08-20 16:59:14
MT,2025-08-20 16:59:14
EQBK,2025-08-20 16:59:14
EQNR,2025-08-20 16:59:14
GE,2025-08-20 16:59:14
VEEV,2025-08-20 16:59:14
APP,2025-08-20 16:59:14
SO,2025-08-20 16:59:14
MCRI,2025-08-20 16:59:14
CTXR,2025-08-20 16:59:14
LXU,2025-08-20 16:59:14
AXSM,2025-08-20 16:59:14
BCSF,2025-08-20 16:59:14
RLX,2025-08-20 16:59:14
CPT,2025-08-20 16:59:14
DKS,2025-08-20 16:59:14
SMHI,2025-08-20 16:59:14
ATRC,2025-08-20 16:59:14
ATR,2025-08-20 16:59:14
DOCU,2025-08-20 16:59:14
TJX,2025-08-20 16:59:14
LDI,2025-08-20 16:59:14
PFLT,2025-08-20 16:59:14
ITW,2025-08-20 16:59:14
DHX,2025-08-20 16:59:14
CULP,2025-08-20 16:59:14
EH,2025-08-20 16:59:14
PSA-PJ,2025-08-20 16:59:14
AMT,2025-08-20 16:59:14
RELX,2025-08-20 16:59:14
CLCO,2025-08-20 16:59:14
CLDT,2025-08-20 16:59:14
SAND,2025-08-20 16:59:14
PLNT,2025-08-20 16:59:14
AMTM,2025-08-20 16:59:14
RKT,2025-08-20 16:59:14
RCI,2025-08-20 16:59:14
ALLE,2025-08-20 16:59:14
GMED,2025-08-20 16:59:14
AMBQ,2025-08-20 16:59:14
AMBP,2025-08-20 16:59:14
NMG,2025-08-20 16:59:14
TSQ,2025-08-20 16:59:14
RZC,2025-08-20 16:59:14
MSIF,2025-08-20 16:59:14
RCUS,2025-08-20 16:59:14
DVA,2025-08-20 16:59:14
RES,2025-08-20 16:59:14
IVDA,2025-08-20 16:59:14
UVE,2025-08-20 16:59:14
EAF,2025-08-20 16:59:14
PNR,2025-08-20 16:59:14
CPNG,2025-08-20 16:59:14
SLB,2025-08-20 16:59:14
POR,2025-08-20 16:59:14
KGC,2025-08-20 16:59:14
AREB,2025-08-20 16:59:14
LH,2025-08-20 16:59:14
BNTX,2025-08-20 16:59:14
PSA-PN,2025-08-20 16:59:14
RERE,2025-08-20 16:59:14
RGA,2025-08-20 16:59:14
DRH,2025-08-20 16:59:14
ETD,2025-08-20 16:59:14
MMI,2025-08-20 16:59:14
AHT,2025-08-20 16:59:14
XPRO,2025-08-20 16:59:14
BBW,2025-08-20 16:59:14
WBS,2025-08-20 16:59:14
ARR,2025-08-20 16:59:14
DFIN,2025-08-20 16:59:14
WTRG,2025-08-20 16:59:14
FUN,2025-08-20 16:59:14
BBWI,2025-08-20 16:59:14
CBRE,2025-08-20 16:59:14
DD,2025-08-20 16:59:14
ABM,2025-08-20 16:59:14
TAK,2025-08-20 16:59:14
JPM,2025-08-20 16:59:14
BJ,2025-08-20 16:59:14
AP,2025-08-20 16:59:14
CADL,2025-08-20 16:59:14
CCL,2025-08-20 16:59:14
RAMP,2025-08-20 16:59:14
DPZ,2025-08-20 16:59:14
RBLX,2025-08-20 16:59:14
REZI,2025-08-20 16:59:14
EXP,2025-08-20 16:59:14
EXPD,2025-08-20 16:59:14
RSKD,2025-08-20 16:59:14
CYCC,2025-08-20 16:59:14
EVR,2025-08-20 16:59:14
GOLF,2025-08-20 16:59:14
CAPL,2025-08-20 16:59:14
TALO,2025-08-20 16:59:14
USAC,2025-08-20 16:59:14
SOL,2025-08-20 16:59:14
CGAU,2025-08-20 16:59:14
SE,2025-08-20 16:59:14
BHC,2025-08-20 16:59:14
WSO,2025-08-20 16:59:14
ESTC,2025-08-20 16:59:14
SKY,2025-08-20 16:59:14
ASIX,2025-08-20 16:59:14
SAH,2025-08-20 16:59:14
SCI,2025-08-20 16:59:14
SCHW,2025-08-20 16:59:14
SPIR,2025-08-20 16:59:14
WK,2025-08-20 16:59:14
SGI,2025-08-20 16:59:14
CATO,2025-08-20 16:59:14
PEG,2025-08-20 16:59:14
OKLO,2025-08-20 16:59:14
RXO,2025-08-20 16:59:14
CVNA,2025-08-20 16:59:14
BMA,2025-08-20 16:59:14
ESQ,2025-08-20 16:59:14
BOX,2025-08-20 16:59:14
EPAM,2025-08-20 16:59:14
BLD,2025-08-20 16:59:14
VIST,2025-08-20 16:59:14
CBT,2025-08-20 16:59:14
VICI,2025-08-20 16:59:14
EBF,2025-08-20 16:59:14
FDUS,2025-08-20 16:59:14
SMRT,2025-08-20 16:59:14
CLPR,2025-08-20 16:59:14
IBTA,2025-08-20 16:59:14
BAC-PB,2025-08-20 16:59:14
CELC,2025-08-20 16:59:14
USB-PR,2025-08-20 16:59:14
DELL,2025-08-20 16:59:14
SEMR,2025-08-20 16:59:14
KPLT,2025-08-20 16:59:14
ALX,2025-08-20 16:59:14
JBS,2025-08-20 16:59:14
ACCO,2025-08-20 16:59:14
ESCA,2025-08-20 16:59:14
YPF,2025-08-20 16:59:14
ESE,2025-08-20 16:59:14
NPWR,2025-08-20 16:59:14
CTNT,2025-08-20 16:59:14
ZWS,2025-08-20 16:59:14
ARW,2025-08-20 16:59:14
MGNI,2025-08-20 16:59:14
SPRU,2025-08-20 16:59:14
SEI,2025-08-20 16:59:14
R,2025-08-20 16:59:14
DAN,2025-08-20 16:59:14
HZO,2025-08-20 16:59:14
FHN,2025-08-20 16:59:14
CNI,2025-08-20 16:59:14
DOUG,2025-08-20 16:59:14
ASX,2025-08-20 16:59:14
ATCO-PH,2025-08-20 16:59:14
LION,2025-08-20 16:59:14
JAKK,2025-08-20 16:59:14
KSS,2025-08-20 16:59:14
SAN,2025-08-20 16:59:14
MGA,2025-08-20 16:59:14
GETY,2025-08-20 16:59:14
ANF,2025-08-20 16:59:14
CLVT,2025-08-20 16:59:14
TDG,2025-08-20 16:59:14
FOXA,2025-08-20 16:59:14
RY,2025-08-20 16:59:14
SCL,2025-08-20 16:59:14
UNMA,2025-08-20 16:59:14
AQMS,2025-08-20 16:59:14
AQN,2025-08-20 16:59:14
ALE,2025-08-20 16:59:14
EFXT,2025-08-20 16:59:14
ALV,2025-08-20 16:59:14
RYAM,2025-08-20 16:59:14
SU,2025-08-20 16:59:14
EFX,2025-08-20 16:59:14
IHG,2025-08-20 16:59:14
SB,2025-08-20 16:59:14
S,2025-08-20 16:59:14
FIG,2025-08-20 16:59:14
LMT,2025-08-20 16:59:14
KLC,2025-08-20 16:59:14
EPC,2025-08-20 16:59:14
SBS,2025-08-20 16:59:14
HWM,2025-08-20 16:59:14
HWKN,2025-08-20 16:59:14
CRL,2025-08-20 16:59:14
CYD,2025-08-20 16:59:14
CHPT,2025-08-20 16:59:14
CM,2025-08-20 16:59:14
AII,2025-08-20 16:59:14
CWK,2025-08-20 16:59:14
DTIL,2025-08-20 16:59:14
CCU,2025-08-20 16:59:14
TFPM,2025-08-20 16:59:14
CTOS,2025-08-20 16:59:14
CBZ,2025-08-20 16:59:14
CACI,2025-08-20 16:59:14
CHRD,2025-08-20 16:59:14
CAC,2025-08-20 16:59:14
CAAS,2025-08-20 16:59:14
CACC,2025-08-20 16:59:14
CAG,2025-08-20 16:59:14
AON,2025-08-20 16:59:14
NC,2025-08-20 16:59:14
APPN,2025-08-20 16:59:14
CPAY,2025-08-20 16:59:14
AFGB,2025-08-20 16:59:14
CRCT,2025-08-20 16:59:14
AWR,2025-08-20 16:59:14
BAK,2025-08-20 16:59:14
BAC-PQ,2025-08-20 16:59:14
AER,2025-08-20 16:59:14
CWEN,2025-08-20 16:59:14
CRD-A,2025-08-20 16:59:14
CENTA,2025-08-20 16:59:14
DCGO,2025-08-20 16:59:14
WH,2025-08-20 16:59:14
DDD,2025-08-20 16:59:14
ACA,2025-08-20 16:59:14
COSO,2025-08-20 16:59:14
CRC,2025-08-20 16:59:14
CNX,2025-08-20 16:59:14
LLY,2025-08-20 16:59:14
WST,2025-08-20 16:59:14
CGON,2025-08-20 16:59:14
CGNX,2025-08-20 16:59:14
MTD,2025-08-20 16:59:14
SMFG,2025-08-20 16:59:14
ZVIA,2025-08-20 16:59:14
CADE,2025-08-20 16:59:14
ARE,2025-08-20 16:59:14
RFL,2025-08-20 16:59:14
BKSY,2025-08-20 16:59:14
MTUS,2025-08-20 16:59:14
PINE,2025-08-20 16:59:14
PSQH,2025-08-20 16:59:14
IVZ,2025-08-20 16:59:14
BIPC,2025-08-20 16:59:14
PRSU,2025-08-20 16:59:14
NOK,2025-08-20 16:59:14
ASR,2025-08-20 16:59:14
MXL,2025-08-20 16:59:14
NVO,2025-08-20 16:59:14
IR,2025-08-20 16:59:14
OMC,2025-08-20 16:59:14
CDE,2025-08-20 16:59:14
ARLO,2025-08-20 16:59:14
AKR,2025-08-20 16:59:14
SPOT,2025-08-20 16:59:14
IVR,2025-08-20 16:59:14
NWN,2025-08-20 16:59:14
ACDC,2025-08-20 16:59:14
ABEV,2025-08-20 16:59:14
KTB,2025-08-20 16:59:14
AVXL,2025-08-20 16:59:14
APTV,2025-08-20 16:59:14
ABG,2025-08-20 16:59:14
RLI,2025-08-20 16:59:14
ONIT,2025-08-20 16:59:14
BSBR,2025-08-20 16:59:14
ATXS,2025-08-20 16:59:14
ONL,2025-08-20 16:59:14
AZZ,2025-08-20 16:59:14
FSM,2025-08-20 16:59:14
AMR,2025-08-20 16:59:14
AMRZ,2025-08-20 16:59:14
BBSI,2025-08-20 16:59:14
FN,2025-08-20 16:59:14
CDLR,2025-08-20 16:59:14
CWEN-A,2025-08-20 16:59:14
NOA,2025-08-20 16:59:14
AMPX,2025-08-20 16:59:14
BNL,2025-08-20 16:59:14
AMH,2025-08-20 16:59:14
COGT,2025-08-20 16:59:14
OWL,2025-08-20 16:59:14
ENVA,2025-08-20 16:59:14
AS,2025-08-20 16:59:14
BRCC,2025-08-20 16:59:14
EPD,2025-08-20 16:59:14
CMDB,2025-08-20 16:59:14
WHR,2025-08-20 16:59:14
SNDA,2025-08-20 16:59:14
CLH,2025-08-20 16:59:14
FCAP,2025-08-20 16:59:14
TNET,2025-08-20 16:59:14
DX,2025-08-20 16:59:14
MUX,2025-08-20 16:59:14
TPL,2025-08-20 16:59:14
DAL,2025-08-20 16:59:14
NLOP,2025-08-20 16:59:14
WU,2025-08-20 16:59:14
EFSI,2025-08-20 16:59:14
MUSA,2025-08-20 16:59:14
DGX,2025-08-20 16:59:14
CION,2025-08-20 16:59:14
CIO,2025-08-20 16:59:14
ST,2025-08-20 16:59:14
DAKT,2025-08-20 16:59:14
CHH,2025-08-20 16:59:14
SKIL,2025-08-20 16:59:14
CHGG,2025-08-20 16:59:14
T-PC,2025-08-20 16:59:14
STAG,2025-08-20 16:59:14
MSGS,2025-08-20 16:59:14
BTE,2025-08-20 16:59:14
MUFG,2025-08-20 16:59:14
CSTM,2025-08-20 16:59:14
BRSP,2025-08-20 16:59:14
BRSL,2025-08-20 16:59:14
MPX,2025-08-20 16:59:14
NCLH,2025-08-20 16:59:14
PSX,2025-08-20 16:59:14
BYON,2025-08-20 16:59:14
MPC,2025-08-20 16:59:14
NPO,2025-08-20 16:59:14
WOW,2025-08-20 16:59:14
NREF,2025-08-20 16:59:14
NJR,2025-08-20 16:59:14
BILL,2025-08-20 16:59:14
MMC,2025-08-20 16:59:14
MLNK,2025-08-20 16:59:14
MIRA,2025-08-20 16:59:14
MLP,2025-08-20 16:59:14
SPCE,2025-08-20 16:59:14
TBI,2025-08-20 16:59:14
NOG,2025-08-20 16:59:14
MFIN,2025-08-20 16:59:14
MCS,2025-08-20 16:59:14
MGRB,2025-08-20 16:59:14
MCD,2025-08-20 16:59:14
MCK,2025-08-20 16:59:14
SAP,2025-08-20 16:59:14
MAX,2025-08-20 16:59:14
MA,2025-08-20 16:59:14
RVLV,2025-08-20 16:59:14
RGR,2025-08-20 16:59:14
LRN,2025-08-20 16:59:14
RLJ,2025-08-20 16:59:14
PR,2025-08-20 16:59:14
RAL,2025-08-20 16:59:14
LNC,2025-08-20 16:59:14
MED,2025-08-20 16:59:14
SRRK,2025-08-20 16:59:14
NUE,2025-08-20 16:59:14
KYMR,2025-08-20 16:59:14
LAMR,2025-08-20 16:59:14
NXP,2025-08-20 16:59:14
MAN,2025-08-20 16:59:14
NXE,2025-08-20 16:59:14
KEY-PK,2025-08-20 16:59:14
ODV,2025-08-20 16:59:14
ORA,2025-08-20 16:59:14
SARO,2025-08-20 16:59:14
LZM,2025-08-20 16:59:14
PRU,2025-08-20 16:59:14
TEN,2025-08-20 16:59:14
JXN-PA,2025-08-20 16:59:14
ORC,2025-08-20 16:59:14
RPM,2025-08-20 16:59:14
OXY,2025-08-20 16:59:14
LYRA,2025-08-20 16:59:14
PAYC,2025-08-20 16:59:14
IFRX,2025-08-20 16:59:14
AYI,2025-08-20 16:59:14
LBRDK,2025-08-20 16:59:14
PHI,2025-08-20 16:59:14
GWH,2025-08-20 16:59:14
GIS,2025-08-20 16:59:14
ORCL,2025-08-20 16:59:14
GEF-B,2025-08-20 16:59:14
REX,2025-08-20 16:59:14
GBCI,2025-08-20 16:59:14
PCOR,2025-08-20 16:59:14
ORI,2025-08-20 16:59:14
ORN,2025-08-20 16:59:14
ACNT,2025-08-20 16:59:14
PAG,2025-08-20 16:59:14
AMBA,2025-08-20 16:59:14
OSCR,2025-08-20 16:59:14
TDW,2025-08-20 16:59:14
MIDD,2025-08-20 16:59:14
PBF,2025-08-20 16:59:14
TE,2025-08-20 16:59:14
MHNC,2025-08-20 16:59:14
HRL,2025-08-20 16:59:14
GS-PD,2025-08-20 16:59:14
GYRE,2025-08-20 16:59:14
GTES,2025-08-20 16:59:14
GRNT,2025-08-20 16:59:14
GVA,2025-08-20 16:59:14
BLFY,2025-08-20 16:59:14
COP,2025-08-20 16:59:14
HCA,2025-08-20 16:59:14
HP,2025-08-20 16:59:14
GNSS,2025-08-20 16:59:14
HPK,2025-08-20 16:59:14
GKOS,2025-08-20 16:59:14
GDTC,2025-08-20 16:59:14
GMRE,2025-08-20 16:59:14
GDYN,2025-08-20 16:59:14
BNTC,2025-08-20 16:59:14
HEI-A,2025-08-20 16:59:14
GDOT,2025-08-20 16:59:14
GRRR,2025-08-20 16:59:14
GPMT,2025-08-20 16:59:14
HI,2025-08-20 16:59:14
HCKT,2025-08-20 16:59:14
GGB,2025-08-20 16:59:14
GOTU,2025-08-20 16:59:14
GBX,2025-08-20 16:59:14
GNPX,2025-08-20 16:59:14
HOMB,2025-08-20 16:59:14
BURL,2025-08-20 16:59:14
BEEM,2025-08-20 16:59:14
FVCB,2025-08-20 16:59:14
FRT,2025-08-20 16:59:14
CIGI,2025-08-20 16:59:14
CERS,2025-08-20 16:59:14
FTS,2025-08-20 16:59:14
HLT,2025-08-20 16:59:14
CMSC,2025-08-20 16:59:14
COF-PI,2025-08-20 16:59:14
FR,2025-08-20 16:59:14
HBM,2025-08-20 16:59:14
HCI,2025-08-20 16:59:14
HIG-PG,2025-08-20 16:59:14
ZEPP,2025-08-20 16:59:14
GOOG,2025-08-20 16:59:14
HCSG,2025-08-20 16:59:14
ZGN,2025-08-20 16:59:14
YMM,2025-08-20 16:59:14
HE,2025-08-20 16:59:14
HOND,2025-08-20 16:59:14
YEXT,2025-08-20 16:59:14
XYF,2025-08-20 16:59:14
WNS,2025-08-20 16:59:14
HIW,2025-08-20 16:59:14
WFG,2025-08-20 16:59:14
WGO,2025-08-20 16:59:14
WD,2025-08-20 16:59:14
WAT,2025-08-20 16:59:14
CMS,2025-08-20 16:59:14
VLO,2025-08-20 16:59:14
VTR,2025-08-20 16:59:14
VLN,2025-08-20 16:59:14
UP,2025-08-20 16:59:14
UVV,2025-08-20 16:59:14
UHAL,2025-08-20 16:59:14
FNV,2025-08-20 16:59:14
UHS,2025-08-20 16:59:14
UGI,2025-08-20 16:59:14
FMC,2025-08-20 16:59:14
VET,2025-08-20 16:59:14
DAWN,2025-08-20 16:59:14
UWMC,2025-08-20 16:59:14
FOA,2025-08-20 16:59:14
DJT,2025-08-20 16:59:14
DLR,2025-08-20 16:59:14
UTZ,2025-08-20 16:59:14
UTI,2025-08-20 16:59:14
DLX,2025-08-20 16:59:14
TXO,2025-08-20 16:59:14
TXNM,2025-08-20 16:59:14
FLO,2025-08-20 16:59:14
CYN,2025-08-20 16:59:14
TM,2025-08-20 16:59:14
EQIX,2025-08-20 16:59:14
TSE,2025-08-20 16:59:14
TPB,2025-08-20 16:59:14
FLG,2025-08-20 16:59:14
TKR,2025-08-20 16:59:14
TFII,2025-08-20 16:59:14
THR,2025-08-20 16:59:14
EBS,2025-08-20 16:59:14
DRUG,2025-08-20 16:59:14
FKWL,2025-08-20 16:59:14
EICB,2025-08-20 16:59:14
WLKP,2025-08-20 16:59:14
WMS,2025-08-20 16:59:14
FFWM,2025-08-20 16:59:14
FCF,2025-08-20 16:59:14
EG,2025-08-20 16:59:14
EME,2025-08-20 16:59:14
THO,2025-08-20 16:59:14
SOBO,2025-08-20 16:59:14
ABR,2025-08-20 16:59:14
DHI,2025-08-20 16:59:14
ZBH,2025-08-20 16:59:14
CMS-PC,2025-08-20 16:59:14
ALOT,2025-08-20 16:59:14
ATLX,2025-08-20 16:59:14
LOCL,2025-08-20 16:59:14
BFH,2025-08-20 16:59:14
BEKE,2025-08-20 16:59:14
BOOT,2025-08-20 16:59:14
APD,2025-08-20 16:59:14
SVV,2025-08-20 16:59:14
CXT,2025-08-20 16:59:14
HOUS,2025-08-20 16:59:14
CMI,2025-08-20 16:59:14
ASTL,2025-08-20 16:59:14
ARRY,2025-08-20 16:59:14
COUR,2025-08-20 16:59:14
ATGE,2025-08-20 16:59:14
VPG,2025-08-20 16:59:14
XPOF,2025-08-20 16:59:14
JBL,2025-08-20 16:59:14
KIDS,2025-08-20 16:59:14
BTU,2025-08-20 16:59:14
TPVG,2025-08-20 16:59:14
FLUT,2025-08-20 16:59:14
AUNA,2025-08-20 16:59:14
AAPL,2025-08-20 16:59:14
PUMP,2025-08-20 16:59:14
ADC,2025-08-20 16:59:14
BAH,2025-08-20 16:59:14
CAKE,2025-08-20 16:59:14
CURI,2025-08-20 16:59:14
AMLX,2025-08-20 16:59:14
HUYA,2025-08-20 16:59:14
ECG,2025-08-20 16:59:14
CCRD,2025-08-20 16:59:14
MRC,2025-08-20 16:59:14
CX,2025-08-20 16:59:14
CENX,2025-08-20 16:59:14
ARCC,2025-08-20 16:59:14
AAMI,2025-08-20 16:59:14
AZO,2025-08-20 16:59:14
ATKR,2025-08-20 16:59:14
GCO,2025-08-20 16:59:14
PAR,2025-08-20 16:59:14
SOC,2025-08-20 16:59:14
BEAT,2025-08-20 16:59:14
BAM,2025-08-20 16:59:14
EB,2025-08-20 16:59:14
BABA,2025-08-20 16:59:14
FBK,2025-08-20 16:59:14
LEO,2025-08-20 16:59:14
LMNR,2025-08-20 16:59:14
LMND,2025-08-20 16:59:14
LEGN,2025-08-20 16:59:14
CAL,2025-08-20 16:59:14
KBH,2025-08-20 16:59:14
LEN-B,2025-08-20 16:59:14
LEN,2025-08-20 16:59:14
KNF,2025-08-20 16:59:14
IPG,2025-08-20 16:59:14
JBI,2025-08-20 16:59:14
KREF,2025-08-20 16:59:14
BW,2025-08-20 16:59:14
USB,2025-08-20 16:59:14
KN,2025-08-20 16:59:14
BASE,2025-08-20 16:59:14
COR,2025-08-20 16:59:14
IOT,2025-08-20 16:59:14
BEPC,2025-08-20 16:59:14
DNOW,2025-08-20 16:59:14
KMB,2025-08-20 16:59:14
BOH,2025-08-20 16:59:14
BHE,2025-08-20 16:59:14
IONQ,2025-08-20 16:59:14
JOE,2025-08-20 16:59:14
JCI,2025-08-20 16:59:14
IMMR,2025-08-20 16:59:14
ESS,2025-08-20 16:59:14
INSW,2025-08-20 16:59:14
INV,2025-08-20 16:59:14
OII,2025-08-20 16:59:14
ES,2025-08-20 16:59:14
AFL,2025-08-20 16:59:14
MRK,2025-08-20 16:59:14
IBN,2025-08-20 16:59:14
HURN,2025-08-20 16:59:14
ETN,2025-08-20 16:59:14
HUBS,2025-08-20 16:59:14
MOS,2025-08-20 16:59:14
HRTX,2025-08-20 16:59:14
SRI,2025-08-20 16:59:14
MKC,2025-08-20 16:59:14
MD,2025-08-20 16:59:14
ZTS,2025-08-20 16:59:14
AFGE,2025-08-20 16:59:14
LNG,2025-08-20 16:59:14
MORN,2025-08-20 16:59:14
CI,2025-08-20 16:59:14
CBL,2025-08-20 16:59:14
FBIN,2025-08-20 16:59:14
ASIC,2025-08-20 16:59:14
DRIO,2025-08-20 16:59:14
QVCC,2025-08-20 16:59:14
RBC,2025-08-20 16:59:14
BK,2025-08-20 16:59:14
PRM,2025-08-20 16:59:14
NVS,2025-08-20 16:59:14
MTSI,2025-08-20 16:59:14
SPHR,2025-08-20 16:59:14
MPLX,2025-08-20 16:59:14
CTVA,2025-08-20 16:59:14
TYG,2025-08-20 16:59:14
SDRL,2025-08-20 16:59:14
BFS,2025-08-20 16:59:14
AI,2025-08-20 16:59:14
HESM,2025-08-20 16:59:14
GPI,2025-08-20 16:59:14
VNO,2025-08-20 16:59:14
NOAH,2025-08-20 16:59:14
RHI,2025-08-20 16:59:14
PSA-PI,2025-08-20 16:59:14
HSBC,2025-08-20 16:59:14
SEG,2025-08-20 16:59:14
MIMI,2025-08-20 16:59:14
RMD,2025-08-20 16:59:14
BSY,2025-08-20 16:59:14
CVLG,2025-08-20 16:59:14
ABT,2025-08-20 16:59:14
PPL,2025-08-20 16:59:14
CCK,2025-08-20 16:59:14
EQH,2025-08-20 16:59:14
ALAB,2025-08-20 16:59:14
ICL,2025-08-20 16:59:14
USNA,2025-08-20 16:59:14
TDC,2025-08-20 16:59:14
CIEN,2025-08-20 16:59:14
RBRK,2025-08-20 16:59:14
GTLB,2025-08-20 16:59:14
PERF,2025-08-20 16:59:14
MOH,2025-08-20 16:59:14
LII,2025-08-20 16:59:14
EFTY,2025-08-20 16:59:14
MMM,2025-08-20 16:59:14
SUI,2025-08-20 16:59:14
NVGS,2025-08-20 16:59:14
WIT,2025-08-20 16:59:14
AOS,2025-08-20 16:59:14
TREX,2025-08-20 16:59:14
GSL,2025-08-20 16:59:14
TRAK,2025-08-20 16:59:14
KAR,2025-08-20 16:59:14
OIS,2025-08-20 16:59:14
O,2025-08-20 16:59:14
RSG,2025-08-20 16:59:14
PSN,2025-08-20 16:59:14
GNL-PA,2025-08-20 16:59:14
TNC,2025-08-20 16:59:14
GRPN,2025-08-20 16:59:14
TIMB,2025-08-20 16:59:14
DKL,2025-08-20 16:59:14
DTST,2025-08-20 16:59:14
CNVS,2025-08-20 16:59:14
EDU,2025-08-20 16:59:14
INMD,2025-08-20 16:59:14
PSTL,2025-08-20 16:59:14
ASC,2025-08-20 16:59:14
NXDR,2025-08-20 16:59:14
RNG,2025-08-20 16:59:14
DOCN,2025-08-20 16:59:14
GIC,2025-08-20 16:59:14
AVNS,2025-08-20 16:59:14
GENI,2025-08-20 16:59:14
KAI,2025-08-20 16:59:14
DTB,2025-08-20 16:59:14
NEM,2025-08-20 16:59:14
AMKR,2025-08-20 16:59:14
DOC,2025-08-20 16:59:14
TPC,2025-08-20 16:59:14
HL,2025-08-20 16:59:14
ASH,2025-08-20 16:59:14
CHMI,2025-08-20 16:59:14
PSFE,2025-08-20 16:59:14
BOW,2025-08-20 16:59:14
BLND,2025-08-20 16:59:14
MDV,2025-08-20 16:59:14
ANRO,2025-08-20 16:59:14
SIG,2025-08-20 16:59:14
BG,2025-08-20 16:59:14
ANVS,2025-08-20 16:59:14
AMTB,2025-08-20 16:59:14
ASYS,2025-08-20 16:59:14
TR,2025-08-20 16:59:14
NEUE,2025-08-20 16:59:14
ECX,2025-08-20 16:59:14
CUBI,2025-08-20 16:59:14
TK,2025-08-20 16:59:14
SHAK,2025-08-20 16:59:14
RTO,2025-08-20 16:59:14
CRK,2025-08-20 16:59:14
AIG,2025-08-20 16:59:14
LEA,2025-08-20 16:59:14
AU,2025-08-20 16:59:14
LFUS,2025-08-20 16:59:14
A,2025-08-20 16:59:14
SLQT,2025-08-20 16:59:14
BRDG,2025-08-20 16:59:14
SPR,2025-08-20 16:59:14
JBTM,2025-08-20 16:59:14
SPMC,2025-08-20 16:59:14
REVG,2025-08-20 16:59:14
KKR,2025-08-20 16:59:14
BP,2025-08-20 16:59:14
EXLS,2025-08-20 16:59:14
PSA-PP,2025-08-20 16:59:14
NRG,2025-08-20 16:59:14
ET,2025-08-20 16:59:14
LPG,2025-08-20 16:59:14
PAY,2025-08-20 16:59:14
SF,2025-08-20 16:59:14
YALA,2025-08-20 16:59:14
LFT,2025-08-20 16:59:14
MNMD,2025-08-20 16:59:14
ARAI,2025-08-20 16:59:14
SMR,2025-08-20 16:59:14
SOR,2025-08-20 16:59:14
LUCK,2025-08-20 16:59:14
B,2025-08-20 16:59:14
FI,2025-08-20 16:59:14
EXK,2025-08-20 16:59:14
WES,2025-08-20 16:59:14
VIV,2025-08-20 16:59:14
FBRX,2025-08-20 16:59:14
SKYH,2025-08-20 16:59:14
CTDD,2025-08-20 16:59:14
URI,2025-08-20 16:59:14
ECO,2025-08-20 16:59:14
IRS,2025-08-20 16:59:14
AIV,2025-08-20 16:59:14
UNM,2025-08-20 16:59:14
AUB,2025-08-20 16:59:14
RNGR,2025-08-20 16:59:14
BA,2025-08-20 16:59:14
CSAN,2025-08-20 16:59:14
DAO,2025-08-20 16:59:14
ASA,2025-08-20 16:59:14
CNMD,2025-08-20 16:59:14
FG,2025-08-20 16:59:14
CTO,2025-08-20 16:59:14
BHR,2025-08-20 16:59:14
WRBY,2025-08-20 16:59:14
BANC,2025-08-20 16:59:14
HNGE,2025-08-20 16:59:14
BHFAP,2025-08-20 16:59:14
HWH,2025-08-20 16:59:14
ADT,2025-08-20 16:59:14
IAG,2025-08-20 16:59:14
SOLV,2025-08-20 16:59:14
SSTK,2025-08-20 16:59:14
LPL,2025-08-20 16:59:14
SNAP,2025-08-20 16:59:14
LCNB,2025-08-20 16:59:14
IMMP,2025-08-20 16:59:14
JILL,2025-08-20 16:59:14
SRFM,2025-08-20 16:59:14
SGHC,2025-08-20 16:59:14
JHX,2025-08-20 16:59:14
MNTS,2025-08-20 16:59:14
UMC,2025-08-20 16:59:14
TAL,2025-08-20 16:59:14
SLG,2025-08-20 16:59:14
FOR,2025-08-20 16:59:14
INGR,2025-08-20 16:59:14
SCHW-PD,2025-08-20 16:59:14
SDHC,2025-08-20 16:59:14
ANIK,2025-08-20 16:59:14
SITE,2025-08-20 16:59:14
SLF,2025-08-20 16:59:14
FIHL,2025-08-20 16:59:14
EW,2025-08-20 16:59:14
RPT,2025-08-20 16:59:14
CBSH,2025-08-20 16:59:14
CRBG,2025-08-20 16:59:14
NTR,2025-08-20 16:59:14
CMBM,2025-08-20 16:59:14
DOV,2025-08-20 16:59:14
CAI,2025-08-20 16:59:14
HNI,2025-08-20 16:59:14
BZ,2025-08-20 16:59:14
BCH,2025-08-20 16:59:14
SMP,2025-08-20 16:59:14
BALY,2025-08-20 16:59:14
CMA,2025-08-20 16:59:14
SID,2025-08-20 16:59:14
BB,2025-08-20 16:59:14
AXTA,2025-08-20 16:59:14
CNM,2025-08-20 16:59:14
BMEA,2025-08-20 16:59:14
DCO,2025-08-20 16:59:14
PFGC,2025-08-20 16:59:14
AKBA,2025-08-20 16:59:14
NCDL,2025-08-20 16:59:14
BIP,2025-08-20 16:59:14
TIC,2025-08-20 16:59:14
ADI,2025-08-20 16:59:14
NBR,2025-08-20 16:59:14
BUD,2025-08-20 16:59:14
AEO,2025-08-20 16:59:14
CINT,2025-08-20 16:59:14
BILI,2025-08-20 16:59:14
VNT,2025-08-20 16:59:14
FNB,2025-08-20 16:59:14
ATAT,2025-08-20 16:59:14
FSLR,2025-08-20 16:59:14
EPRT,2025-08-20 16:59:14
TAP,2025-08-20 16:59:14
FSK,2025-08-20 16:59:14
CHWY,2025-08-20 16:59:14
DTM,2025-08-20 16:59:14
DRD,2025-08-20 16:59:14
DEC,2025-08-20 16:59:14
CIB,2025-08-20 16:59:14
TFX,2025-08-20 16:59:14
AD,2025-08-20 16:59:14
MOMO,2025-08-20 16:59:14
BFLY,2025-08-20 16:59:14
USB-PS,2025-08-20 16:59:14
CRWD,2025-08-20 16:59:14
CTS,2025-08-20 16:59:14
PHIN,2025-08-20 16:59:14
CTRA,2025-08-20 16:59:14
CTRI,2025-08-20 16:59:14
CDP,2025-08-20 16:59:14
STT-PG,2025-08-20 16:59:14
TVC,2025-08-20 16:59:14
PHM,2025-08-20 16:59:14
IRT,2025-08-20 16:59:14
OXM,2025-08-20 16:59:14
RJF,2025-08-20 16:59:14
SUZ,2025-08-20 16:59:14
PBR-A,2025-08-20 16:59:14
PSA,2025-08-20 16:59:14
CSR,2025-08-20 16:59:14
NYT,2025-08-20 16:59:14
PDS,2025-08-20 16:59:14
WSR,2025-08-20 16:59:14
OLP,2025-08-20 16:59:14
COHR,2025-08-20 16:59:14
AJG,2025-08-20 16:59:14
SYY,2025-08-20 16:59:14
BXMT,2025-08-20 16:59:14
ASPN,2025-08-20 16:59:14
GEO,2025-08-20 16:59:14
CEPU,2025-08-20 16:59:14
SILA,2025-08-20 16:59:14
ADUS,2025-08-20 16:59:14
FNF,2025-08-20 16:59:14
VAC,2025-08-20 16:59:14
CC,2025-08-20 16:59:14
CWH,2025-08-20 16:59:14
ARDT,2025-08-20 16:59:14
CRS,2025-08-20 16:59:14
CRIS,2025-08-20 16:59:14
KURA,2025-08-20 16:59:14
USFD,2025-08-20 16:59:14
AES,2025-08-20 16:59:14
ALRS,2025-08-20 16:59:14
CREG,2025-08-20 16:59:14
DCOM,2025-08-20 16:59:14
AHCO,2025-08-20 16:59:14
DBX,2025-08-20 16:59:14
AFG,2025-08-20 16:59:14
AGM,2025-08-20 16:59:14
THC,2025-08-20 16:59:14
SJM,2025-08-20 16:59:14
ALK,2025-08-20 16:59:14
CRDF,2025-08-20 16:59:14
CDZI,2025-08-20 16:59:14
SNDR,2025-08-20 16:59:14
DIN,2025-08-20 16:59:14
BAC-PS,2025-08-20 16:59:14
ARKO,2025-08-20 16:59:14
AMCX,2025-08-20 16:59:14
BF-B,2025-08-20 16:59:14
CHT,2025-08-20 16:59:14
CANG,2025-08-20 16:59:14
BN,2025-08-20 16:59:14
BML-PG,2025-08-20 16:59:14
APG,2025-08-20 16:59:14
ASGN,2025-08-20 16:59:14
BOC,2025-08-20 16:59:14
CCSI,2025-08-20 16:59:14
NRDY,2025-08-20 16:59:14
BKU,2025-08-20 16:59:14
BAP,2025-08-20 16:59:14
SAM,2025-08-20 16:59:14
OWLT,2025-08-20 16:59:14
MPW,2025-08-20 16:59:14
MFAN,2025-08-20 16:59:14
MSDL,2025-08-20 16:59:14
MOG-A,2025-08-20 16:59:14
UE,2025-08-20 16:59:14
TEO,2025-08-20 16:59:14
MITT,2025-08-20 16:59:14
MIR,2025-08-20 16:59:14
TBBB,2025-08-20 16:59:14
TT,2025-08-20 16:59:14
MODG,2025-08-20 16:59:14
TX,2025-08-20 16:59:14
MDXG,2025-08-20 16:59:14
MARA,2025-08-20 16:59:14
ULS,2025-08-20 16:59:14
TAC,2025-08-20 16:59:14
MATX,2025-08-20 16:59:14
UNH,2025-08-20 16:59:14
MAC,2025-08-20 16:59:14
LYG,2025-08-20 16:59:14
LW,2025-08-20 16:59:14
MIND,2025-08-20 16:59:14
LUNG,2025-08-20 16:59:14
TTE,2025-08-20 16:59:14
SYF-PB,2025-08-20 16:59:14
META,2025-08-20 16:59:14
MCHP,2025-08-20 16:59:14
KYTX,2025-08-20 16:59:14
LAD,2025-08-20 16:59:14
LUMN,2025-08-20 16:59:14
SXC,2025-08-20 16:59:14
STVN,2025-08-20 16:59:14
KITT,2025-08-20 16:59:14
KR,2025-08-20 16:59:14
TKO,2025-08-20 16:59:14
MSA,2025-08-20 16:59:14
TTAM,2025-08-20 16:59:14
VATE,2025-08-20 16:59:14
TEX,2025-08-20 16:59:14
TD,2025-08-20 16:59:14
TNL,2025-08-20 16:59:14
KIM,2025-08-20 16:59:14
MTRN,2025-08-20 16:59:14
JKS,2025-08-20 16:59:14
TU,2025-08-20 16:59:14
SSB,2025-08-20 16:59:14
TV,2025-08-20 16:59:14
SMWB,2025-08-20 16:59:14
SON,2025-08-20 16:59:14
TFC-PI,2025-08-20 16:59:14
SMBK,2025-08-20 16:59:14
UDR,2025-08-20 16:59:14
TUYA,2025-08-20 16:59:14
TSM,2025-08-20 16:59:14
PRG,2025-08-20 16:59:14
TGT,2025-08-20 16:59:14
PNC,2025-08-20 16:59:14
QSR,2025-08-20 16:59:14
PNW,2025-08-20 16:59:14
OPAD,2025-08-20 16:59:14
OGE,2025-08-20 16:59:14
PEB,2025-08-20 16:59:14
PBA,2025-08-20 16:59:14
ICON,2025-08-20 16:59:14
NUVB,2025-08-20 16:59:14
GNE,2025-08-20 16:59:14
OBDC,2025-08-20 16:59:14
PACK,2025-08-20 16:59:14
DEO,2025-08-20 16:59:14
NPKI,2025-08-20 16:59:14
WEX,2025-08-20 16:59:14
OMF,2025-08-20 16:59:14
EEX,2025-08-20 16:59:14
WF,2025-08-20 16:59:14
NPK,2025-08-20 16:59:14
OLN,2025-08-20 16:59:14
WFC-PA,2025-08-20 16:59:14
OFG,2025-08-20 16:59:14
HUM,2025-08-20 16:59:14
ENB,2025-08-20 16:59:14
OCFT,2025-08-20 16:59:14
WDH,2025-08-20 16:59:14
NMR,2025-08-20 16:59:14
NMM,2025-08-20 16:59:14
JJSF,2025-08-20 16:59:14
NIO,2025-08-20 16:59:14
NINE,2025-08-20 16:59:14
AVT,2025-08-20 16:59:14
GIL,2025-08-20 16:59:14
AGIO,2025-08-20 16:59:14
NGVC,2025-08-20 16:59:14
NHI,2025-08-20 16:59:14
NAT,2025-08-20 16:59:14
ELME,2025-08-20 16:59:14
SM,2025-08-20 16:59:14
ACLX,2025-08-20 16:59:14
HLX,2025-08-20 16:59:14
NABL,2025-08-20 16:59:14
ACVA,2025-08-20 16:59:14
RF,2025-08-20 16:59:14
SKE,2025-08-20 16:59:14
ZH,2025-08-20 16:59:14
CARR,2025-08-20 16:59:14
LAUR,2025-08-20 16:59:14
HD,2025-08-20 16:59:14
CNA,2025-08-20 16:59:14
BTCM,2025-08-20 16:59:14
HEI,2025-08-20 16:59:14
COF,2025-08-20 16:59:14
BCC,2025-08-20 16:59:14
CDTG,2025-08-20 16:59:14
YELP,2025-08-20 16:59:14
KRYS,2025-08-20 16:59:14
CDT,2025-08-20 16:59:14
HCC,2025-08-20 16:59:14
KOF,2025-08-20 16:59:14
BKE,2025-08-20 16:59:14
XPEV,2025-08-20 16:59:14
XYL,2025-08-20 16:59:14
KNTK,2025-08-20 16:59:14
ZIP,2025-08-20 16:59:14
KODK,2025-08-20 16:59:14
WTTR,2025-08-20 16:59:14
WRB-PF,2025-08-20 16:59:14
ZETA,2025-08-20 16:59:14
KSCP,2025-08-20 16:59:14
WPP,2025-08-20 16:59:14
KRNY,2025-08-20 16:59:14
WHD,2025-08-20 16:59:14
HBNB,2025-08-20 16:59:14
KRO,2025-08-20 16:59:14
KGS,2025-08-20 16:59:14
WCN,2025-08-20 16:59:14
WDS,2025-08-20 16:59:14
GWW,2025-08-20 16:59:14
KEP,2025-08-20 16:59:14
GWRS,2025-08-20 16:59:14
VEL,2025-08-20 16:59:14
WAL-PA,2025-08-20 16:59:14
CMTG,2025-08-20 16:59:14
HIMS,2025-08-20 16:59:14
HRI,2025-08-20 16:59:14
L,2025-08-20 16:59:14
HRZN,2025-08-20 16:59:14
GTLS,2025-08-20 16:59:14
HDB,2025-08-20 16:59:14
GTN,2025-08-20 16:59:14
GTEC,2025-08-20 16:59:14
CIG,2025-08-20 16:59:14
GPN,2025-08-20 16:59:14
LNN,2025-08-20 16:59:14
KRMN,2025-08-20 16:59:14
GS,2025-08-20 16:59:14
HOV,2025-08-20 16:59:14
GPOR,2025-08-20 16:59:14
HQH,2025-08-20 16:59:14
GNRC,2025-08-20 16:59:14
GNW,2025-08-20 16:59:14
GNTY,2025-08-20 16:59:14
GMHS,2025-08-20 16:59:14
GDDY,2025-08-20 16:59:14
INVH,2025-08-20 16:59:14
ESNT,2025-08-20 16:59:14
GTX,2025-08-20 16:59:14
ESI,2025-08-20 16:59:14
IT,2025-08-20 16:59:14
JNJ,2025-08-20 16:59:14
GHC,2025-08-20 16:59:14
FRGT,2025-08-20 16:59:14
EQH-PC,2025-08-20 16:59:14
HTGC,2025-08-20 16:59:14
HSY,2025-08-20 16:59:14
GBLI,2025-08-20 16:59:14
HSTM,2025-08-20 16:59:14
EOG,2025-08-20 16:59:14
HTH,2025-08-20 16:59:14
ITT,2025-08-20 16:59:14
ELVN,2025-08-20 16:59:14
FMBH,2025-08-20 16:59:14
DLTH,2025-08-20 16:59:14
ICUI,2025-08-20 16:59:14
HURA,2025-08-20 16:59:14
FDS,2025-08-20 16:59:14
IPI,2025-08-20 16:59:14
EARN,2025-08-20 16:59:14
DCI,2025-08-20 16:59:14
HURC,2025-08-20 16:59:14
DBI,2025-08-20 16:59:14
INLF,2025-08-20 16:59:14
IMTX,2025-08-20 16:59:14
CYH,2025-08-20 16:59:14
INFA,2025-08-20 16:59:14
FLOC,2025-08-20 16:59:14
ICLR,2025-08-20 16:59:14
GRMN,2025-08-20 16:59:14
IIIN,2025-08-20 16:59:14
GRC,2025-08-20 16:59:14
IDT,2025-08-20 16:59:14
INVX,2025-08-20 16:59:14
IFS,2025-08-20 16:59:14
GPRK,2025-08-20 16:59:14
ERO,2025-08-20 16:59:14
OHI,2025-08-20 16:59:14
CLFD,2025-08-20 16:59:14
CURB,2025-08-20 16:59:14
BIAF,2025-08-20 16:59:14
GES,2025-08-20 16:59:14
CSW,2025-08-20 16:59:14
ACEL,2025-08-20 16:59:14
IH,2025-08-20 16:59:14
KMRK,2025-08-20 16:59:14
FBP,2025-08-20 16:59:14
CAE,2025-08-20 16:59:14
AXS,2025-08-20 16:59:14
OTIS,2025-08-20 16:59:14
PSA-PK,2025-08-20 16:59:14
PGR,2025-08-20 16:59:14
ICFI,2025-08-20 16:59:14
ELAN,2025-08-20 16:59:14
DTE,2025-08-20 16:59:14
AHH,2025-08-20 16:59:14
MAGN,2025-08-20 16:59:14
EDHL,2025-08-20 16:59:14
BLX,2025-08-20 16:59:14
HLF,2025-08-20 16:59:14
COOK,2025-08-20 16:59:14
CCJ,2025-08-20 16:59:14
CALX,2025-08-20 16:59:14
AEG,2025-08-20 16:59:14
AEFC,2025-08-20 16:59:14
BV,2025-08-20 16:59:14
PRI,2025-08-20 16:59:14
AGYS,2025-08-20 16:59:14
LBRDA,2025-08-20 16:59:14
AEE,2025-08-20 16:59:14
BIRK,2025-08-20 16:59:14
FROG,2025-08-20 16:59:14
FCCO,2025-08-20 16:59:14
BMI,2025-08-20 16:59:14
KFY,2025-08-20 16:59:14
ELV,2025-08-20 16:59:14
NOC,2025-08-20 16:59:14
GLOB,2025-08-20 16:59:14
AIN,2025-08-20 16:59:14
ABBV,2025-08-20 16:59:14
AGO,2025-08-20 16:59:14
HBI,2025-08-20 16:59:14
MTAL,2025-08-20 16:59:14
AFCG,2025-08-20 16:59:14
PBI-PB,2025-08-20 16:59:14
VFC,2025-08-20 16:59:14
CRSP,2025-08-20 16:59:14
PAGS,2025-08-20 16:59:14
CBNA,2025-08-20 16:59:14
MOV,2025-08-20 16:59:14
AHL,2025-08-20 16:59:14
BHLB,2025-08-20 16:59:14
SPH,2025-08-20 16:59:14
ALIT,2025-08-20 16:59:14
ARAY,2025-08-20 16:59:14
BZH,2025-08-20 16:59:14
AACT,2025-08-20 16:59:14
ARM,2025-08-20 16:59:14
CXM,2025-08-20 16:59:14
SEM,2025-08-20 16:59:14
XPO,2025-08-20 16:59:14
GHM,2025-08-20 16:59:14
DV,2025-08-20 16:59:14
TRTX,2025-08-20 16:59:14
BXC,2025-08-20 16:59:14
NGG,2025-08-20 16:59:14
ESPR,2025-08-20 16:59:14
CASK,2025-08-20 16:59:14
MVST,2025-08-20 16:59:14
SHO,2025-08-20 16:59:14
DUK,2025-08-20 16:59:14
BIRD,2025-08-20 16:59:14
NTB,2025-08-20 16:59:14
CRGY,2025-08-20 16:59:14
OSK,2025-08-20 16:59:14
AUTL,2025-08-20 16:59:14
SXT,2025-08-20 16:59:14
ARIS,2025-08-20 16:59:14
PBR,2025-08-20 16:59:14
SUPV,2025-08-20 16:59:14
D,2025-08-20 16:59:14
MDT,2025-08-20 16:59:14
MCB,2025-08-20 16:59:14
MGM,2025-08-20 16:59:14
AIRE,2025-08-20 16:59:14
PL,2025-08-20 16:59:14
PKX,2025-08-20 16:59:14
LSTR,2025-08-20 16:59:14
TTC,2025-08-20 16:59:14
COTY,2025-08-20 16:59:14
SWK,2025-08-20 16:59:14
CBU,2025-08-20 16:59:14
ALLY,2025-08-20 16:59:14
CVI,2025-08-20 16:59:14
CMPX,2025-08-20 16:59:14
U,2025-08-20 16:59:14
RDY,2025-08-20 16:59:14
UMH,2025-08-20 16:59:14
UBS,2025-08-20 16:59:14
LEG,2025-08-20 16:59:14
LPRO,2025-08-20 16:59:14
AMTX,2025-08-20 16:59:14
FIS,2025-08-20 16:59:14
OR,2025-08-20 16:59:14
NL,2025-08-20 16:59:14
APH,2025-08-20 16:59:14
AMPL,2025-08-20 16:59:14
EVEX,2025-08-20 16:59:14
MFG,2025-08-20 16:59:14
SKX,2025-08-20 16:59:14
PIPR,2025-08-20 16:59:14
VNO-PN,2025-08-20 16:59:14
POST,2025-08-20 16:59:14
SCS,2025-08-20 16:59:14
LEGH,2025-08-20 16:59:14
SHO-PH,2025-08-20 16:59:14
MOD,2025-08-20 16:59:14
RDN,2025-08-20 16:59:14
FSCO,2025-08-20 16:59:14
OKE,2025-08-20 16:59:14
HAE,2025-08-20 16:59:14
FHTX,2025-08-20 16:59:14
VSH,2025-08-20 16:59:14
RACE,2025-08-20 16:59:14
FINW,2025-08-20 16:59:14
BWXT,2025-08-20 16:59:14
OI,2025-08-20 16:59:14
SNA,2025-08-20 16:59:14
RTX,2025-08-20 16:59:14
PFSI,2025-08-20 16:59:14
CW,2025-08-20 16:59:14
EMR,2025-08-20 16:59:14
MIAX,2025-08-20 16:59:14
CWAN,2025-08-20 16:59:14
RDW,2025-08-20 16:59:14
SNV,2025-08-20 16:59:14
PKG,2025-08-20 16:59:14
FIX,2025-08-20 16:59:14
EIG,2025-08-20 16:59:14
EPAC,2025-08-20 16:59:14
RIG,2025-08-20 16:59:14
NE,2025-08-20 16:59:14
OPFI,2025-08-20 16:59:14
QVCD,2025-08-20 16:59:14
IHS,2025-08-20 16:59:14
ENOV,2025-08-20 16:59:14
TWO,2025-08-20 16:59:14
CLLS,2025-08-20 16:59:14
KHC,2025-08-20 16:59:14
QD,2025-08-20 16:59:14
AMBC,2025-08-20 16:59:14
MNSO,2025-08-20 16:59:14
RWT,2025-08-20 16:59:14
CZR,2025-08-20 16:59:14
DBD,2025-08-20 16:59:14
SFBS,2025-08-20 16:59:14
DSX,2025-08-20 16:59:14
E,2025-08-20 16:59:14
NEU,2025-08-20 16:59:14
CWT,2025-08-20 16:59:14
CFR,2025-08-20 16:59:14
RHP,2025-08-20 16:59:14
GFL,2025-08-20 16:59:14
CLPT,2025-08-20 16:59:14
PX,2025-08-20 16:59:14
EHAB,2025-08-20 16:59:14
ATHM,2025-08-20 16:59:14
VSCO,2025-08-20 16:59:14
CLNN,2025-08-20 16:59:14
WTS,2025-08-20 16:59:14
VYX,2025-08-20 16:59:14
HIPO,2025-08-20 16:59:14
TOL,2025-08-20 16:59:14
SEE,2025-08-20 16:59:14
ALZN,2025-08-20 16:59:14
DAY,2025-08-20 16:59:14
GATX,2025-08-20 16:59:14
DNA,2025-08-20 16:59:14
AGL,2025-08-20 16:59:14
JOBY,2025-08-20 16:59:14
BSX,2025-08-20 16:59:14
ITUB,2025-08-20 16:59:14
CQP,2025-08-20 16:59:14
DVN,2025-08-20 16:59:14
CP,2025-08-20 16:59:14
RNST,2025-08-20 16:59:14
ANTE,2025-08-20 16:59:14
CIA,2025-08-20 16:59:14
NIC,2025-08-20 16:59:14
COMP,2025-08-20 16:59:14
QGEN,2025-08-20 16:59:14
EICC,2025-08-20 16:59:14
NXN,2025-08-20 16:59:14
OPY,2025-08-20 16:59:14
GME,2025-08-20 16:59:14
GNL-PD,2025-08-20 16:59:14
CSPI,2025-08-20 16:59:14
CTEV,2025-08-20 16:59:14
CTBB,2025-08-20 16:59:14
RS,2025-08-20 16:59:14
AMD,2025-08-20 16:59:14
WAB,2025-08-20 16:59:14
BAER,2025-08-20 16:59:14
CPRI,2025-08-20 16:59:14
GD,2025-08-20 16:59:14
CUZ,2025-08-20 16:59:14
CLS,2025-08-20 16:59:14
RRX,2025-08-20 16:59:14
ALKT,2025-08-20 16:59:14
CVE,2025-08-20 16:59:14
ATMU,2025-08-20 16:59:14
LE,2025-08-20 16:59:14
ADNT,2025-08-20 16:59:14
BBDC,2025-08-20 16:59:14
AVA,2025-08-20 16:59:14
PRDO,2025-08-20 16:59:14
AVY,2025-08-20 16:59:14
YRD,2025-08-20 16:59:14
VREX,2025-08-20 16:59:14
APPS,2025-08-20 16:59:14
LITM,2025-08-20 16:59:14
CNNE,2025-08-20 16:59:14
ADTX,2025-08-20 16:59:14
STC,2025-08-20 16:59:14
BBD,2025-08-20 16:59:14
ALNY,2025-08-20 16:59:14
PCTY,2025-08-20 16:59:14
UIS,2025-08-20 16:59:14
ING,2025-08-20 16:59:14
ITGR,2025-08-20 16:59:14
SG,2025-08-20 16:59:14
ALGT,2025-08-20 16:59:14
FND,2025-08-20 16:59:14
INGN,2025-08-20 16:59:14
QBTS,2025-08-20 16:59:14
FTI,2025-08-20 16:59:14
PSA-PO,2025-08-20 16:59:14
DVLT,2025-08-20 16:59:14
EVOK,2025-08-20 16:59:14
W,2025-08-20 16:59:14
SRG,2025-08-20 16:59:14
ESTA,2025-08-20 16:59:14
KNOP,2025-08-20 16:59:14
SQNS,2025-08-20 16:59:14
FICO,2025-08-20 16:59:14
PKST,2025-08-20 16:59:14
ONDS,2025-08-20 16:59:14
GNL-PE,2025-08-20 16:59:14
CAMT,2025-08-20 16:59:14
AUGO,2025-08-20 16:59:14
SMC,2025-08-20 16:59:14
CLAR,2025-08-20 16:59:14
CDLX,2025-08-20 16:59:14
APLT,2025-08-20 16:59:14
AARD,2025-08-20 16:59:14
BBAR,2025-08-20 16:59:14
WSM,2025-08-20 16:59:14
BZAI,2025-08-20 16:59:14
EL,2025-08-20 16:59:14
FNKO,2025-08-20 16:59:14
EC,2025-08-20 16:59:14
CHDN,2025-08-20 16:59:14
TISI,2025-08-20 16:59:14
PPG,2025-08-20 16:59:14
USB-PP,2025-08-20 16:59:14
AWK,2025-08-20 16:59:14
KG,2025-08-20 16:59:14
SD,2025-08-20 16:59:14
NATL,2025-08-20 16:59:14
SNN,2025-08-20 16:59:14
OUT,2025-08-20 16:59:14
VTOL,2025-08-20 16:59:14
PARR,2025-08-20 16:59:14
DFH,2025-08-20 16:59:14
FIGS,2025-08-20 16:59:14
EKSO,2025-08-20 16:59:14
FVRR,2025-08-20 16:59:14
ACTU,2025-08-20 16:59:14
BUR,2025-08-20 16:59:14
EDN,2025-08-20 16:59:14
HAL,2025-08-20 16:59:14
BDN,2025-08-20 16:59:14
ALVO,2025-08-20 16:59:14
ANET,2025-08-20 16:59:14
BYSI,2025-08-20 16:59:14
ADSK,2025-08-20 16:59:14
MATV,2025-08-20 16:59:14
LCUT,2025-08-20 16:59:14
TLK,2025-08-20 16:59:14
TCX,2025-08-20 16:59:14
CRESY,2025-08-20 16:59:14
DPRO,2025-08-20 16:59:14
SKT,2025-08-20 16:59:14
ABCB,2025-08-20 16:59:14
SI,2025-08-20 16:59:14
CMCO,2025-08-20 16:59:14
RZLT,2025-08-20 16:59:14
PBYI,2025-08-20 16:59:14
ATRO,2025-08-20 16:59:14
PLBC,2025-08-20 16:59:14
BCYC,2025-08-20 16:59:14
PAYO,2025-08-20 16:59:14
NRDS,2025-08-20 16:59:14
ODD,2025-08-20 16:59:14
MVBF,2025-08-20 16:59:14
AIOT,2025-08-20 16:59:14
ANGH,2025-08-20 16:59:14
NEOG,2025-08-20 16:59:14
APVO,2025-08-20 16:59:14
MPWR,2025-08-20 16:59:14
MMYT,2025-08-20 16:59:14
STN,2025-08-20 16:59:14
ADUR,2025-08-20 16:59:14
NIXX,2025-08-20 16:59:14
ROP,2025-08-20 16:59:14
SPCB,2025-08-20 16:59:14
SVCO,2025-08-20 16:59:14
CORT,2025-08-20 16:59:14
FITBI,2025-08-20 16:59:14
EPSN,2025-08-20 16:59:14
MSEX,2025-08-20 16:59:14
MSS,2025-08-20 16:59:14
FULC,2025-08-20 16:59:14
PDEX,2025-08-20 16:59:14
MFIC,2025-08-20 16:59:14
MEDP,2025-08-20 16:59:14
EPSM,2025-08-20 16:59:14
PRFX,2025-08-20 16:59:14
RR,2025-08-20 16:59:14
VKTX,2025-08-20 16:59:14
VRME,2025-08-20 16:59:14
ODP,2025-08-20 16:59:14
TRAW,2025-08-20 16:59:14
VSTM,2025-08-20 16:59:14
ELPW,2025-08-20 16:59:14
OCSL,2025-08-20 16:59:14
PODC,2025-08-20 16:59:14
PHIO,2025-08-20 16:59:14
MDB,2025-08-20 16:59:14
PCVX,2025-08-20 16:59:14
MDAI,2025-08-20 16:59:14
BGM,2025-08-20 16:59:14
SMTC,2025-08-20 16:59:14
MBLY,2025-08-20 16:59:14
MAZE,2025-08-20 16:59:14
PBFS,2025-08-20 16:59:14
PEBK,2025-08-20 16:59:14
IINN,2025-08-20 16:59:14
SOWG,2025-08-20 16:59:14
OPRA,2025-08-20 16:59:14
HONE,2025-08-20 16:59:14
JKHY,2025-08-20 16:59:14
INOD,2025-08-20 16:59:14
AVBP,2025-08-20 16:59:14
GLSI,2025-08-20 16:59:14
CSTE,2025-08-20 16:59:14
ACHV,2025-08-20 16:59:14
CASI,2025-08-20 16:59:14
CDW,2025-08-20 16:59:14
AXON,2025-08-20 16:59:14
CRWV,2025-08-20 16:59:14
SUNS,2025-08-20 16:59:14
ACIC,2025-08-20 16:59:14
COKE,2025-08-20 16:59:14
EEFT,2025-08-20 16:59:14
EMPD,2025-08-20 16:59:14
DRS,2025-08-20 16:59:14
ENGS,2025-08-20 16:59:14
EWCZ,2025-08-20 16:59:14
ENTA,2025-08-20 16:59:14
TSSI,2025-08-20 16:59:14
ARBE,2025-08-20 16:59:14
CNXC,2025-08-20 16:59:14
CART,2025-08-20 16:59:14
CASH,2025-08-20 16:59:14
AVO,2025-08-20 16:59:14
TLN,2025-08-20 16:59:14
CCRN,2025-08-20 16:59:14
CRWS,2025-08-20 16:59:14
SBRA,2025-08-20 16:59:14
BWIN,2025-08-20 16:59:14
BSGM,2025-08-20 16:59:14
CHSN,2025-08-20 16:59:14
BMRN,2025-08-20 16:59:14
CEPO,2025-08-20 16:59:14
AKRO,2025-08-20 16:59:14
RECT,2025-08-20 16:59:14
CMRC,2025-08-20 16:59:14
LPTH,2025-08-20 16:59:14
LWAY,2025-08-20 16:59:14
LTRX,2025-08-20 16:59:14
LPTX,2025-08-20 16:59:14
MASI,2025-08-20 16:59:14
KALV,2025-08-20 16:59:14
LRCX,2025-08-20 16:59:14
PTHL,2025-08-20 16:59:14
FOX,2025-08-20 16:59:14
FSUN,2025-08-20 16:59:14
GLPG,2025-08-20 16:59:14
AAOI,2025-08-20 16:59:14
ACET,2025-08-20 16:59:14
AKAM,2025-08-20 16:59:14
GCT,2025-08-20 16:59:14
ASBP,2025-08-20 16:59:14
FLGT,2025-08-20 16:59:14
EXPI,2025-08-20 16:59:14
CCB,2025-08-20 16:59:14
FFIV,2025-08-20 16:59:14
FRAF,2025-08-20 16:59:14
DLTR,2025-08-20 16:59:14
ABP,2025-08-20 16:59:14
FLD,2025-08-20 16:59:14
ILMN,2025-08-20 16:59:14
ERAS,2025-08-20 16:59:14
ETON,2025-08-20 16:59:14
CGNT,2025-08-20 16:59:14
SPFI,2025-08-20 16:59:14
ETOR,2025-08-20 16:59:14
ASND,2025-08-20 16:59:14
PMAX,2025-08-20 16:59:14
IHRT,2025-08-20 16:59:14
EXEL,2025-08-20 16:59:14
SNWV,2025-08-20 16:59:14
MSPR,2025-08-20 16:59:14
BWB,2025-08-20 16:59:14
BWFG,2025-08-20 16:59:14
BVS,2025-08-20 16:59:14
CYBR,2025-08-20 16:59:14
BSLK,2025-08-20 16:59:14
VRDN,2025-08-20 16:59:14
COO,2025-08-20 16:59:14
GDRX,2025-08-20 16:59:14
CETX,2025-08-20 16:59:14
AEBI,2025-08-20 16:59:14
MRKR,2025-08-20 16:59:14
BJRI,2025-08-20 16:59:14
TATT,2025-08-20 16:59:14
GNTX,2025-08-20 16:59:14
FBLA,2025-08-20 16:59:14
GOCO,2025-08-20 16:59:14
CRDO,2025-08-20 16:59:14
NXTC,2025-08-20 16:59:14
DSGR,2025-08-20 16:59:14
BGFV,2025-08-20 16:59:14
SGRY,2025-08-20 16:59:14
TENX,2025-08-20 16:59:14
FLXS,2025-08-20 16:59:14
EYE,2025-08-20 16:59:14
IBRX,2025-08-20 16:59:14
DTSS,2025-08-20 16:59:14
BOSC,2025-08-20 16:59:14
AAL,2025-08-20 16:59:14
KALA,2025-08-20 16:59:14
LFST,2025-08-20 16:59:14
ETHZW,2025-08-20 16:59:14
VEON,2025-08-20 16:59:14
INKT,2025-08-20 16:59:14
KMDA,2025-08-20 16:59:14
ATXG,2025-08-20 16:59:14
IMDX,2025-08-20 16:59:14
XXII,2025-08-20 16:59:14
WHG,2025-08-20 16:59:14
ICU,2025-08-20 16:59:14
TBLA,2025-08-20 16:59:14
KLRS,2025-08-20 16:59:14
IOBT,2025-08-20 16:59:14
TBH,2025-08-20 16:59:14
THRM,2025-08-20 16:59:14
TECH,2025-08-20 16:59:14
INTZ,2025-08-20 16:59:14
WALD,2025-08-20 16:59:14
IMNN,2025-08-20 16:59:14
IBKR,2025-08-20 16:59:14
WDFC,2025-08-20 16:59:14
HTCR,2025-08-20 16:59:14
HIND,2025-08-20 16:59:14
TNON,2025-08-20 16:59:14
LGHL,2025-08-20 16:59:14
TMDX,2025-08-20 16:59:14
URGN,2025-08-20 16:59:14
IBG,2025-08-20 16:59:14
XBIT,2025-08-20 16:59:14
HBNC,2025-08-20 16:59:14
ODYS,2025-08-20 16:59:14
GTI,2025-08-20 16:59:14
UBFO,2025-08-20 16:59:14
VMEO,2025-08-20 16:59:14
USGO,2025-08-20 16:59:14
HAIN,2025-08-20 16:59:14
TWST,2025-08-20 16:59:14
GRFS,2025-08-20 16:59:14
TROW,2025-08-20 16:59:14
ATER,2025-08-20 16:59:14
WHLRD,2025-08-20 16:59:14
FNGR,2025-08-20 16:59:14
ALMS,2025-08-20 16:59:14
CELU,2025-08-20 16:59:14
RBCAA,2025-08-20 16:59:14
EWBC,2025-08-20 16:59:14
ANTX,2025-08-20 16:59:14
BRZE,2025-08-20 16:59:14
SIGA,2025-08-20 16:59:14
HAFC,2025-08-20 16:59:14
RVYL,2025-08-20 16:59:14
SERA,2025-08-20 16:59:14
CECO,2025-08-20 16:59:14
PLUS,2025-08-20 16:59:14
BKR,2025-08-20 16:59:14
JACK,2025-08-20 16:59:14
MWYN,2025-08-20 16:59:14
AVAH,2025-08-20 16:59:14
OPK,2025-08-20 16:59:14
SINT,2025-08-20 16:59:14
AMBR,2025-08-20 16:59:14
TAYD,2025-08-20 16:59:14
IMXI,2025-08-20 16:59:14
ACB,2025-08-20 16:59:14
SEVN,2025-08-20 16:59:14
GIFT,2025-08-20 16:59:14
DXPE,2025-08-20 16:59:14
CLMB,2025-08-20 16:59:14
APPF,2025-08-20 16:59:14
ENTX,2025-08-20 16:59:14
SNDL,2025-08-20 16:59:14
RUSHA,2025-08-20 16:59:14
DEFT,2025-08-20 16:59:14
BIVI,2025-08-20 16:59:14
NB,2025-08-20 16:59:14
APA,2025-08-20 16:59:14
ABVC,2025-08-20 16:59:14
BDMD,2025-08-20 16:59:14
PRQR,2025-08-20 16:59:14
PRPH,2025-08-20 16:59:14
RDVT,2025-08-20 16:59:14
BNC,2025-08-20 16:59:14
SMPL,2025-08-20 16:59:14
AIRS,2025-08-20 16:59:14
REE,2025-08-20 16:59:14
CUPR,2025-08-20 16:59:14
RITR,2025-08-20 16:59:14
LFVN,2025-08-20 16:59:14
FTCI,2025-08-20 16:59:14
CSCO,2025-08-20 16:59:14
MJID,2025-08-20 16:59:14
YB,2025-08-20 16:59:14
SORA,2025-08-20 16:59:14
VIVK,2025-08-20 16:59:14
CHEF,2025-08-20 16:59:14
SBFG,2025-08-20 16:59:14
SLS,2025-08-20 16:59:14
HIFS,2025-08-20 16:59:14
NBBK,2025-08-20 16:59:14
METC,2025-08-20 16:59:14
JANX,2025-08-20 16:59:14
FWONA,2025-08-20 16:59:14
MLEC,2025-08-20 16:59:14
VICR,2025-08-20 16:59:14
XNET,2025-08-20 16:59:14
MCRB,2025-08-20 16:59:14
DOMO,2025-08-20 16:59:14
COCO,2025-08-20 16:59:14
AOSL,2025-08-20 16:59:14
BPOP,2025-08-20 16:59:14
DOMH,2025-08-20 16:59:14
ACRS,2025-08-20 16:59:14
KARO,2025-08-20 16:59:14
UCTT,2025-08-20 16:59:14
CSGS,2025-08-20 16:59:14
OTTR,2025-08-20 16:59:14
LPSN,2025-08-20 16:59:14
ABSI,2025-08-20 16:59:14
ENSC,2025-08-20 16:59:14
MGRX,2025-08-20 16:59:14
RVSB,2025-08-20 16:59:14
FLNT,2025-08-20 16:59:14
IPSC,2025-08-20 16:59:14
ENSG,2025-08-20 16:59:14
CLNE,2025-08-20 16:59:14
GRI,2025-08-20 16:59:14
DH,2025-08-20 16:59:14
BETR,2025-08-20 16:59:14
AMWD,2025-08-20 16:59:14
BNZI,2025-08-20 16:59:14
ATHA,2025-08-20 16:59:14
PSMT,2025-08-20 16:59:14
LUCD,2025-08-20 16:59:14
VYNE,2025-08-20 16:59:14
LASR,2025-08-20 16:59:14
GFAI,2025-08-20 16:59:14
RIGL,2025-08-20 16:59:14
NIU,2025-08-20 16:59:14
FIVE,2025-08-20 16:59:14
CRAI,2025-08-20 16:59:14
BIYA,2025-08-20 16:59:14
FBIZ,2025-08-20 16:59:14
QVCGP,2025-08-20 16:59:14
DCBO,2025-08-20 16:59:14
MYSZ,2025-08-20 16:59:14
LECO,2025-08-20 16:59:14
IRBT,2025-08-20 16:59:14
FORR,2025-08-20 16:59:14
BINI,2025-08-20 16:59:14
NAGE,2025-08-20 16:59:14
AZTA,2025-08-20 16:59:14
BYRN,2025-08-20 16:59:14
BLFS,2025-08-20 16:59:14
LGVN,2025-08-20 16:59:14
HOPE,2025-08-20 16:59:14
INDI,2025-08-20 16:59:14
VZ,2025-08-20 16:59:14
BATRA,2025-08-20 16:59:14
ECBK,2025-08-20 16:59:14
CRMT,2025-08-20 16:59:14
CVAC,2025-08-20 16:59:14
CVCO,2025-08-20 16:59:14
BDTX,2025-08-20 16:59:14
NVNI,2025-08-20 16:59:14
OVLY,2025-08-20 16:59:14
BKYI,2025-08-20 16:59:14
BANF,2025-08-20 16:59:14
BHRB,2025-08-20 16:59:14
ATNI,2025-08-20 16:59:14
CATY,2025-08-20 16:59:14
KTCC,2025-08-20 16:59:14
BTM,2025-08-20 16:59:14
NVVE,2025-08-20 16:59:14
LIND,2025-08-20 16:59:14
RLAY,2025-08-20 16:59:14
FBNC,2025-08-20 16:59:14
PVBC,2025-08-20 16:59:14
NAKA,2025-08-20 16:59:14
PINC,2025-08-20 16:59:14
ASRT,2025-08-20 16:59:14
LTRN,2025-08-20 16:59:14
ACHC,2025-08-20 16:59:14
FISI,2025-08-20 16:59:14
PRZO,2025-08-20 16:59:14
BRR,2025-08-20 16:59:14
KAVL,2025-08-20 16:59:14
AVR,2025-08-20 16:59:14
CING,2025-08-20 16:59:14
QH,2025-08-20 16:59:14
MRX,2025-08-20 16:59:14
AEMD,2025-08-20 16:59:14
MAT,2025-08-20 16:59:14
AMRX,2025-08-20 16:59:14
EXAS,2025-08-20 16:59:14
FATE,2025-08-20 16:59:14
LXEO,2025-08-20 16:59:14
LYEL,2025-08-20 16:59:14
MGTX,2025-08-20 16:59:14
ALTO,2025-08-20 16:59:14
KALU,2025-08-20 16:59:14
MCHX,2025-08-20 16:59:14
IMA,2025-08-20 16:59:14
DNTH,2025-08-20 16:59:14
IRON,2025-08-20 16:59:14
MBCN,2025-08-20 16:59:14
LFCR,2025-08-20 16:59:14
CCEC,2025-08-20 16:59:14
SMID,2025-08-20 16:59:14
CNXN,2025-08-20 16:59:14
LI,2025-08-20 16:59:14
VMD,2025-08-20 16:59:14
LYTS,2025-08-20 16:59:14
EWTX,2025-08-20 16:59:14
LQDA,2025-08-20 16:59:14
MRVL,2025-08-20 16:59:14
ACNB,2025-08-20 16:59:14
ACTG,2025-08-20 16:59:14
STRL,2025-08-20 16:59:14
CUE,2025-08-20 16:59:14
GILD,2025-08-20 16:59:14
MBOT,2025-08-20 16:59:14
CRBP,2025-08-20 16:59:14
CRTO,2025-08-20 16:59:14
SYNA,2025-08-20 16:59:14
LYFT,2025-08-20 16:59:14
DIOD,2025-08-20 16:59:14
DHAI,2025-08-20 16:59:14
CHSCN,2025-08-20 16:59:14
CALM,2025-08-20 16:59:14
JFIN,2025-08-20 16:59:14
IMUX,2025-08-20 16:59:14
BCRX,2025-08-20 16:59:14
CENT,2025-08-20 16:59:14
COMM,2025-08-20 16:59:14
ERIC,2025-08-20 16:59:14
ACIU,2025-08-20 16:59:14
LZ,2025-08-20 16:59:14
AQST,2025-08-20 16:59:14
LBTYA,2025-08-20 16:59:14
COLL,2025-08-20 16:59:14
GFS,2025-08-20 16:59:14
UBCP,2025-08-20 16:59:14
SUPN,2025-08-20 16:59:14
VINP,2025-08-20 16:59:14
HEPS,2025-08-20 16:59:14
HTHT,2025-08-20 16:59:14
TSAT,2025-08-20 16:59:14
HIMX,2025-08-20 16:59:14
ISPO,2025-08-20 16:59:14
IBCP,2025-08-20 16:59:14
HTO,2025-08-20 16:59:14
ITIC,2025-08-20 16:59:14
HNST,2025-08-20 16:59:14
TPST,2025-08-20 16:59:14
HOUR,2025-08-20 16:59:14
GTBP,2025-08-20 16:59:14
LAZR,2025-08-20 16:59:14
GTIM,2025-08-20 16:59:14
HBANP,2025-08-20 16:59:14
HFFG,2025-08-20 16:59:14
HIVE,2025-08-20 16:59:14
KELYA,2025-08-20 16:59:14
KZR,2025-08-20 16:59:14
GRWG,2025-08-20 16:59:14
HELE,2025-08-20 16:59:14
GWAV,2025-08-20 16:59:14
GOGO,2025-08-20 16:59:14
KRT,2025-08-20 16:59:14
GNLN,2025-08-20 16:59:14
GPRO,2025-08-20 16:59:14
TILE,2025-08-20 16:59:14
LASE,2025-08-20 16:59:14
JCAP,2025-08-20 16:59:14
GLNG,2025-08-20 16:59:14
GITS,2025-08-20 16:59:14
LENZ,2025-08-20 16:59:14
TKNO,2025-08-20 16:59:14
GELS,2025-08-20 16:59:14
TELA,2025-08-20 16:59:14
LGND,2025-08-20 16:59:14
USCB,2025-08-20 16:59:14
UFI,2025-08-20 16:59:14
IMKTA,2025-08-20 16:59:14
WDC,2025-08-20 16:59:14
ICCC,2025-08-20 16:59:14
TBRG,2025-08-20 16:59:14
IBEX,2025-08-20 16:59:14
WBUY,2025-08-20 16:59:14
TEF,2025-08-20 16:59:14
HUBG,2025-08-20 16:59:14
TBBK,2025-08-20 16:59:14
LFWD,2025-08-20 16:59:14
VOR,2025-08-20 16:59:14
INBS,2025-08-20 16:59:14
VECO,2025-08-20 16:59:14
WBTN,2025-08-20 16:59:14
INTR,2025-08-20 16:59:14
SCNI,2025-08-20 16:59:14
SBGI,2025-08-20 16:59:14
PPSI,2025-08-20 16:59:14
RAPT,2025-08-20 16:59:14
PTCT,2025-08-20 16:59:14
ODFL,2025-08-20 16:59:14
NXXT,2025-08-20 16:59:14
MLAB,2025-08-20 16:59:14
OCFC,2025-08-20 16:59:14
MLCO,2025-08-20 16:59:14
EVO,2025-08-20 16:59:14
OCC,2025-08-20 16:59:14
MITK,2025-08-20 16:59:14
FCFS,2025-08-20 16:59:14
FWRG,2025-08-20 16:59:14
GBIO,2025-08-20 16:59:14
NUWE,2025-08-20 16:59:14
NBTB,2025-08-20 16:59:14
BOKF,2025-08-20 16:59:14
MEOH,2025-08-20 16:59:14
WIMI,2025-08-20 16:59:14
PPIH,2025-08-20 16:59:14
EVTV,2025-08-20 16:59:14
CERT,2025-08-20 16:59:14
OPOF,2025-08-20 16:59:14
MENS,2025-08-20 16:59:14
BTOC,2025-08-20 16:59:14
FOXF,2025-08-20 16:59:14
MDXH,2025-08-20 16:59:14
ESOA,2025-08-20 16:59:14
COOP,2025-08-20 16:59:14
EM,2025-08-20 16:59:14
MDLZ,2025-08-20 16:59:14
MCW,2025-08-20 16:59:14
MCVT,2025-08-20 16:59:14
MBX,2025-08-20 16:59:14
DYN,2025-08-20 16:59:14
GOSS,2025-08-20 16:59:14
SWAG,2025-08-20 16:59:14
DFLI,2025-08-20 16:59:14
TASK,2025-08-20 16:59:14
ESLT,2025-08-20 16:59:14
TACO,2025-08-20 16:59:14
EXTR,2025-08-20 16:59:14
STRS,2025-08-20 16:59:14
DLHC,2025-08-20 16:59:14
IMNM,2025-08-20 16:59:14
ON,2025-08-20 16:59:14
HTFL,2025-08-20 16:59:14
BWAY,2025-08-20 16:59:14
MERC,2025-08-20 16:59:14
ANPA,2025-08-20 16:59:14
BBIO,2025-08-20 16:59:14
BJDX,2025-08-20 16:59:14
SOHU,2025-08-20 16:59:14
HALO,2025-08-20 16:59:14
AAON,2025-08-20 16:59:14
OKUR,2025-08-20 16:59:14
PRLD,2025-08-20 16:59:14
CBRL,2025-08-20 16:59:14
ELDN,2025-08-20 16:59:14
SLAB,2025-08-20 16:59:14
NNOX,2025-08-20 16:59:14
CRUS,2025-08-20 16:59:14
CVLT,2025-08-20 16:59:14
AMRK,2025-08-20 16:59:14
PROV,2025-08-20 16:59:14
AVIR,2025-08-20 16:59:14
PIII,2025-08-20 16:59:14
MRTN,2025-08-20 16:59:14
LARK,2025-08-20 16:59:14
ALLO,2025-08-20 16:59:14
AMPG,2025-08-20 16:59:14
AISP,2025-08-20 16:59:14
CRVO,2025-08-20 16:59:14
GSM,2025-08-20 16:59:14
ABVE,2025-08-20 16:59:14
FCEL,2025-08-20 16:59:14
FAT,2025-08-20 16:59:14
TRIP,2025-08-20 16:59:14
PECO,2025-08-20 16:59:14
BFC,2025-08-20 16:59:14
ARLP,2025-08-20 16:59:14
HUT,2025-08-20 16:59:14
ATLC,2025-08-20 16:59:14
DORM,2025-08-20 16:59:14
FSEA,2025-08-20 16:59:14
CRON,2025-08-20 16:59:14
NOVT,2025-08-20 16:59:14
HOWL,2025-08-20 16:59:14
PUBM,2025-08-20 16:59:14
ETNB,2025-08-20 16:59:14
CASY,2025-08-20 16:59:14
CRVL,2025-08-20 16:59:14
FAST,2025-08-20 16:59:14
BNR,2025-08-20 16:59:14
OBLG,2025-08-20 16:59:14
BZFD,2025-08-20 16:59:14
GERN,2025-08-20 16:59:14
NEGG,2025-08-20 16:59:14
LKQ,2025-08-20 16:59:14
PDFS,2025-08-20 16:59:14
MTSR,2025-08-20 16:59:14
BRKL,2025-08-20 16:59:14
CBUS,2025-08-20 16:59:14
SNDX,2025-08-20 16:59:14
ARCB,2025-08-20 16:59:14
ENTG,2025-08-20 16:59:14
XNCR,2025-08-20 16:59:14
DRRX,2025-08-20 16:59:14
FBLG,2025-08-20 16:59:14
PCB,2025-08-20 16:59:14
FBYD,2025-08-20 16:59:14
ARWR,2025-08-20 16:59:14
CHSCO,2025-08-20 16:59:14
DMLP,2025-08-20 16:59:14
PBM,2025-08-20 16:59:14
ACRV,2025-08-20 16:59:14
AEHL,2025-08-20 16:59:14
BLMN,2025-08-20 16:59:14
CXAI,2025-08-20 16:59:14
WRAP,2025-08-20 16:59:14
HSAI,2025-08-20 16:59:14
PSNY,2025-08-20 16:59:14
ATAI,2025-08-20 16:59:14
RLMD,2025-08-20 16:59:14
FRD,2025-08-20 16:59:14
LMB,2025-08-20 16:59:14
LMFA,2025-08-20 16:59:14
ACMR,2025-08-20 16:59:14
CGEN,2025-08-20 16:59:14
AEHR,2025-08-20 16:59:14
CGEM,2025-08-20 16:59:14
CFBK,2025-08-20 16:59:14
PRVA,2025-08-20 16:59:14
AAME,2025-08-20 16:59:14
UDMY,2025-08-20 16:59:14
ASTS,2025-08-20 16:59:14
WBD,2025-08-20 16:59:14
MRSN,2025-08-20 16:59:14
BSRR,2025-08-20 16:59:14
IAS,2025-08-20 16:59:14
NODK,2025-08-20 16:59:14
PBBK,2025-08-20 16:59:14
ATRA,2025-08-20 16:59:14
HLVX,2025-08-20 16:59:14
CJET,2025-08-20 16:59:14
APYX,2025-08-20 16:59:14
LLYVA,2025-08-20 16:59:14
NUAI,2025-08-20 16:59:14
AMAL,2025-08-20 16:59:14
REBN,2025-08-20 16:59:14
ADTN,2025-08-20 16:59:14
FUSB,2025-08-20 16:59:14
ONCY,2025-08-20 16:59:14
MDGL,2025-08-20 16:59:14
CDNA,2025-08-20 16:59:14
LIN,2025-08-20 16:59:14
AVGO,2025-08-20 16:59:14
LESL,2025-08-20 16:59:14
IMAB,2025-08-20 16:59:14
LAND,2025-08-20 16:59:14
PDSB,2025-08-20 16:59:14
ARHS,2025-08-20 16:59:14
CAPS,2025-08-20 16:59:14
ASPI,2025-08-20 16:59:14
PTON,2025-08-20 16:59:14
AIFF,2025-08-20 16:59:14
BBNX,2025-08-20 16:59:14
RUN,2025-08-20 16:59:14
CNOB,2025-08-20 16:59:14
REAL,2025-08-20 16:59:14
PTGX,2025-08-20 16:59:14
RWAY,2025-08-20 16:59:14
AGMH,2025-08-20 16:59:14
FLX,2025-08-20 16:59:14
VIRC,2025-08-20 16:59:14
BENF,2025-08-20 16:59:14
AEYE,2025-08-20 16:59:14
LULU,2025-08-20 16:59:14
BMRC,2025-08-20 16:59:14
ENLT,2025-08-20 16:59:14
WAFD,2025-08-20 16:59:14
BHFAL,2025-08-20 16:59:14
SELF,2025-08-20 16:59:14
ALRM,2025-08-20 16:59:14
BCTX,2025-08-20 16:59:14
ARKR,2025-08-20 16:59:14
AROW,2025-08-20 16:59:14
AMSC,2025-08-20 16:59:14
XP,2025-08-20 16:59:14
SNBR,2025-08-20 16:59:14
ICCM,2025-08-20 16:59:14
BBLG,2025-08-20 16:59:14
PHLT,2025-08-20 16:59:14
MTCH,2025-08-20 16:59:14
SLE,2025-08-20 16:59:14
NUTX,2025-08-20 16:59:14
GLIBK,2025-08-20 16:59:14
WGS,2025-08-20 16:59:14
DCTH,2025-08-20 16:59:14
SYBT,2025-08-20 16:59:14
MRBK,2025-08-20 16:59:14
CYCU,2025-08-20 16:59:14
UFPI,2025-08-20 16:59:14
ATLO,2025-08-20 16:59:14
LILA,2025-08-20 16:59:14
LILAK,2025-08-20 16:59:14
ASPS,2025-08-20 16:59:14
IPAR,2025-08-20 16:59:14
RDCM,2025-08-20 16:59:14
CELH,2025-08-20 16:59:14
ATEC,2025-08-20 16:59:14
ACXP,2025-08-20 16:59:14
ETHZ,2025-08-20 16:59:14
EML,2025-08-20 16:59:14
AFBI,2025-08-20 16:59:14
WABC,2025-08-20 16:59:14
TLX,2025-08-20 16:59:14
DYAI,2025-08-20 16:59:14
CPB,2025-08-20 16:59:14
BLDE,2025-08-20 16:59:14
SMCI,2025-08-20 16:59:14
SDM,2025-08-20 16:59:14
OSBC,2025-08-20 16:59:14
BIOA,2025-08-20 16:59:14
CNTB,2025-08-20 16:59:14
FGNX,2025-08-20 16:59:14
CLSD,2025-08-20 16:59:14
DUOT,2025-08-20 16:59:14
AMOD,2025-08-20 16:59:14
VMC,2025-08-20 16:59:14
ALNT,2025-08-20 16:59:14
ADVM,2025-08-20 16:59:14
GHRS,2025-08-20 16:59:14
CABA,2025-08-20 16:59:14
SSYS,2025-08-20 16:59:14
INDV,2025-08-20 16:59:14
PAVM,2025-08-20 16:59:14
ARTW,2025-08-20 16:59:14
CSBR,2025-08-20 16:59:14
CGC,2025-08-20 16:59:14
AEVA,2025-08-20 16:59:14
BKNG,2025-08-20 16:59:14
DYNX,2025-08-20 16:59:14
ASTH,2025-08-20 16:59:14
MKTW,2025-08-20 16:59:14
UTMD,2025-08-20 16:59:14
MSFT,2025-08-20 16:59:14
MODV,2025-08-20 16:59:14
MRCY,2025-08-20 16:59:14
MNST,2025-08-20 16:59:14
MGPI,2025-08-20 16:59:14
MCFT,2025-08-20 16:59:14
VERX,2025-08-20 16:59:14
VRA,2025-08-20 16:59:14
MLTX,2025-08-20 16:59:14
LSAK,2025-08-20 16:59:14
MODD,2025-08-20 16:59:14
MEIP,2025-08-20 16:59:14
MBRX,2025-08-20 16:59:14
LAKE,2025-08-20 16:59:14
MIST,2025-08-20 16:59:14
LCID,2025-08-20 16:59:14
LWLG,2025-08-20 16:59:14
LRMR,2025-08-20 16:59:14
UFPT,2025-08-20 16:59:14
INO,2025-08-20 16:59:14
KPTI,2025-08-20 16:59:14
INAB,2025-08-20 16:59:14
MYPS,2025-08-20 16:59:14
UHG,2025-08-20 16:59:14
IRTC,2025-08-20 16:59:14
VNET,2025-08-20 16:59:14
TXN,2025-08-20 16:59:14
CDRO,2025-08-20 16:59:14
RPD,2025-08-20 16:59:14
MYNZ,2025-08-20 16:59:14
TSLA,2025-08-20 16:59:14
MREO,2025-08-20 16:59:14
VNDA,2025-08-20 16:59:14
MYGN,2025-08-20 16:59:14
TSCO,2025-08-20 16:59:14
XEL,2025-08-20 16:59:14
XOS,2025-08-20 16:59:14
STRD,2025-08-20 16:59:14
XERS,2025-08-20 16:59:14
SKBL,2025-08-20 16:59:14
FLNC,2025-08-20 16:59:14
STEP,2025-08-20 16:59:14
QLGN,2025-08-20 16:59:14
TCRT,2025-08-20 16:59:14
CARM,2025-08-20 16:59:14
PODD,2025-08-20 16:59:14
BOOM,2025-08-20 16:59:14
PDYN,2025-08-20 16:59:14
OPAL,2025-08-20 16:59:14
EDAP,2025-08-20 16:59:14
FLL,2025-08-20 16:59:14
FMAO,2025-08-20 16:59:14
PEPG,2025-08-20 16:59:14
BOLD,2025-08-20 16:59:14
ONEW,2025-08-20 16:59:14
PELI,2025-08-20 16:59:14
HNRG,2025-08-20 16:59:14
ZD,2025-08-20 16:59:14
ONCO,2025-08-20 16:59:14
HUMA,2025-08-20 16:59:14
SRAD,2025-08-20 16:59:14
COIN,2025-08-20 16:59:14
PCYO,2025-08-20 16:59:14
ONB,2025-08-20 16:59:14
SIBN,2025-08-20 16:59:14
SYRE,2025-08-20 16:59:14
CDTX,2025-08-20 16:59:14
PRTS,2025-08-20 16:59:14
TER,2025-08-20 16:59:14
ACIW,2025-08-20 16:59:14
ACOG,2025-08-20 16:59:14
PRCH,2025-08-20 16:59:14
NXPI,2025-08-20 16:59:14
OCS,2025-08-20 16:59:14
GLRE,2025-08-20 16:59:14
NWFL,2025-08-20 16:59:14
TMUS,2025-08-20 16:59:14
NDSN,2025-08-20 16:59:14
BTCS,2025-08-20 16:59:14
BWEN,2025-08-20 16:59:14
ECOR,2025-08-20 16:59:14
HGBL,2025-08-20 16:59:14
HOFT,2025-08-20 16:59:14
NBTX,2025-08-20 16:59:14
AYTU,2025-08-20 16:59:14
TNDM,2025-08-20 16:59:14
TRMK,2025-08-20 16:59:14
TRMB,2025-08-20 16:59:14
CAR,2025-08-20 16:59:14
TRI,2025-08-20 16:59:14
EXC,2025-08-20 16:59:14
WCC,2025-08-20 16:59:14
DVAX,2025-08-20 16:59:14
GGAL,2025-08-20 16:59:14
MZTI,2025-08-20 16:59:14
TENB,2025-08-20 16:59:14
TCRX,2025-08-20 16:59:14
BTDR,2025-08-20 16:59:14
KOSS,2025-08-20 16:59:14
FLYE,2025-08-20 16:59:14
CETY,2025-08-20 16:59:14
EA,2025-08-20 16:59:14
BR,2025-08-20 16:59:14
JBLU,2025-08-20 16:59:14
JVA,2025-08-20 16:59:14
ACGL,2025-08-20 16:59:14
LNW,2025-08-20 16:59:14
BTBD,2025-08-20 16:59:14
ITRI,2025-08-20 16:59:14
ISRG,2025-08-20 16:59:14
LNKB,2025-08-20 16:59:14
AMZN,2025-08-20 16:59:14
CCLD,2025-08-20 16:59:14
IPA,2025-08-20 16:59:14
BBOT,2025-08-20 16:59:14
KOPN,2025-08-20 16:59:14
CCBG,2025-08-20 16:59:14
IONS,2025-08-20 16:59:14
CTSH,2025-08-20 16:59:14
INTC,2025-08-20 16:59:14
INHD,2025-08-20 16:59:14
JSPR,2025-08-20 16:59:14
IMCR,2025-08-20 16:59:14
INM,2025-08-20 16:59:14
ISPR,2025-08-20 16:59:14
IZEA,2025-08-20 16:59:14
GMAB,2025-08-20 16:59:14
HYPR,2025-08-20 16:59:14
ARDX,2025-08-20 16:59:14
HTZ,2025-08-20 16:59:14
GLBE,2025-08-20 16:59:14
HWBK,2025-08-20 16:59:14
VCEL,2025-08-20 16:59:14
SEER,2025-08-20 16:59:14
ZBRA,2025-08-20 16:59:14
GASS,2025-08-20 16:59:14
LTBR,2025-08-20 16:59:14
PWP,2025-08-20 16:59:14
DXCM,2025-08-20 16:59:14
NMFC,2025-08-20 16:59:14
CRGO,2025-08-20 16:59:14
QDEL,2025-08-20 16:59:14
BFST,2025-08-20 16:59:14
IAC,2025-08-20 16:59:14
RAYA,2025-08-20 16:59:14
BATRK,2025-08-20 16:59:14
ALT,2025-08-20 16:59:14
CZWI,2025-08-20 16:59:14
ATPC,2025-08-20 16:59:14
EMPG,2025-08-20 16:59:14
NVDA,2025-08-20 16:59:14
WRD,2025-08-20 16:59:14
BGC,2025-08-20 16:59:14
EDIT,2025-08-20 16:59:14
CYRX,2025-08-20 16:59:14
PGNY,2025-08-20 16:59:14
AVTX,2025-08-20 16:59:14
WTF,2025-08-20 16:59:14
GEHC,2025-08-20 16:59:14
ELVA,2025-08-20 16:59:14
GREE,2025-08-20 16:59:14
KYIV,2025-08-20 16:59:14
CRDL,2025-08-20 16:59:14
HON,2025-08-20 16:59:14
ENVX,2025-08-20 16:59:14
FELE,2025-08-20 16:59:14
ASMB,2025-08-20 16:59:14
FORM,2025-08-20 16:59:14
HSII,2025-08-20 16:59:14
HSDT,2025-08-20 16:59:14
SLN,2025-08-20 16:59:14
AZN,2025-08-20 16:59:14
FRPH,2025-08-20 16:59:14
GLXY,2025-08-20 16:59:14
GPRE,2025-08-20 16:59:14
DGII,2025-08-20 16:59:14
CXDO,2025-08-20 16:59:14
EVAX,2025-08-20 16:59:14
PPC,2025-08-20 16:59:14
HIT,2025-08-20 16:59:14
DRVN,2025-08-20 16:59:14
FRPT,2025-08-20 16:59:14
RGC,2025-08-20 16:59:14
TS,2025-08-20 16:59:14
GCBC,2025-08-20 16:59:14
FYBR,2025-08-20 16:59:14
HOLO,2025-08-20 16:59:14
BLZE,2025-08-20 16:59:14
IQ,2025-08-20 16:59:14
HRMY,2025-08-20 16:59:14
HSIC,2025-08-20 16:59:14
GBFH,2025-08-20 16:59:14
BFRI,2025-08-20 16:59:14
CLOV,2025-08-20 16:59:14
BFRG,2025-08-20 16:59:14
LOCO,2025-08-20 16:59:14
BTBT,2025-08-20 16:59:14
GSHD,2025-08-20 16:59:14
PTC,2025-08-20 16:59:14
THTX,2025-08-20 16:59:14
CRSR,2025-08-20 16:59:14
JAZZ,2025-08-20 16:59:14
INBX,2025-08-20 16:59:14
ZM,2025-08-20 16:59:14
KLAC,2025-08-20 16:59:14
SONM,2025-08-20 16:59:14
LINE,2025-08-20 16:59:14
FONR,2025-08-20 16:59:14
TDTH,2025-08-20 16:59:14
TOI,2025-08-20 16:59:14
MLGO,2025-08-20 16:59:14
EVLV,2025-08-20 16:59:14
SEZL,2025-08-20 16:59:14
CHRS,2025-08-20 16:59:14
GSRT,2025-08-20 16:59:14
DOX,2025-08-20 16:59:14
DOOO,2025-08-20 16:59:14
STX,2025-08-20 16:59:14
TDUP,2025-08-20 16:59:14
METCB,2025-08-20 16:59:14
SHC,2025-08-20 16:59:14
SFNC,2025-08-20 16:59:14
DOYU,2025-08-20 16:59:14
BLBD,2025-08-20 16:59:14
ALKS,2025-08-20 16:59:14
REFI,2025-08-20 16:59:14
SAIC,2025-08-20 16:59:14
AUUD,2025-08-20 16:59:14
ANEB,2025-08-20 16:59:14
ROCK,2025-08-20 16:59:14
CG,2025-08-20 16:59:14
APLS,2025-08-20 16:59:14
IREN,2025-08-20 16:59:14
IRDM,2025-08-20 16:59:14
MRNA,2025-08-20 16:59:14
ABAT,2025-08-20 16:59:14
AIRJ,2025-08-20 16:59:14
IDXX,2025-08-20 16:59:14
ADBE,2025-08-20 16:59:14
NEOV,2025-08-20 16:59:14
AGRI,2025-08-20 16:59:14
MNKD,2025-08-20 16:59:14
ADAP,2025-08-20 16:59:14
ADD,2025-08-20 16:59:14
BCAB,2025-08-20 16:59:14
ECDA,2025-08-20 16:59:14
VIR,2025-08-20 16:59:14
CPRX,2025-08-20 16:59:14
BAND,2025-08-20 16:59:14
BSBK,2025-08-20 16:59:14
CTNM,2025-08-20 16:59:14
KSPI,2025-08-20 16:59:14
HLNE,2025-08-20 16:59:14
RCON,2025-08-20 16:59:14
TRUP,2025-08-20 16:59:14
PCRX,2025-08-20 16:59:14
BEAM,2025-08-20 16:59:14
CAMP,2025-08-20 16:59:14
CCOI,2025-08-20 16:59:14
FEMY,2025-08-20 16:59:14
LPLA,2025-08-20 16:59:14
NICE,2025-08-20 16:59:14
SRZN,2025-08-20 16:59:14
CPRT,2025-08-20 16:59:14
AUR,2025-08-20 16:59:14
ALGM,2025-08-20 16:59:14
ARQ,2025-08-20 16:59:14
ALTS,2025-08-20 16:59:14
IOSP,2025-08-20 16:59:14
AGEN,2025-08-20 16:59:14
APGE,2025-08-20 16:59:14
IMMX,2025-08-20 16:59:14
CROX,2025-08-20 16:59:14
APOG,2025-08-20 16:59:14
EHGO,2025-08-20 16:59:14
EBC,2025-08-20 16:59:14
RCEL,2025-08-20 16:59:14
BRAG,2025-08-20 16:59:14
FMST,2025-08-20 16:59:14
ANIP,2025-08-20 16:59:14
SLDP,2025-08-20 16:59:14
BCPC,2025-08-20 16:59:14
DFDV,2025-08-20 16:59:14
ANNX,2025-08-20 16:59:14
BHFAM,2025-08-20 16:59:14
CPSS,2025-08-20 16:59:14
GOOGL,2025-08-20 16:59:14
FDBC,2025-08-20 16:59:14
FRHC,2025-08-20 16:59:14
LHAI,2025-08-20 16:59:14
BULL,2025-08-20 16:59:14
JEM,2025-08-20 16:59:14
CWCO,2025-08-20 16:59:14
BHF,2025-08-20 16:59:14
CWD,2025-08-20 16:59:14
CLBK,2025-08-20 16:59:14
FFIN,2025-08-20 16:59:14
LOPE,2025-08-20 16:59:14
YORW,2025-08-20 16:59:14
BLNK,2025-08-20 16:59:14
BIOX,2025-08-20 16:59:14
STKS,2025-08-20 16:59:14
CCEP,2025-08-20 16:59:14
CSTL,2025-08-20 16:59:14
EFSC,2025-08-20 16:59:14
TCPC,2025-08-20 16:59:14
DRTS,2025-08-20 16:59:14
WOOF,2025-08-20 16:59:14
CARG,2025-08-20 16:59:14
AMIX,2025-08-20 16:59:14
ILPT,2025-08-20 16:59:14
ITRM,2025-08-20 16:59:14
COHU,2025-08-20 16:59:14
RVPH,2025-08-20 16:59:14
DENN,2025-08-20 16:59:14
BIIB,2025-08-20 16:59:14
BMR,2025-08-20 16:59:14
ZUMZ,2025-08-20 16:59:14
BEEP,2025-08-20 16:59:14
ABCL,2025-08-20 16:59:14
NWS,2025-08-20 16:59:14
FSTR,2025-08-20 16:59:14
OVBC,2025-08-20 16:59:14
VIOT,2025-08-20 16:59:14
PHH,2025-08-20 16:59:14
OKYO,2025-08-20 16:59:14
ASTE,2025-08-20 16:59:14
PGC,2025-08-20 16:59:14
FCBC,2025-08-20 16:59:14
PESI,2025-08-20 16:59:14
WYFI,2025-08-20 16:59:14
SVC,2025-08-20 16:59:14
ALTI,2025-08-20 16:59:14
TBCH,2025-08-20 16:59:14
VANI,2025-08-20 16:59:14
ERII,2025-08-20 16:59:14
ERIE,2025-08-20 16:59:14
FA,2025-08-20 16:59:14
EXE,2025-08-20 16:59:14
TERN,2025-08-20 16:59:14
AYRO,2025-08-20 16:59:14
OZK,2025-08-20 16:59:14
NGNE,2025-08-20 16:59:14
TXRH,2025-08-20 16:59:14
ORRF,2025-08-20 16:59:14
NECB,2025-08-20 16:59:14
NCNO,2025-08-20 16:59:14
NCT,2025-08-20 16:59:14
UNIT,2025-08-20 16:59:14
MU,2025-08-20 16:59:14
LVO,2025-08-20 16:59:14
MNOV,2025-08-20 16:59:14
MDCX,2025-08-20 16:59:14
CEP,2025-08-20 16:59:14
LXEH,2025-08-20 16:59:14
MRAM,2025-08-20 16:59:14
XPEL,2025-08-20 16:59:14
MIRM,2025-08-20 16:59:14
MGYR,2025-08-20 16:59:14
VRRM,2025-08-20 16:59:14
AREC,2025-08-20 16:59:14
OXSQ,2025-08-20 16:59:14
LUNR,2025-08-20 16:59:14
ZEUS,2025-08-20 16:59:14
MAMO,2025-08-20 16:59:14
VRNA,2025-08-20 16:59:14
NAUT,2025-08-20 16:59:14
AMGN,2025-08-20 16:59:14
VVOS,2025-08-20 16:59:14
USAU,2025-08-20 16:59:14
ASUR,2025-08-20 16:59:14
GENK,2025-08-20 16:59:14
LSCC,2025-08-20 16:59:14
WMK,2025-08-20 16:59:14
MPAA,2025-08-20 16:59:14
CVGW,2025-08-20 16:59:14
MRVI,2025-08-20 16:59:14
MNPR,2025-08-20 16:59:14
LAES,2025-08-20 16:59:14
MNTK,2025-08-20 16:59:14
IQST,2025-08-20 16:59:14
IPGP,2025-08-20 16:59:14
MGX,2025-08-20 16:59:14
WTW,2025-08-20 16:59:14
HNNA,2025-08-20 16:59:14
MSBI,2025-08-20 16:59:14
GEG,2025-08-20 16:59:14
CNSP,2025-08-20 16:59:14
SAMG,2025-08-20 16:59:14
ABL,2025-08-20 16:59:14
ORIC,2025-08-20 16:59:14
FLY,2025-08-20 16:59:14
OMDA,2025-08-20 16:59:14
MGRM,2025-08-20 16:59:14
OBIO,2025-08-20 16:59:14
MRCC,2025-08-20 16:59:14
NRIX,2025-08-20 16:59:14
NKTR,2025-08-20 16:59:14
IEP,2025-08-20 16:59:14
IBOC,2025-08-20 16:59:14
EBAY,2025-08-20 16:59:14
GTM,2025-08-20 16:59:14
HYFM,2025-08-20 16:59:14
HCAT,2025-08-20 16:59:14
HDSN,2025-08-20 16:59:14
HOVR,2025-08-20 16:59:14
LAB,2025-08-20 16:59:14
HTLD,2025-08-20 16:59:14
MOB,2025-08-20 16:59:14
GRAN,2025-08-20 16:59:14
GSAT,2025-08-20 16:59:14
OSS,2025-08-20 16:59:14
GXAI,2025-08-20 16:59:14
HCM,2025-08-20 16:59:14
PLTR,2025-08-20 16:59:14
GROW,2025-08-20 16:59:14
HQI,2025-08-20 16:59:14
EQ,2025-08-20 16:59:14
GRYP,2025-08-20 16:59:14
GSUN,2025-08-20 16:59:14
GRAB,2025-08-20 16:59:14
FGL,2025-08-20 16:59:14
GECC,2025-08-20 16:59:14
GLUE,2025-08-20 16:59:14
PLRZ,2025-08-20 16:59:14
GDS,2025-08-20 16:59:14
GIII,2025-08-20 16:59:14
PLSE,2025-08-20 16:59:14
INCY,2025-08-20 16:59:14
GCL,2025-08-20 16:59:14
GORV,2025-08-20 16:59:14
IMG,2025-08-20 16:59:14
PLPC,2025-08-20 16:59:14
IMRX,2025-08-20 16:59:14
KIDZ,2025-08-20 16:59:14
IART,2025-08-20 16:59:14
WW,2025-08-20 16:59:14
ICHR,2025-08-20 16:59:14
APDN,2025-08-20 16:59:14
SPAI,2025-08-20 16:59:14
ANGI,2025-08-20 16:59:14
POWL,2025-08-20 16:59:14
ILLR,2025-08-20 16:59:14
CAEP,2025-08-20 16:59:14
ALMU,2025-08-20 16:59:14
AEI,2025-08-20 16:59:14
ABVX,2025-08-20 16:59:14
CISO,2025-08-20 16:59:14
CBAT,2025-08-20 16:59:14
CRMD,2025-08-20 16:59:14
LNSR,2025-08-20 16:59:14
ANY,2025-08-20 16:59:14
LMAT,2025-08-20 16:59:14
FMNB,2025-08-20 16:59:14
FTNT,2025-08-20 16:59:14
DTCK,2025-08-20 16:59:14
AUID,2025-08-20 16:59:14
CIVB,2025-08-20 16:59:14
ESLA,2025-08-20 16:59:14
KNSA,2025-08-20 16:59:14
EHTH,2025-08-20 16:59:14
BVFL,2025-08-20 16:59:14
FXNC,2025-08-20 16:59:14
PYXS,2025-08-20 16:59:14
CODA,2025-08-20 16:59:14
ASNS,2025-08-20 16:59:14
MTRX,2025-08-20 16:59:14
BTOG,2025-08-20 16:59:14
KLTR,2025-08-20 16:59:14
TLS,2025-08-20 16:59:14
DAIC,2025-08-20 16:59:14
CHA,2025-08-20 16:59:14
CMPS,2025-08-20 16:59:14
CRVS,2025-08-20 16:59:14
FTLF,2025-08-20 16:59:14
DJCO,2025-08-20 16:59:14
CHPG,2025-08-20 16:59:14
KGEI,2025-08-20 16:59:14
IXHL,2025-08-20 16:59:14
BFIN,2025-08-20 16:59:14
ITRN,2025-08-20 16:59:14
CIGL,2025-08-20 16:59:14
ISSC,2025-08-20 16:59:14
IPDN,2025-08-20 16:59:14
CLYM,2025-08-20 16:59:14
EGBN,2025-08-20 16:59:14
CNDT,2025-08-20 16:59:14
FHB,2025-08-20 16:59:14
ENGN,2025-08-20 16:59:14
FRBA,2025-08-20 16:59:14
III,2025-08-20 16:59:14
EU,2025-08-20 16:59:14
IIIV,2025-08-20 16:59:14
INTA,2025-08-20 16:59:14
DSGX,2025-08-20 16:59:14
CNTY,2025-08-20 16:59:14
DHC,2025-08-20 16:59:14
DERM,2025-08-20 16:59:14
SANA,2025-08-20 16:59:14
DASH,2025-08-20 16:59:14
PMN,2025-08-20 16:59:14
CZNC,2025-08-20 16:59:14
CTMX,2025-08-20 16:59:14
BON,2025-08-20 16:59:14
BLTE,2025-08-20 16:59:14
NDAQ,2025-08-20 16:59:14
IPW,2025-08-20 16:59:14
CURR,2025-08-20 16:59:14
JOYY,2025-08-20 16:59:14
DMAC,2025-08-20 16:59:14
RCKY,2025-08-20 16:59:14
AURA,2025-08-20 16:59:14
CHMG,2025-08-20 16:59:14
NESR,2025-08-20 16:59:14
MANH,2025-08-20 16:59:14
CZFS,2025-08-20 16:59:14
CLDX,2025-08-20 16:59:14
BHFAO,2025-08-20 16:59:14
SFD,2025-08-20 16:59:14
FDSB,2025-08-20 16:59:14
MCBS,2025-08-20 16:59:14
CGTX,2025-08-20 16:59:14
BHFAN,2025-08-20 16:59:14
ARQQ,2025-08-20 16:59:14
RIOT,2025-08-20 16:59:14
FLYW,2025-08-20 16:59:14
ALEC,2025-08-20 16:59:14
MAMK,2025-08-20 16:59:14
WHWK,2025-08-20 16:59:14
PTIX,2025-08-20 16:59:14
ALGS,2025-08-20 16:59:14
SKYX,2025-08-20 16:59:14
NAOV,2025-08-20 16:59:14
SKYT,2025-08-20 16:59:14
SPWR,2025-08-20 16:59:14
OABI,2025-08-20 16:59:14
MXCT,2025-08-20 16:59:14
MGNX,2025-08-20 16:59:14
HWC,2025-08-20 16:59:14
LZMH,2025-08-20 16:59:14
SAR,2025-08-20 16:59:14
FTFT,2025-08-20 16:59:14
SSTI,2025-08-20 16:59:14
SSNC,2025-08-20 16:59:14
GDEN,2025-08-20 16:59:14
GSBC,2025-08-20 16:59:14
ZYBT,2025-08-20 16:59:14
SKIN,2025-08-20 16:59:14
FDMT,2025-08-20 16:59:14
EVRG,2025-08-20 16:59:14
FTAI,2025-08-20 16:59:14
FIVN,2025-08-20 16:59:14
SCSC,2025-08-20 16:59:14
TIRX,2025-08-20 16:59:14
CLMT,2025-08-20 16:59:14
BIDU,2025-08-20 16:59:14
ALLT,2025-08-20 16:59:14
WEN,2025-08-20 16:59:14
CSAI,2025-08-20 16:59:14
TCBI,2025-08-20 16:59:14
ALDX,2025-08-20 16:59:14
CYTK,2025-08-20 16:59:14
FIP,2025-08-20 16:59:14
VNOM,2025-08-20 16:59:14
AUDC,2025-08-20 16:59:14
SGA,2025-08-20 16:59:14
BMGL,2025-08-20 16:59:14
AVAV,2025-08-20 16:59:14
ESEA,2025-08-20 16:59:14
DTI,2025-08-20 16:59:14
GUTS,2025-08-20 16:59:14
CIFR,2025-08-20 16:59:14
BBCP,2025-08-20 16:59:14
FIZZ,2025-08-20 16:59:14
PXLW,2025-08-20 16:59:14
SITM,2025-08-20 16:59:14
IOVA,2025-08-20 16:59:14
BZUN,2025-08-20 16:59:14
EOSE,2025-08-20 16:59:14
NSPR,2025-08-20 16:59:14
DSGN,2025-08-20 16:59:14
GEVO,2025-08-20 16:59:14
SATL,2025-08-20 16:59:14
BL,2025-08-20 16:59:14
SGMO,2025-08-20 16:59:14
APM,2025-08-20 16:59:14
AIP,2025-08-20 16:59:14
HBAN,2025-08-20 16:59:14
MRM,2025-08-20 16:59:14
BLNE,2025-08-20 16:59:14
AXGN,2025-08-20 16:59:14
SEPN,2025-08-20 16:59:14
MMSI,2025-08-20 16:59:14
VERB,2025-08-20 16:59:14
NDLS,2025-08-20 16:59:14
ROMA,2025-08-20 16:59:14
TOWN,2025-08-20 16:59:14
SOFI,2025-08-20 16:59:14
CRAQ,2025-08-20 16:59:14
OUST,2025-08-20 16:59:14
CUB,2025-08-20 16:59:14
CHR,2025-08-20 16:59:14
ARTNA,2025-08-20 16:59:14
WING,2025-08-20 16:59:14
PDLB,2025-08-20 16:59:14
BOF,2025-08-20 16:59:14
BBGI,2025-08-20 16:59:14
CORZ,2025-08-20 16:59:14
BRLT,2025-08-20 16:59:14
BCTXZ,2025-08-20 16:59:14
ASML,2025-08-20 16:59:14
CCTG,2025-08-20 16:59:14
KTTA,2025-08-20 16:59:14
LINK,2025-08-20 16:59:14
CFSB,2025-08-20 16:59:14
PCH,2025-08-20 16:59:14
LIVE,2025-08-20 16:59:14
MPTI,2025-08-20 16:59:14
ACU,2025-08-20 16:59:14
CDIOW,2025-08-20 16:59:14
ADV,2025-08-20 16:59:14
AUUDW,2025-08-20 16:59:14
MSPRZ,2025-08-20 16:59:14
USEG,2025-08-20 16:59:14
XBP,2025-08-20 16:59:14
OCUL,2025-08-20 16:59:14
BULLW,2025-08-20 16:59:14
TVGNW,2025-08-20 16:59:14
CTRN,2025-08-20 16:59:14
CORZW,2025-08-20 16:59:14
TURB,2025-08-20 16:59:14
AKTX,2025-08-20 16:59:14
YMAT,2025-08-20 16:59:14
NVNIW,2025-08-20 16:59:14
VRM,2025-08-20 16:59:14
YNOT,2025-08-20 16:59:14
CRKN,2025-08-20 16:59:14
CYCN,2025-08-20 16:59:14
AIFU,2025-08-20 16:59:14
FULT,2025-08-20 16:59:14
ELMD,2025-08-20 16:59:14
NEON,2025-08-20 16:59:14
CAPN,2025-08-20 16:59:14
VRNT,2025-08-20 16:59:14
ADGM,2025-08-20 16:59:14
BSVN,2025-08-20 16:59:14
PRTC,2025-08-20 16:59:14
REVB,2025-08-20 16:59:14
OXSQG,2025-08-20 16:59:14
ONFO,2025-08-20 16:59:14
NERV,2025-08-20 16:59:14
ADN,2025-08-20 16:59:14
OMCC,2025-08-20 16:59:14
LIXT,2025-08-20 16:59:14
BGLC,2025-08-20 16:59:14
SYTAW,2025-08-20 16:59:14
OSTX,2025-08-20 16:59:14
TXG,2025-08-20 16:59:14
SWKHL,2025-08-20 16:59:14
BITF,2025-08-20 16:59:14
OCCIO,2025-08-20 16:59:14
MTNB,2025-08-20 16:59:14
POWWP,2025-08-20 16:59:14
PYPD,2025-08-20 16:59:14
BENFW,2025-08-20 16:59:14
DC,2025-08-20 16:59:14
RNW,2025-08-20 16:59:14
NCI,2025-08-20 16:59:14
WEYS,2025-08-20 16:59:14
NVEC,2025-08-20 16:59:14
NCTY,2025-08-20 16:59:14
ONMDW,2025-08-20 16:59:14
DSYWW,2025-08-20 16:59:14
OXLCZ,2025-08-20 16:59:14
ONFOW,2025-08-20 16:59:14
RAVE,2025-08-20 16:59:14
RMBI,2025-08-20 16:59:14
OXLCN,2025-08-20 16:59:14
NWPX,2025-08-20 16:59:14
TORO,2025-08-20 16:59:14
OFLX,2025-08-20 16:59:14
OXLCL,2025-08-20 16:59:14
AMS,2025-08-20 16:59:14
QNTM,2025-08-20 16:59:14
CPBI,2025-08-20 16:59:14
FSI,2025-08-20 16:59:14
QUIK,2025-08-20 16:59:14
REGN,2025-08-20 16:59:14
SPPL,2025-08-20 16:59:14
SYRA,2025-08-20 16:59:14
STNE,2025-08-20 16:59:14
TNFA,2025-08-20 16:59:14
FATN,2025-08-20 16:59:14
CDXS,2025-08-20 16:59:14
CENN,2025-08-20 16:59:14
CAPT,2025-08-20 16:59:14
SNAX,2025-08-20 16:59:14
QNST,2025-08-20 16:59:14
TRIN,2025-08-20 16:59:14
TACT,2025-08-20 16:59:14
THRY,2025-08-20 16:59:14
NIPG,2025-08-20 16:59:14
TRML,2025-08-20 16:59:14
TRSG,2025-08-20 16:59:14
TACHU,2025-08-20 16:59:14
NCSM,2025-08-20 16:59:14
TTGT,2025-08-20 16:59:14
TEAD,2025-08-20 16:59:14
TMCWW,2025-08-20 16:59:14
OPCH,2025-08-20 16:59:14
NCRA,2025-08-20 16:59:14
TCBIO,2025-08-20 16:59:14
TGB,2025-08-20 16:59:14
SOHO,2025-08-20 16:59:14
SQFT,2025-08-20 16:59:14
SURG,2025-08-20 16:59:14
TACOU,2025-08-20 16:59:14
OPRX,2025-08-20 16:59:14
SNTI,2025-08-20 16:59:14
SWBI,2025-08-20 16:59:14
NCPL,2025-08-20 16:59:14
STRW,2025-08-20 16:59:14
STGW,2025-08-20 16:59:14
SNT,2025-08-20 16:59:14
RRBI,2025-08-20 16:59:14
OBE,2025-08-20 16:59:14
ROKU,2025-08-20 16:59:14
RNXT,2025-08-20 16:59:14
RGNX,2025-08-20 16:59:14
NCNA,2025-08-20 16:59:14
NBY,2025-08-20 16:59:14
TREE,2025-08-20 16:59:14
NFE,2025-08-20 16:59:14
NWTN,2025-08-20 16:59:14
NETD,2025-08-20 16:59:14
TOYO,2025-08-20 16:59:14
TMP,2025-08-20 16:59:14
TLSI,2025-08-20 16:59:14
NAAS,2025-08-20 16:59:14
NNE,2025-08-20 16:59:14
TMQ,2025-08-20 16:59:14
NNAVW,2025-08-20 16:59:14
NA,2025-08-20 16:59:14
MGIH,2025-08-20 16:59:14
NLSPW,2025-08-20 16:59:14
NVA,2025-08-20 16:59:14
MDRR,2025-08-20 16:59:14
MEGL,2025-08-20 16:59:14
LSE,2025-08-20 16:59:14
MGIC,2025-08-20 16:59:14
JBDI,2025-08-20 16:59:14
JZ,2025-08-20 16:59:14
JYNT,2025-08-20 16:59:14
MBINM,2025-08-20 16:59:14
PROK,2025-08-20 16:59:14
OPBK,2025-08-20 16:59:14
ORIQU,2025-08-20 16:59:14
TROO,2025-08-20 16:59:14
PTMN,2025-08-20 16:59:14
MDIA,2025-08-20 16:59:14
KROS,2025-08-20 16:59:14
ISOU,2025-08-20 16:59:14
QLYS,2025-08-20 16:59:14
RDAGW,2025-08-20 16:59:14
OCG,2025-08-20 16:59:14
MBINN,2025-08-20 16:59:14
PRCT,2025-08-20 16:59:14
OESX,2025-08-20 16:59:14
ORLY,2025-08-20 16:59:14
NWGL,2025-08-20 16:59:14
OSIS,2025-08-20 16:59:14
PLBY,2025-08-20 16:59:14
OLED,2025-08-20 16:59:14
LVTX,2025-08-20 16:59:14
MAAS,2025-08-20 16:59:14
ICMB,2025-08-20 16:59:14
HOOD,2025-08-20 16:59:14
HBANL,2025-08-20 16:59:14
PALI,2025-08-20 16:59:14
PTEN,2025-08-20 16:59:14
PAMT,2025-08-20 16:59:14
QTTB,2025-08-20 16:59:14
OLLI,2025-08-20 16:59:14
PLAY,2025-08-20 16:59:14
GIPRW,2025-08-20 16:59:14
AWRE,2025-08-20 16:59:14
AXAC,2025-08-20 16:59:14
PRK,2025-08-20 16:59:14
MQ,2025-08-20 16:59:14
PNFPP,2025-08-20 16:59:14
PSKY,2025-08-20 16:59:14
MNSBP,2025-08-20 16:59:14
PEP,2025-08-20 16:59:14
PCT,2025-08-20 16:59:14
MPB,2025-08-20 16:59:14
MNDR,2025-08-20 16:59:14
PMVC,2025-08-20 16:59:14
MMA,2025-08-20 16:59:14
IMRN,2025-08-20 16:59:14
ACGLN,2025-08-20 16:59:14
CERO,2025-08-20 16:59:14
INUV,2025-08-20 16:59:14
LNZA,2025-08-20 16:59:14
JCTC,2025-08-20 16:59:14
LNKS,2025-08-20 16:59:14
IAUX,2025-08-20 16:59:14
LGCY,2025-08-20 16:59:14
COEPW,2025-08-20 16:59:14
CARE,2025-08-20 16:59:14
IVF,2025-08-20 16:59:14
KC,2025-08-20 16:59:14
LGCB,2025-08-20 16:59:14
HYLN,2025-08-20 16:59:14
FACTU,2025-08-20 16:59:14
IDR,2025-08-20 16:59:14
HUBCW,2025-08-20 16:59:14
HTCO,2025-08-20 16:59:14
IMTE,2025-08-20 16:59:14
FLDDW,2025-08-20 16:59:14
HSPTU,2025-08-20 16:59:14
HYMCL,2025-08-20 16:59:14
HUBCZ,2025-08-20 16:59:14
HUIZ,2025-08-20 16:59:14
BLMZ,2025-08-20 16:59:14
CTKB,2025-08-20 16:59:14
HSPT,2025-08-20 16:59:14
HROWM,2025-08-20 16:59:14
HPAI,2025-08-20 16:59:14
HROW,2025-08-20 16:59:14
HPAIW,2025-08-20 16:59:14
CCIX,2025-08-20 16:59:14
BTCT,2025-08-20 16:59:14
BDRX,2025-08-20 16:59:14
LBGJ,2025-08-20 16:59:14
LFMD,2025-08-20 16:59:14
BTSGU,2025-08-20 16:59:14
CTGO,2025-08-20 16:59:14
KRKR,2025-08-20 16:59:14
ZURA,2025-08-20 16:59:14
JFBRW,2025-08-20 16:59:14
CNET,2025-08-20 16:59:14
ZJYL,2025-08-20 16:59:14
CMTL,2025-08-20 16:59:14
KPLTW,2025-08-20 16:59:14
CHCO,2025-08-20 16:59:14
XTIA,2025-08-20 16:59:14
XPL,2025-08-20 16:59:14
CNFR,2025-08-20 16:59:14
WAVE,2025-08-20 16:59:14
WWR,2025-08-20 16:59:14
XELB,2025-08-20 16:59:14
VOLT,2025-08-20 16:59:14
VABK,2025-08-20 16:59:14
FNWB,2025-08-20 16:59:14
VNTG,2025-08-20 16:59:14
GRVY,2025-08-20 16:59:14
HBANM,2025-08-20 16:59:14
ESP,2025-08-20 16:59:14
VOD,2025-08-20 16:59:14
URG,2025-08-20 16:59:14
WXM,2025-08-20 16:59:14
EGAN,2025-08-20 16:59:14
GRABW,2025-08-20 16:59:14
HBCP,2025-08-20 16:59:14
WTMAU,2025-08-20 16:59:14
WMG,2025-08-20 16:59:14
URBN,2025-08-20 16:59:14
EMCGR,2025-08-20 16:59:14
HNVR,2025-08-20 16:59:14
FOSL,2025-08-20 16:59:14
UPXI,2025-08-20 16:59:14
ILAG,2025-08-20 16:59:14
VRAR,2025-08-20 16:59:14
VTRS,2025-08-20 16:59:14
ENVB,2025-08-20 16:59:14
GIGM,2025-08-20 16:59:14
FOXX,2025-08-20 16:59:14
FTAIN,2025-08-20 16:59:14
UFCS,2025-08-20 16:59:14
UAL,2025-08-20 16:59:14
FRST,2025-08-20 16:59:14
HAS,2025-08-20 16:59:14
HBT,2025-08-20 16:59:14
TUSK,2025-08-20 16:59:14
EQX,2025-08-20 16:59:14
GOGL,2025-08-20 16:59:14
TTWO,2025-08-20 16:59:14
GROY,2025-08-20 16:59:14
GCMG,2025-08-20 16:59:14
ZEO,2025-08-20 16:59:14
YI,2025-08-20 16:59:14
XTNT,2025-08-20 16:59:14
GLE,2025-08-20 16:59:14
GTE,2025-08-20 16:59:14
YHNAR,2025-08-20 16:59:14
YHGJ,2025-08-20 16:59:14
GAUZ,2025-08-20 16:59:14
GCLWW,2025-08-20 16:59:14
ATMCR,2025-08-20 16:59:14
CRGOW,2025-08-20 16:59:14
BANR,2025-08-20 16:59:14
FGI,2025-08-20 16:59:14
BUUU,2025-08-20 16:59:14
BANL,2025-08-20 16:59:14
VWAVW,2025-08-20 16:59:14
NTIC,2025-08-20 16:59:14
SEDG,2025-08-20 16:59:14
BANX,2025-08-20 16:59:14
EYEG,2025-08-20 16:59:14
LOBO,2025-08-20 16:59:14
AXIL,2025-08-20 16:59:14
NEPH,2025-08-20 16:59:14
PNRG,2025-08-20 16:59:14
ELUT,2025-08-20 16:59:14
DHIL,2025-08-20 16:59:14
PBMWW,2025-08-20 16:59:14
TRINZ,2025-08-20 16:59:14
VLYPP,2025-08-20 16:59:14
PANL,2025-08-20 16:59:14
PLXS,2025-08-20 16:59:14
STI,2025-08-20 16:59:14
GAIN,2025-08-20 16:59:14
SOHOB,2025-08-20 16:59:14
DVS,2025-08-20 16:59:14
SANM,2025-08-20 16:59:14
NTAP,2025-08-20 16:59:14
GLXG,2025-08-20 16:59:14
SNY,2025-08-20 16:59:14
BPYPP,2025-08-20 16:59:14
RLYB,2025-08-20 16:59:14
PAPL,2025-08-20 16:59:14
NAMM,2025-08-20 16:59:14
AIMD,2025-08-20 16:59:14
FFAIW,2025-08-20 16:59:14
PC,2025-08-20 16:59:14
HXHX,2025-08-20 16:59:14
ATIIW,2025-08-20 16:59:14
AIMDW,2025-08-20 16:59:14
PSHG,2025-08-20 16:59:14
PAVS,2025-08-20 16:59:14
AGNCO,2025-08-20 16:59:14
AACG,2025-08-20 16:59:14
PWM,2025-08-20 16:59:14
NEO,2025-08-20 16:59:14
ANTA,2025-08-20 16:59:14
SDHIR,2025-08-20 16:59:14
PENN,2025-08-20 16:59:14
AFYA,2025-08-20 16:59:14
PRAX,2025-08-20 16:59:14
JLHL,2025-08-20 16:59:14
RCT,2025-08-20 16:59:14
CWBC,2025-08-20 16:59:14
IBIO,2025-08-20 16:59:14
FCNCO,2025-08-20 16:59:14
PRGS,2025-08-20 16:59:14
MYSEW,2025-08-20 16:59:14
EZPW,2025-08-20 16:59:14
UAMY,2025-08-20 16:59:14
PANW,2025-08-20 16:59:14
SSEAU,2025-08-20 16:59:14
SPTN,2025-08-20 16:59:14
AREN,2025-08-20 16:59:14
OPPE,2025-08-20 16:59:14
CVU,2025-08-20 16:59:14
DDC,2025-08-20 16:59:14
POAI,2025-08-20 16:59:14
NSRX,2025-08-20 16:59:14
LOVE,2025-08-20 16:59:14
ALF,2025-08-20 16:59:14
EVGOW,2025-08-20 16:59:14
NRXP,2025-08-20 16:59:14
CHAC,2025-08-20 16:59:14
RFIL,2025-08-20 16:59:14
CYBN,2025-08-20 16:59:14
AAPG,2025-08-20 16:59:14
PLUG,2025-08-20 16:59:14
DIT,2025-08-20 16:59:14
AFRIW,2025-08-20 16:59:14
CTM,2025-08-20 16:59:14
MOBBW,2025-08-20 16:59:14
RVSN,2025-08-20 16:59:14
SYRS,2025-08-20 16:59:14
NVAX,2025-08-20 16:59:14
PGEN,2025-08-20 16:59:14
XAGEW,2025-08-20 16:59:14
RHLD,2025-08-20 16:59:14
PTNM,2025-08-20 16:59:14
KFFB,2025-08-20 16:59:14
RRR,2025-08-20 16:59:14
PTPI,2025-08-20 16:59:14
ABVEW,2025-08-20 16:59:14
PRTA,2025-08-20 16:59:14
YQ,2025-08-20 16:59:14
CVKD,2025-08-20 16:59:14
EPIX,2025-08-20 16:59:14
CNEY,2025-08-20 16:59:14
ATHE,2025-08-20 16:59:14
RRGB,2025-08-20 16:59:14
SCWO,2025-08-20 16:59:14
EVGN,2025-08-20 16:59:14
HMST,2025-08-20 16:59:14
LIEN,2025-08-20 16:59:14
QSIAW,2025-08-20 16:59:14
EFOI,2025-08-20 16:59:14
ORMP,2025-08-20 16:59:14
KFII,2025-08-20 16:59:14
SGN,2025-08-20 16:59:14
SMMT,2025-08-20 16:59:14
ZNTL,2025-08-20 16:59:14
MNY,2025-08-20 16:59:14
VSEE,2025-08-20 16:59:14
SIMA,2025-08-20 16:59:14
SEED,2025-08-20 16:59:14
NSYS,2025-08-20 16:59:14
STTK,2025-08-20 16:59:14
SELX,2025-08-20 16:59:14
QTRX,2025-08-20 16:59:14
VCTR,2025-08-20 16:59:14
WSBC,2025-08-20 16:59:14
RXT,2025-08-20 16:59:14
RDWR,2025-08-20 16:59:14
NTIP,2025-08-20 16:59:14
RYAAY,2025-08-20 16:59:14
CLGN,2025-08-20 16:59:14
RSVR,2025-08-20 16:59:14
AREBW,2025-08-20 16:59:14
CLWT,2025-08-20 16:59:14
DOGZ,2025-08-20 16:59:14
POOL,2025-08-20 16:59:14
RCMT,2025-08-20 16:59:14
SWIN,2025-08-20 16:59:14
AMST,2025-08-20 16:59:14
ILLRW,2025-08-20 16:59:14
QSI,2025-08-20 16:59:14
TDIC,2025-08-20 16:59:14
RILYT,2025-08-20 16:59:14
REG,2025-08-20 16:59:14
RMBS,2025-08-20 16:59:14
YYAI,2025-08-20 16:59:14
SHIM,2025-08-20 16:59:14
TWNP,2025-08-20 16:59:14
SAFX,2025-08-20 16:59:14
NVCR,2025-08-20 16:59:14
RMSG,2025-08-20 16:59:14
SHIP,2025-08-20 16:59:14
SJ,2025-08-20 16:59:14
LPCN,2025-08-20 16:59:14
OYSE,2025-08-20 16:59:14
RUMBW,2025-08-20 16:59:14
BSAAU,2025-08-20 16:59:14
RIBB,2025-08-20 16:59:14
VRCA,2025-08-20 16:59:14
GOODO,2025-08-20 16:59:14
RBNE,2025-08-20 16:59:14
NEWT,2025-08-20 16:59:14
FERAR,2025-08-20 16:59:14
DAICW,2025-08-20 16:59:14
RELY,2025-08-20 16:59:14
GAINZ,2025-08-20 16:59:14
KINS,2025-08-20 16:59:14
SWAGW,2025-08-20 16:59:14
RNAC,2025-08-20 16:59:14
PEGA,2025-08-20 16:59:14
SFHG,2025-08-20 16:59:14
PED,2025-08-20 16:59:14
SWIM,2025-08-20 16:59:14
IONR,2025-08-20 16:59:14
RGTIW,2025-08-20 16:59:14
UEC,2025-08-20 16:59:14
PBHC,2025-08-20 16:59:14
GGROW,2025-08-20 16:59:14
DFLIW,2025-08-20 16:59:14
SNFCA,2025-08-20 16:59:14
TRT,2025-08-20 16:59:14
SNYR,2025-08-20 16:59:14
XAIR,2025-08-20 16:59:14
HPKEW,2025-08-20 16:59:14
WLDS,2025-08-20 16:59:14
PFX,2025-08-20 16:59:14
WFF,2025-08-20 16:59:14
XRX,2025-08-20 16:59:14
CRAQU,2025-08-20 16:59:14
ATOS,2025-08-20 16:59:14
SBAC,2025-08-20 16:59:14
ANSCW,2025-08-20 16:59:14
SIEB,2025-08-20 16:59:14
RMR,2025-08-20 16:59:14
CVV,2025-08-20 16:59:14
TH,2025-08-20 16:59:14
GRRRW,2025-08-20 16:59:14
EOLS,2025-08-20 16:59:14
SGD,2025-08-20 16:59:14
SGLY,2025-08-20 16:59:14
MCRP,2025-08-20 16:59:14
FSP,2025-08-20 16:59:14
FUFU,2025-08-20 16:59:14
FLGC,2025-08-20 16:59:14
NXPL,2025-08-20 16:59:14
ARTL,2025-08-20 16:59:14
BAOS,2025-08-20 16:59:14
AQUNU,2025-08-20 16:59:14
SPOK,2025-08-20 16:59:14
ATCH,2025-08-20 16:59:14
BCTXW,2025-08-20 16:59:14
BACCU,2025-08-20 16:59:14
SPRC,2025-08-20 16:59:14
CDIO,2025-08-20 16:59:14
VEEE,2025-08-20 16:59:14
NYMTI,2025-08-20 16:59:14
CREVW,2025-08-20 16:59:14
ADPT,2025-08-20 16:59:14
AQB,2025-08-20 16:59:14
CMND,2025-08-20 16:59:14
KULR,2025-08-20 16:59:14
BREA,2025-08-20 16:59:14
LHSW,2025-08-20 16:59:14
NXLIW,2025-08-20 16:59:14
GLAD,2025-08-20 16:59:14
LWAC,2025-08-20 16:59:14
AGNC,2025-08-20 16:59:14
PHVS,2025-08-20 16:59:14
ADXN,2025-08-20 16:59:14
APCX,2025-08-20 16:59:14
IRRXU,2025-08-20 16:59:14
CREV,2025-08-20 16:59:14
SHOT,2025-08-20 16:59:14
SHOP,2025-08-20 16:59:14
BRNS,2025-08-20 16:59:14
PASG,2025-08-20 16:59:14
NEWP,2025-08-20 16:59:14
AMSF,2025-08-20 16:59:14
IPCX,2025-08-20 16:59:14
LCTX,2025-08-20 16:59:14
BZAIW,2025-08-20 16:59:14
FGNXP,2025-08-20 16:59:14
IPCXR,2025-08-20 16:59:14
SACH,2025-08-20 16:59:14
ALDF,2025-08-20 16:59:14
IRIX,2025-08-20 16:59:14
INVZW,2025-08-20 16:59:14
ARVN,2025-08-20 16:59:14
SNDK,2025-08-20 16:59:14
LIMNW,2025-08-20 16:59:14
TVAI,2025-08-20 16:59:14
FMSTW,2025-08-20 16:59:14
AKAN,2025-08-20 16:59:14
SND,2025-08-20 16:59:14
EPRX,2025-08-20 16:59:14
AMPGW,2025-08-20 16:59:14
TOUR,2025-08-20 16:59:14
DYCQ,2025-08-20 16:59:14
STRRP,2025-08-20 16:59:14
TNXP,2025-08-20 16:59:14
YOUL,2025-08-20 16:59:14
CTOR,2025-08-20 16:59:14
ADSE,2025-08-20 16:59:14
TNYA,2025-08-20 16:59:14
DFSCW,2025-08-20 16:59:14
ARTV,2025-08-20 16:59:14
FATBP,2025-08-20 16:59:14
ELA,2025-08-20 16:59:14
GLDD,2025-08-20 16:59:14
MKDWW,2025-08-20 16:59:14
KRRO,2025-08-20 16:59:14
STOK,2025-08-20 16:59:14
BEAGU,2025-08-20 16:59:14
EBON,2025-08-20 16:59:14
EGHT,2025-08-20 16:59:14
ADAG,2025-08-20 16:59:14
BELFB,2025-08-20 16:59:14
TALKW,2025-08-20 16:59:14
DUOL,2025-08-20 16:59:14
BTMWW,2025-08-20 16:59:14
DDI,2025-08-20 16:59:14
TVGN,2025-08-20 16:59:14
SSP,2025-08-20 16:59:14
DFSC,2025-08-20 16:59:14
RANI,2025-08-20 16:59:14
WTGUR,2025-08-20 16:59:14
RAPP,2025-08-20 16:59:14
HWCPZ,2025-08-20 16:59:14
SCOR,2025-08-20 16:59:14
CALI,2025-08-20 16:59:14
TALK,2025-08-20 16:59:14
BRLS,2025-08-20 16:59:14
DXST,2025-08-20 16:59:14
BOXL,2025-08-20 16:59:14
EXOD,2025-08-20 16:59:14
AIM,2025-08-20 16:59:14
CMMB,2025-08-20 16:59:14
NOTV,2025-08-20 16:59:14
ARBB,2025-08-20 16:59:14
MSBIP,2025-08-20 16:59:14
BPYPM,2025-08-20 16:59:14
BLDEW,2025-08-20 16:59:14
AEON,2025-08-20 16:59:14
MHUA,2025-08-20 16:59:14
VTAK,2025-08-20 16:59:14
GLPI,2025-08-20 16:59:14
WORX,2025-08-20 16:59:14
MAPSW,2025-08-20 16:59:14
MAR,2025-08-20 16:59:14
MAPS,2025-08-20 16:59:14
INNV,2025-08-20 16:59:14
LVRO,2025-08-20 16:59:14
JBHT,2025-08-20 16:59:14
ASTC,2025-08-20 16:59:14
FITBP,2025-08-20 16:59:14
WNEB,2025-08-20 16:59:14
IRMD,2025-08-20 16:59:14
LVLU,2025-08-20 16:59:14
JZXN,2025-08-20 16:59:14
EFSCP,2025-08-20 16:59:14
IINNW,2025-08-20 16:59:14
WLACU,2025-08-20 16:59:14
NHTC,2025-08-20 16:59:14
TLIH,2025-08-20 16:59:14
NVNO,2025-08-20 16:59:14
WLAC,2025-08-20 16:59:14
TWG,2025-08-20 16:59:14
WULF,2025-08-20 16:59:14
DHCNL,2025-08-20 16:59:14
EGHA,2025-08-20 16:59:14
PFG,2025-08-20 16:59:14
WLACW,2025-08-20 16:59:14
TIGR,2025-08-20 16:59:14
SYBX,2025-08-20 16:59:14
CDZIP,2025-08-20 16:59:14
SZZLU,2025-08-20 16:59:14
USLM,2025-08-20 16:59:14
SMSI,2025-08-20 16:59:14
LSBK,2025-08-20 16:59:14
TIGO,2025-08-20 16:59:14
OCCIN,2025-08-20 16:59:14
USEA,2025-08-20 16:59:14
LRE,2025-08-20 16:59:14
QCOM,2025-08-20 16:59:14
OUSTW,2025-08-20 16:59:14
JFB,2025-08-20 16:59:14
LOT,2025-08-20 16:59:14
CORZZ,2025-08-20 16:59:14
FITBO,2025-08-20 16:59:14
PRTG,2025-08-20 16:59:14
KITTW,2025-08-20 16:59:14
NNDM,2025-08-20 16:59:14
OLB,2025-08-20 16:59:14
NMRK,2025-08-20 16:59:14
NKSH,2025-08-20 16:59:14
NMIH,2025-08-20 16:59:14
NAVI,2025-08-20 16:59:14
MYPSW,2025-08-20 16:59:14
NEXT,2025-08-20 16:59:14
MSW,2025-08-20 16:59:14
SABSW,2025-08-20 16:59:14
ANGHW,2025-08-20 16:59:14
SPRB,2025-08-20 16:59:14
MNTSW,2025-08-20 16:59:14
NMFCZ,2025-08-20 16:59:14
NWSA,2025-08-20 16:59:14
FNLC,2025-08-20 16:59:14
SYPR,2025-08-20 16:59:14
MYSE,2025-08-20 16:59:14
STRK,2025-08-20 16:59:14
NHC,2025-08-20 16:59:14
RIVN,2025-08-20 16:59:14
OUSTZ,2025-08-20 16:59:14
MNDY,2025-08-20 16:59:14
NG,2025-08-20 16:59:14
PELIU,2025-08-20 16:59:14
MLYS,2025-08-20 16:59:14
OLPX,2025-08-20 16:59:14
MHH,2025-08-20 16:59:14
OFIX,2025-08-20 16:59:14
OMAB,2025-08-20 16:59:14
NBIX,2025-08-20 16:59:14
NETDW,2025-08-20 16:59:14
MLAC,2025-08-20 16:59:14
CCEL,2025-08-20 16:59:14
MKTX,2025-08-20 16:59:14
TAOX,2025-08-20 16:59:14
MKSI,2025-08-20 16:59:14
PCAPU,2025-08-20 16:59:14
OMCL,2025-08-20 16:59:14
NAK,2025-08-20 16:59:14
MATW,2025-08-20 16:59:14
AZTR,2025-08-20 16:59:14
MBAVW,2025-08-20 16:59:14
NWTNW,2025-08-20 16:59:14
NUVL,2025-08-20 16:59:14
REI,2025-08-20 16:59:14
NUKKW,2025-08-20 16:59:14
PAA,2025-08-20 16:59:14
PCAP,2025-08-20 16:59:14
AZI,2025-08-20 16:59:14
SGC,2025-08-20 16:59:14
NRIM,2025-08-20 16:59:14
NXGL,2025-08-20 16:59:14
NPCE,2025-08-20 16:59:14
TURN,2025-08-20 16:59:14
OXSQZ,2025-08-20 16:59:14
THAR,2025-08-20 16:59:14
PACB,2025-08-20 16:59:14
TCMD,2025-08-20 16:59:14
TXMD,2025-08-20 16:59:14
TVRD,2025-08-20 16:59:14
TLPH,2025-08-20 16:59:14
THM,2025-08-20 16:59:14
TVTX,2025-08-20 16:59:14
THCH,2025-08-20 16:59:14
TKLF,2025-08-20 16:59:14
OPEN,2025-08-20 16:59:14
SXTC,2025-08-20 16:59:14
TTEC,2025-08-20 16:59:14
TLSA,2025-08-20 16:59:14
TEM,2025-08-20 16:59:14
TACH,2025-08-20 16:59:14
PETS,2025-08-20 16:59:14
TBPH,2025-08-20 16:59:14
TCBS,2025-08-20 16:59:14
STRF,2025-08-20 16:59:14
PGY,2025-08-20 16:59:14
STXS,2025-08-20 16:59:14
TBMC,2025-08-20 16:59:14
TARS,2025-08-20 16:59:14
ONCHU,2025-08-20 16:59:14
STKL,2025-08-20 16:59:14
STRA,2025-08-20 16:59:14
NXTT,2025-08-20 16:59:14
ONBPP,2025-08-20 16:59:14
STEC,2025-08-20 16:59:14
SSBI,2025-08-20 16:59:14
PATK,2025-08-20 16:59:14
TTAN,2025-08-20 16:59:14
PAGP,2025-08-20 16:59:14
TLRY,2025-08-20 16:59:14
OPPJ,2025-08-20 16:59:14
TSEM,2025-08-20 16:59:14
NXPLW,2025-08-20 16:59:14
TRNS,2025-08-20 16:59:14
OMER,2025-08-20 16:59:14
TRDA,2025-08-20 16:59:14
OXBRW,2025-08-20 16:59:14
OMH,2025-08-20 16:59:14
YIBO,2025-08-20 16:59:14
OTEX,2025-08-20 16:59:14
PAX,2025-08-20 16:59:14
XYLO,2025-08-20 16:59:14
WTMA,2025-08-20 16:59:14
YGMZ,2025-08-20 16:59:14
WFRD,2025-08-20 16:59:14
RVMD,2025-08-20 16:59:14
USAS,2025-08-20 16:59:14
PENG,2025-08-20 16:59:14
VFS,2025-08-20 16:59:14
UTHR,2025-08-20 16:59:14
VOXR,2025-08-20 16:59:14
SGRP,2025-08-20 16:59:14
PGYWW,2025-08-20 16:59:14
VFSWW,2025-08-20 16:59:14
UROY,2025-08-20 16:59:14
RLGT,2025-08-20 16:59:14
NYMT,2025-08-20 16:59:14
SION,2025-08-20 16:59:14
XENE,2025-08-20 16:59:14
OBT,2025-08-20 16:59:14
SOUNW,2025-08-20 16:59:14
WNW,2025-08-20 16:59:14
PHUN,2025-08-20 16:59:14
ULBI,2025-08-20 16:59:14
PKBK,2025-08-20 16:59:14
RARE,2025-08-20 16:59:14
VTYX,2025-08-20 16:59:14
WINA,2025-08-20 16:59:14
NXL,2025-08-20 16:59:14
PLMK,2025-08-20 16:59:14
VRSN,2025-08-20 16:59:14
OGEN,2025-08-20 16:59:14
SABR,2025-08-20 16:59:14
PBPB,2025-08-20 16:59:14
UGRO,2025-08-20 16:59:14
SOUN,2025-08-20 16:59:14
POLA,2025-08-20 16:59:14
UG,2025-08-20 16:59:14
RGP,2025-08-20 16:59:14
ROOT,2025-08-20 16:59:14
UCL,2025-08-20 16:59:14
TYRA,2025-08-20 16:59:14
UBSI,2025-08-20 16:59:14
PT,2025-08-20 16:59:14
ZIMV,2025-08-20 16:59:14
PPTA,2025-08-20 16:59:14
ZEOWW,2025-08-20 16:59:14
RZLV,2025-08-20 16:59:14
ZBAI,2025-08-20 16:59:14
ZCAR,2025-08-20 16:59:14
ZDGE,2025-08-20 16:59:14
RDGT,2025-08-20 16:59:14
PRE,2025-08-20 16:59:14
IVVD,2025-08-20 16:59:14
DRTSW,2025-08-20 16:59:14
QVCGB,2025-08-20 16:59:14
JRSH,2025-08-20 16:59:14
BRTX,2025-08-20 16:59:14
JDZG,2025-08-20 16:59:14
CASS,2025-08-20 16:59:14
NAMS,2025-08-20 16:59:14
IPM,2025-08-20 16:59:14
DJTWW,2025-08-20 16:59:14
FORTY,2025-08-20 16:59:14
EXPO,2025-08-20 16:59:14
INTJ,2025-08-20 16:59:14
ICCT,2025-08-20 16:59:14
LGL,2025-08-20 16:59:14
IZM,2025-08-20 16:59:14
IBAC,2025-08-20 16:59:14
AGNCP,2025-08-20 16:59:14
JG,2025-08-20 16:59:14
IVP,2025-08-20 16:59:14
FSV,2025-08-20 16:59:14
INVA,2025-08-20 16:59:14
IMO,2025-08-20 16:59:14
CIFRW,2025-08-20 16:59:14
HQY,2025-08-20 16:59:14
HUSA,2025-08-20 16:59:14
BELFA,2025-08-20 16:59:14
HYMC,2025-08-20 16:59:14
INDP,2025-08-20 16:59:14
ELTK,2025-08-20 16:59:14
HOVRW,2025-08-20 16:59:14
HOTH,2025-08-20 16:59:14
HOLOW,2025-08-20 16:59:14
IGIC,2025-08-20 16:59:14
AGNCL,2025-08-20 16:59:14
IKT,2025-08-20 16:59:14
LSTA,2025-08-20 16:59:14
ZION,2025-08-20 16:59:14
LNT,2025-08-20 16:59:14
KOD,2025-08-20 16:59:14
BWBBP,2025-08-20 16:59:14
ELWS,2025-08-20 16:59:14
DAVEW,2025-08-20 16:59:14
LGO,2025-08-20 16:59:14
ENPH,2025-08-20 16:59:14
OCCI,2025-08-20 16:59:14
BLIN,2025-08-20 16:59:14
CPOP,2025-08-20 16:59:14
HNNAZ,2025-08-20 16:59:14
EUDA,2025-08-20 16:59:14
PDD,2025-08-20 16:59:14
LOGC,2025-08-20 16:59:14
JL,2025-08-20 16:59:14
GT,2025-08-20 16:59:14
PAL,2025-08-20 16:59:14
SLM,2025-08-20 16:59:14
GURE,2025-08-20 16:59:14
SYM,2025-08-20 16:59:14
FTDR,2025-08-20 16:59:14
HEPA,2025-08-20 16:59:14
GRAL,2025-08-20 16:59:14
BCAL,2025-08-20 16:59:14
SDST,2025-08-20 16:59:14
BZFDW,2025-08-20 16:59:14
HUMAW,2025-08-20 16:59:14
HFBL,2025-08-20 16:59:14
PI,2025-08-20 16:59:14
BCARU,2025-08-20 16:59:14
HLMN,2025-08-20 16:59:14
FTRE,2025-08-20 16:59:14
GECCI,2025-08-20 16:59:14
PHAT,2025-08-20 16:59:14
UPST,2025-08-20 16:59:14
FWONK,2025-08-20 16:59:14
GAIA,2025-08-20 16:59:14
CGTL,2025-08-20 16:59:14
GNS,2025-08-20 16:59:14
BUSE,2025-08-20 16:59:14
HCWC,2025-08-20 16:59:14
SHLS,2025-08-20 16:59:14
BACC,2025-08-20 16:59:14
FAASW,2025-08-20 16:59:14
HITI,2025-08-20 16:59:14
CCNEP,2025-08-20 16:59:14
VSEEW,2025-08-20 16:59:14
GDSTU,2025-08-20 16:59:14
GNTA,2025-08-20 16:59:14
GAMB,2025-08-20 16:59:14
ZTEK,2025-08-20 16:59:14
MGRT,2025-08-20 16:59:14
GANX,2025-08-20 16:59:14
HCWB,2025-08-20 16:59:14
GRCE,2025-08-20 16:59:14
CBOE,2025-08-20 16:59:14
TRST,2025-08-20 16:59:14
SPHL,2025-08-20 16:59:14
GDEV,2025-08-20 16:59:14
ANGO,2025-08-20 16:59:14
SBUX,2025-08-20 16:59:14
GGR,2025-08-20 16:59:14
ABNB,2025-08-20 16:59:14
WPRT,2025-08-20 16:59:14
CCIXW,2025-08-20 16:59:14
VBTX,2025-08-20 16:59:14
PW,2025-08-20 16:59:14
ATII,2025-08-20 16:59:14
ADIL,2025-08-20 16:59:14
BWMN,2025-08-20 16:59:14
QNCX,2025-08-20 16:59:14
PLAG,2025-08-20 16:59:14
AMRN,2025-08-20 16:59:14
YXT,2025-08-20 16:59:14
CHNR,2025-08-20 16:59:14
ZS,2025-08-20 16:59:14
EZGO,2025-08-20 16:59:14
CSWCZ,2025-08-20 16:59:14
ELBM,2025-08-20 16:59:14
CEVA,2025-08-20 16:59:14
PSTV,2025-08-20 16:59:14
CCCC,2025-08-20 16:59:14
DEVS,2025-08-20 16:59:14
CTSO,2025-08-20 16:59:14
PRPO,2025-08-20 16:59:14
NSTS,2025-08-20 16:59:14
MMLP,2025-08-20 16:59:14
OPTT,2025-08-20 16:59:14
PSNL,2025-08-20 16:59:14
BMHL,2025-08-20 16:59:14
CATX,2025-08-20 16:59:14
TRVG,2025-08-20 16:59:14
ONEG,2025-08-20 16:59:14
ATMC,2025-08-20 16:59:14
NYAX,2025-08-20 16:59:14
PRSO,2025-08-20 16:59:14
PRPL,2025-08-20 16:59:14
IBO,2025-08-20 16:59:14
PZG,2025-08-20 16:59:14
BMBL,2025-08-20 16:59:14
EPM,2025-08-20 16:59:14
PLX,2025-08-20 16:59:14
DRMAW,2025-08-20 16:59:14
CMCL,2025-08-20 16:59:14
VSA,2025-08-20 16:59:14
NTCL,2025-08-20 16:59:14
KAPA,2025-08-20 16:59:14
ANIX,2025-08-20 16:59:14
RDZN,2025-08-20 16:59:14
ULCC,2025-08-20 16:59:14
AMBO,2025-08-20 16:59:14
SIGIP,2025-08-20 16:59:14
DFPH,2025-08-20 16:59:14
ARQT,2025-08-20 16:59:14
RFAIR,2025-08-20 16:59:14
APLMW,2025-08-20 16:59:14
AFRI,2025-08-20 16:59:14
NNNN,2025-08-20 16:59:14
AACI,2025-08-20 16:59:14
INBKZ,2025-08-20 16:59:14
DTSQR,2025-08-20 16:59:14
VRNS,2025-08-20 16:59:14
AMZE,2025-08-20 16:59:14
XAGE,2025-08-20 16:59:14
BLRX,2025-08-20 16:59:14
SCAG,2025-08-20 16:59:14
OYSER,2025-08-20 16:59:14
RBKB,2025-08-20 16:59:14
AACIU,2025-08-20 16:59:14
DGICB,2025-08-20 16:59:14
FITB,2025-08-20 16:59:14
RILYN,2025-08-20 16:59:14
IVDAW,2025-08-20 16:59:14
FAMI,2025-08-20 16:59:14
MKDW,2025-08-20 16:59:14
REGCP,2025-08-20 16:59:14
REGCO,2025-08-20 16:59:14
NVAWW,2025-08-20 16:59:14
CGCT,2025-08-20 16:59:14
PMTR,2025-08-20 16:59:14
CHSCP,2025-08-20 16:59:14
AIRT,2025-08-20 16:59:14
YOSH,2025-08-20 16:59:14
REAX,2025-08-20 16:59:14
CVRX,2025-08-20 16:59:14
NMTC,2025-08-20 16:59:14
ECPG,2025-08-20 16:59:14
MAIA,2025-08-20 16:59:14
ARMN,2025-08-20 16:59:14
ULTA,2025-08-20 16:59:14
QSEA,2025-08-20 16:59:14
DXR,2025-08-20 16:59:14
IMCC,2025-08-20 16:59:14
PGAC,2025-08-20 16:59:14
ASPCU,2025-08-20 16:59:14
PSIG,2025-08-20 16:59:14
RELL,2025-08-20 16:59:14
RMCF,2025-08-20 16:59:14
RICK,2025-08-20 16:59:14
RELI,2025-08-20 16:59:14
EVCM,2025-08-20 16:59:14
SAFT,2025-08-20 16:59:14
RNTX,2025-08-20 16:59:14
SAIL,2025-08-20 16:59:14
STHO,2025-08-20 16:59:14
SCLXW,2025-08-20 16:59:14
SBLK,2025-08-20 16:59:14
RBB,2025-08-20 16:59:14
RVSNW,2025-08-20 16:59:14
NPACW,2025-08-20 16:59:14
PRME,2025-08-20 16:59:14
OSUR,2025-08-20 16:59:14
OPXS,2025-08-20 16:59:14
SCLX,2025-08-20 16:59:14
VCYT,2025-08-20 16:59:14
COEP,2025-08-20 16:59:14
RTACW,2025-08-20 16:59:14
MTEX,2025-08-20 16:59:14
INDO,2025-08-20 16:59:14
SOAR,2025-08-20 16:59:14
OVID,2025-08-20 16:59:14
VERA,2025-08-20 16:59:14
SKK,2025-08-20 16:59:14
SEIC,2025-08-20 16:59:14
PMTS,2025-08-20 16:59:14
RUM,2025-08-20 16:59:14
SLNH,2025-08-20 16:59:14
EONR,2025-08-20 16:59:14
SBET,2025-08-20 16:59:14
FCUV,2025-08-20 16:59:14
TNMG,2025-08-20 16:59:14
TSHA,2025-08-20 16:59:14
NTLA,2025-08-20 16:59:14
LRHC,2025-08-20 16:59:14
TDACW,2025-08-20 16:59:14
NVTS,2025-08-20 16:59:14
SOPH,2025-08-20 16:59:14
TANH,2025-08-20 16:59:14
NTES,2025-08-20 16:59:14
DTSTW,2025-08-20 16:59:14
RCKT,2025-08-20 16:59:14
RDNW,2025-08-20 16:59:14
WERN,2025-08-20 16:59:14
RMNI,2025-08-20 16:59:14
ANSC,2025-08-20 16:59:14
CELZ,2025-08-20 16:59:14
SCVL,2025-08-20 16:59:14
NKGN,2025-08-20 16:59:14
CELUW,2025-08-20 16:59:14
VENU,2025-08-20 16:59:14
WENN,2025-08-20 16:59:14
APADU,2025-08-20 16:59:14
FOLD,2025-08-20 16:59:14
STSSW,2025-08-20 16:59:14
RTAC,2025-08-20 16:59:14
SDA,2025-08-20 16:59:14
SEAT,2025-08-20 16:59:14
EVEX-WT,2025-08-20 16:59:14
WKEY,2025-08-20 16:59:14
SMTK,2025-08-20 16:59:14
SNOA,2025-08-20 16:59:14
LAWR,2025-08-20 16:59:14
YYGH,2025-08-20 16:59:14
FANG,2025-08-20 16:59:14
ZSPC,2025-08-20 16:59:14
SHOO,2025-08-20 16:59:14
STFS,2025-08-20 16:59:14
GLBZ,2025-08-20 16:59:14
WLDN,2025-08-20 16:59:14
SPNS,2025-08-20 16:59:14
ASM,2025-08-20 16:59:14
SIRI,2025-08-20 16:59:14
FIGX,2025-08-20 16:59:14
SEB,2025-08-20 16:59:14
UMBF,2025-08-20 16:59:14
SIMO,2025-08-20 16:59:14
FERA,2025-08-20 16:59:14
SHBI,2025-08-20 16:59:14
MRNO,2025-08-20 16:59:14
RWAYZ,2025-08-20 16:59:14
SENEA,2025-08-20 16:59:14
SAGT,2025-08-20 16:59:14
GDC,2025-08-20 16:59:14
TARA,2025-08-20 16:59:14
MNRO,2025-08-20 16:59:14
NVCT,2025-08-20 16:59:14
FBGL,2025-08-20 16:59:14
UTSI,2025-08-20 16:59:14
UYSC,2025-08-20 16:59:14
SWKH,2025-08-20 16:59:14
ZONE,2025-08-20 16:59:14
RILYZ,2025-08-20 16:59:14
EDSA,2025-08-20 16:59:14
SNPS,2025-08-20 16:59:14
CRESW,2025-08-20 16:59:14
CREX,2025-08-20 16:59:14
SGML,2025-08-20 16:59:14
WSBF,2025-08-20 16:59:14
BYFC,2025-08-20 16:59:14
CME,2025-08-20 16:59:14
SAIH,2025-08-20 16:59:14
SFM,2025-08-20 16:59:14
DUO,2025-08-20 16:59:14
NYMTH,2025-08-20 16:59:14
ANAB,2025-08-20 16:59:14
EUDAW,2025-08-20 16:59:14
ACONW,2025-08-20 16:59:14
OTLK,2025-08-20 16:59:14
ORGN,2025-08-20 16:59:14
SSII,2025-08-20 16:59:14
XFOR,2025-08-20 16:59:14
AIRJW,2025-08-20 16:59:14
DIBS,2025-08-20 16:59:14
LEE,2025-08-20 16:59:14
ARKOW,2025-08-20 16:59:14
BNGO,2025-08-20 16:59:14
CMCT,2025-08-20 16:59:14
ADVB,2025-08-20 16:59:14
PCTTW,2025-08-20 16:59:14
ZYME,2025-08-20 16:59:14
AIRO,2025-08-20 16:59:14
CJMB,2025-08-20 16:59:14
EGHAR,2025-08-20 16:59:14
BPYPN,2025-08-20 16:59:14
CRAQR,2025-08-20 16:59:14
PLG,2025-08-20 16:59:14
NEWTH,2025-08-20 16:59:14
IRD,2025-08-20 16:59:14
PCLA,2025-08-20 16:59:14
ACAD,2025-08-20 16:59:14
ZOOZW,2025-08-20 16:59:14
JFU,2025-08-20 16:59:14
MKLYU,2025-08-20 16:59:14
ZYXI,2025-08-20 16:59:14
COFS,2025-08-20 16:59:14
TRUE,2025-08-20 16:59:14
SSRM,2025-08-20 16:59:14
XGN,2025-08-20 16:59:14
FTRK,2025-08-20 16:59:14
BURU,2025-08-20 16:59:14
SSSSL,2025-08-20 16:59:14
SNCY,2025-08-20 16:59:14
BRBS,2025-08-20 16:59:14
BRN,2025-08-20 16:59:14
HVIIR,2025-08-20 16:59:14
BACQ,2025-08-20 16:59:14
CLNNW,2025-08-20 16:59:14
BYNO,2025-08-20 16:59:14
CEPT,2025-08-20 16:59:14
ZXZZT,2025-08-20 16:59:14
ATLCZ,2025-08-20 16:59:14
ADP,2025-08-20 16:59:14
RETO,2025-08-20 16:59:14
MATH,2025-08-20 16:59:14
LEXXW,2025-08-20 16:59:14
ABLV,2025-08-20 16:59:14
BRRWU,2025-08-20 16:59:14
BKTI,2025-08-20 16:59:14
NISN,2025-08-20 16:59:14
BEAG,2025-08-20 16:59:14
AENT,2025-08-20 16:59:14
JAMF,2025-08-20 16:59:14
ADVWW,2025-08-20 16:59:14
JSM,2025-08-20 16:59:14
BPYPO,2025-08-20 16:59:14
BHAT,2025-08-20 16:59:14
UK,2025-08-20 16:59:14
SRBK,2025-08-20 16:59:14
OXLCO,2025-08-20 16:59:14
GFAIW,2025-08-20 16:59:14
PSNYW,2025-08-20 16:59:14
CGBDL,2025-08-20 16:59:14
FGBIP,2025-08-20 16:59:14
OS,2025-08-20 16:59:14
PKOH,2025-08-20 16:59:14
CLPS,2025-08-20 16:59:14
HVII,2025-08-20 16:59:14
APT,2025-08-20 16:59:14
IPOD,2025-08-20 16:59:14
CEG,2025-08-20 16:59:14
APRE,2025-08-20 16:59:14
NPAC,2025-08-20 16:59:14
MOGO,2025-08-20 16:59:14
TAIT,2025-08-20 16:59:14
LOOP,2025-08-20 16:59:14
ALBT,2025-08-20 16:59:14
FSHPR,2025-08-20 16:59:14
WETO,2025-08-20 16:59:14
ALCYW,2025-08-20 16:59:14
FGMCU,2025-08-20 16:59:14
AERTW,2025-08-20 16:59:14
NSIT,2025-08-20 16:59:14
ARBKL,2025-08-20 16:59:14
WAFDP,2025-08-20 16:59:14
ARBEW,2025-08-20 16:59:14
GTEN,2025-08-20 16:59:14
ARBK,2025-08-20 16:59:14
WAI,2025-08-20 16:59:14
CINF,2025-08-20 16:59:14
TPG,2025-08-20 16:59:14
SDHIU,2025-08-20 16:59:14
CMPO,2025-08-20 16:59:14
MSAIW,2025-08-20 16:59:14
MSGY,2025-08-20 16:59:14
MOVE,2025-08-20 16:59:14
MOBXW,2025-08-20 16:59:14
POCI,2025-08-20 16:59:14
LANDP,2025-08-20 16:59:14
MSGM,2025-08-20 16:59:14
LX,2025-08-20 16:59:14
KZIA,2025-08-20 16:59:14
LSH,2025-08-20 16:59:14
MNYWW,2025-08-20 16:59:14
IROH,2025-08-20 16:59:14
SABS,2025-08-20 16:59:14
ORGNW,2025-08-20 16:59:14
LSF,2025-08-20 16:59:14
LANDM,2025-08-20 16:59:14
MDCXW,2025-08-20 16:59:14
IE,2025-08-20 16:59:14
LWACU,2025-08-20 16:59:14
INAC,2025-08-20 16:59:14
CAPR,2025-08-20 16:59:14
IPHA,2025-08-20 16:59:14
IRWD,2025-08-20 16:59:14
HMR,2025-08-20 16:59:14
HFWA,2025-08-20 16:59:14
DCOMG,2025-08-20 16:59:14
INACU,2025-08-20 16:59:14
ADEA,2025-08-20 16:59:14
HAO,2025-08-20 16:59:14
GIPR,2025-08-20 16:59:14
NYMTN,2025-08-20 16:59:14
MGRC,2025-08-20 16:59:14
AVNW,2025-08-20 16:59:14
GLTO,2025-08-20 16:59:14
KXIN,2025-08-20 16:59:14
ORGO,2025-08-20 16:59:14
ATNM,2025-08-20 16:59:14
MFICL,2025-08-20 16:59:14
MAG,2025-08-20 16:59:14
GIG,2025-08-20 16:59:14
MFI,2025-08-20 16:59:14
MESO,2025-08-20 16:59:14
GEOS,2025-08-20 16:59:14
BGLWW,2025-08-20 16:59:14
OM,2025-08-20 16:59:14
ORLA,2025-08-20 16:59:14
OSPN,2025-08-20 16:59:14
OPHC,2025-08-20 16:59:14
PETZ,2025-08-20 16:59:14
OCTO,2025-08-20 16:59:14
ORKT,2025-08-20 16:59:14
NUKK,2025-08-20 16:59:14
NYMTG,2025-08-20 16:59:14
NRSN,2025-08-20 16:59:14
NTWO,2025-08-20 16:59:14
BTG,2025-08-20 16:59:14
NWE,2025-08-20 16:59:14
DSY,2025-08-20 16:59:14
YAAS,2025-08-20 16:59:14
PTLE,2025-08-20 16:59:14
UNB,2025-08-20 16:59:14
NMRA,2025-08-20 16:59:14
XMTR,2025-08-20 16:59:14
ORIS,2025-08-20 16:59:14
WTGUU,2025-08-20 16:59:14
DBVT,2025-08-20 16:59:14
ONC,2025-08-20 16:59:14
WRN,2025-08-20 16:59:14
ONBPO,2025-08-20 16:59:14
SER,2025-08-20 16:59:14
CCCS,2025-08-20 16:59:14
STAK,2025-08-20 16:59:14
OCGN,2025-08-20 16:59:14
NLSP,2025-08-20 16:59:14
CCCXU,2025-08-20 16:59:14
GENVR,2025-08-20 16:59:14
VWAV,2025-08-20 16:59:14
NEOVW,2025-08-20 16:59:14
ELSE,2025-08-20 16:59:14
PMCB,2025-08-20 16:59:14
SOPA,2025-08-20 16:59:14
NKTX,2025-08-20 16:59:14
NYMTL,2025-08-20 16:59:14
STAI,2025-08-20 16:59:14
NATH,2025-08-20 16:59:14
WTBA,2025-08-20 16:59:14
SPT,2025-08-20 16:59:14
MYO,2025-08-20 16:59:14
PAYS,2025-08-20 16:59:14
PDYNW,2025-08-20 16:59:14
OXLCG,2025-08-20 16:59:14
MTC,2025-08-20 16:59:14
SUNE,2025-08-20 16:59:14
SRTS,2025-08-20 16:59:14
OXLC,2025-08-20 16:59:14
DMAA,2025-08-20 16:59:14
STRO,2025-08-20 16:59:14
PFXNZ,2025-08-20 16:59:14
OXBR,2025-08-20 16:59:14
OSRH,2025-08-20 16:59:14
XCH,2025-08-20 16:59:14
SLNO,2025-08-20 16:59:14
WVVI,2025-08-20 16:59:14
ROST,2025-08-20 16:59:14
VLGEA,2025-08-20 16:59:14
WVVIP,2025-08-20 16:59:14
VCIG,2025-08-20 16:59:14
VGAS,2025-08-20 16:59:14
WYHG,2025-08-20 16:59:14
WAY,2025-08-20 16:59:14
SONO,2025-08-20 16:59:14
RWAYL,2025-08-20 16:59:14
VTGN,2025-08-20 16:59:14
WDAY,2025-08-20 16:59:14
UUUU,2025-08-20 16:59:14
WINV,2025-08-20 16:59:14
VIVS,2025-08-20 16:59:14
VERU,2025-08-20 16:59:14
UPB,2025-08-20 16:59:14
UONE,2025-08-20 16:59:14
UOKA,2025-08-20 16:59:14
UPLD,2025-08-20 16:59:14
VBNK,2025-08-20 16:59:14
SRZNW,2025-08-20 16:59:14
UNTY,2025-08-20 16:59:14
UMAC,2025-08-20 16:59:14
ULY,2025-08-20 16:59:14
SCPH,2025-08-20 16:59:14
UPC,2025-08-20 16:59:14
UEIC,2025-08-20 16:59:14
ROIV,2025-08-20 16:59:14
RUSHB,2025-08-20 16:59:14
UCAR,2025-08-20 16:59:14
WILC,2025-08-20 16:59:14
WHLRP,2025-08-20 16:59:14
RPRX,2025-08-20 16:59:14
RZLVW,2025-08-20 16:59:14
WHLR,2025-08-20 16:59:14
REPL,2025-08-20 16:59:14
WHF,2025-08-20 16:59:14
WCT,2025-08-20 16:59:14
SATS,2025-08-20 16:59:14
RENT,2025-08-20 16:59:14
RVMDW,2025-08-20 16:59:14
CODX,2025-08-20 16:59:14
SANG,2025-08-20 16:59:14
ZKIN,2025-08-20 16:59:14
BLIV,2025-08-20 16:59:14
ZDAI,2025-08-20 16:59:14
ZG,2025-08-20 16:59:14
COOTW,2025-08-20 16:59:14
COCP,2025-08-20 16:59:14
SNTG,2025-08-20 16:59:14
THFF,2025-08-20 16:59:14
ZCMD,2025-08-20 16:59:14
ZBAO,2025-08-20 16:59:14
TOVX,2025-08-20 16:59:14
STIM,2025-08-20 16:59:14
TRS,2025-08-20 16:59:14
ZENA,2025-08-20 16:59:14
CEROW,2025-08-20 16:59:14
TGEN,2025-08-20 16:59:14
YORKU,2025-08-20 16:59:14
PHGE,2025-08-20 16:59:14
CCIIU,2025-08-20 16:59:14
PONY,2025-08-20 16:59:14
PNTG,2025-08-20 16:59:14
TVA,2025-08-20 16:59:14
STRT,2025-08-20 16:59:14
AZ,2025-08-20 16:59:14
PNFP,2025-08-20 16:59:14
RDI,2025-08-20 16:59:14
STRC,2025-08-20 16:59:14
ZJK,2025-08-20 16:59:14
STRZ,2025-08-20 16:59:14
YORK,2025-08-20 16:59:14
SXTP,2025-08-20 16:59:14
ZIONP,2025-08-20 16:59:14
PLMR,2025-08-20 16:59:14
TOPP,2025-08-20 16:59:14
YJ,2025-08-20 16:59:14
TSBK,2025-08-20 16:59:14
XTKG,2025-08-20 16:59:14
SLXNW,2025-08-20 16:59:14
XRAY,2025-08-20 16:59:14
XWEL,2025-08-20 16:59:14
SVII,2025-08-20 16:59:14
TELO,2025-08-20 16:59:14
SWVLW,2025-08-20 16:59:14
XHG,2025-08-20 16:59:14
TGTX,2025-08-20 16:59:14
CNL,2025-08-20 16:59:14
TNGX,2025-08-20 16:59:14
CIIT,2025-08-20 16:59:14
SVIIW,2025-08-20 16:59:14
CMT,2025-08-20 16:59:14
SWVL,2025-08-20 16:59:14
TCBK,2025-08-20 16:59:14
DAIO,2025-08-20 16:59:14
CHCI,2025-08-20 16:59:14
JXG,2025-08-20 16:59:14
PROP,2025-08-20 16:59:14
GRO,2025-08-20 16:59:14
GP,2025-08-20 16:59:14
FPAY,2025-08-20 16:59:14
PHAR,2025-08-20 16:59:14
GORO,2025-08-20 16:59:14
BRKR,2025-08-20 16:59:14
COLB,2025-08-20 16:59:14
CHSCL,2025-08-20 16:59:14
WSFS,2025-08-20 16:59:14
HFSI,2025-08-20 16:59:14
BEATW,2025-08-20 16:59:14
ERNA,2025-08-20 16:59:14
RGCO,2025-08-20 16:59:14
PAHC,2025-08-20 16:59:14
GECCH,2025-08-20 16:59:14
BHM,2025-08-20 16:59:14
CALC,2025-08-20 16:59:14
EHLD,2025-08-20 16:59:14
HHS,2025-08-20 16:59:14
ATXI,2025-08-20 16:59:14
NAMSW,2025-08-20 16:59:14
PROF,2025-08-20 16:59:14
EMCGW,2025-08-20 16:59:14
GAINL,2025-08-20 16:59:14
UBXG,2025-08-20 16:59:14
GCMGW,2025-08-20 16:59:14
AGNCN,2025-08-20 16:59:14
GRNQ,2025-08-20 16:59:14
NAMI,2025-08-20 16:59:14
MESA,2025-08-20 16:59:14
AGNCM,2025-08-20 16:59:14
FWRD,2025-08-20 16:59:14
GECCO,2025-08-20 16:59:14
RYOJ,2025-08-20 16:59:14
CXAIW,2025-08-20 16:59:14
CURIW,2025-08-20 16:59:14
GTENW,2025-08-20 16:59:14
AGFY,2025-08-20 16:59:14
FNWD,2025-08-20 16:59:14
VFF,2025-08-20 16:59:14
FEAM,2025-08-20 16:59:14
GIFI,2025-08-20 16:59:14
GPCR,2025-08-20 16:59:14
GDST,2025-08-20 16:59:14
MVSTW,2025-08-20 16:59:14
AGAE,2025-08-20 16:59:14
XPON,2025-08-20 16:59:14
OFAL,2025-08-20 16:59:14
ATMCU,2025-08-20 16:59:14
SGBX,2025-08-20 16:59:14
ATEX,2025-08-20 16:59:14
ULH,2025-08-20 16:59:14
WLGS,2025-08-20 16:59:14
HKIT,2025-08-20 16:59:14
JMSB,2025-08-20 16:59:14
HCTI,2025-08-20 16:59:14
KVHI,2025-08-20 16:59:14
LNTH,2025-08-20 16:59:14
KIDZW,2025-08-20 16:59:14
FIBK,2025-08-20 16:59:14
PLAB,2025-08-20 16:59:14
ISPOW,2025-08-20 16:59:14
LPA,2025-08-20 16:59:14
CPSH,2025-08-20 16:59:14
VMAR,2025-08-20 16:59:14
DGLY,2025-08-20 16:59:14
ESGL,2025-08-20 16:59:14
HOVNP,2025-08-20 16:59:14
EVLVW,2025-08-20 16:59:14
IVA,2025-08-20 16:59:14
HROWL,2025-08-20 16:59:14
TZUP,2025-08-20 16:59:14
PRENW,2025-08-20 16:59:14
HSCSW,2025-08-20 16:59:14
NXT,2025-08-20 16:59:14
KEQU,2025-08-20 16:59:14
FCNCA,2025-08-20 16:59:14
INSM,2025-08-20 16:59:14
COLM,2025-08-20 16:59:14
AIXI,2025-08-20 16:59:14
HCMAU,2025-08-20 16:59:14
HTLM,2025-08-20 16:59:14
LCCCR,2025-08-20 16:59:14
INVZ,2025-08-20 16:59:14
IMPPP,2025-08-20 16:59:14
SFBC,2025-08-20 16:59:14
AVDL,2025-08-20 16:59:14
NTGR,2025-08-20 16:59:14
SYTA,2025-08-20 16:59:14
ISRLU,2025-08-20 16:59:14
HTOO,2025-08-20 16:59:14
XTLB,2025-08-20 16:59:14
PNBK,2025-08-20 16:59:14
JWEL,2025-08-20 16:59:14
DKI,2025-08-20 16:59:14
HUBC,2025-08-20 16:59:14
CMPOW,2025-08-20 16:59:14
INTT,2025-08-20 16:59:14
RDHL,2025-08-20 16:59:14
RKLB,2025-08-20 16:59:14
QCRH,2025-08-20 16:59:14
PULM,2025-08-20 16:59:14
JRVR,2025-08-20 16:59:14
GAINN,2025-08-20 16:59:14
REYN,2025-08-20 16:59:14
OTLY,2025-08-20 16:59:14
GEN,2025-08-20 16:59:14
GENC,2025-08-20 16:59:14
ARQQW,2025-08-20 16:59:14
WKHS,2025-08-20 16:59:14
FUFUW,2025-08-20 16:59:14
ORKA,2025-08-20 16:59:14
CLSKW,2025-08-20 16:59:14
VNMEU,2025-08-20 16:59:14
COCHW,2025-08-20 16:59:14
RILYL,2025-08-20 16:59:14
XRTX,2025-08-20 16:59:14
TMDE,2025-08-20 16:59:14
EDUC,2025-08-20 16:59:14
TRMD,2025-08-20 16:59:14
WGRX,2025-08-20 16:59:14
QRVO,2025-08-20 16:59:14
AUROW,2025-08-20 16:59:14
SRCE,2025-08-20 16:59:14
CUBWW,2025-08-20 16:59:14
SFWL,2025-08-20 16:59:14
SDOT,2025-08-20 16:59:14
TTMI,2025-08-20 16:59:14
QNRX,2025-08-20 16:59:14
FCNCP,2025-08-20 16:59:14
WTO,2025-08-20 16:59:14
ASPC,2025-08-20 16:59:14
PSIX,2025-08-20 16:59:14
BNZIW,2025-08-20 16:59:14
GLADZ,2025-08-20 16:59:14
FARM,2025-08-20 16:59:14
WWD,2025-08-20 16:59:14
RGS,2025-08-20 16:59:14
NVVEW,2025-08-20 16:59:14
SHFSW,2025-08-20 16:59:14
ATLCL,2025-08-20 16:59:14
WKSP,2025-08-20 16:59:14
SEGG,2025-08-20 16:59:14
SIFY,2025-08-20 16:59:14
RMCO,2025-08-20 16:59:14
RMCOW,2025-08-20 16:59:14
RPTX,2025-08-20 16:59:14
TZOO,2025-08-20 16:59:14
LSB,2025-08-20 16:59:14
IESC,2025-08-20 16:59:14
USARW,2025-08-20 16:59:14
NIXXW,2025-08-20 16:59:14
NEUP,2025-08-20 16:59:14
CLRO,2025-08-20 16:59:14
VZLA,2025-08-20 16:59:14
OPTXW,2025-08-20 16:59:14
GOOD,2025-08-20 16:59:14
PLUR,2025-08-20 16:59:14
XHLD,2025-08-20 16:59:14
OCEA,2025-08-20 16:59:14
AXTI,2025-08-20 16:59:14
WB,2025-08-20 16:59:14
OPI,2025-08-20 16:59:14
CVM,2025-08-20 16:59:14
RTACU,2025-08-20 16:59:14
VYGR,2025-08-20 16:59:14
JOB,2025-08-20 16:59:14
QFIN,2025-08-20 16:59:14
SOBR,2025-08-20 16:59:14
PZZA,2025-08-20 16:59:14
MLECW,2025-08-20 16:59:14
FBIO,2025-08-20 16:59:14
AISPW,2025-08-20 16:59:14
NAMMW,2025-08-20 16:59:14
NSSC,2025-08-20 16:59:14
ASBPW,2025-08-20 16:59:14
ALLR,2025-08-20 16:59:14
NIVF,2025-08-20 16:59:14
VC,2025-08-20 16:59:14
MTA,2025-08-20 16:59:14
TAOP,2025-08-20 16:59:14
LXRX,2025-08-20 16:59:14
IMPP,2025-08-20 16:59:14
GLBS,2025-08-20 16:59:14
TECX,2025-08-20 16:59:14
NVMI,2025-08-20 16:59:14
SCAGW,2025-08-20 16:59:14
GOODN,2025-08-20 16:59:14
MBAV,2025-08-20 16:59:14
WSBCP,2025-08-20 16:59:14
TYGO,2025-08-20 16:59:14
NITO,2025-08-20 16:59:14
NVX,2025-08-20 16:59:14
TECTP,2025-08-20 16:59:14
CDNS,2025-08-20 16:59:14
CLST,2025-08-20 16:59:14
JBIO,2025-08-20 16:59:14
CCG,2025-08-20 16:59:14
SPWH,2025-08-20 16:59:14
EP,2025-08-20 16:59:14
STSS,2025-08-20 16:59:14
LIDR,2025-08-20 16:59:14
SLDPW,2025-08-20 16:59:14
SLRX,2025-08-20 16:59:14
ZVRA,2025-08-20 16:59:14
SOGP,2025-08-20 16:59:14
EPOW,2025-08-20 16:59:14
FTEL,2025-08-20 16:59:14
EDRY,2025-08-20 16:59:14
LPAAW,2025-08-20 16:59:14
AEVAW,2025-08-20 16:59:14
SBFM,2025-08-20 16:59:14
BLUW,2025-08-20 16:59:14
XOMA,2025-08-20 16:59:14
SLP,2025-08-20 16:59:14
FIGXU,2025-08-20 16:59:14
SHMD,2025-08-20 16:59:14
NRC,2025-08-20 16:59:14
VERI,2025-08-20 16:59:14
SCHL,2025-08-20 16:59:14
VNRX,2025-08-20 16:59:14
BLUWU,2025-08-20 16:59:14
XOMAO,2025-08-20 16:59:14
REVBW,2025-08-20 16:59:14
QVCGA,2025-08-20 16:59:14
CMLS,2025-08-20 16:59:14
SDSTW,2025-08-20 16:59:14
NTRA,2025-08-20 16:59:14
NHICU,2025-08-20 16:59:14
SBC,2025-08-20 16:59:14
AVDX,2025-08-20 16:59:14
DMRC,2025-08-20 16:59:14
PPBI,2025-08-20 16:59:14
RIBBR,2025-08-20 16:59:14
SBCF,2025-08-20 16:59:14
APWC,2025-08-20 16:59:14
BCG,2025-08-20 16:59:14
SKYW,2025-08-20 16:59:14
EVGO,2025-08-20 16:59:14
NTRB,2025-08-20 16:59:14
SLMBP,2025-08-20 16:59:14
ALVOW,2025-08-20 16:59:14
ELAB,2025-08-20 16:59:14
SLNG,2025-08-20 16:59:14
SLND,2025-08-20 16:59:14
DXF,2025-08-20 16:59:14
RAND,2025-08-20 16:59:14
VSTA,2025-08-20 16:59:14
PACH,2025-08-20 16:59:14
CSGP,2025-08-20 16:59:14
ATMVR,2025-08-20 16:59:14
ALXO,2025-08-20 16:59:14
PMVP,2025-08-20 16:59:14
FSHP,2025-08-20 16:59:14
OMEX,2025-08-20 16:59:14
ATMV,2025-08-20 16:59:14
NEWTI,2025-08-20 16:59:14
CTAS,2025-08-20 16:59:14
TCBX,2025-08-20 16:59:14
NTWK,2025-08-20 16:59:14
NTCT,2025-08-20 16:59:14
PELIR,2025-08-20 16:59:14
RXST,2025-08-20 16:59:14
SATLW,2025-08-20 16:59:14
SHFS,2025-08-20 16:59:14
OXLCP,2025-08-20 16:59:14
BRFH,2025-08-20 16:59:14
SLNHP,2025-08-20 16:59:14
SNCR,2025-08-20 16:59:14
SGHT,2025-08-20 16:59:14
LOKVW,2025-08-20 16:59:14
RANGR,2025-08-20 16:59:14
SCKT,2025-08-20 16:59:14
BHST,2025-08-20 16:59:14
GNFT,2025-08-20 16:59:14
PHOE,2025-08-20 16:59:14
SMXT,2025-08-20 16:59:14
OKTA,2025-08-20 16:59:14
SHEN,2025-08-20 16:59:14
SMX,2025-08-20 16:59:14
RENB,2025-08-20 16:59:14
ISBA,2025-08-20 16:59:14
SCYX,2025-08-20 16:59:14
SKYE,2025-08-20 16:59:14
SNGX,2025-08-20 16:59:14
SLGL,2025-08-20 16:59:14
REFR,2025-08-20 16:59:14
HVMCU,2025-08-20 16:59:14
JYD,2025-08-20 16:59:14
RDNT,2025-08-20 16:59:14
FLWS,2025-08-20 16:59:14
AERT,2025-08-20 16:59:14
SMLR,2025-08-20 16:59:14
WLFC,2025-08-20 16:59:14
TWFG,2025-08-20 16:59:14
FGBI,2025-08-20 16:59:14
SNAL,2025-08-20 16:59:14
EXOZ,2025-08-20 16:59:14
SILC,2025-08-20 16:59:14
NVFY,2025-08-20 16:59:14
KDP,2025-08-20 16:59:14
RYET,2025-08-20 16:59:14
CYCUW,2025-08-20 16:59:14
QUMSU,2025-08-20 16:59:14
RVPHW,2025-08-20 16:59:14
MPU,2025-08-20 16:59:14
DARE,2025-08-20 16:59:14
KTOS,2025-08-20 16:59:14
OXLCI,2025-08-20 16:59:14
CVGI,2025-08-20 16:59:14
FULTP,2025-08-20 16:59:14
ALHC,2025-08-20 16:59:14
AEP,2025-08-20 16:59:14
DCOMP,2025-08-20 16:59:14
RGEN,2025-08-20 16:59:14
NGD,2025-08-20 16:59:14
TLF,2025-08-20 16:59:14
AMAT,2025-08-20 16:59:14
ONMD,2025-08-20 16:59:14
LKFN,2025-08-20 16:59:14
NCEW,2025-08-20 16:59:14
APLD,2025-08-20 16:59:14
ZOOZ,2025-08-20 16:59:14
BHB,2025-08-20 16:59:14
ATGL,2025-08-20 16:59:14
NBN,2025-08-20 16:59:14
LIXTW,2025-08-20 16:59:14
ACON,2025-08-20 16:59:14
LEDS,2025-08-20 16:59:14
WGSWW,2025-08-20 16:59:14
DYNXU,2025-08-20 16:59:14
PFBC,2025-08-20 16:59:14
LIMN,2025-08-20 16:59:14
ROAD,2025-08-20 16:59:14
LIDRW,2025-08-20 16:59:14
EEIQ,2025-08-20 16:59:14
TPGXL,2025-08-20 16:59:14
XBIO,2025-08-20 16:59:14
VACH,2025-08-20 16:59:14
AIEV,2025-08-20 16:59:14
WSC,2025-08-20 16:59:14
Z,2025-08-20 16:59:14
SIMAW,2025-08-20 16:59:14
CAPNR,2025-08-20 16:59:14
GVH,2025-08-20 16:59:14
RPAY,2025-08-20 16:59:14
QMMM,2025-08-20 16:59:14
PTLO,2025-08-20 16:59:14
CWST,2025-08-20 16:59:14
NYXH,2025-08-20 16:59:14
OST,2025-08-20 16:59:14
PCAR,2025-08-20 16:59:14
WOK,2025-08-20 16:59:14
FGMCR,2025-08-20 16:59:14
NYMTZ,2025-08-20 16:59:14
BACK,2025-08-20 16:59:14
OSW,2025-08-20 16:59:14
VITL,2025-08-20 16:59:14
AMPH,2025-08-20 16:59:14
RAIN,2025-08-20 16:59:14
QMCO,2025-08-20 16:59:14
CYCCP,2025-08-20 16:59:14
FLYY,2025-08-20 16:59:14
NYMTM,2025-08-20 16:59:14
QUBT,2025-08-20 16:59:14
BCML,2025-08-20 16:59:14
NPACU,2025-08-20 16:59:14
LANDO,2025-08-20 16:59:14
UAVS,2025-08-20 16:59:14
STRR,2025-08-20 16:59:14
RCAT,2025-08-20 16:59:14
BMNR,2025-08-20 16:59:14
PVLA,2025-08-20 16:59:14
BGL,2025-08-20 16:59:14
BETRW,2025-08-20 16:59:14
NFLX,2025-08-20 16:59:14
LOKV,2025-08-20 16:59:14
RYTM,2025-08-20 16:59:14
SMTI,2025-08-20 16:59:14
FATBB,2025-08-20 16:59:14
NFGC,2025-08-20 16:59:14
MTVA,2025-08-20 16:59:14
RYDE,2025-08-20 16:59:14
MTEK,2025-08-20 16:59:14
TOIIW,2025-08-20 16:59:14
MRNOW,2025-08-20 16:59:14
CTRM,2025-08-20 16:59:14
TFSL,2025-08-20 16:59:14
SVM,2025-08-20 16:59:14
SUUN,2025-08-20 16:59:14
VIASP,2025-08-20 16:59:14
CNCK,2025-08-20 16:59:14
BNCWW,2025-08-20 16:59:14
DNUT,2025-08-20 16:59:14
CHSCM,2025-08-20 16:59:14
SWKS,2025-08-20 16:59:14
CSIQ,2025-08-20 16:59:14
CFLT,2025-08-20 16:59:14
RNWWW,2025-08-20 16:59:14
WVE,2025-08-20 16:59:14
PFSA,2025-08-20 16:59:14
GLMD,2025-08-20 16:59:14
PERI,2025-08-20 16:59:14
SKWD,2025-08-20 16:59:14
SKYQ,2025-08-20 16:59:14
RNAZ,2025-08-20 16:59:14
OPRT,2025-08-20 16:59:14
PLL,2025-08-20 16:59:14
PRAA,2025-08-20 16:59:14
OP,2025-08-20 16:59:14
RDIB,2025-08-20 16:59:14
IROQ,2025-08-20 16:59:14
IROHR,2025-08-20 16:59:14
PLCE,2025-08-20 16:59:14
NWTG,2025-08-20 16:59:14
KYIVW,2025-08-20 16:59:14
OZKAP,2025-08-20 16:59:14
OAKU,2025-08-20 16:59:14
PFIS,2025-08-20 16:59:14
OPINL,2025-08-20 16:59:14
OBAWU,2025-08-20 16:59:14
NWL,2025-08-20 16:59:14
NMPAU,2025-08-20 16:59:14
OLMA,2025-08-20 16:59:14
NHPBP,2025-08-20 16:59:14
IDYA,2025-08-20 16:59:14
NFBK,2025-08-20 16:59:14
NNBR,2025-08-20 16:59:14
GEGGL,2025-08-20 16:59:14
NEXN,2025-08-20 16:59:14
IROHW,2025-08-20 16:59:14
EGHAU,2025-08-20 16:59:14
HKPD,2025-08-20 16:59:14
HONDU,2025-08-20 16:59:14
RADX,2025-08-20 16:59:14
PN,2025-08-20 16:59:14
PYPL,2025-08-20 16:59:14
QURE,2025-08-20 16:59:14
PRTH,2025-08-20 16:59:14
DRMA,2025-08-20 16:59:14
TIL,2025-08-20 16:59:14
GBDC,2025-08-20 16:59:14
ACLS,2025-08-20 16:59:14
TIPT,2025-08-20 16:59:14
EYPT,2025-08-20 16:59:14
SVIIR,2025-08-20 16:59:14
TIVC,2025-08-20 16:59:14
SY,2025-08-20 16:59:14
TCOM,2025-08-20 16:59:14
STLD,2025-08-20 16:59:14
STKH,2025-08-20 16:59:14
MTLS,2025-08-20 16:59:14
LBRDP,2025-08-20 16:59:14
SRPT,2025-08-20 16:59:14
XLO,2025-08-20 16:59:14
NCMI,2025-08-20 16:59:14
TEAM,2025-08-20 16:59:14
SUGP,2025-08-20 16:59:14
MOFG,2025-08-20 16:59:14
SQFTW,2025-08-20 16:59:14
TC,2025-08-20 16:59:14
TWIN,2025-08-20 16:59:14
NEXM,2025-08-20 16:59:14
TRIB,2025-08-20 16:59:14
TAVI,2025-08-20 16:59:14
NDRA,2025-08-20 16:59:14
DNLI,2025-08-20 16:59:14
LOTWW,2025-08-20 16:59:14
MAMA,2025-08-20 16:59:14
SQFTP,2025-08-20 16:59:14
TPCS,2025-08-20 16:59:14
MKZR,2025-08-20 16:59:14
MAXN,2025-08-20 16:59:14
SVRE,2025-08-20 16:59:14
DNN,2025-08-20 16:59:14
NBIS,2025-08-20 16:59:14
SONDW,2025-08-20 16:59:14
SVRA,2025-08-20 16:59:14
SONN,2025-08-20 16:59:14
NEWTZ,2025-08-20 16:59:14
DGXX,2025-08-20 16:59:14
MBIN,2025-08-20 16:59:14
SOND,2025-08-20 16:59:14
SLXN,2025-08-20 16:59:14
MNDO,2025-08-20 16:59:14
SMBC,2025-08-20 16:59:14
MIGI,2025-08-20 16:59:14
TPET,2025-08-20 16:59:14
TOP,2025-08-20 16:59:14
MTEN,2025-08-20 16:59:14
MELI,2025-08-20 16:59:14
MBWM,2025-08-20 16:59:14
NATR,2025-08-20 16:59:14
TOON,2025-08-20 16:59:14
TOMZ,2025-08-20 16:59:14
MLSS,2025-08-20 16:59:14
TMCI,2025-08-20 16:59:14
TMC,2025-08-20 16:59:14
GDHG,2025-08-20 16:59:14
FRMEP,2025-08-20 16:59:14
DGNX,2025-08-20 16:59:14
DRDBW,2025-08-20 16:59:14
FTII,2025-08-20 16:59:14
UFG,2025-08-20 16:59:14
FUTU,2025-08-20 16:59:14
CNFRZ,2025-08-20 16:59:14
UPBD,2025-08-20 16:59:14
BTSG,2025-08-20 16:59:14
EPWK,2025-08-20 16:59:14
VALN,2025-08-20 16:59:14
BSLKW,2025-08-20 16:59:14
FOSLL,2025-08-20 16:59:14
CPHC,2025-08-20 16:59:14
UVSP,2025-08-20 16:59:14
ZLAB,2025-08-20 16:59:14
ZENV,2025-08-20 16:59:14
COOT,2025-08-20 16:59:14
EDBLW,2025-08-20 16:59:14
VEEA,2025-08-20 16:59:14
ZBIO,2025-08-20 16:59:14
BOLT,2025-08-20 16:59:14
BC-PA,2025-08-20 16:59:14
CHKP,2025-08-20 16:59:14
YTRA,2025-08-20 16:59:14
YSXT,2025-08-20 16:59:14
YMAB,2025-08-20 16:59:14
UUU,2025-08-20 16:59:14
UONEK,2025-08-20 16:59:14
IPX,2025-08-20 16:59:14
YHC,2025-08-20 16:59:14
UPWK,2025-08-20 16:59:14
YCBD,2025-08-20 16:59:14
FEBO,2025-08-20 16:59:14
EJH,2025-08-20 16:59:14
FAAS,2025-08-20 16:59:14
UXIN,2025-08-20 16:59:14
EVI,2025-08-20 16:59:14
USIO,2025-08-20 16:59:14
TW,2025-08-20 16:59:14
ESLAW,2025-08-20 16:59:14
INTU,2025-08-20 16:59:14
TTSH,2025-08-20 16:59:14
UKOMW,2025-08-20 16:59:14
ICUCW,2025-08-20 16:59:14
IBACR,2025-08-20 16:59:14
VALU,2025-08-20 16:59:14
UNCY,2025-08-20 16:59:14
IDAI,2025-08-20 16:59:14
HSPOW,2025-08-20 16:59:14
HUDI,2025-08-20 16:59:14
GYRO,2025-08-20 16:59:14
HLP,2025-08-20 16:59:14
GTERU,2025-08-20 16:59:14
WFCF,2025-08-20 16:59:14
VGZ,2025-08-20 16:59:14
TTNP,2025-08-20 16:59:14
WYNN,2025-08-20 16:59:14
WATT,2025-08-20 16:59:14
GSHR,2025-08-20 16:59:14
GREEL,2025-08-20 16:59:14
HIHO,2025-08-20 16:59:14
HUHU,2025-08-20 16:59:14
WYY,2025-08-20 16:59:14
XOSWW,2025-08-20 16:59:14
TRNR,2025-08-20 16:59:14
INTG,2025-08-20 16:59:14
VTSI,2025-08-20 16:59:14
GPUS,2025-08-20 16:59:14
HTZWW,2025-08-20 16:59:14
VINC,2025-08-20 16:59:14
VLY,2025-08-20 16:59:14
HTBK,2025-08-20 16:59:14
HSON,2025-08-20 16:59:14
TRON,2025-08-20 16:59:14
VLYPO,2025-08-20 16:59:14
HSCS,2025-08-20 16:59:14
GPAT,2025-08-20 16:59:14
VRAX,2025-08-20 16:59:14
WINT,2025-08-20 16:59:14
GPATW,2025-08-20 16:59:14
GOVXW,2025-08-20 16:59:14
VRTX,2025-08-20 16:59:14
XCUR,2025-08-20 16:59:14
TTEK,2025-08-20 16:59:14
GMM,2025-08-20 16:59:14
VVPR,2025-08-20 16:59:14
VRPX,2025-08-20 16:59:14
INLX,2025-08-20 16:59:14
GIGGW,2025-08-20 16:59:14
WBA,2025-08-20 16:59:14
INCR,2025-08-20 16:59:14
INTS,2025-08-20 16:59:14
INDB,2025-08-20 16:59:14
IDN,2025-08-20 16:59:14
WHFCL,2025-08-20 16:59:14
VRSK,2025-08-20 16:59:14
IMOS,2025-08-20 16:59:14
VUZI,2025-08-20 16:59:14
JCSE,2025-08-20 16:59:14
POET,2025-08-20 16:59:14
PPBT,2025-08-20 16:59:14
JAGX,2025-08-20 16:59:14
VLYPN,2025-08-20 16:59:14
CSCI,2025-08-20 16:59:14
VS,2025-08-20 16:59:14
HPCO,2025-08-20 16:59:14
SAIHW,2025-08-20 16:59:14
KBSX,2025-08-20 16:59:14
PIIIW,2025-08-20 16:59:14
KLXE,2025-08-20 16:59:14
MAYA,2025-08-20 16:59:14
ITP,2025-08-20 16:59:14
KPRX,2025-08-20 16:59:14
SPKL,2025-08-20 16:59:14
CIX,2025-08-20 16:59:14
PLTK,2025-08-20 16:59:14
NAII,2025-08-20 16:59:14
NXST,2025-08-20 16:59:14
PLRX,2025-08-20 16:59:14
BAYAR,2025-08-20 16:59:14
LGCL,2025-08-20 16:59:14
ENGNW,2025-08-20 16:59:14
BAYA,2025-08-20 16:59:14
GLDG,2025-08-20 16:59:14
FRSX,2025-08-20 16:59:14
JTAI,2025-08-20 16:59:14
OBA,2025-08-20 16:59:14
KLTOW,2025-08-20 16:59:14
DWTX,2025-08-20 16:59:14
TACOW,2025-08-20 16:59:14
DHAIW,2025-08-20 16:59:14
KLIC,2025-08-20 16:59:14
TRVI,2025-08-20 16:59:14
AUBN,2025-08-20 16:59:14
TRINI,2025-08-20 16:59:14
CNTM,2025-08-20 16:59:14
ITRG,2025-08-20 16:59:14
CARV,2025-08-20 16:59:14
MASK,2025-08-20 16:59:14
KMTS,2025-08-20 16:59:14
ISTR,2025-08-20 16:59:14
KNDI,2025-08-20 16:59:14
SUPX,2025-08-20 16:59:14
JFBR,2025-08-20 16:59:14
GAINI,2025-08-20 16:59:14
JSPRW,2025-08-20 16:59:14
ASO,2025-08-20 16:59:14
EDTK,2025-08-20 16:59:14
OFS,2025-08-20 16:59:14
ARMP,2025-08-20 16:59:14
VSAT,2025-08-20 16:59:14
NTHI,2025-08-20 16:59:14
RILYG,2025-08-20 16:59:14
CHEK,2025-08-20 16:59:14
FGMC,2025-08-20 16:59:14
NRXS,2025-08-20 16:59:14
ATLCP,2025-08-20 16:59:14
LGIH,2025-08-20 16:59:14
ISRL,2025-08-20 16:59:14
RILY,2025-08-20 16:59:14
CLIR,2025-08-20 16:59:14
CNTX,2025-08-20 16:59:14
DKNG,2025-08-20 16:59:14
FGIWW,2025-08-20 16:59:14
CRNC,2025-08-20 16:59:14
AIRTP,2025-08-20 16:59:14
ACGLO,2025-08-20 16:59:14
BFRGW,2025-08-20 16:59:14
CGCTW,2025-08-20 16:59:14
DSWL,2025-08-20 16:59:14
OPTX,2025-08-20 16:59:14
SOCAU,2025-08-20 16:59:14
AHG,2025-08-20 16:59:14
NUAIW,2025-08-20 16:59:14
COCH,2025-08-20 16:59:14
BNRG,2025-08-20 16:59:14
COSM,2025-08-20 16:59:14
ALFUW,2025-08-20 16:59:14
CRMLW,2025-08-20 16:59:14
ABLLL,2025-08-20 16:59:14
BOTJ,2025-08-20 16:59:14
USAR,2025-08-20 16:59:14
NRXPW,2025-08-20 16:59:14
AACIW,2025-08-20 16:59:14
OMSE,2025-08-20 16:59:14
PMEC,2025-08-20 16:59:14
ANL,2025-08-20 16:59:14
PACHU,2025-08-20 16:59:14
WIX,2025-08-20 16:59:14
SAVA,2025-08-20 16:59:14
LIQT,2025-08-20 16:59:14
RBBN,2025-08-20 16:59:14
IFBD,2025-08-20 16:59:14
RGTI,2025-08-20 16:59:14
ASTLW,2025-08-20 16:59:14
BAFN,2025-08-20 16:59:14
MDBH,2025-08-20 16:59:14
RAY,2025-08-20 16:59:14
CBIO,2025-08-20 16:59:14
RIME,2025-08-20 16:59:14
EXFY,2025-08-20 16:59:14
CDTTW,2025-08-20 16:59:14
AIRI,2025-08-20 16:59:14
ATHR,2025-08-20 16:59:14
CCLDO,2025-08-20 16:59:14
LPAA,2025-08-20 16:59:14
DLO,2025-08-20 16:59:14
MAYAR,2025-08-20 16:59:14
CLDI,2025-08-20 16:59:14
KRMD,2025-08-20 16:59:14
PSEC,2025-08-20 16:59:14
GAU,2025-08-20 16:59:14
RMTI,2025-08-20 16:59:14
BPRN,2025-08-20 16:59:14
HTOOW,2025-08-20 16:59:14
BAERW,2025-08-20 16:59:14
BTAI,2025-08-20 16:59:14
ENLV,2025-08-20 16:59:14
ABUS,2025-08-20 16:59:14
AUPH,2025-08-20 16:59:14
SFIX,2025-08-20 16:59:14
QIPT,2025-08-20 16:59:14
BNAIW,2025-08-20 16:59:14
PEBO,2025-08-20 16:59:14
SIGI,2025-08-20 16:59:14
SLDE,2025-08-20 16:59:14
OGI,2025-08-20 16:59:14
PCSA,2025-08-20 16:59:14
PLUT,2025-08-20 16:59:14
HCHL,2025-08-20 16:59:14
FACT,2025-08-20 16:59:14
NHPAP,2025-08-20 16:59:14
PTIXW,2025-08-20 16:59:14
VBIX,2025-08-20 16:59:14
RKDA,2025-08-20 16:59:14
SIF,2025-08-20 16:59:14
CINGW,2025-08-20 16:59:14
TTD,2025-08-20 16:59:14
SLI,2025-08-20 16:59:14
QRHC,2025-08-20 16:59:14
GIBO,2025-08-20 16:59:14
ANNA,2025-08-20 16:59:14
NTNX,2025-08-20 16:59:14
COLAR,2025-08-20 16:59:14
SHMDW,2025-08-20 16:59:14
SDGR,2025-08-20 16:59:14
LOGI,2025-08-20 16:59:14
SENS,2025-08-20 16:59:14
TDI,2025-08-20 16:59:14
RPID,2025-08-20 16:59:14
SGMT,2025-08-20 16:59:14
SHPH,2025-08-20 16:59:14
REPX,2025-08-20 16:59:14
LODE,2025-08-20 16:59:14
PAYX,2025-08-20 16:59:14
SFST,2025-08-20 16:59:14
RILYK,2025-08-20 16:59:14
GECCZ,2025-08-20 16:59:14
EOSEW,2025-08-20 16:59:14
RGLD,2025-08-20 16:59:14
DAAQU,2025-08-20 16:59:14
WRLD,2025-08-20 16:59:14
TGL,2025-08-20 16:59:14
SOTK,2025-08-20 16:59:14
ABTS,2025-08-20 16:59:14
RILYP,2025-08-20 16:59:14
SERV,2025-08-20 16:59:14
FBIOP,2025-08-20 16:59:14
CBFV,2025-08-20 16:59:14
LICN,2025-08-20 16:59:14
SBCWW,2025-08-20 16:59:14
POWW,2025-08-20 16:59:14
POWI,2025-08-20 16:59:14
SIDU,2025-08-20 16:59:14
CLBT,2025-08-20 16:59:14
SPRO,2025-08-20 16:59:14
QSG,2025-08-20 16:59:14
VSEC,2025-08-20 16:59:14
HCAI,2025-08-20 16:59:14
WENNW,2025-08-20 16:59:14
LGMK,2025-08-20 16:59:14
BLBX,2025-08-20 16:59:14
QSEAU,2025-08-20 16:59:14
NCL,2025-08-20 16:59:14
ENTO,2025-08-20 16:59:14
REKR,2025-08-20 16:59:14
DAAQ,2025-08-20 16:59:14
MBBC,2025-08-20 16:59:14
SCNX,2025-08-20 16:59:14
FUNC,2025-08-20 16:59:14
RAIL,2025-08-20 16:59:14
SILO,2025-08-20 16:59:14
NNVC,2025-08-20 16:59:14
RFAI,2025-08-20 16:59:14
PXS,2025-08-20 16:59:14
NWBI,2025-08-20 16:59:14
TITN,2025-08-20 16:59:14
APLM,2025-08-20 16:59:14
WETH,2025-08-20 16:59:14
CGABL,2025-08-20 16:59:14
WSBK,2025-08-20 16:59:14
LEU,2025-08-20 16:59:14
STBA,2025-08-20 16:59:14
RDAG,2025-08-20 16:59:14
JBSS,2025-08-20 16:59:14
BTBDW,2025-08-20 16:59:14
WAFU,2025-08-20 16:59:14
SISI,2025-08-20 16:59:14
FFAI,2025-08-20 16:59:14
WEST,2025-08-20 16:59:14
VIAV,2025-08-20 16:59:14
VEEAW,2025-08-20 16:59:14
BLDP,2025-08-20 16:59:14
FTAIM,2025-08-20 16:59:14
RBOT-WT,2025-08-20 16:59:14
VSME,2025-08-20 16:59:14
ATMCW,2025-08-20 16:59:14
TRUG,2025-08-20 16:59:14
BDL,2025-08-20 16:59:14
ACCS,2025-08-20 16:59:14
ADNWW,2025-08-20 16:59:14
RSSS,2025-08-20 16:59:14
SSSS,2025-08-20 16:59:14
SSKN,2025-08-20 16:59:14
STAA,2025-08-20 16:59:14
VTVT,2025-08-20 16:59:14
WFC-PY,2025-08-20 16:59:14
NEWTG,2025-08-20 16:59:14
SPRY,2025-08-20 16:59:14
WENNU,2025-08-20 16:59:14
SPSC,2025-08-20 16:59:14
SRXH,2025-08-20 16:59:14
BCDA,2025-08-20 16:59:14
CNOBP,2025-08-20 16:59:14
VERO,2025-08-20 16:59:14
RNA,2025-08-20 16:59:14
EMX,2025-08-20 16:59:14
DSS,2025-08-20 16:59:14
RXRX,2025-08-20 16:59:14
ADSEW,2025-08-20 16:59:14
FLUX,2025-08-20 16:59:14
NTRP,2025-08-20 16:59:14
RELIW,2025-08-20 16:59:14
IOTR,2025-08-20 16:59:14
NN,2025-08-20 16:59:14
ASB-PF,2025-08-20 16:59:14
ARR-PC,2025-08-20 16:59:14
PCG-PD,2025-08-20 16:59:14
WRB-PH,2025-08-20 16:59:14
EPR-PE,2025-08-20 16:59:14
SNSE,2025-08-20 16:59:14
MS-PL,2025-08-20 16:59:14
USB-PA,2025-08-20 16:59:14
GTLS-PB,2025-08-20 16:59:14
FORL,2025-08-20 16:59:14
WCC-PA,2025-08-20 16:59:14
SBEV-WT,2025-08-20 16:59:14
FORA,2025-08-20 16:59:14
HVIIU,2025-08-20 16:59:14
RF-PE,2025-08-20 16:59:14
AIHS,2025-08-20 16:59:14
XIN,2025-08-20 16:59:14
LANV,2025-08-20 16:59:14
INFU,2025-08-20 16:59:14
BAC-PM,2025-08-20 16:59:14
MITT-PB,2025-08-20 16:59:14
MS-PQ,2025-08-20 16:59:14
MS-PI,2025-08-20 16:59:14
TBHC,2025-08-20 16:59:14
GTENU,2025-08-20 16:59:14
MSPRW,2025-08-20 16:59:14
FIEE,2025-08-20 16:59:14
WTFC,2025-08-20 16:59:14
CCCXW,2025-08-20 16:59:14
PMNT,2025-08-20 16:59:14
JPM-PL,2025-08-20 16:59:14
MS-PK,2025-08-20 16:59:14
IMVT,2025-08-20 16:59:14
AMODW,2025-08-20 16:59:14
SVCCW,2025-08-20 16:59:14
POLEW,2025-08-20 16:59:14
SNEX,2025-08-20 16:59:14
RF-PC,2025-08-20 16:59:14
SLSN,2025-08-20 16:59:14
SAIA,2025-08-20 16:59:14
BSAA,2025-08-20 16:59:14
LWACW,2025-08-20 16:59:14
COF-PL,2025-08-20 16:59:14
PFAI,2025-08-20 16:59:14
PSA-PH,2025-08-20 16:59:14
SRDX,2025-08-20 16:59:14
SNES,2025-08-20 16:59:14
SLDB,2025-08-20 16:59:14
JPM-PM,2025-08-20 16:59:14
CUBI-PE,2025-08-20 16:59:14
JOBY-WT,2025-08-20 16:59:14
SLRC,2025-08-20 16:59:14
RMBL,2025-08-20 16:59:14
SOJE,2025-08-20 16:59:14
SAY,2025-08-20 16:59:14
NLY-PI,2025-08-20 16:59:14
C-PN,2025-08-20 16:59:14
BBAI-WT,2025-08-20 16:59:14
WRB-PG,2025-08-20 16:59:14
TRX,2025-08-20 16:59:14
BNH,2025-08-20 16:59:14
FHN-PE,2025-08-20 16:59:14
SLG-PI,2025-08-20 16:59:14
TRTX-PC,2025-08-20 16:59:14
OXY-WT,2025-08-20 16:59:14
BHR-PB,2025-08-20 16:59:14
DMYY,2025-08-20 16:59:14
MITT-PC,2025-08-20 16:59:14
DBRG-PJ,2025-08-20 16:59:14
ASBA,2025-08-20 16:59:14
VNO-PM,2025-08-20 16:59:14
TWO-PC,2025-08-20 16:59:14
SLSR,2025-08-20 16:59:14
FHN-PF,2025-08-20 16:59:14
DUKB,2025-08-20 16:59:14
SYF-PA,2025-08-20 16:59:14
MS-PF,2025-08-20 16:59:14
JUNE,2025-08-20 16:59:14
APOS,2025-08-20 16:59:14
AGM-A,2025-08-20 16:59:14
FLYX,2025-08-20 16:59:14
ALL-PI,2025-08-20 16:59:14
FOXO,2025-08-20 16:59:14
EQV,2025-08-20 16:59:14
EFC-PB,2025-08-20 16:59:14
HKD,2025-08-20 16:59:14
JPM-PK,2025-08-20 16:59:14
MWG,2025-08-20 16:59:14
AUST,2025-08-20 16:59:14
WFC-PC,2025-08-20 16:59:14
GLOP-PA,2025-08-20 16:59:14
ATH-PE,2025-08-20 16:59:14
CMCM,2025-08-20 16:59:14
EGG,2025-08-20 16:59:14
CNF,2025-08-20 16:59:14
EIC,2025-08-20 16:59:14
PSEC-PA,2025-08-20 16:59:14
SCHW-PJ,2025-08-20 16:59:14
BODI,2025-08-20 16:59:14
LUD,2025-08-20 16:59:14
BIP-PB,2025-08-20 16:59:14
CODI-PC,2025-08-20 16:59:14
EFC-PA,2025-08-20 16:59:14
RWTN,2025-08-20 16:59:14
NEXA,2025-08-20 16:59:14
BIP-PA,2025-08-20 16:59:14
CTHR,2025-08-20 16:59:14
INN-PE,2025-08-20 16:59:14
TVE,2025-08-20 16:59:14
TRPA,2025-08-20 16:59:14
MS-PA,2025-08-20 16:59:14
MS-PP,2025-08-20 16:59:14
ROLR,2025-08-20 16:59:14
CLDT-PA,2025-08-20 16:59:14
SYNX,2025-08-20 16:59:14
RITM-PA,2025-08-20 16:59:14
TFC-PO,2025-08-20 16:59:14
CKX,2025-08-20 16:59:14
SEAL-PA,2025-08-20 16:59:14
BQ,2025-08-20 16:59:14
ELPC,2025-08-20 16:59:14
MCI,2025-08-20 16:59:14
PEB-PH,2025-08-20 16:59:14
GLP-PB,2025-08-20 16:59:14
BEPI,2025-08-20 16:59:14
DTG,2025-08-20 16:59:14
ATHS,2025-08-20 16:59:14
WALDW,2025-08-20 16:59:14
BIPJ,2025-08-20 16:59:14
APUS,2025-08-20 16:59:14
ACHR-WT,2025-08-20 16:59:14
FURY,2025-08-20 16:59:14
CANF,2025-08-20 16:59:14
CNO-PA,2025-08-20 16:59:14
ABR-PF,2025-08-20 16:59:14
RCD,2025-08-20 16:59:14
JACS,2025-08-20 16:59:14
MRT,2025-08-20 16:59:14
TOPS,2025-08-20 16:59:14
CFG-PE,2025-08-20 16:59:14
SENEB,2025-08-20 16:59:14
BGI,2025-08-20 16:59:14
MULN,2025-08-20 16:59:14
WFC-PZ,2025-08-20 16:59:14
MS-PE,2025-08-20 16:59:14
GHG,2025-08-20 16:59:14
BAC-PP,2025-08-20 16:59:14
UWMC-WT,2025-08-20 16:59:14
IGC,2025-08-20 16:59:14
DBRG-PH,2025-08-20 16:59:14
PSA-PM,2025-08-20 16:59:14
DLNG,2025-08-20 16:59:14
CIM-PC,2025-08-20 16:59:14
KEY-PI,2025-08-20 16:59:14
BAC-PO,2025-08-20 16:59:14
OAK-PB,2025-08-20 16:59:14
LNC-PD,2025-08-20 16:59:14
TWO-PA,2025-08-20 16:59:14
CHAR,2025-08-20 16:59:14
MS-PO,2025-08-20 16:59:14
ATH-PD,2025-08-20 16:59:14
RNR-PG,2025-08-20 16:59:14
AHH-PA,2025-08-20 16:59:14
BNT,2025-08-20 16:59:14
FRT-PC,2025-08-20 16:59:14
DLR-PL,2025-08-20 16:59:14
ARGD,2025-08-20 16:59:14
CUBI-PF,2025-08-20 16:59:14
SCCG,2025-08-20 16:59:14
SKYH-WT,2025-08-20 16:59:14
BC-PC,2025-08-20 16:59:14
KREF-PA,2025-08-20 16:59:14
ELC,2025-08-20 16:59:14
MET-PA,2025-08-20 16:59:14
AGM-PE,2025-08-20 16:59:14
KIM-PM,2025-08-20 16:59:14
CMRE-PB,2025-08-20 16:59:14
ENO,2025-08-20 16:59:14
F-PB,2025-08-20 16:59:14
MAYS,2025-08-20 16:59:14
IOR,2025-08-20 16:59:14
BANC-PF,2025-08-20 16:59:14
NLY-PG,2025-08-20 16:59:14
PSA-PS,2025-08-20 16:59:14
MITN,2025-08-20 16:59:14
ZKH,2025-08-20 16:59:14
AMPX-WT,2025-08-20 16:59:14
PRH,2025-08-20 16:59:14
GMRE-PA,2025-08-20 16:59:14
MFA-PC,2025-08-20 16:59:14
BWNB,2025-08-20 16:59:14
LTRYW,2025-08-20 16:59:14
DUK-PA,2025-08-20 16:59:14
PL-WT,2025-08-20 16:59:14
ATH-PA,2025-08-20 16:59:14
SPG-PJ,2025-08-20 16:59:14
RF-PF,2025-08-20 16:59:14
F-PC,2025-08-20 16:59:14
ECC-PD,2025-08-20 16:59:14
AQNB,2025-08-20 16:59:14
COF-PK,2025-08-20 16:59:14
SEAL-PB,2025-08-20 16:59:14
VNO-PO,2025-08-20 16:59:14
SF-PC,2025-08-20 16:59:14
MOGU,2025-08-20 16:59:14
KEY-PL,2025-08-20 16:59:14
SACH-PA,2025-08-20 16:59:14
TDS-PV,2025-08-20 16:59:14
HDL,2025-08-20 16:59:14
YCBD-PA,2025-08-20 16:59:14
NUVB-WT,2025-08-20 16:59:14
NTZ,2025-08-20 16:59:14
KKRS,2025-08-20 16:59:14
KMPB,2025-08-20 16:59:14
EFC-PD,2025-08-20 16:59:14
CPHI,2025-08-20 16:59:14
EPR-PC,2025-08-20 16:59:14
BAC-PN,2025-08-20 16:59:14
BOH-PA,2025-08-20 16:59:14
F-PD,2025-08-20 16:59:14
LDWY,2025-08-20 16:59:14
CODI-PA,2025-08-20 16:59:14
RCC,2025-08-20 16:59:14
WBS-PF,2025-08-20 16:59:14
BML-PL,2025-08-20 16:59:14
REXR-PB,2025-08-20 16:59:14
CIG-C,2025-08-20 16:59:14
EAI,2025-08-20 16:59:14
AWX,2025-08-20 16:59:14
AMH-PG,2025-08-20 16:59:14
GSL-PB,2025-08-20 16:59:14
AKA,2025-08-20 16:59:14
TRTN-PB,2025-08-20 16:59:14
QBTS-WT,2025-08-20 16:59:14
SOJC,2025-08-20 16:59:14
AMTD,2025-08-20 16:59:14
RJF-PB,2025-08-20 16:59:14
NLY-PF,2025-08-20 16:59:14
ALL-PB,2025-08-20 16:59:14
RZB,2025-08-20 16:59:14
JPM-PD,2025-08-20 16:59:14
USB-PQ,2025-08-20 16:59:14
RITM-PD,2025-08-20 16:59:14
GS-PC,2025-08-20 16:59:14
SF-PD,2025-08-20 16:59:14
WBS-PG,2025-08-20 16:59:14
KIM-PL,2025-08-20 16:59:14
SBEV,2025-08-20 16:59:14
BAC-PK,2025-08-20 16:59:14
GBR,2025-08-20 16:59:14
MITP,2025-08-20 16:59:14
SAT,2025-08-20 16:59:14
NYC,2025-08-20 16:59:14
OPFI-WT,2025-08-20 16:59:14
BRIA,2025-08-20 16:59:14
DBRG-PI,2025-08-20 16:59:14
DTW,2025-08-20 16:59:14
KELYB,2025-08-20 16:59:14
CTO-PA,2025-08-20 16:59:14
EMP,2025-08-20 16:59:14
CELG-RI,2025-08-20 16:59:14
ECCF,2025-08-20 16:59:14
FBRT-PE,2025-08-20 16:59:14
PEB-PF,2025-08-20 16:59:14
PEB-PE,2025-08-20 16:59:14
AIZN,2025-08-20 16:59:14
HOOK,2025-08-20 16:59:14
LITB,2025-08-20 16:59:14
SFB,2025-08-20 16:59:14
SOUL,2025-08-20 16:59:14
ACR-PC,2025-08-20 16:59:14
ALTG-PA,2025-08-20 16:59:14
WRB-PE,2025-08-20 16:59:14
CODI-PB,2025-08-20 16:59:14
AHT-PF,2025-08-20 16:59:14
TEN-PE,2025-08-20 16:59:14
COHN,2025-08-20 16:59:14
VAL-WT,2025-08-20 16:59:14
PSA-PQ,2025-08-20 16:59:14
RCB,2025-08-20 16:59:14
BIPI,2025-08-20 16:59:14
CMS-PB,2025-08-20 16:59:14
HPP-PC,2025-08-20 16:59:14
NGL-PB,2025-08-20 16:59:14
PDPA,2025-08-20 16:59:14
BEP-PA,2025-08-20 16:59:14
MTB-PH,2025-08-20 16:59:14
CFR-PB,2025-08-20 16:59:14
MSC,2025-08-20 16:59:14
DX-PC,2025-08-20 16:59:14
CIM-PA,2025-08-20 16:59:14
ACR-PD,2025-08-20 16:59:14
RWT-PA,2025-08-20 16:59:14
IPODU,2025-08-20 16:59:14
CDR-PC,2025-08-20 16:59:14
BFS-PE,2025-08-20 16:59:14
PCG-PA,2025-08-20 16:59:14
CET,2025-08-20 16:59:14
LXP-PC,2025-08-20 16:59:14
PSA-PL,2025-08-20 16:59:14
BATL,2025-08-20 16:59:14
SCCC,2025-08-20 16:59:14
KUKE,2025-08-20 16:59:14
PSA-PF,2025-08-20 16:59:14
PTHS,2025-08-20 16:59:14
ELON,2025-08-20 16:59:14
KEY-PJ,2025-08-20 16:59:14
NGL-PC,2025-08-20 16:59:14
KIM-PN,2025-08-20 16:59:14
AHL-PD,2025-08-20 16:59:14
TRTN-PC,2025-08-20 16:59:14
PDCC,2025-08-20 16:59:14
MYND,2025-08-20 16:59:14
PMT-PB,2025-08-20 16:59:14
AHL-PE,2025-08-20 16:59:14
MGLD,2025-08-20 16:59:14
KFIIU,2025-08-20 16:59:14
STG,2025-08-20 16:59:14
TRTN-PE,2025-08-20 16:59:14
SNV-PD,2025-08-20 16:59:14
HOFV,2025-08-20 16:59:14
SCCD,2025-08-20 16:59:14
PEB-PG,2025-08-20 16:59:14
COE,2025-08-20 16:59:14
GLOP-PB,2025-08-20 16:59:14
RLJ-PA,2025-08-20 16:59:14
RNR-PF,2025-08-20 16:59:14
ELLO,2025-08-20 16:59:14
NEE-PN,2025-08-20 16:59:14
RC-PE,2025-08-20 16:59:14
IIPR-PA,2025-08-20 16:59:14
PMT-PC,2025-08-20 16:59:14
CIO-PA,2025-08-20 16:59:14
CFG-PH,2025-08-20 16:59:14
ATH-PB,2025-08-20 16:59:14
PMT-PA,2025-08-20 16:59:14
DRH-PA,2025-08-20 16:59:14
RITM-PC,2025-08-20 16:59:14
LND,2025-08-20 16:59:14
MITQ,2025-08-20 16:59:14
TWO-PB,2025-08-20 16:59:14
MFA-PB,2025-08-20 16:59:14
BAC-PE,2025-08-20 16:59:14
BML-PH,2025-08-20 16:59:14
ZVSA,2025-08-20 16:59:14
BFLY-WT,2025-08-20 16:59:14
GPMT-PA,2025-08-20 16:59:14
RITM-PB,2025-08-20 16:59:14
GRAF,2025-08-20 16:59:14
ABR-PD,2025-08-20 16:59:14
MFAO,2025-08-20 16:59:14
EICA,2025-08-20 16:59:14
GTN-A,2025-08-20 16:59:14
ABR-PE,2025-08-20 16:59:14
ECCC,2025-08-20 16:59:14
LBTYB,2025-08-20 16:59:14
LFT-PA,2025-08-20 16:59:14
ECCW,2025-08-20 16:59:14
GNL-PB,2025-08-20 16:59:14
CHMI-PB,2025-08-20 16:59:14
ECCV,2025-08-20 16:59:14
CTA-PA,2025-08-20 16:59:14
SCCF,2025-08-20 16:59:14
PMTU,2025-08-20 16:59:14
EXEEL,2025-08-20 16:59:14
BCLI,2025-08-20 16:59:14
GAM-PB,2025-08-20 16:59:14
CPAC,2025-08-20 16:59:14
EFC-PC,2025-08-20 16:59:14
AENTW,2025-08-20 16:59:14
WFC-PL,2025-08-20 16:59:14
HTFC,2025-08-20 16:59:14
DLNG-PA,2025-08-20 16:59:14
VLN-WT,2025-08-20 16:59:14
FLYX-WT,2025-08-20 16:59:14
SOHOO,2025-08-20 16:59:14
NXC,2025-08-20 16:59:14
SF-PB,2025-08-20 16:59:14
AHT-PG,2025-08-20 16:59:14
PCG-PB,2025-08-20 16:59:14
LGL-WT,2025-08-20 16:59:14
VXRT,2025-08-20 16:59:14
AGM-PF,2025-08-20 16:59:14
JENA,2025-08-20 16:59:14
MDV-PA,2025-08-20 16:59:14
GL-PD,2025-08-20 16:59:14
ETI-P,2025-08-20 16:59:14
IHT,2025-08-20 16:59:14
RAC,2025-08-20 16:59:14
OZ,2025-08-20 16:59:14
BKKT-WT,2025-08-20 16:59:14
GLOP-PC,2025-08-20 16:59:14
MKC-V,2025-08-20 16:59:14
REXR-PC,2025-08-20 16:59:14
ENJ,2025-08-20 16:59:14
MI,2025-08-20 16:59:14
BNJ,2025-08-20 16:59:14
EQS,2025-08-20 16:59:14
CHMI-PA,2025-08-20 16:59:14
AMH-PH,2025-08-20 16:59:14
INN-PF,2025-08-20 16:59:14
FGN,2025-08-20 16:59:14
AMBI,2025-08-20 16:59:14
ENFY,2025-08-20 16:59:14
TRTN-PD,2025-08-20 16:59:14
FCRX,2025-08-20 16:59:14
MXC,2025-08-20 16:59:14
SHO-PI,2025-08-20 16:59:14
DMAAU,2025-08-20 16:59:14
BFS-PD,2025-08-20 16:59:14
AGM-PG,2025-08-20 16:59:14
ARGO-PA,2025-08-20 16:59:14
PERF-WT,2025-08-20 16:59:14
SRG-PA,2025-08-20 16:59:14
FHN-PC,2025-08-20 16:59:14
UMH-PD,2025-08-20 16:59:14
BHR-PD,2025-08-20 16:59:14
CIM-PD,2025-08-20 16:59:14
CUBB,2025-08-20 16:59:14
IVR-PC,2025-08-20 16:59:14
EIIA,2025-08-20 16:59:14
AHT-PD,2025-08-20 16:59:14
CTA-PB,2025-08-20 16:59:14
MITT-PA,2025-08-20 16:59:14
CMRE-PC,2025-08-20 16:59:14
CMRE-PD,2025-08-20 16:59:14
LEGT,2025-08-20 16:59:14
PSFE-WT,2025-08-20 16:59:14
NSA-PA,2025-08-20 16:59:14
VNO-PL,2025-08-20 16:59:14
OAK-PA,2025-08-20 16:59:14
HTFB,2025-08-20 16:59:14
SB-PD,2025-08-20 16:59:14
AGM-PD,2025-08-20 16:59:14
SAZ,2025-08-20 16:59:14
LCFYW,2025-08-20 16:59:14
BML-PJ,2025-08-20 16:59:14
LGPS,2025-08-20 16:59:14
MOLN,2025-08-20 16:59:14
IONQ-WT,2025-08-20 16:59:14
ASB-PE,2025-08-20 16:59:14
RVP,2025-08-20 16:59:14
CVR,2025-08-20 16:59:14
ADC-PA,2025-08-20 16:59:14
AHT-PI,2025-08-20 16:59:14
MSN,2025-08-20 16:59:14
EPR-PG,2025-08-20 16:59:14
MHLA,2025-08-20 16:59:14
SAJ,2025-08-20 16:59:14
CCM,2025-08-20 16:59:14
NRUC,2025-08-20 16:59:14
GROY-WT,2025-08-20 16:59:14
HYAC,2025-08-20 16:59:14
RIBBU,2025-08-20 16:59:14
SBFMW,2025-08-20 16:59:14
SVIIU,2025-08-20 16:59:14
PCI,2025-08-20 16:59:14
NHIC,2025-08-20 16:59:14
XOMAP,2025-08-20 16:59:14
CGCTU,2025-08-20 16:59:14
MACI,2025-08-20 16:59:14
NTWOW,2025-08-20 16:59:14
VCIC,2025-08-20 16:59:14
POLE,2025-08-20 16:59:14
RC-PC,2025-08-20 16:59:14
TFINP,2025-08-20 16:59:14
BIAFW,2025-08-20 16:59:14
NRSNW,2025-08-20 16:59:14
IPODW,2025-08-20 16:59:14
KCHVR,2025-08-20 16:59:14
PLMKW,2025-08-20 16:59:14
CDROW,2025-08-20 16:59:14
SIM,2025-08-20 16:59:14
OSRHW,2025-08-20 16:59:14
RANG,2025-08-20 16:59:14
FERAU,2025-08-20 16:59:14
TBLAW,2025-08-20 16:59:14
EMCG,2025-08-20 16:59:14
OYSEU,2025-08-20 16:59:14
SPKLW,2025-08-20 16:59:14
FORLU,2025-08-20 16:59:14
ZCARW,2025-08-20 16:59:14
NOEMW,2025-08-20 16:59:14
OFSSH,2025-08-20 16:59:14
SMAP,2025-08-20 16:59:14
CAPTW,2025-08-20 16:59:14
ECCX,2025-08-20 16:59:14
LIPO,2025-08-20 16:59:14
ECDAW,2025-08-20 16:59:14
PCG-PI,2025-08-20 16:59:14
HSPOR,2025-08-20 16:59:14
RANGU,2025-08-20 16:59:14
HCXY,2025-08-20 16:59:14
OACC,2025-08-20 16:59:14
BEDU,2025-08-20 16:59:14
GDEVW,2025-08-20 16:59:14
MAA-PI,2025-08-20 16:59:14
DC-WT,2025-08-20 16:59:14
NREF-PA,2025-08-20 16:59:14
DSX-PB,2025-08-20 16:59:14
ICR-PA,2025-08-20 16:59:14
SES-WT,2025-08-20 16:59:14
COLAU,2025-08-20 16:59:14
HLLY-WT,2025-08-20 16:59:14
SOHON,2025-08-20 16:59:14
PETVW,2025-08-20 16:59:14
HL-PB,2025-08-20 16:59:14
HWM-P,2025-08-20 16:59:14
AHT-PH,2025-08-20 16:59:14
BCOR,2025-08-20 16:59:14
CRGX,2025-08-20 16:59:14
FLAG,2025-08-20 16:59:14
SANW,2025-08-20 16:59:14
AACBU,2025-08-20 16:59:14
PPYAW,2025-08-20 16:59:14
FISK,2025-08-20 16:59:14
AACB,2025-08-20 16:59:14
SRL,2025-08-20 16:59:14
HSPO,2025-08-20 16:59:14
BKHAR,2025-08-20 16:59:14
RAAQ,2025-08-20 16:59:14
PCTTU,2025-08-20 16:59:14
ALCYU,2025-08-20 16:59:14
ESBA,2025-08-20 16:59:14
GRAF-UN,2025-08-20 16:59:14
YOTAW,2025-08-20 16:59:14
JENA-UN,2025-08-20 16:59:14
AACBR,2025-08-20 16:59:14
SDHI,2025-08-20 16:59:14
IGTAR,2025-08-20 16:59:14
AAM,2025-08-20 16:59:14
NEN,2025-08-20 16:59:14
BARK-WT,2025-08-20 16:59:14
STR,2025-08-20 16:59:14
FEDU,2025-08-20 16:59:14
PCG-PG,2025-08-20 16:59:14
BKSY-WT,2025-08-20 16:59:14
CUBWU,2025-08-20 16:59:14
TY-P,2025-08-20 16:59:14
OCEAW,2025-08-20 16:59:14
TPIC,2025-08-20 16:59:14
OGCP,2025-08-20 16:59:14
GWH-WT,2025-08-20 16:59:14
COPL,2025-08-20 16:59:14
LCCCU,2025-08-20 16:59:14
VCICW,2025-08-20 16:59:14
IPB,2025-08-20 16:59:14
KVAC,2025-08-20 16:59:14
PCG-PE,2025-08-20 16:59:14
PCG-PH,2025-08-20 16:59:14
LCCC,2025-08-20 16:59:14
TDAC,2025-08-20 16:59:14
CDR-PB,2025-08-20 16:59:14
ECXWW,2025-08-20 16:59:14
FVNNR,2025-08-20 16:59:14
ASPCR,2025-08-20 16:59:14
RAAQU,2025-08-20 16:59:14
GSRTU,2025-08-20 16:59:14
WTG,2025-08-20 16:59:14
FVN,2025-08-20 16:59:14
ALDFU,2025-08-20 16:59:14
ODVWZ,2025-08-20 16:59:14
DTSQ,2025-08-20 16:59:14
PXSAW,2025-08-20 16:59:14
ATIIU,2025-08-20 16:59:14
LSBPW,2025-08-20 16:59:14
SNRE,2025-08-20 16:59:14
SVREW,2025-08-20 16:59:14
PGACR,2025-08-20 16:59:14
CHARU,2025-08-20 16:59:14
DMAAR,2025-08-20 16:59:14
RDAGU,2025-08-20 16:59:14
NOEM,2025-08-20 16:59:14
SPWRW,2025-08-20 16:59:14
OTRK,2025-08-20 16:59:14
GSHRU,2025-08-20 16:59:14
MBAVU,2025-08-20 16:59:14
XBPEW,2025-08-20 16:59:14
LFMDP,2025-08-20 16:59:14
NCPLW,2025-08-20 16:59:14
LOKVU,2025-08-20 16:59:14
ABPWW,2025-08-20 16:59:14
BFRIW,2025-08-20 16:59:14
PCAPW,2025-08-20 16:59:14
BRRWW,2025-08-20 16:59:14
AFJKR,2025-08-20 16:59:14
AXINU,2025-08-20 16:59:14
ATNFW,2025-08-20 16:59:14
BKHA,2025-08-20 16:59:14
LPBB,2025-08-20 16:59:14
IPCXU,2025-08-20 16:59:14
WLDSW,2025-08-20 16:59:14
SZZL,2025-08-20 16:59:14
TVAIR,2025-08-20 16:59:14
AFJK,2025-08-20 16:59:14
FVNNU,2025-08-20 16:59:14
KFIIR,2025-08-20 16:59:14
NTRBW,2025-08-20 16:59:14
BLUWW,2025-08-20 16:59:14
KNW,2025-08-20 16:59:14
IROHU,2025-08-20 16:59:14
HSPTR,2025-08-20 16:59:14
HSPOU,2025-08-20 16:59:14
BACQU,2025-08-20 16:59:14
GPATU,2025-08-20 16:59:14
CCIRU,2025-08-20 16:59:14
HGASW,2025-08-20 16:59:14
FTIIW,2025-08-20 16:59:14
RSVRW,2025-08-20 16:59:14
DYCQR,2025-08-20 16:59:14
SBXD-UN,2025-08-20 16:59:14
RFAIU,2025-08-20 16:59:14
ATNF,2025-08-20 16:59:14
COLA,2025-08-20 16:59:14
YHNA,2025-08-20 16:59:14
OABIW,2025-08-20 16:59:14
AKO-A,2025-08-20 16:59:14
SPEGU,2025-08-20 16:59:14
EURKU,2025-08-20 16:59:14
VINO,2025-08-20 16:59:14
POLEU,2025-08-20 16:59:14
ABLVW,2025-08-20 16:59:14
MACIW,2025-08-20 16:59:14
NOTE-WT,2025-08-20 16:59:14
NXGLW,2025-08-20 16:59:14
FBYDW,2025-08-20 16:59:14
KTTAW,2025-08-20 16:59:14
CCGWW,2025-08-20 16:59:14
CCIR,2025-08-20 16:59:14
HVT-A,2025-08-20 16:59:14
MTEKW,2025-08-20 16:59:14
LFLYW,2025-08-20 16:59:14
EQV-UN,2025-08-20 16:59:14
PCSC,2025-08-20 16:59:14
MOBQW,2025-08-20 16:59:14
THRD,2025-08-20 16:59:14
BBLGW,2025-08-20 16:59:14
LPAAU,2025-08-20 16:59:14
WHLRL,2025-08-20 16:59:14
PMTRU,2025-08-20 16:59:14
NOEMR,2025-08-20 16:59:14
CAPNU,2025-08-20 16:59:14
PCG-PC,2025-08-20 16:59:14
RSLS,2025-08-20 16:59:14
ALCY,2025-08-20 16:59:14
VACHU,2025-08-20 16:59:14
BOWN,2025-08-20 16:59:14
VCICU,2025-08-20 16:59:14
CHPGU,2025-08-20 16:59:14
MAYAU,2025-08-20 16:59:14
GB,2025-08-20 16:59:14
NIVFW,2025-08-20 16:59:14
EURK,2025-08-20 16:59:14
SOUL-UN,2025-08-20 16:59:14
PMTRW,2025-08-20 16:59:14
AOGOW,2025-08-20 16:59:14
NVACW,2025-08-20 16:59:14
CHPGR,2025-08-20 16:59:14
TSBX,2025-08-20 16:59:14
HLXB,2025-08-20 16:59:14
IGMS,2025-08-20 16:59:14
MCAGR,2025-08-20 16:59:14
ABLLW,2025-08-20 16:59:14
NMHIW,2025-08-20 16:59:14
GLLIW,2025-08-20 16:59:14
FSHPU,2025-08-20 16:59:14
ZIVOW,2025-08-20 16:59:14
ANSCU,2025-08-20 16:59:14
MOG-B,2025-08-20 16:59:14
BCGWW,2025-08-20 16:59:14
STRM,2025-08-20 16:59:14
APCXW,2025-08-20 16:59:14
RDACU,2025-08-20 16:59:14
FGXCU,2025-08-20 16:59:14
TDACU,2025-08-20 16:59:14
UYSCU,2025-08-20 16:59:14
MLACU,2025-08-20 16:59:14
TAVIU,2025-08-20 16:59:14
BRLSW,2025-08-20 16:59:14
RDAC,2025-08-20 16:59:14
CHACU,2025-08-20 16:59:14
AMED,2025-08-20 16:59:14
NETDU,2025-08-20 16:59:14
RAC-UN,2025-08-20 16:59:14
IMAQR,2025-08-20 16:59:14
USM,2025-08-20 16:59:14
MACIU,2025-08-20 16:59:14
SB-PC,2025-08-20 16:59:14
NAKAW,2025-08-20 16:59:14
EXEEW,2025-08-20 16:59:14
MLACR,2025-08-20 16:59:14
KVACU,2025-08-20 16:59:14
NEHC,2025-08-20 16:59:14
QETA,2025-08-20 16:59:14
IRS-WT,2025-08-20 16:59:14
GIGGU,2025-08-20 16:59:14
TAP-A,2025-08-20 16:59:14
SEATW,2025-08-20 16:59:14
ATMVU,2025-08-20 16:59:14
AIFER,2025-08-20 16:59:14
TVACU,2025-08-20 16:59:14
LPBBU,2025-08-20 16:59:14
OAKUU,2025-08-20 16:59:14
DATS,2025-08-20 16:59:14
PARAA,2025-08-20 16:59:14
BIO-B,2025-08-20 16:59:14
CHEB,2025-08-20 16:59:14
TVACW,2025-08-20 16:59:14
YHNAU,2025-08-20 16:59:14
OACCU,2025-08-20 16:59:14
SPKLU,2025-08-20 16:59:14
BAYAU,2025-08-20 16:59:14
GDSTR,2025-08-20 16:59:14
BOWNR,2025-08-20 16:59:14
ESHA,2025-08-20 16:59:14
DATSW,2025-08-20 16:59:14
EMCGU,2025-08-20 16:59:14
ALFUU,2025-08-20 16:59:14
PARA,2025-08-20 16:59:14
NTWOU,2025-08-20 16:59:14
SSY,2025-08-20 16:59:14
PLMKU,2025-08-20 16:59:14
LEGT-UN,2025-08-20 16:59:14
KVACW,2025-08-20 16:59:14
WSO-B,2025-08-20 16:59:14
IGTAW,2025-08-20 16:59:14
CMPOV,2025-08-20 16:59:14
DRDBU,2025-08-20 16:59:14
NOEMU,2025-08-20 16:59:14
GDSTW,2025-08-20 16:59:14
FGFPP,2025-08-20 16:59:14
QETAR,2025-08-20 16:59:14
CCZ,2025-08-20 16:59:14
FGF,2025-08-20 16:59:14
RAINW,2025-08-20 16:59:14
INTEW,2025-08-20 16:59:14
SVCCU,2025-08-20 16:59:14
MAQCW,2025-08-20 16:59:14
NKGNW,2025-08-20 16:59:14
SVCC,2025-08-20 16:59:14
EXEEZ,2025-08-20 16:59:14
VIGL,2025-08-20 16:59:14
WLYB,2025-08-20 16:59:14
VAPEW,2025-08-20 16:59:14
QETAU,2025-08-20 16:59:14
CCIXU,2025-08-20 16:59:14
VAPE,2025-08-20 16:59:14
AIFE,2025-08-20 16:59:14
EURKR,2025-08-20 16:59:14
BKHAU,2025-08-20 16:59:14
VSSYW,2025-08-20 16:59:14
CHEB-UN,2025-08-20 16:59:14
SIMAU,2025-08-20 16:59:14
DHHCW,2025-08-20 16:59:14
AQUNR,2025-08-20 16:59:14
SCOB,2025-08-20 16:59:14
NLTX,2025-08-20 16:59:14
RIVR,2025-08-20 16:59:14
OBAW,2025-08-20 16:59:14
TUGC,2025-08-20 16:59:14
LIBYW,2025-08-20 16:59:14
HORIU,2025-08-20 16:59:14
CCCMU,2025-08-20 16:59:14
MTL,2025-08-20 16:59:14
FLFVW,2025-08-20 16:59:14
PET,2025-08-20 16:59:14
HEOP,2025-08-20 16:59:14
CONE,2025-08-20 16:59:14
IMAQW,2025-08-20 16:59:14
CRACU,2025-08-20 16:59:14
MBAC,2025-08-20 16:59:14
FMBIP,2025-08-20 16:59:14
TGP,2025-08-20 16:59:14
FHN-PB,2025-08-20 16:59:14
TRTL,2025-08-20 16:59:14
CHX,2025-08-20 16:59:14
ESGRO,2025-08-20 16:59:14
NVEE,2025-08-20 16:59:14
DNAY,2025-08-20 16:59:14
HES,2025-08-20 16:59:14
FMTO,2025-08-20 16:59:14
VLCN,2025-08-20 16:59:14
LVOPP,2025-08-20 16:59:14
TREC,2025-08-20 16:59:14
AEAEW,2025-08-20 16:59:14
MOOV,2025-08-20 16:59:14
PWOD,2025-08-20 16:59:14
LPNT,2025-08-20 16:59:14
CCCMW,2025-08-20 16:59:14
LYL,2025-08-20 16:59:14
CANO,2025-08-20 16:59:14
TVAIU,2025-08-20 16:59:14
IMS,2025-08-20 16:59:14
KIRK,2025-08-20 16:59:14
HHLA,2025-08-20 16:59:14
CCCM,2025-08-20 16:59:14
PETWW,2025-08-20 16:59:14
VPCB,2025-08-20 16:59:14
FTIIU,2025-08-20 16:59:14
SGMA,2025-08-20 16:59:14
CFFS,2025-08-20 16:59:14
PGRWW,2025-08-20 16:59:14
JOBS,2025-08-20 16:59:14
ALLK,2025-08-20 16:59:14
ENPC-UN,2025-08-20 16:59:14
SCMAU,2025-08-20 16:59:14
PGHL,2025-08-20 16:59:14
ESSA,2025-08-20 16:59:14
GLLIR,2025-08-20 16:59:14
LATNU,2025-08-20 16:59:14
KDLY,2025-08-20 16:59:14
SAGE,2025-08-20 16:59:14
SHUAU,2025-08-20 16:59:14
ALOHA,2025-08-20 16:59:14
AFAM,2025-08-20 16:59:14
BRMK,2025-08-20 16:59:14
FARO,2025-08-20 16:59:14
ETWO-WT,2025-08-20 16:59:14
AVPTW,2025-08-20 16:59:14
DBDRU,2025-08-20 16:59:14
PTN,2025-08-20 16:59:14
XOG,2025-08-20 16:59:14
ETWO,2025-08-20 16:59:14
HYAC-UN,2025-08-20 16:59:14
VRMEW,2025-08-20 16:59:14
TSVT,2025-08-20 16:59:14
AZEK,2025-08-20 16:59:14
IKNA,2025-08-20 16:59:14
ELEV,2025-08-20 16:59:14
DLNG-PB,2025-08-20 16:59:14
CLRCW,2025-08-20 16:59:14
SMR-WT,2025-08-20 16:59:14
METCL,2025-08-20 16:59:14
SGAMU,2025-08-20 16:59:14
BIGC,2025-08-20 16:59:14
SRM,2025-08-20 16:59:14
WINVU,2025-08-20 16:59:14
SI-PA,2025-08-20 16:59:14
VERV,2025-08-20 16:59:14
TGI,2025-08-20 16:59:14
SQLLW,2025-08-20 16:59:14
WINVW,2025-08-20 16:59:14
TUGCU,2025-08-20 16:59:14
SNCRL,2025-08-20 16:59:14
AP-WT,2025-08-20 16:59:14
DTC,2025-08-20 16:59:14
BETS,2025-08-20 16:59:14
MOCO,2025-08-20 16:59:14
AIMBU,2025-08-20 16:59:14
X,2025-08-20 16:59:14
PUCKW,2025-08-20 16:59:14
WINVR,2025-08-20 16:59:14
CFFSU,2025-08-20 16:59:14
MRIN,2025-08-20 16:59:14
DGAS,2025-08-20 16:59:14
MUDS,2025-08-20 16:59:14
CSSEP,2025-08-20 16:59:14
DCRC,2025-08-20 16:59:14
MNRK,2025-08-20 16:59:14
BLT,2025-08-20 16:59:14
NPBC,2025-08-20 16:59:14
BRCN,2025-08-20 16:59:14
HYMCW,2025-08-20 16:59:14
HOFVW,2025-08-20 16:59:14
PEI-PB,2025-08-20 16:59:14
ALSAU,2025-08-20 16:59:14
HEP,2025-08-20 16:59:14
FNVTU,2025-08-20 16:59:14
BSIIU,2025-08-20 16:59:14
EYEN,2025-08-20 16:59:14
CRAC,2025-08-20 16:59:14
CTAQ,2025-08-20 16:59:14
GIMO,2025-08-20 16:59:14
ALSAR,2025-08-20 16:59:14
BROG,2025-08-20 16:59:14
ATW,2025-08-20 16:59:14
AUBAP,2025-08-20 16:59:14
AFFX,2025-08-20 16:59:14
CLBR-WT,2025-08-20 16:59:14
AGS,2025-08-20 16:59:14
FCB,2025-08-20 16:59:14
TRIS,2025-08-20 16:59:14
SWTX,2025-08-20 16:59:14
BEAV,2025-08-20 16:59:14
MCADR,2025-08-20 16:59:14
TGH,2025-08-20 16:59:14
LFAC,2025-08-20 16:59:14
FRXB-UN,2025-08-20 16:59:14
LVRA,2025-08-20 16:59:14
PMD,2025-08-20 16:59:14
TCBP,2025-08-20 16:59:14
EGC,2025-08-20 16:59:14
INBXV,2025-08-20 16:59:14
KACLR,2025-08-20 16:59:14
IPXL,2025-08-20 16:59:14
JUPWW,2025-08-20 16:59:14
IMCIW,2025-08-20 16:59:14
GAN,2025-08-20 16:59:14
APTS,2025-08-20 16:59:14
PGACU,2025-08-20 16:59:14
SUNW,2025-08-20 16:59:14
RTLR,2025-08-20 16:59:14
JNP,2025-08-20 16:59:14
ROVR,2025-08-20 16:59:14
KMF,2025-08-20 16:59:14
BULLZ,2025-08-20 16:59:14
AIMAU,2025-08-20 16:59:14
CBMX,2025-08-20 16:59:14
PLCM,2025-08-20 16:59:14
MLAIW,2025-08-20 16:59:14
BYLK,2025-08-20 16:59:14
LIONW,2025-08-20 16:59:14
BHACW,2025-08-20 16:59:14
LCAA,2025-08-20 16:59:14
PHAS,2025-08-20 16:59:14
NFNT,2025-08-20 16:59:14
COTV,2025-08-20 16:59:14
JNS,2025-08-20 16:59:14
NVACR,2025-08-20 16:59:14
PCYG,2025-08-20 16:59:14
HCVIW,2025-08-20 16:59:14
MIME,2025-08-20 16:59:14
IVCA,2025-08-20 16:59:14
IPAS,2025-08-20 16:59:14
PLAO,2025-08-20 16:59:14
DCFC,2025-08-20 16:59:14
AVEO,2025-08-20 16:59:14
CSSE,2025-08-20 16:59:14
IVC,2025-08-20 16:59:14
LTRY,2025-08-20 16:59:14
COVA,2025-08-20 16:59:14
UTEK,2025-08-20 16:59:14
MLAI,2025-08-20 16:59:14
MIMO-WT,2025-08-20 16:59:14
TANNI,2025-08-20 16:59:14
SBNYP,2025-08-20 16:59:14
APXT,2025-08-20 16:59:14
AKYA,2025-08-20 16:59:14
RDFN,2025-08-20 16:59:14
FEIC,2025-08-20 16:59:14
TVTY,2025-08-20 16:59:14
VRN,2025-08-20 16:59:14
PMGMW,2025-08-20 16:59:14
LIME,2025-08-20 16:59:14
APOL,2025-08-20 16:59:14
LIVBU,2025-08-20 16:59:14
BRAC,2025-08-20 16:59:14
TETC,2025-08-20 16:59:14
HAWK,2025-08-20 16:59:14
AUS-UN,2025-08-20 16:59:14
FRWAU,2025-08-20 16:59:14
SPKAU,2025-08-20 16:59:14
CSLR,2025-08-20 16:59:14
GTPA,2025-08-20 16:59:14
KWESW,2025-08-20 16:59:14
DMF,2025-08-20 16:59:14
SGTX,2025-08-20 16:59:14
ESGC,2025-08-20 16:59:14
SCMAW,2025-08-20 16:59:14
SNAXW,2025-08-20 16:59:14
SFRWW,2025-08-20 16:59:14
LMIA,2025-08-20 16:59:14
BRDS,2025-08-20 16:59:14
SAL,2025-08-20 16:59:14
CPAAW,2025-08-20 16:59:14
MTGE,2025-08-20 16:59:14
LDTC,2025-08-20 16:59:14
RAVN,2025-08-20 16:59:14
FTOCU,2025-08-20 16:59:14
HEES,2025-08-20 16:59:14
RDS-A,2025-08-20 16:59:14
PHUNW,2025-08-20 16:59:14
CCTS,2025-08-20 16:59:14
SOAC-UN,2025-08-20 16:59:14
TLGA-UN,2025-08-20 16:59:14
TGAA,2025-08-20 16:59:14
VIVO,2025-08-20 16:59:14
BMAC,2025-08-20 16:59:14
FSSI,2025-08-20 16:59:14
GTPAW,2025-08-20 16:59:14
FUEL,2025-08-20 16:59:14
VMCA,2025-08-20 16:59:14
REXI,2025-08-20 16:59:14
YOTAR,2025-08-20 16:59:14
SUP,2025-08-20 16:59:14
SLRN,2025-08-20 16:59:14
MPAC,2025-08-20 16:59:14
SRGA,2025-08-20 16:59:14
NUBIW,2025-08-20 16:59:14
OBSV,2025-08-20 16:59:14
LNCE,2025-08-20 16:59:14
OLITW,2025-08-20 16:59:14
OSTRW,2025-08-20 16:59:14
GMFIW,2025-08-20 16:59:14
FRGI,2025-08-20 16:59:14
CBX,2025-08-20 16:59:14
EGL,2025-08-20 16:59:14
SFG,2025-08-20 16:59:14
FGMCW,2025-08-20 16:59:14
BBOX,2025-08-20 16:59:14
VMCAU,2025-08-20 16:59:14
CVII,2025-08-20 16:59:14
DTP,2025-08-20 16:59:14
ASCB,2025-08-20 16:59:14
GTER,2025-08-20 16:59:14
AAGRW,2025-08-20 16:59:14
OSA,2025-08-20 16:59:14
OHAAW,2025-08-20 16:59:14
NMP,2025-08-20 16:59:14
ZI,2025-08-20 16:59:14
PFTAU,2025-08-20 16:59:14
ENERR,2025-08-20 16:59:14
CGBSW,2025-08-20 16:59:14
CPUH,2025-08-20 16:59:14
IPVF,2025-08-20 16:59:14
DTJ,2025-08-20 16:59:14
KAHC,2025-08-20 16:59:14
OMP,2025-08-20 16:59:14
LITTU,2025-08-20 16:59:14
SCLE,2025-08-20 16:59:14
CPAR,2025-08-20 16:59:14
LEAP-UN,2025-08-20 16:59:14
INZY,2025-08-20 16:59:14
CMCA,2025-08-20 16:59:14
EYESW,2025-08-20 16:59:14
REIS,2025-08-20 16:59:14
JOFFW,2025-08-20 16:59:14
SCCB,2025-08-20 16:59:14
DYAX,2025-08-20 16:59:14
AEBIV,2025-08-20 16:59:14
GTPAU,2025-08-20 16:59:14
CLBH,2025-08-20 16:59:14
HCDIW,2025-08-20 16:59:14
GSQD-UN,2025-08-20 16:59:14
FPAC-UN,2025-08-20 16:59:14
SLAC-UN,2025-08-20 16:59:14
AMSG,2025-08-20 16:59:14
SHYF,2025-08-20 16:59:14
HAIA,2025-08-20 16:59:14
ESACW,2025-08-20 16:59:14
CITEU,2025-08-20 16:59:14
MEOAU,2025-08-20 16:59:14
FTPA,2025-08-20 16:59:14
BMTC,2025-08-20 16:59:14
KSMT,2025-08-20 16:59:14
GXP,2025-08-20 16:59:14
SSNI,2025-08-20 16:59:14
OEPW,2025-08-20 16:59:14
ME,2025-08-20 16:59:14
ENFA,2025-08-20 16:59:14
FEXDU,2025-08-20 16:59:14
LILM,2025-08-20 16:59:14
HCVI,2025-08-20 16:59:14
TCACU,2025-08-20 16:59:14
CCII,2025-08-20 16:59:14
SNPX,2025-08-20 16:59:14
CLBR-UN,2025-08-20 16:59:14
ATCO-PD,2025-08-20 16:59:14
JWN,2025-08-20 16:59:14
ONCH,2025-08-20 16:59:14
CTK,2025-08-20 16:59:14
SNPR,2025-08-20 16:59:14
SPGS,2025-08-20 16:59:14
SAMAU,2025-08-20 16:59:14
TCRZ,2025-08-20 16:59:14
IXYS,2025-08-20 16:59:14
EVGR,2025-08-20 16:59:14
RACB,2025-08-20 16:59:14
TWX,2025-08-20 16:59:14
POND-UN,2025-08-20 16:59:14
IVCAW,2025-08-20 16:59:14
NNAGW,2025-08-20 16:59:14
IPVA,2025-08-20 16:59:14
DHCA,2025-08-20 16:59:14
HAAC,2025-08-20 16:59:14
HCXZ,2025-08-20 16:59:14
SODR,2025-08-20 16:59:14
GTPB,2025-08-20 16:59:14
GLAQU,2025-08-20 16:59:14
KRON,2025-08-20 16:59:14
HDNG,2025-08-20 16:59:14
SLGCW,2025-08-20 16:59:14
GNBC,2025-08-20 16:59:14
SST-WT,2025-08-20 16:59:14
GMBLZ,2025-08-20 16:59:14
VSTEW,2025-08-20 16:59:14
SPTK,2025-08-20 16:59:14
SPGC,2025-08-20 16:59:14
SOCB,2025-08-20 16:59:14
STL-PA,2025-08-20 16:59:14
CEC,2025-08-20 16:59:14
DIST,2025-08-20 16:59:14
CUENW,2025-08-20 16:59:14
PEGRU,2025-08-20 16:59:14
EIGR,2025-08-20 16:59:14
SMAPU,2025-08-20 16:59:14
CWAY,2025-08-20 16:59:14
EXCVV,2025-08-20 16:59:14
SHLT,2025-08-20 16:59:14
CLEU,2025-08-20 16:59:14
STR-WT,2025-08-20 16:59:14
PLTN,2025-08-20 16:59:14
RICO,2025-08-20 16:59:14
CNTQU,2025-08-20 16:59:14
BSAQ,2025-08-20 16:59:14
ITAQU,2025-08-20 16:59:14
DAOOU,2025-08-20 16:59:14
OMEG,2025-08-20 16:59:14
SRC,2025-08-20 16:59:14
CSWI,2025-08-20 16:59:14
LACQ,2025-08-20 16:59:14
GLYC,2025-08-20 16:59:14
CGBS,2025-08-20 16:59:14
SPFR-UN,2025-08-20 16:59:14
MAAQW,2025-08-20 16:59:14
LKCO,2025-08-20 16:59:14
DWA,2025-08-20 16:59:14
GMBLW,2025-08-20 16:59:14
FCACU,2025-08-20 16:59:14
ESGRP,2025-08-20 16:59:14
FLIC,2025-08-20 16:59:14
DCRNU,2025-08-20 16:59:14
FAZEW,2025-08-20 16:59:14
AMIC,2025-08-20 16:59:14
EVRI,2025-08-20 16:59:14
CAA,2025-08-20 16:59:14
JNPR,2025-08-20 16:59:14
CENQU,2025-08-20 16:59:14
YVR,2025-08-20 16:59:14
ESRX,2025-08-20 16:59:14
NCBS,2025-08-20 16:59:14
FRP,2025-08-20 16:59:14
ELEC,2025-08-20 16:59:14
SBBP,2025-08-20 16:59:14
NFH,2025-08-20 16:59:14
SEDA-WT,2025-08-20 16:59:14
STL,2025-08-20 16:59:14
ANAD,2025-08-20 16:59:14
BNIXW,2025-08-20 16:59:14
BRKHU,2025-08-20 16:59:14
CLRCR,2025-08-20 16:59:14
NFX,2025-08-20 16:59:14
POSH,2025-08-20 16:59:14
DPL,2025-08-20 16:59:14
MKTO,2025-08-20 16:59:14
EVGRU,2025-08-20 16:59:14
CFX,2025-08-20 16:59:14
DADA,2025-08-20 16:59:14
BUJAU,2025-08-20 16:59:14
TGVCU,2025-08-20 16:59:14
TMPO,2025-08-20 16:59:14
TBSAU,2025-08-20 16:59:14
CHRO,2025-08-20 16:59:14
OCAT,2025-08-20 16:59:14
CCVI,2025-08-20 16:59:14
CEAD,2025-08-20 16:59:14
CIFC,2025-08-20 16:59:14
MHLD,2025-08-20 16:59:14
HAIAU,2025-08-20 16:59:14
CFACU,2025-08-20 16:59:14
IGT,2025-08-20 16:59:14
SATX,2025-08-20 16:59:14
CCTSU,2025-08-20 16:59:14
PFBI,2025-08-20 16:59:14
MER,2025-08-20 16:59:14
CITE,2025-08-20 16:59:14
HBMD,2025-08-20 16:59:14
SLACW,2025-08-20 16:59:14
SWAGU,2025-08-20 16:59:14
CFFE,2025-08-20 16:59:14
JNVR,2025-08-20 16:59:14
BWAQW,2025-08-20 16:59:14
BPMC,2025-08-20 16:59:14
XLNX,2025-08-20 16:59:14
WTGU,2025-08-20 16:59:14
SKGRU,2025-08-20 16:59:14
TCN,2025-08-20 16:59:14
FNVTW,2025-08-20 16:59:14
AZUL,2025-08-20 16:59:14
LFACU,2025-08-20 16:59:14
QADB,2025-08-20 16:59:14
FVE,2025-08-20 16:59:14
CEADW,2025-08-20 16:59:14
MSSA,2025-08-20 16:59:14
FVT,2025-08-20 16:59:14
PLIN,2025-08-20 16:59:14
OBDE,2025-08-20 16:59:14
MMV,2025-08-20 16:59:14
KDLYW,2025-08-20 16:59:14
GLAC,2025-08-20 16:59:14
OB,2025-08-20 16:59:14
NRACU,2025-08-20 16:59:14
MENT,2025-08-20 16:59:14
HMTV,2025-08-20 16:59:14
EVHC,2025-08-20 16:59:14
MINM,2025-08-20 16:59:14
ASCBU,2025-08-20 16:59:14
APTI,2025-08-20 16:59:14
ENERW,2025-08-20 16:59:14
AAWW,2025-08-20 16:59:14
AXDX,2025-08-20 16:59:14
CNTG,2025-08-20 16:59:14
AIB,2025-08-20 16:59:14
BUJA,2025-08-20 16:59:14
BSII,2025-08-20 16:59:14
STFC,2025-08-20 16:59:14
ROCR,2025-08-20 16:59:14
SCRM,2025-08-20 16:59:14
OFC,2025-08-20 16:59:14
WWAC,2025-08-20 16:59:14
ATH-PC,2025-08-20 16:59:14
CHEA,2025-08-20 16:59:14
JVSA,2025-08-20 16:59:14
ALSA,2025-08-20 16:59:14
OCX,2025-08-20 16:59:14
NESRW,2025-08-20 16:59:14
DWAC,2025-08-20 16:59:14
AF,2025-08-20 16:59:14
OPTN,2025-08-20 16:59:14
PIK,2025-08-20 16:59:14
BKDT,2025-08-20 16:59:14
FLFVR,2025-08-20 16:59:14
MOTV-UN,2025-08-20 16:59:14
HNR,2025-08-20 16:59:14
MPRA,2025-08-20 16:59:14
KKR-PC,2025-08-20 16:59:14
ITQ,2025-08-20 16:59:14
KACLU,2025-08-20 16:59:14
ESACU,2025-08-20 16:59:14
PTOCW,2025-08-20 16:59:14
LFG,2025-08-20 16:59:14
SPCM,2025-08-20 16:59:14
HOT,2025-08-20 16:59:14
GLSTW,2025-08-20 16:59:14
LRFC,2025-08-20 16:59:14
RAAC,2025-08-20 16:59:14
MGN,2025-08-20 16:59:14
HFC,2025-08-20 16:59:14
MTVC-UN,2025-08-20 16:59:14
HHLA-UN,2025-08-20 16:59:14
ESAC,2025-08-20 16:59:14
CMLFU,2025-08-20 16:59:14
DEN,2025-08-20 16:59:14
PRLHW,2025-08-20 16:59:14
LTCHW,2025-08-20 16:59:14
CLBR,2025-08-20 16:59:14
CXAC,2025-08-20 16:59:14
ELRC,2025-08-20 16:59:14
RNR-PE,2025-08-20 16:59:14
SVNAW,2025-08-20 16:59:14
DNAC,2025-08-20 16:59:14
ENNVW,2025-08-20 16:59:14
CSC,2025-08-20 16:59:14
CSSEL,2025-08-20 16:59:14
CSSEN,2025-08-20 16:59:14
SVMH,2025-08-20 16:59:14
UBX,2025-08-20 16:59:14
OCFCP,2025-08-20 16:59:14
PROC,2025-08-20 16:59:14
TOPW,2025-08-20 16:59:14
STER,2025-08-20 16:59:14
QOMO,2025-08-20 16:59:14
SHPW,2025-08-20 16:59:14
PLYA,2025-08-20 16:59:14
SSPK,2025-08-20 16:59:14
BPACW,2025-08-20 16:59:14
PRLH,2025-08-20 16:59:14
TETE,2025-08-20 16:59:14
CPLA,2025-08-20 16:59:14
ESIO,2025-08-20 16:59:14
RNBW,2025-08-20 16:59:14
ANSS,2025-08-20 16:59:14
VNME,2025-08-20 16:59:14
ICAD,2025-08-20 16:59:14
PFTA,2025-08-20 16:59:14
APMIU,2025-08-20 16:59:14
LMDXW,2025-08-20 16:59:14
NEE-PQ,2025-08-20 16:59:14
TPBA,2025-08-20 16:59:14
SINO,2025-08-20 16:59:14
SFE,2025-08-20 16:59:14
SHQAU,2025-08-20 16:59:14
ERS,2025-08-20 16:59:14
LUB,2025-08-20 16:59:14
FATBW,2025-08-20 16:59:14
LANC,2025-08-20 16:59:14
SSBK,2025-08-20 16:59:14
LIAN,2025-08-20 16:59:14
SHLM,2025-08-20 16:59:14
RGF,2025-08-20 16:59:14
LLTC,2025-08-20 16:59:14
DESP,2025-08-20 16:59:14
PROCW,2025-08-20 16:59:14
KIND,2025-08-20 16:59:14
BRACU,2025-08-20 16:59:14
MBNKP,2025-08-20 16:59:14
SYT,2025-08-20 16:59:14
FNVT,2025-08-20 16:59:14
RXDX,2025-08-20 16:59:14
SBIGW,2025-08-20 16:59:14
BRKH,2025-08-20 16:59:14
JVSAR,2025-08-20 16:59:14
JTAIW,2025-08-20 16:59:14
NSTG,2025-08-20 16:59:14
BLUE,2025-08-20 16:59:14
PERY,2025-08-20 16:59:14
EVA,2025-08-20 16:59:14
LIOX,2025-08-20 16:59:14
HMA,2025-08-20 16:59:14
CMAX,2025-08-20 16:59:14
NIR,2025-08-20 16:59:14
TRTL-WT,2025-08-20 16:59:14
ZAPP,2025-08-20 16:59:14
CDEV,2025-08-20 16:59:14
FREY,2025-08-20 16:59:14
CNGLW,2025-08-20 16:59:14
ML,2025-08-20 16:59:14
MONCW,2025-08-20 16:59:14
RCFA,2025-08-20 16:59:14
RFACW,2025-08-20 16:59:14
WSTC,2025-08-20 16:59:14
FLME,2025-08-20 16:59:14
LYT,2025-08-20 16:59:14
DMN,2025-08-20 16:59:14
SVU,2025-08-20 16:59:14
DFS,2025-08-20 16:59:14
AFMD,2025-08-20 16:59:14
MURF,2025-08-20 16:59:14
IPOD-UN,2025-08-20 16:59:14
IMTXW,2025-08-20 16:59:14
LSEA,2025-08-20 16:59:14
SVT,2025-08-20 16:59:14
SNMX,2025-08-20 16:59:14
LGHLW,2025-08-20 16:59:14
DECAW,2025-08-20 16:59:14
JACS-UN,2025-08-20 16:59:14
PHX,2025-08-20 16:59:14
GRFX,2025-08-20 16:59:14
KACL,2025-08-20 16:59:14
SLCT,2025-08-20 16:59:14
PRBM-UN,2025-08-20 16:59:14
LGF-A,2025-08-20 16:59:14
MMP,2025-08-20 16:59:14
PBSK,2025-08-20 16:59:14
QLGC,2025-08-20 16:59:14
DMYY-UN,2025-08-20 16:59:14
USCT,2025-08-20 16:59:14
EVOP,2025-08-20 16:59:14
ROCG,2025-08-20 16:59:14
TGVCW,2025-08-20 16:59:14
IQNT,2025-08-20 16:59:14
IVCB,2025-08-20 16:59:14
ISBC,2025-08-20 16:59:14
DST,2025-08-20 16:59:14
BNIX,2025-08-20 16:59:14
ACAXW,2025-08-20 16:59:14
GLACR,2025-08-20 16:59:14
GATEW,2025-08-20 16:59:14
TSRO,2025-08-20 16:59:14
RWODR,2025-08-20 16:59:14
SPI,2025-08-20 16:59:14
KTWO,2025-08-20 16:59:14
AIFEU,2025-08-20 16:59:14
DTSI,2025-08-20 16:59:14
CLINW,2025-08-20 16:59:14
CPGX,2025-08-20 16:59:14
REPH,2025-08-20 16:59:14
BHAC,2025-08-20 16:59:14
CACB,2025-08-20 16:59:14
ATCOL,2025-08-20 16:59:14
ENDP,2025-08-20 16:59:14
RENE,2025-08-20 16:59:14
ASEI,2025-08-20 16:59:14
VSAI,2025-08-20 16:59:14
RLOG,2025-08-20 16:59:14
IXAQ,2025-08-20 16:59:14
USCTW,2025-08-20 16:59:14
RETA,2025-08-20 16:59:14
FMD,2025-08-20 16:59:14
RDUS,2025-08-20 16:59:14
LBDKV,2025-08-20 16:59:14
QTEKW,2025-08-20 16:59:14
IVCBU,2025-08-20 16:59:14
ENCPW,2025-08-20 16:59:14
WBKC,2025-08-20 16:59:14
GLSTR,2025-08-20 16:59:14
CKPT,2025-08-20 16:59:14
BWLD,2025-08-20 16:59:14
CLRC,2025-08-20 16:59:14
IXAQW,2025-08-20 16:59:14
LGF,2025-08-20 16:59:14
GSDWW,2025-08-20 16:59:14
MBRG,2025-08-20 16:59:14
BOWNU,2025-08-20 16:59:14
BSF,2025-08-20 16:59:14
NOVA,2025-08-20 16:59:14
DECA,2025-08-20 16:59:14
ASCBW,2025-08-20 16:59:14
HFFC,2025-08-20 16:59:14
CYTO,2025-08-20 16:59:14
FRSGU,2025-08-20 16:59:14
EDGW,2025-08-20 16:59:14
PEGRW,2025-08-20 16:59:14
FRONW,2025-08-20 16:59:14
AAM-UN,2025-08-20 16:59:14
LDTCW,2025-08-20 16:59:14
BNIXR,2025-08-20 16:59:14
GFED,2025-08-20 16:59:14
PTRA,2025-08-20 16:59:14
CIIGU,2025-08-20 16:59:14
ACW,2025-08-20 16:59:14
REDU,2025-08-20 16:59:14
PVAC,2025-08-20 16:59:14
RENEW,2025-08-20 16:59:14
NCNC,2025-08-20 16:59:14
RBPAA,2025-08-20 16:59:14
IXAQU,2025-08-20 16:59:14
CVC,2025-08-20 16:59:14
WFBI,2025-08-20 16:59:14
LSEAW,2025-08-20 16:59:14
KLXI,2025-08-20 16:59:14
TGAAU,2025-08-20 16:59:14
GLBKV,2025-08-20 16:59:14
ASTSW,2025-08-20 16:59:14
PRSR,2025-08-20 16:59:14
AIMAW,2025-08-20 16:59:14
EBTC,2025-08-20 16:59:14
GLBAV,2025-08-20 16:59:14
TETEU,2025-08-20 16:59:14
GLST,2025-08-20 16:59:14
LGF-B,2025-08-20 16:59:14
TLGY,2025-08-20 16:59:14
SWC,2025-08-20 16:59:14
ACTA,2025-08-20 16:59:14
EACQ,2025-08-20 16:59:14
KWE,2025-08-20 16:59:14
BWAQU,2025-08-20 16:59:14
RKUS,2025-08-20 16:59:14
ARRW,2025-08-20 16:59:14
GOLD,2025-08-20 16:59:14
AGAC-UN,2025-08-20 16:59:14
ASCAW,2025-08-20 16:59:14
COB,2025-08-20 16:59:14
RAMMW,2025-08-20 16:59:14
RTC,2025-08-20 16:59:14
APIC,2025-08-20 16:59:14
ESGR,2025-08-20 16:59:14
LBDAV,2025-08-20 16:59:14
RCACU,2025-08-20 16:59:14
SLH,2025-08-20 16:59:14
SNC,2025-08-20 16:59:14
AVHIW,2025-08-20 16:59:14
ASBB,2025-08-20 16:59:14
HORI,2025-08-20 16:59:14
GDNRW,2025-08-20 16:59:14
OTEC,2025-08-20 16:59:14
BUJAW,2025-08-20 16:59:14
PRPB,2025-08-20 16:59:14
REVH,2025-08-20 16:59:14
GMII,2025-08-20 16:59:14
PCX,2025-08-20 16:59:14
INKAW,2025-08-20 16:59:14
MURFU,2025-08-20 16:59:14
FINMU,2025-08-20 16:59:14
ESSC,2025-08-20 16:59:14
PDOT-WT,2025-08-20 16:59:14
REVHU,2025-08-20 16:59:14
VSTE,2025-08-20 16:59:14
MTBC,2025-08-20 16:59:14
JATT,2025-08-20 16:59:14
DCRNW,2025-08-20 16:59:14
DUNEU,2025-08-20 16:59:14
DCRDW,2025-08-20 16:59:14
EBAC,2025-08-20 16:59:14
LAZY,2025-08-20 16:59:14
MHGC,2025-08-20 16:59:14
SOV,2025-08-20 16:59:14
PNK,2025-08-20 16:59:14
CLII,2025-08-20 16:59:14
METR,2025-08-20 16:59:14
QFTA,2025-08-20 16:59:14
CMCAW,2025-08-20 16:59:14
SCOAW,2025-08-20 16:59:14
LGSTW,2025-08-20 16:59:14
MSSAW,2025-08-20 16:59:14
FTAA,2025-08-20 16:59:14
PGRW,2025-08-20 16:59:14
OIBR-C,2025-08-20 16:59:14
SMIH,2025-08-20 16:59:14
MACU,2025-08-20 16:59:14
LGNDV,2025-08-20 16:59:14
SFTW,2025-08-20 16:59:14
FRBN,2025-08-20 16:59:14
ACFC,2025-08-20 16:59:14
LAXXU,2025-08-20 16:59:14
DLCAW,2025-08-20 16:59:14
FRC-PI,2025-08-20 16:59:14
ENIA,2025-08-20 16:59:14
SNGXW,2025-08-20 16:59:14
SHCAU,2025-08-20 16:59:14
CALL,2025-08-20 16:59:14
SHACU,2025-08-20 16:59:14
SSAA,2025-08-20 16:59:14
UTAA,2025-08-20 16:59:14
JAQC,2025-08-20 16:59:14
PRLHU,2025-08-20 16:59:14
SMMF,2025-08-20 16:59:14
HCIIU,2025-08-20 16:59:14
MCAAW,2025-08-20 16:59:14
GATE,2025-08-20 16:59:14
WR,2025-08-20 16:59:14
MACAU,2025-08-20 16:59:14
EQD,2025-08-20 16:59:14
AHRN,2025-08-20 16:59:14
ROCRU,2025-08-20 16:59:14
MUDSU,2025-08-20 16:59:14
RAACW,2025-08-20 16:59:14
LSAQ,2025-08-20 16:59:14
ACY,2025-08-20 16:59:14
RGLS,2025-08-20 16:59:14
BYNOW,2025-08-20 16:59:14
TACA-UN,2025-08-20 16:59:14
SVAC,2025-08-20 16:59:14
ALTA,2025-08-20 16:59:14
HTAQ,2025-08-20 16:59:14
MCAFU,2025-08-20 16:59:14
TACA,2025-08-20 16:59:14
SYNT,2025-08-20 16:59:14
MSSAR,2025-08-20 16:59:14
ARIZR,2025-08-20 16:59:14
JMBA,2025-08-20 16:59:14
SCVX-UN,2025-08-20 16:59:14
SGOC,2025-08-20 16:59:14
HCNEU,2025-08-20 16:59:14
RCHGU,2025-08-20 16:59:14
RCACW,2025-08-20 16:59:14
FSPR,2025-08-20 16:59:14
VMGAW,2025-08-20 16:59:14
DCT,2025-08-20 16:59:14
LIZI,2025-08-20 16:59:14
GPAC,2025-08-20 16:59:14
VIIAW,2025-08-20 16:59:14
LFTRU,2025-08-20 16:59:14
TWND,2025-08-20 16:59:14
STET-UN,2025-08-20 16:59:14
ENH,2025-08-20 16:59:14
BUJAR,2025-08-20 16:59:14
SIEN,2025-08-20 16:59:14
VGAC,2025-08-20 16:59:14
SSU,2025-08-20 16:59:14
HCCCW,2025-08-20 16:59:14
THCAW,2025-08-20 16:59:14
CQH,2025-08-20 16:59:14
BGRY,2025-08-20 16:59:14
MKTWW,2025-08-20 16:59:14
LOTZW,2025-08-20 16:59:14
CRHC-UN,2025-08-20 16:59:14
PEI-PD,2025-08-20 16:59:14
WARR,2025-08-20 16:59:14
HSTO,2025-08-20 16:59:14
ENBL,2025-08-20 16:59:14
RVLP,2025-08-20 16:59:14
IOAC,2025-08-20 16:59:14
BHSEW,2025-08-20 16:59:14
JCS,2025-08-20 16:59:14
SMFR,2025-08-20 16:59:14
BFI,2025-08-20 16:59:14
TRHC,2025-08-20 16:59:14
SEEL,2025-08-20 16:59:14
CWBR,2025-08-20 16:59:14
NFNT-WT,2025-08-20 16:59:14
AVCTW,2025-08-20 16:59:14
ENNV,2025-08-20 16:59:14
MURAV,2025-08-20 16:59:14
GOED,2025-08-20 16:59:14
CCXI,2025-08-20 16:59:14
AMH-PE,2025-08-20 16:59:14
QTNT,2025-08-20 16:59:14
SGFY,2025-08-20 16:59:14
PKBO,2025-08-20 16:59:14
BPMP,2025-08-20 16:59:14
SPKAR,2025-08-20 16:59:14
ROCL,2025-08-20 16:59:14
PPHPW,2025-08-20 16:59:14
BOAC-UN,2025-08-20 16:59:14
AUY,2025-08-20 16:59:14
JGGCR,2025-08-20 16:59:14
NAVA,2025-08-20 16:59:14
FTRP,2025-08-20 16:59:14
ATEK-UN,2025-08-20 16:59:14
MSDAW,2025-08-20 16:59:14
ZVO,2025-08-20 16:59:14
OEG,2025-08-20 16:59:14
ANAC-UN,2025-08-20 16:59:14
HCDIP,2025-08-20 16:59:14
PEI,2025-08-20 16:59:14
BLEUR,2025-08-20 16:59:14
CVIIW,2025-08-20 16:59:14
AEH,2025-08-20 16:59:14
FEXDR,2025-08-20 16:59:14
DRTT,2025-08-20 16:59:14
CHEKZ,2025-08-20 16:59:14
FATH-WT,2025-08-20 16:59:14
RMRM,2025-08-20 16:59:14
CATC,2025-08-20 16:59:14
ALTU,2025-08-20 16:59:14
BSN-UN,2025-08-20 16:59:14
EPHYW,2025-08-20 16:59:14
CRTX,2025-08-20 16:59:14
FFFZ,2025-08-20 16:59:14
ADERU,2025-08-20 16:59:14
CRXT,2025-08-20 16:59:14
ENJYW,2025-08-20 16:59:14
PIAI-WT,2025-08-20 16:59:14
CVII-WT,2025-08-20 16:59:14
FSNB-WT,2025-08-20 16:59:14
KBNTW,2025-08-20 16:59:14
ATHX,2025-08-20 16:59:14
BCACW,2025-08-20 16:59:14
KAIR,2025-08-20 16:59:14
DCFCW,2025-08-20 16:59:14
RADI,2025-08-20 16:59:14
SAGAR,2025-08-20 16:59:14
SABRP,2025-08-20 16:59:14
FUSE-UN,2025-08-20 16:59:14
ADOCR,2025-08-20 16:59:14
IMGO,2025-08-20 16:59:14
AVCO,2025-08-20 16:59:14
PEPLW,2025-08-20 16:59:14
WTFCM,2025-08-20 16:59:14
AIBBU,2025-08-20 16:59:14
RVACU,2025-08-20 16:59:14
LEGAW,2025-08-20 16:59:14
NSS,2025-08-20 16:59:14
JVSAU,2025-08-20 16:59:14
CBO,2025-08-20 16:59:14
TLMDW,2025-08-20 16:59:14
KLAQW,2025-08-20 16:59:14
PSB-PX,2025-08-20 16:59:14
NOGNW,2025-08-20 16:59:14
DMYS-UN,2025-08-20 16:59:14
VORB,2025-08-20 16:59:14
PBAXU,2025-08-20 16:59:14
TRKAW,2025-08-20 16:59:14
WTFCP,2025-08-20 16:59:14
IEA,2025-08-20 16:59:14
LEC,2025-08-20 16:59:14
DALS,2025-08-20 16:59:14
SHIPZ,2025-08-20 16:59:14
HIL,2025-08-20 16:59:14
TIO,2025-08-20 16:59:14
HAPP,2025-08-20 16:59:14
GPP,2025-08-20 16:59:14
ANDAU,2025-08-20 16:59:14
PFSW,2025-08-20 16:59:14
BSGAR,2025-08-20 16:59:14
PCBK,2025-08-20 16:59:14
RWLK,2025-08-20 16:59:14
ELYM,2025-08-20 16:59:14
PFMT,2025-08-20 16:59:14
EUCR,2025-08-20 16:59:14
LLAP,2025-08-20 16:59:14
PWSC,2025-08-20 16:59:14
VTRU,2025-08-20 16:59:14
INBKL,2025-08-20 16:59:14
GEHCV,2025-08-20 16:59:14
ACCD,2025-08-20 16:59:14
ENFN,2025-08-20 16:59:14
AL-PA,2025-08-20 16:59:14
CO,2025-08-20 16:59:14
PACWP,2025-08-20 16:59:14
OPNT,2025-08-20 16:59:14
ALTR,2025-08-20 16:59:14
SCPL,2025-08-20 16:59:14
PWX,2025-08-20 16:59:14
FBMS,2025-08-20 16:59:14
RCFA-UN,2025-08-20 16:59:14
NUVOW,2025-08-20 16:59:14
DHR-PB,2025-08-20 16:59:14
TIG,2025-08-20 16:59:14
HCDIZ,2025-08-20 16:59:14
CLIM-WT,2025-08-20 16:59:14
YELL,2025-08-20 16:59:14
PSTX,2025-08-20 16:59:14
PCPC-WT,2025-08-20 16:59:14
ENTFU,2025-08-20 16:59:14
CITEW,2025-08-20 16:59:14
EXTO,2025-08-20 16:59:14
REVBU,2025-08-20 16:59:14
ITCI,2025-08-20 16:59:14
YY,2025-08-20 16:59:14
HLTH,2025-08-20 16:59:14
YGF,2025-08-20 16:59:14
ARCH,2025-08-20 16:59:14
IBER-WT,2025-08-20 16:59:14
SPNE,2025-08-20 16:59:14
MBINO,2025-08-20 16:59:14
ORAN,2025-08-20 16:59:14
LAAAW,2025-08-20 16:59:14
IMH,2025-08-20 16:59:14
INXB,2025-08-20 16:59:14
SONC,2025-08-20 16:59:14
GBBKW,2025-08-20 16:59:14
EQRX,2025-08-20 16:59:14
NTEC,2025-08-20 16:59:14
FRC-PL,2025-08-20 16:59:14
TYDE,2025-08-20 16:59:14
INT,2025-08-20 16:59:14
EVBS,2025-08-20 16:59:14
PEV,2025-08-20 16:59:14
BTWNW,2025-08-20 16:59:14
TMKRW,2025-08-20 16:59:14
HHGCW,2025-08-20 16:59:14
DM,2025-08-20 16:59:14
BTB,2025-08-20 16:59:14
INAQ-WT,2025-08-20 16:59:14
ATVI,2025-08-20 16:59:14
SEPA,2025-08-20 16:59:14
ONVO,2025-08-20 16:59:14
CNSL,2025-08-20 16:59:14
BC-PB,2025-08-20 16:59:14
IBTX,2025-08-20 16:59:14
PKBOW,2025-08-20 16:59:14
THCBW,2025-08-20 16:59:14
CIR,2025-08-20 16:59:14
QDRO,2025-08-20 16:59:14
OSTK,2025-08-20 16:59:14
AGR,2025-08-20 16:59:14
PDCO,2025-08-20 16:59:14
MKUL,2025-08-20 16:59:14
BACA,2025-08-20 16:59:14
GRTS,2025-08-20 16:59:14
AMYT,2025-08-20 16:59:14
MPACR,2025-08-20 16:59:14
AWH,2025-08-20 16:59:14
NS-PB,2025-08-20 16:59:14
CXAC-UN,2025-08-20 16:59:14
GATEU,2025-08-20 16:59:14
ESMT,2025-08-20 16:59:14
IMGN,2025-08-20 16:59:14
LABP,2025-08-20 16:59:14
PLTNU,2025-08-20 16:59:14
KTRA,2025-08-20 16:59:14
GHACU,2025-08-20 16:59:14
AADI,2025-08-20 16:59:14
NXU,2025-08-20 16:59:14
FACA-WT,2025-08-20 16:59:14
FFNW,2025-08-20 16:59:14
SRCL,2025-08-20 16:59:14
FNA,2025-08-20 16:59:14
FRGAP,2025-08-20 16:59:14
FANH,2025-08-20 16:59:14
PXDT,2025-08-20 16:59:14
MARX,2025-08-20 16:59:14
HLGN-WT,2025-08-20 16:59:14
CEIX,2025-08-20 16:59:14
ACII-WT,2025-08-20 16:59:14
BOKFL,2025-08-20 16:59:14
OPT,2025-08-20 16:59:14
CRHC-WT,2025-08-20 16:59:14
APO-PB,2025-08-20 16:59:14
PRVB,2025-08-20 16:59:14
FNFG,2025-08-20 16:59:14
RCHG,2025-08-20 16:59:14
DKDCW,2025-08-20 16:59:14
GEEX,2025-08-20 16:59:14
WEB,2025-08-20 16:59:14
CSBK,2025-08-20 16:59:14
CACO,2025-08-20 16:59:14
QIWI,2025-08-20 16:59:14
GPS,2025-08-20 16:59:14
JWACR,2025-08-20 16:59:14
IMPR,2025-08-20 16:59:14
USER,2025-08-20 16:59:14
LBYAV,2025-08-20 16:59:14
HPY,2025-08-20 16:59:14
AFAR,2025-08-20 16:59:14
EGLX,2025-08-20 16:59:14
GSAH-UN,2025-08-20 16:59:14
CIDM,2025-08-20 16:59:14
INST,2025-08-20 16:59:14
AVGOP,2025-08-20 16:59:14
ATY,2025-08-20 16:59:14
CLC,2025-08-20 16:59:14
GNOG,2025-08-20 16:59:14
TPGY-WT,2025-08-20 16:59:14
JTAIZ,2025-08-20 16:59:14
CIT-PB,2025-08-20 16:59:14
HTCH,2025-08-20 16:59:14
CTLT,2025-08-20 16:59:14
ACAB,2025-08-20 16:59:14
CIXX,2025-08-20 16:59:14
TDCX,2025-08-20 16:59:14
FSTX,2025-08-20 16:59:14
NURO,2025-08-20 16:59:14
CTXRW,2025-08-20 16:59:14
GRNVR,2025-08-20 16:59:14
LDR,2025-08-20 16:59:14
ARAV,2025-08-20 16:59:14
HBANO,2025-08-20 16:59:14
TMDI,2025-08-20 16:59:14
ACAQ,2025-08-20 16:59:14
RJAC-WT,2025-08-20 16:59:14
CYS,2025-08-20 16:59:14
VGR,2025-08-20 16:59:14
TWNPV,2025-08-20 16:59:14
OUST-WT,2025-08-20 16:59:14
JXJT,2025-08-20 16:59:14
SHCR,2025-08-20 16:59:14
RBCP,2025-08-20 16:59:14
RKLY-WT,2025-08-20 16:59:14
CYNO,2025-08-20 16:59:14
TWKS,2025-08-20 16:59:14
UB,2025-08-20 16:59:14
SVFD,2025-08-20 16:59:14
EMLDU,2025-08-20 16:59:14
VZA,2025-08-20 16:59:14
CPTK-WT,2025-08-20 16:59:14
CCVI-WT,2025-08-20 16:59:14
AIII,2025-08-20 16:59:14
IGACW,2025-08-20 16:59:14
BNOX,2025-08-20 16:59:14
ARII,2025-08-20 16:59:14
OSAAW,2025-08-20 16:59:14
APXIU,2025-08-20 16:59:14
TCBPW,2025-08-20 16:59:14
AEB,2025-08-20 16:59:14
ACRX,2025-08-20 16:59:14
ENOC,2025-08-20 16:59:14
VIRI,2025-08-20 16:59:14
OUST-WTA,2025-08-20 16:59:14
NOVV,2025-08-20 16:59:14
BLPH,2025-08-20 16:59:14
AVGR,2025-08-20 16:59:14
LICY,2025-08-20 16:59:14
FOUN,2025-08-20 16:59:14
CAVM,2025-08-20 16:59:14
EDR,2025-08-20 16:59:14
CHEAU,2025-08-20 16:59:14
LUXAW,2025-08-20 16:59:14
TRINL,2025-08-20 16:59:14
IFIN-UN,2025-08-20 16:59:14
VTNR,2025-08-20 16:59:14
FATBV,2025-08-20 16:59:14
AMTBB,2025-08-20 16:59:14
NAPA,2025-08-20 16:59:14
SCX,2025-08-20 16:59:14
SQNM,2025-08-20 16:59:14
MNTX,2025-08-20 16:59:14
ISEE,2025-08-20 16:59:14
GMCR,2025-08-20 16:59:14
GRCL,2025-08-20 16:59:14
NEWTL,2025-08-20 16:59:14
CGRN,2025-08-20 16:59:14
ARNC,2025-08-20 16:59:14
AIU,2025-08-20 16:59:14
CNDB-WT,2025-08-20 16:59:14
MBTCR,2025-08-20 16:59:14
HNRA,2025-08-20 16:59:14
CARA,2025-08-20 16:59:14
LIFWZ,2025-08-20 16:59:14
ARVL,2025-08-20 16:59:14
TWNI-WT,2025-08-20 16:59:14
LBYKV,2025-08-20 16:59:14
TSYS,2025-08-20 16:59:14
MTAL-WT,2025-08-20 16:59:14
MIT-WT,2025-08-20 16:59:14
COWN,2025-08-20 16:59:14
HYW,2025-08-20 16:59:14
BCAN,2025-08-20 16:59:14
VEV,2025-08-20 16:59:14
SHSP,2025-08-20 16:59:14
HORIW,2025-08-20 16:59:14
KSICW,2025-08-20 16:59:14
AKU,2025-08-20 16:59:14
EQC,2025-08-20 16:59:14
LAAC,2025-08-20 16:59:14
GIAC,2025-08-20 16:59:14
KMPH,2025-08-20 16:59:14
LIFWW,2025-08-20 16:59:14
PV-WT,2025-08-20 16:59:14
LHCG,2025-08-20 16:59:14
THCPW,2025-08-20 16:59:14
THCP,2025-08-20 16:59:14
SEDA,2025-08-20 16:59:14
QNGY,2025-08-20 16:59:14
APXTU,2025-08-20 16:59:14
TCS,2025-08-20 16:59:14
HTGM,2025-08-20 16:59:14
LCW-UN,2025-08-20 16:59:14
HYZNW,2025-08-20 16:59:14
BTRS,2025-08-20 16:59:14
RDS-B,2025-08-20 16:59:14
PITAW,2025-08-20 16:59:14
CMRAW,2025-08-20 16:59:14
CAJ,2025-08-20 16:59:14
OFG-PD,2025-08-20 16:59:14
WPCB-WT,2025-08-20 16:59:14
SILK,2025-08-20 16:59:14
STT-PD,2025-08-20 16:59:14
BROGW,2025-08-20 16:59:14
BRSH,2025-08-20 16:59:14
LEJU,2025-08-20 16:59:14
BOCN,2025-08-20 16:59:14
AY,2025-08-20 16:59:14
CTIB,2025-08-20 16:59:14
AFTR,2025-08-20 16:59:14
DS-PB,2025-08-20 16:59:14
VACC,2025-08-20 16:59:14
SLGC,2025-08-20 16:59:14
GLT,2025-08-20 16:59:14
CEO,2025-08-20 16:59:14
PRMW,2025-08-20 16:59:14
TWNK,2025-08-20 16:59:14
SZMK,2025-08-20 16:59:14
NMRX,2025-08-20 16:59:14
SJW,2025-08-20 16:59:14
ATSG,2025-08-20 16:59:14
JAN,2025-08-20 16:59:14
UNTD,2025-08-20 16:59:14
KRNL,2025-08-20 16:59:14
NARI,2025-08-20 16:59:14
CDMOP,2025-08-20 16:59:14
TPX,2025-08-20 16:59:14
SBT,2025-08-20 16:59:14
VBIV,2025-08-20 16:59:14
TLMD,2025-08-20 16:59:14
ROLLP,2025-08-20 16:59:14
PGSS-WT,2025-08-20 16:59:14
LBBBU,2025-08-20 16:59:14
BSKYW,2025-08-20 16:59:14
ANDAW,2025-08-20 16:59:14
HCARU,2025-08-20 16:59:14
DS-PD,2025-08-20 16:59:14
CSCD,2025-08-20 16:59:14
EHLDV,2025-08-20 16:59:14
OMGA,2025-08-20 16:59:14
LSXMK,2025-08-20 16:59:14
MPLN-WT,2025-08-20 16:59:14
MTSN,2025-08-20 16:59:14
MBT,2025-08-20 16:59:14
WDCVV,2025-08-20 16:59:14
ONTXW,2025-08-20 16:59:14
PCGU,2025-08-20 16:59:14
GS-PJ,2025-08-20 16:59:14
AESE,2025-08-20 16:59:14
RLJE,2025-08-20 16:59:14
FTAIO,2025-08-20 16:59:14
JCTCF,2025-08-20 16:59:14
INXBV,2025-08-20 16:59:14
SWH,2025-08-20 16:59:14
SKYAW,2025-08-20 16:59:14
BIG,2025-08-20 16:59:14
AMNB,2025-08-20 16:59:14
BENEW,2025-08-20 16:59:14
EXAR,2025-08-20 16:59:14
STET-WT,2025-08-20 16:59:14
SCAQW,2025-08-20 16:59:14
QOMOW,2025-08-20 16:59:14
BXS,2025-08-20 16:59:14
DTY,2025-08-20 16:59:14
AXLA,2025-08-20 16:59:14
TTM,2025-08-20 16:59:14
DWIN-WT,2025-08-20 16:59:14
PSTI,2025-08-20 16:59:14
DBGIW,2025-08-20 16:59:14
ROI,2025-08-20 16:59:14
RCM,2025-08-20 16:59:14
AZYO,2025-08-20 16:59:14
MKGI,2025-08-20 16:59:14
FMIVW,2025-08-20 16:59:14
NH,2025-08-20 16:59:14
APE,2025-08-20 16:59:14
AGE,2025-08-20 16:59:14
ADRA-WT,2025-08-20 16:59:14
PFDRW,2025-08-20 16:59:14
CDAQ,2025-08-20 16:59:14
CSLMU,2025-08-20 16:59:14
CFFVW,2025-08-20 16:59:14
KBAL,2025-08-20 16:59:14
TINV-WT,2025-08-20 16:59:14
ASPAW,2025-08-20 16:59:14
GBL,2025-08-20 16:59:14
KMCM,2025-08-20 16:59:14
APGN,2025-08-20 16:59:14
PBY,2025-08-20 16:59:14
MCBC,2025-08-20 16:59:14
LIFW,2025-08-20 16:59:14
QRTEA,2025-08-20 16:59:14
MTL-P,2025-08-20 16:59:14
GSEV,2025-08-20 16:59:14
TRCA-UN,2025-08-20 16:59:14
FATAV,2025-08-20 16:59:14
HEAR,2025-08-20 16:59:14
BNRE-A,2025-08-20 16:59:14
MGTA,2025-08-20 16:59:14
GROMW,2025-08-20 16:59:14
EMAN,2025-08-20 16:59:14
MJN,2025-08-20 16:59:14
VINE,2025-08-20 16:59:14
WENAW,2025-08-20 16:59:14
TANNL,2025-08-20 16:59:14
THRN,2025-08-20 16:59:14
LCA,2025-08-20 16:59:14
NRDY-WT,2025-08-20 16:59:14
PETQ,2025-08-20 16:59:14
OTECW,2025-08-20 16:59:14
REVEW,2025-08-20 16:59:14
SNREV,2025-08-20 16:59:14
NM,2025-08-20 16:59:14
JBT,2025-08-20 16:59:14
NSTD-UN,2025-08-20 16:59:14
SCLN,2025-08-20 16:59:14
AJX,2025-08-20 16:59:14
PRFT,2025-08-20 16:59:14
NFYS,2025-08-20 16:59:14
PLM,2025-08-20 16:59:14
TDW-WT,2025-08-20 16:59:14
CCLDP,2025-08-20 16:59:14
CBRGU,2025-08-20 16:59:14
VENA,2025-08-20 16:59:14
RSYS,2025-08-20 16:59:14
MBII,2025-08-20 16:59:14
PACI,2025-08-20 16:59:14
APGB-WT,2025-08-20 16:59:14
HAYN,2025-08-20 16:59:14
CPTN,2025-08-20 16:59:14
DBTX,2025-08-20 16:59:14
MSFG,2025-08-20 16:59:14
OABIV,2025-08-20 16:59:14
REGI,2025-08-20 16:59:14
CFB,2025-08-20 16:59:14
BDXB,2025-08-20 16:59:14
EZFL,2025-08-20 16:59:14
MNK,2025-08-20 16:59:14
TELL,2025-08-20 16:59:14
SAB,2025-08-20 16:59:14
AMTI,2025-08-20 16:59:14
ET-PE,2025-08-20 16:59:14
KVSC,2025-08-20 16:59:14
ALVR,2025-08-20 16:59:14
DHACU,2025-08-20 16:59:14
AAM-PB,2025-08-20 16:59:14
CKP,2025-08-20 16:59:14
ADMP,2025-08-20 16:59:14
POZN,2025-08-20 16:59:14
DS,2025-08-20 16:59:14
EMCF,2025-08-20 16:59:14
HCHC,2025-08-20 16:59:14
HHGCU,2025-08-20 16:59:14
BHTG,2025-08-20 16:59:14
ACBI,2025-08-20 16:59:14
VBLT,2025-08-20 16:59:14
AMH-PF,2025-08-20 16:59:14
GNCA,2025-08-20 16:59:14
PSPC-WT,2025-08-20 16:59:14
GEAR,2025-08-20 16:59:14
OSMT,2025-08-20 16:59:14
SNMP,2025-08-20 16:59:14
DRNA,2025-08-20 16:59:14
LMNX,2025-08-20 16:59:14
ONCT,2025-08-20 16:59:14
CERN,2025-08-20 16:59:14
BCOV,2025-08-20 16:59:14
TANNZ,2025-08-20 16:59:14
NUTR,2025-08-20 16:59:14
CYTH,2025-08-20 16:59:14
HUDAU,2025-08-20 16:59:14
CSLT,2025-08-20 16:59:14
IACVV,2025-08-20 16:59:14
DISCA,2025-08-20 16:59:14
JW-A,2025-08-20 16:59:14
AXU,2025-08-20 16:59:14
PITA,2025-08-20 16:59:14
HTBI,2025-08-20 16:59:14
OSN,2025-08-20 16:59:14
PAE,2025-08-20 16:59:14
STRY-WT,2025-08-20 16:59:14
NAYA,2025-08-20 16:59:14
QNGY-WT,2025-08-20 16:59:14
GSV,2025-08-20 16:59:14
PBFX,2025-08-20 16:59:14
SWM,2025-08-20 16:59:14
ACGN,2025-08-20 16:59:14
CNBKA,2025-08-20 16:59:14
WAVD,2025-08-20 16:59:14
IHC,2025-08-20 16:59:14
IVR-PB,2025-08-20 16:59:14
ZOM,2025-08-20 16:59:14
NTUS,2025-08-20 16:59:14
GPL,2025-08-20 16:59:14
HWCC,2025-08-20 16:59:14
NPAB,2025-08-20 16:59:14
BACA-WT,2025-08-20 16:59:14
LONE,2025-08-20 16:59:14
CRY,2025-08-20 16:59:14
RXN,2025-08-20 16:59:14
FCBP,2025-08-20 16:59:14
FLAI,2025-08-20 16:59:14
ECOL,2025-08-20 16:59:14
BOCH,2025-08-20 16:59:14
CFXA,2025-08-20 16:59:14
HTBX,2025-08-20 16:59:14
GBT,2025-08-20 16:59:14
GPX,2025-08-20 16:59:14
CELP,2025-08-20 16:59:14
DWRE,2025-08-20 16:59:14
ABMD,2025-08-20 16:59:14
BIOC,2025-08-20 16:59:14
HCP,2025-08-20 16:59:14
ANDAR,2025-08-20 16:59:14
AZRX,2025-08-20 16:59:14
MIMO,2025-08-20 16:59:14
GWB,2025-08-20 16:59:14
KRA,2025-08-20 16:59:14
KAHC-WT,2025-08-20 16:59:14
UFS,2025-08-20 16:59:14
NBEV,2025-08-20 16:59:14
MYTE,2025-08-20 16:59:14
SFUN,2025-08-20 16:59:14
VIACA,2025-08-20 16:59:14
NM-PH,2025-08-20 16:59:14
DVCR,2025-08-20 16:59:14
RIVE,2025-08-20 16:59:14
PROS,2025-08-20 16:59:14
RTLPP,2025-08-20 16:59:14
NTCO,2025-08-20 16:59:14
DPW,2025-08-20 16:59:14
BRG,2025-08-20 16:59:14
FCCY,2025-08-20 16:59:14
SQBG,2025-08-20 16:59:14
BBQ,2025-08-20 16:59:14
PMVC-WT,2025-08-20 16:59:14
AACQU,2025-08-20 16:59:14
PVG,2025-08-20 16:59:14
QK,2025-08-20 16:59:14
AGTC,2025-08-20 16:59:14
SYNL,2025-08-20 16:59:14
OMIC,2025-08-20 16:59:14
JMP,2025-08-20 16:59:14
RAAS,2025-08-20 16:59:14
CIT,2025-08-20 16:59:14
HNGR,2025-08-20 16:59:14
INFN,2025-08-20 16:59:14
JNCE,2025-08-20 16:59:14
DFFN,2025-08-20 16:59:14
SHAP,2025-08-20 16:59:14
IPVIU,2025-08-20 16:59:14
ASCAU,2025-08-20 16:59:14
VIEWW,2025-08-20 16:59:14
USCR,2025-08-20 16:59:14
ZNGA,2025-08-20 16:59:14
XBIOW,2025-08-20 16:59:14
DOMA-WT,2025-08-20 16:59:14
AAC-UN,2025-08-20 16:59:14
SGIIU,2025-08-20 16:59:14
WBK,2025-08-20 16:59:14
FBYDP,2025-08-20 16:59:14
AEHA,2025-08-20 16:59:14
NYCB-PA,2025-08-20 16:59:14
CAB,2025-08-20 16:59:14
FLDD,2025-08-20 16:59:14
ENTFW,2025-08-20 16:59:14
ILMNV,2025-08-20 16:59:14
EMLDW,2025-08-20 16:59:14
MYNA,2025-08-20 16:59:14
PFHD,2025-08-20 16:59:14
ANCX,2025-08-20 16:59:14
INDIW,2025-08-20 16:59:14
ASLEW,2025-08-20 16:59:14
CSLMW,2025-08-20 16:59:14
PFC,2025-08-20 16:59:14
GVP,2025-08-20 16:59:14
MTTR,2025-08-20 16:59:14
MCLD,2025-08-20 16:59:14
IQMD,2025-08-20 16:59:14
NYCB,2025-08-20 16:59:14
HDLS,2025-08-20 16:59:14
NRF,2025-08-20 16:59:14
NHWK,2025-08-20 16:59:14
CHK,2025-08-20 16:59:14
SCMA,2025-08-20 16:59:14
GAINM,2025-08-20 16:59:14
SBLKZ,2025-08-20 16:59:14
DMYS,2025-08-20 16:59:14
BLAC,2025-08-20 16:59:14
LMST,2025-08-20 16:59:14
BSMX,2025-08-20 16:59:14
DCPH,2025-08-20 16:59:14
LMDX,2025-08-20 16:59:14
EFSH,2025-08-20 16:59:14
WMPN,2025-08-20 16:59:14
BLEUW,2025-08-20 16:59:14
CLBTW,2025-08-20 16:59:14
OBAS,2025-08-20 16:59:14
ALPX,2025-08-20 16:59:14
DICE,2025-08-20 16:59:14
HMNF,2025-08-20 16:59:14
FOUNU,2025-08-20 16:59:14
ZNH,2025-08-20 16:59:14
FRTX,2025-08-20 16:59:14
SPHA,2025-08-20 16:59:14
STAR-PG,2025-08-20 16:59:14
SURGW,2025-08-20 16:59:14
DPSI,2025-08-20 16:59:14
QLI,2025-08-20 16:59:14
QRTEB,2025-08-20 16:59:14
STON,2025-08-20 16:59:14
VEDL,2025-08-20 16:59:14
RDBX,2025-08-20 16:59:14
RILYI,2025-08-20 16:59:14
PRB,2025-08-20 16:59:14
MCAD,2025-08-20 16:59:14
UIHC,2025-08-20 16:59:14
SPLP-PA,2025-08-20 16:59:14
AZPN,2025-08-20 16:59:14
MATR,2025-08-20 16:59:14
GLADL,2025-08-20 16:59:14
KKD,2025-08-20 16:59:14
RVNC,2025-08-20 16:59:14
ROIC,2025-08-20 16:59:14
DWCH,2025-08-20 16:59:14
LOCK,2025-08-20 16:59:14
BFRA,2025-08-20 16:59:14
LOJN,2025-08-20 16:59:14
CLAQU,2025-08-20 16:59:14
FLDM,2025-08-20 16:59:14
CVON,2025-08-20 16:59:14
ILG,2025-08-20 16:59:14
NAACW,2025-08-20 16:59:14
MYCC,2025-08-20 16:59:14
DHR-PA,2025-08-20 16:59:14
AEPPZ,2025-08-20 16:59:14
BOAS-WT,2025-08-20 16:59:14
POWRU,2025-08-20 16:59:14
INVO,2025-08-20 16:59:14
AGRIW,2025-08-20 16:59:14
AAMC,2025-08-20 16:59:14
CUTR,2025-08-20 16:59:14
COMSW,2025-08-20 16:59:14
GENE,2025-08-20 16:59:14
IMPX-WT,2025-08-20 16:59:14
BANC-PE,2025-08-20 16:59:14
BECN,2025-08-20 16:59:14
ASXC,2025-08-20 16:59:14
ALSAW,2025-08-20 16:59:14
ENG,2025-08-20 16:59:14
BRACR,2025-08-20 16:59:14
ENLC,2025-08-20 16:59:14
WISA,2025-08-20 16:59:14
SASR,2025-08-20 16:59:14
UEPS,2025-08-20 16:59:14
SIRO,2025-08-20 16:59:14
NSTB-UN,2025-08-20 16:59:14
FMBIO,2025-08-20 16:59:14
AGBAR,2025-08-20 16:59:14
PSUS,2025-08-20 16:59:14
BRSHW,2025-08-20 16:59:14
STDY,2025-08-20 16:59:14
PHGE-UN,2025-08-20 16:59:14
ICLK,2025-08-20 16:59:14
ESSCW,2025-08-20 16:59:14
INTX,2025-08-20 16:59:14
CPUH-UN,2025-08-20 16:59:14
IVCBW,2025-08-20 16:59:14
GCACW,2025-08-20 16:59:14
ATNX,2025-08-20 16:59:14
AUD,2025-08-20 16:59:14
TBNK,2025-08-20 16:59:14
RHLDV,2025-08-20 16:59:14
WMAR,2025-08-20 16:59:14
AEAXX,2025-08-20 16:59:14
CRN,2025-08-20 16:59:14
CGA,2025-08-20 16:59:14
PYCR,2025-08-20 16:59:14
RCFA-WT,2025-08-20 16:59:14
LBPS,2025-08-20 16:59:14
NCNCW,2025-08-20 16:59:14
YTEN,2025-08-20 16:59:14
SPCMU,2025-08-20 16:59:14
EPIQ,2025-08-20 16:59:14
TOROV,2025-08-20 16:59:14
BMAQU,2025-08-20 16:59:14
BLACU,2025-08-20 16:59:14
RWOD,2025-08-20 16:59:14
PAVMZ,2025-08-20 16:59:14
SPKEP,2025-08-20 16:59:14
GECCM,2025-08-20 16:59:14
EQRXW,2025-08-20 16:59:14
WIRE,2025-08-20 16:59:14
MRO,2025-08-20 16:59:14
DTRTW,2025-08-20 16:59:14
LBC,2025-08-20 16:59:14
EUCRW,2025-08-20 16:59:14
BDR,2025-08-20 16:59:14
ADEX,2025-08-20 16:59:14
EFC-PE,2025-08-20 16:59:14
CPG,2025-08-20 16:59:14
BLCM,2025-08-20 16:59:14
SCWX,2025-08-20 16:59:14
STCN,2025-08-20 16:59:14
HKIB,2025-08-20 16:59:14
MCAAU,2025-08-20 16:59:14
SSIC,2025-08-20 16:59:14
GSAQ,2025-08-20 16:59:14
EMKR,2025-08-20 16:59:14
KATE,2025-08-20 16:59:14
CPSI,2025-08-20 16:59:14
DUETW,2025-08-20 16:59:14
BMTX,2025-08-20 16:59:14
SWI,2025-08-20 16:59:14
CDAQU,2025-08-20 16:59:14
PYR,2025-08-20 16:59:14
STIXW,2025-08-20 16:59:14
PRE-PJ,2025-08-20 16:59:14
PIXY,2025-08-20 16:59:14
SLCRU,2025-08-20 16:59:14
CDMO,2025-08-20 16:59:14
OLK,2025-08-20 16:59:14
CVIIU,2025-08-20 16:59:14
FSII,2025-08-20 16:59:14
GBBK,2025-08-20 16:59:14
RJF-PA,2025-08-20 16:59:14
KS,2025-08-20 16:59:14
NSTD,2025-08-20 16:59:14
NKLA,2025-08-20 16:59:14
LEV,2025-08-20 16:59:14
MCFE,2025-08-20 16:59:14
MRNS,2025-08-20 16:59:14
SLACU,2025-08-20 16:59:14
ACHL,2025-08-20 16:59:14
GPCOU,2025-08-20 16:59:14
QRTEP,2025-08-20 16:59:14
EVBN,2025-08-20 16:59:14
DEL,2025-08-20 16:59:14
SVFAW,2025-08-20 16:59:14
SRACU,2025-08-20 16:59:14
AILEW,2025-08-20 16:59:14
CYAD,2025-08-20 16:59:14
SUM,2025-08-20 16:59:14
SHCRW,2025-08-20 16:59:14
CBD,2025-08-20 16:59:14
ANGIV,2025-08-20 16:59:14
AFINP,2025-08-20 16:59:14
PLMIW,2025-08-20 16:59:14
ICCH,2025-08-20 16:59:14
CLVT-PA,2025-08-20 16:59:14
SHACW,2025-08-20 16:59:14
RHE,2025-08-20 16:59:14
TA,2025-08-20 16:59:14
PNC-PP,2025-08-20 16:59:14
PSAG,2025-08-20 16:59:14
UNFL,2025-08-20 16:59:14
FUSN,2025-08-20 16:59:14
SMAR,2025-08-20 16:59:14
STRCW,2025-08-20 16:59:14
MN,2025-08-20 16:59:14
VTAQR,2025-08-20 16:59:14
NAV,2025-08-20 16:59:14
SNDKV,2025-08-20 16:59:14
CLIN,2025-08-20 16:59:14
BRIV,2025-08-20 16:59:14
SJIV,2025-08-20 16:59:14
OSI-WT,2025-08-20 16:59:14
TRKA,2025-08-20 16:59:14
HTLFP,2025-08-20 16:59:14
SVSVU,2025-08-20 16:59:14
MIXT,2025-08-20 16:59:14
MCAC,2025-08-20 16:59:14
CHFN,2025-08-20 16:59:14
EVE-WT,2025-08-20 16:59:14
GAPA-WT,2025-08-20 16:59:14
AITRU,2025-08-20 16:59:14
GODN,2025-08-20 16:59:14
UNAM,2025-08-20 16:59:14
SFT,2025-08-20 16:59:14
KSU-P,2025-08-20 16:59:14
PLMJU,2025-08-20 16:59:14
CCP,2025-08-20 16:59:14
NVNOW,2025-08-20 16:59:14
LATG,2025-08-20 16:59:14
TETCU,2025-08-20 16:59:14
MTP,2025-08-20 16:59:14
BOCNU,2025-08-20 16:59:14
DGNR,2025-08-20 16:59:14
NMMCW,2025-08-20 16:59:14
CBTX,2025-08-20 16:59:14
RICE-UN,2025-08-20 16:59:14
ESEAV,2025-08-20 16:59:14
TWCBU,2025-08-20 16:59:14
BIOS,2025-08-20 16:59:14
HTLF,2025-08-20 16:59:14
CNDB,2025-08-20 16:59:14
CLIM-UN,2025-08-20 16:59:14
NBSTW,2025-08-20 16:59:14
NUVO,2025-08-20 16:59:14
WPCB,2025-08-20 16:59:14
SESN,2025-08-20 16:59:14
MPACU,2025-08-20 16:59:14
APACW,2025-08-20 16:59:14
TMTC,2025-08-20 16:59:14
AIBBR,2025-08-20 16:59:14
GLAQ,2025-08-20 16:59:14
PHYT-UN,2025-08-20 16:59:14
VLDR,2025-08-20 16:59:14
NES,2025-08-20 16:59:14
CHWA,2025-08-20 16:59:14
AIMC,2025-08-20 16:59:14
BERY,2025-08-20 16:59:14
NICK,2025-08-20 16:59:14
PALT,2025-08-20 16:59:14
CST,2025-08-20 16:59:14
EFHTW,2025-08-20 16:59:14
CONN,2025-08-20 16:59:14
PTVE,2025-08-20 16:59:14
BDSI,2025-08-20 16:59:14
FISV,2025-08-20 16:59:14
VASC,2025-08-20 16:59:14
GOEVW,2025-08-20 16:59:14
BOXD,2025-08-20 16:59:14
GSMG,2025-08-20 16:59:14
CYRN,2025-08-20 16:59:14
IBA,2025-08-20 16:59:14
VCSA,2025-08-20 16:59:14
BTWNU,2025-08-20 16:59:14
FEXD,2025-08-20 16:59:14
SMLP,2025-08-20 16:59:14
SGE,2025-08-20 16:59:14
SQ,2025-08-20 16:59:14
CPTNW,2025-08-20 16:59:14
ISDR,2025-08-20 16:59:14
MKFG,2025-08-20 16:59:14
FREEW,2025-08-20 16:59:14
EVK,2025-08-20 16:59:14
OFSSI,2025-08-20 16:59:14
HIPO-WT,2025-08-20 16:59:14
GENQ,2025-08-20 16:59:14
ASLN,2025-08-20 16:59:14
NVIV,2025-08-20 16:59:14
AHI,2025-08-20 16:59:14
FSR,2025-08-20 16:59:14
SHUAW,2025-08-20 16:59:14
LBBBW,2025-08-20 16:59:14
SIFYR,2025-08-20 16:59:14
LIBYU,2025-08-20 16:59:14
RFAC,2025-08-20 16:59:14
ELVT,2025-08-20 16:59:14
SHPW-WT,2025-08-20 16:59:14
RF-PB,2025-08-20 16:59:14
SLHG,2025-08-20 16:59:14
VOXX,2025-08-20 16:59:14
JOY,2025-08-20 16:59:14
SHCAW,2025-08-20 16:59:14
MDVL,2025-08-20 16:59:14
SUNSV,2025-08-20 16:59:14
AHL-PC,2025-08-20 16:59:14
EVOJ,2025-08-20 16:59:14
ODT,2025-08-20 16:59:14
ALRN,2025-08-20 16:59:14
BRP,2025-08-20 16:59:14
ARNA,2025-08-20 16:59:14
CALT,2025-08-20 16:59:14
CDXC,2025-08-20 16:59:14
ARG,2025-08-20 16:59:14
SDC,2025-08-20 16:59:14
WETG,2025-08-20 16:59:14
BTTR,2025-08-20 16:59:14
HCVIU,2025-08-20 16:59:14
SIVB,2025-08-20 16:59:14
FNBG,2025-08-20 16:59:14
HCAR,2025-08-20 16:59:14
STAF,2025-08-20 16:59:14
BLEUU,2025-08-20 16:59:14
HCAQ,2025-08-20 16:59:14
FATPW,2025-08-20 16:59:14
EGOX,2025-08-20 16:59:14
FXCOR,2025-08-20 16:59:14
BNGOW,2025-08-20 16:59:14
ARIA,2025-08-20 16:59:14
ANAC,2025-08-20 16:59:14
JMACU,2025-08-20 16:59:14
PIAI,2025-08-20 16:59:14
CTCT,2025-08-20 16:59:14
LFC,2025-08-20 16:59:14
BHSE,2025-08-20 16:59:14
HYMCZ,2025-08-20 16:59:14
DRQ,2025-08-20 16:59:14
EXAI,2025-08-20 16:59:14
FLMNW,2025-08-20 16:59:14
CALB,2025-08-20 16:59:14
CMPI,2025-08-20 16:59:14
DYNS,2025-08-20 16:59:14
ADRT,2025-08-20 16:59:14
DTLK,2025-08-20 16:59:14
HGH,2025-08-20 16:59:14
ZPTAW,2025-08-20 16:59:14
VVI,2025-08-20 16:59:14
LGTY,2025-08-20 16:59:14
SPHAR,2025-08-20 16:59:14
SVMHW,2025-08-20 16:59:14
IBACU,2025-08-20 16:59:14
WAVS,2025-08-20 16:59:14
VMEM,2025-08-20 16:59:14
GBNH,2025-08-20 16:59:14
THCHW,2025-08-20 16:59:14
FCAX-UN,2025-08-20 16:59:14
SCHN,2025-08-20 16:59:14
HECCU,2025-08-20 16:59:14
PAYOW,2025-08-20 16:59:14
JGGCW,2025-08-20 16:59:14
GSQB-UN,2025-08-20 16:59:14
ASAI,2025-08-20 16:59:14
JOFF,2025-08-20 16:59:14
AMPI-WT,2025-08-20 16:59:14
GNE-PA,2025-08-20 16:59:14
TSP,2025-08-20 16:59:14
ZUO,2025-08-20 16:59:14
ASPCW,2025-08-20 16:59:14
PTWOU,2025-08-20 16:59:14
PPHP,2025-08-20 16:59:14
STBX,2025-08-20 16:59:14
SNCE,2025-08-20 16:59:14
ENZ,2025-08-20 16:59:14
TSIBU,2025-08-20 16:59:14
SMTS,2025-08-20 16:59:14
MEDS,2025-08-20 16:59:14
CHUY,2025-08-20 16:59:14
CLAS-WT,2025-08-20 16:59:14
SVNAU,2025-08-20 16:59:14
WEL-UN,2025-08-20 16:59:14
AMEH,2025-08-20 16:59:14
LLAP-WT,2025-08-20 16:59:14
IDEX,2025-08-20 16:59:14
SCLEW,2025-08-20 16:59:14
CINR,2025-08-20 16:59:14
SWAV,2025-08-20 16:59:14
FVAM,2025-08-20 16:59:14
FRSG,2025-08-20 16:59:14
NR,2025-08-20 16:59:14
PHCF,2025-08-20 16:59:14
SQSP,2025-08-20 16:59:14
LDHAW,2025-08-20 16:59:14
PLAOW,2025-08-20 16:59:14
FIACU,2025-08-20 16:59:14
AITR,2025-08-20 16:59:14
ELAT,2025-08-20 16:59:14
LAWS,2025-08-20 16:59:14
ATIF,2025-08-20 16:59:14
AFAC,2025-08-20 16:59:14
HZNP,2025-08-20 16:59:14
AINC,2025-08-20 16:59:14
AMAOW,2025-08-20 16:59:14
ACAHW,2025-08-20 16:59:14
SAGAU,2025-08-20 16:59:14
VIA,2025-08-20 16:59:14
ARES-PA,2025-08-20 16:59:14
ERF,2025-08-20 16:59:14
APEN,2025-08-20 16:59:14
STAR-PI,2025-08-20 16:59:14
GBRGW,2025-08-20 16:59:14
PIRS,2025-08-20 16:59:14
AAM-PA,2025-08-20 16:59:14
AXNX,2025-08-20 16:59:14
SCTL,2025-08-20 16:59:14
ICBK,2025-08-20 16:59:14
WE,2025-08-20 16:59:14
WRK,2025-08-20 16:59:14
RBNEV,2025-08-20 16:59:14
SLNA,2025-08-20 16:59:14
JWSM-UN,2025-08-20 16:59:14
GACQW,2025-08-20 16:59:14
ISUN,2025-08-20 16:59:14
AUVI,2025-08-20 16:59:14
GIWWW,2025-08-20 16:59:14
FZT-UN,2025-08-20 16:59:14
LVOXW,2025-08-20 16:59:14
DCRCU,2025-08-20 16:59:14
HAIAW,2025-08-20 16:59:14
BYU,2025-08-20 16:59:14
BREZW,2025-08-20 16:59:14
UMH-PC,2025-08-20 16:59:14
TLGYW,2025-08-20 16:59:14
TWLV,2025-08-20 16:59:14
RCRTW,2025-08-20 16:59:14
FWP,2025-08-20 16:59:14
IBLUU,2025-08-20 16:59:14
TWCBW,2025-08-20 16:59:14
VSACW,2025-08-20 16:59:14
VLD,2025-08-20 16:59:14
FHLTU,2025-08-20 16:59:14
GSQB-WT,2025-08-20 16:59:14
AHC,2025-08-20 16:59:14
SPAN,2025-08-20 16:59:14
GIA-UN,2025-08-20 16:59:14
VAPO,2025-08-20 16:59:14
GODNU,2025-08-20 16:59:14
SAG,2025-08-20 16:59:14
TNP-PF,2025-08-20 16:59:14
OCUP,2025-08-20 16:59:14
ALORW,2025-08-20 16:59:14
FACT-WT,2025-08-20 16:59:14
PGRWU,2025-08-20 16:59:14
VHAQ-UN,2025-08-20 16:59:14
WTRU,2025-08-20 16:59:14
ROIVW,2025-08-20 16:59:14
LCY,2025-08-20 16:59:14
BCSAU,2025-08-20 16:59:14
IFIN-WT,2025-08-20 16:59:14
OTRAU,2025-08-20 16:59:14
UZC,2025-08-20 16:59:14
SLAMW,2025-08-20 16:59:14
GBRGR,2025-08-20 16:59:14
IPXXU,2025-08-20 16:59:14
MRACW,2025-08-20 16:59:14
ZIONL,2025-08-20 16:59:14
DRCTW,2025-08-20 16:59:14
HIIIW,2025-08-20 16:59:14
RNER,2025-08-20 16:59:14
HRT,2025-08-20 16:59:14
CHPMW,2025-08-20 16:59:14
FTAI-PB,2025-08-20 16:59:14
BMAQW,2025-08-20 16:59:14
OCLR,2025-08-20 16:59:14
BKEPP,2025-08-20 16:59:14
ETRN,2025-08-20 16:59:14
BBG,2025-08-20 16:59:14
CPTAG,2025-08-20 16:59:14
BCSAW,2025-08-20 16:59:14
AXAC-WT,2025-08-20 16:59:14
DWACW,2025-08-20 16:59:14
IMPL,2025-08-20 16:59:14
KLAQU,2025-08-20 16:59:14
IRNT,2025-08-20 16:59:14
IVCAU,2025-08-20 16:59:14
APTO,2025-08-20 16:59:14
AIH,2025-08-20 16:59:14
ATAK,2025-08-20 16:59:14
FTAIP,2025-08-20 16:59:14
BHIL,2025-08-20 16:59:14
ADRT-UN,2025-08-20 16:59:14
BRD-WT,2025-08-20 16:59:14
RCRT,2025-08-20 16:59:14
VLON,2025-08-20 16:59:14
TWCT,2025-08-20 16:59:14
AIG-PA,2025-08-20 16:59:14
MCACR,2025-08-20 16:59:14
FRES,2025-08-20 16:59:14
ROCLW,2025-08-20 16:59:14
ROCGU,2025-08-20 16:59:14
UCBIO,2025-08-20 16:59:14
CHPMU,2025-08-20 16:59:14
MDRRP,2025-08-20 16:59:14
SHPG,2025-08-20 16:59:14
GRALV,2025-08-20 16:59:14
LFTRW,2025-08-20 16:59:14
AITRR,2025-08-20 16:59:14
TSIBW,2025-08-20 16:59:14
VYGG-WT,2025-08-20 16:59:14
TNP-PE,2025-08-20 16:59:14
NSTB-WT,2025-08-20 16:59:14
MORF,2025-08-20 16:59:14
ENV,2025-08-20 16:59:14
FSBK,2025-08-20 16:59:14
TMST,2025-08-20 16:59:14
KL,2025-08-20 16:59:14
EXN,2025-08-20 16:59:14
TFFP,2025-08-20 16:59:14
AULT,2025-08-20 16:59:14
BODY-WT,2025-08-20 16:59:14
CCMP,2025-08-20 16:59:14
COOL,2025-08-20 16:59:14
ININ,2025-08-20 16:59:14
CLAA-WT,2025-08-20 16:59:14
VZIO,2025-08-20 16:59:14
HGSH,2025-08-20 16:59:14
CDOR,2025-08-20 16:59:14
VSTO,2025-08-20 16:59:14
KRNLU,2025-08-20 16:59:14
NVSAW,2025-08-20 16:59:14
WWE,2025-08-20 16:59:14
BGNE,2025-08-20 16:59:14
WAVSU,2025-08-20 16:59:14
MINDP,2025-08-20 16:59:14
LTHM,2025-08-20 16:59:14
CPAQW,2025-08-20 16:59:14
AVACU,2025-08-20 16:59:14
GAPA-UN,2025-08-20 16:59:14
BBBY,2025-08-20 16:59:14
RAI,2025-08-20 16:59:14
HAACW,2025-08-20 16:59:14
VCKAU,2025-08-20 16:59:14
BFAC,2025-08-20 16:59:14
WBEV,2025-08-20 16:59:14
QTS-PA,2025-08-20 16:59:14
REXX,2025-08-20 16:59:14
ARYD,2025-08-20 16:59:14
ROCGW,2025-08-20 16:59:14
GHIXU,2025-08-20 16:59:14
MCLDP,2025-08-20 16:59:14
GPACW,2025-08-20 16:59:14
NOGN,2025-08-20 16:59:14
ABCD,2025-08-20 16:59:14
AAC-WT,2025-08-20 16:59:14
USAP,2025-08-20 16:59:14
KAMN,2025-08-20 16:59:14
ALLG,2025-08-20 16:59:14
GAQ-WT,2025-08-20 16:59:14
CPLG,2025-08-20 16:59:14
ASAQ-WT,2025-08-20 16:59:14
GEHI,2025-08-20 16:59:14
BKI,2025-08-20 16:59:14
ADEX-UN,2025-08-20 16:59:14
ETTX,2025-08-20 16:59:14
AMPS-WT,2025-08-20 16:59:14
CHKEZ,2025-08-20 16:59:14
APN-WT,2025-08-20 16:59:14
SGDVV,2025-08-20 16:59:14
ADGE,2025-08-20 16:59:14
LBAI,2025-08-20 16:59:14
DTSQU,2025-08-20 16:59:14
DHBC,2025-08-20 16:59:14
FZT,2025-08-20 16:59:14
FOXWW,2025-08-20 16:59:14
BELP,2025-08-20 16:59:14
PATI,2025-08-20 16:59:14
CAM,2025-08-20 16:59:14
GTH,2025-08-20 16:59:14
HHGC,2025-08-20 16:59:14
GI,2025-08-20 16:59:14
AVAN-WT,2025-08-20 16:59:14
ELNK,2025-08-20 16:59:14
HYZN,2025-08-20 16:59:14
TRAQ-WT,2025-08-20 16:59:14
GXGX,2025-08-20 16:59:14
BOWL,2025-08-20 16:59:14
COL,2025-08-20 16:59:14
SGH,2025-08-20 16:59:14
FNCB,2025-08-20 16:59:14
PF,2025-08-20 16:59:14
SCAI,2025-08-20 16:59:14
LJAQ,2025-08-20 16:59:14
SLVRW,2025-08-20 16:59:14
CTV,2025-08-20 16:59:14
RSTI,2025-08-20 16:59:14
GBBKR,2025-08-20 16:59:14
CJJD,2025-08-20 16:59:14
CSLRW,2025-08-20 16:59:14
ADEX-WT,2025-08-20 16:59:14
APOPW,2025-08-20 16:59:14
GRDIW,2025-08-20 16:59:14
EFTRW,2025-08-20 16:59:14
BLEU,2025-08-20 16:59:14
ALPAW,2025-08-20 16:59:14
TPGH-UN,2025-08-20 16:59:14
PICC-WT,2025-08-20 16:59:14
KCAC-WT,2025-08-20 16:59:14
UP-WT,2025-08-20 16:59:14
SAMA,2025-08-20 16:59:14
ARIZW,2025-08-20 16:59:14
SRSAU,2025-08-20 16:59:14
BGSX-WT,2025-08-20 16:59:14
BEST,2025-08-20 16:59:14
SPHAU,2025-08-20 16:59:14
VSAR,2025-08-20 16:59:14
ROSS,2025-08-20 16:59:14
AMCC,2025-08-20 16:59:14
WTREP,2025-08-20 16:59:14
TPVY,2025-08-20 16:59:14
FLDDU,2025-08-20 16:59:14
ACBA,2025-08-20 16:59:14
OZON,2025-08-20 16:59:14
IVTY,2025-08-20 16:59:14
SPCMW,2025-08-20 16:59:14
WFM,2025-08-20 16:59:14
CLBS,2025-08-20 16:59:14
LUCYW,2025-08-20 16:59:14
WEL-WT,2025-08-20 16:59:14
MPLN,2025-08-20 16:59:14
VTRO,2025-08-20 16:59:14
VIACP,2025-08-20 16:59:14
NSM,2025-08-20 16:59:14
LCAAW,2025-08-20 16:59:14
MOBL,2025-08-20 16:59:14
SIC,2025-08-20 16:59:14
TENK,2025-08-20 16:59:14
SCAQ,2025-08-20 16:59:14
LAXXW,2025-08-20 16:59:14
CXAC-WT,2025-08-20 16:59:14
NTP,2025-08-20 16:59:14
JMPNZ,2025-08-20 16:59:14
IPAX,2025-08-20 16:59:14
SVOK,2025-08-20 16:59:14
PORT-WT,2025-08-20 16:59:14
IRRX-WT,2025-08-20 16:59:14
ROSS-WT,2025-08-20 16:59:14
ITHX,2025-08-20 16:59:14
SCAQU,2025-08-20 16:59:14
LGTOU,2025-08-20 16:59:14
SQI,2025-08-20 16:59:14
OME,2025-08-20 16:59:14
HAACU,2025-08-20 16:59:14
PFIE,2025-08-20 16:59:14
ORIAW,2025-08-20 16:59:14
ZNTE,2025-08-20 16:59:14
GMVDW,2025-08-20 16:59:14
VENAW,2025-08-20 16:59:14
SPFR,2025-08-20 16:59:14
POND-WT,2025-08-20 16:59:14
MNTN-WT,2025-08-20 16:59:14
FRX,2025-08-20 16:59:14
WAVSW,2025-08-20 16:59:14
CPTK,2025-08-20 16:59:14
FMI,2025-08-20 16:59:14
VLTA,2025-08-20 16:59:14
GSS,2025-08-20 16:59:14
TELZ,2025-08-20 16:59:14
LSXMB,2025-08-20 16:59:14
GROV-WT,2025-08-20 16:59:14
ESND,2025-08-20 16:59:14
IL,2025-08-20 16:59:14
KRNLW,2025-08-20 16:59:14
DISA,2025-08-20 16:59:14
EMLD,2025-08-20 16:59:14
HRC,2025-08-20 16:59:14
FCS,2025-08-20 16:59:14
DILAW,2025-08-20 16:59:14
PMGM,2025-08-20 16:59:14
RCHGW,2025-08-20 16:59:14
ANCB,2025-08-20 16:59:14
PNACW,2025-08-20 16:59:14
GBOX,2025-08-20 16:59:14
RILYM,2025-08-20 16:59:14
KACLW,2025-08-20 16:59:14
TETCW,2025-08-20 16:59:14
BPY,2025-08-20 16:59:14
LCI,2025-08-20 16:59:14
ECYT,2025-08-20 16:59:14
SPECW,2025-08-20 16:59:14
ASZ-WT,2025-08-20 16:59:14
QFTA-WT,2025-08-20 16:59:14
APXIW,2025-08-20 16:59:14
CTCXW,2025-08-20 16:59:14
LGV-WT,2025-08-20 16:59:14
AMRI,2025-08-20 16:59:14
TUGCW,2025-08-20 16:59:14
SOGO,2025-08-20 16:59:14
IZTC,2025-08-20 16:59:14
LMHA,2025-08-20 16:59:14
HA,2025-08-20 16:59:14
IO,2025-08-20 16:59:14
RCLFW,2025-08-20 16:59:14
HPX-WT,2025-08-20 16:59:14
HTPA-WT,2025-08-20 16:59:14
DHCAW,2025-08-20 16:59:14
ARTLW,2025-08-20 16:59:14
MICS,2025-08-20 16:59:14
ARGUW,2025-08-20 16:59:14
ASAX,2025-08-20 16:59:14
XOXO,2025-08-20 16:59:14
ARPO,2025-08-20 16:59:14
CLAQW,2025-08-20 16:59:14
AHACU,2025-08-20 16:59:14
BNNRW,2025-08-20 16:59:14
WIBC,2025-08-20 16:59:14
FREY-WT,2025-08-20 16:59:14
ANAC-WT,2025-08-20 16:59:14
GLDC,2025-08-20 16:59:14
DGHI,2025-08-20 16:59:14
FREE,2025-08-20 16:59:14
APTX,2025-08-20 16:59:14
WENA,2025-08-20 16:59:14
RRAC-UN,2025-08-20 16:59:14
MBINP,2025-08-20 16:59:14
EFHT,2025-08-20 16:59:14
TWNKW,2025-08-20 16:59:14
CND-WT,2025-08-20 16:59:14
BRCD,2025-08-20 16:59:14
FLYA-WT,2025-08-20 16:59:14
DMTK,2025-08-20 16:59:14
EVE-UN,2025-08-20 16:59:14
SFC,2025-08-20 16:59:14
NVRO,2025-08-20 16:59:14
ALTM,2025-08-20 16:59:14
DNZ,2025-08-20 16:59:14
MEACW,2025-08-20 16:59:14
TWCTU,2025-08-20 16:59:14
TRR,2025-08-20 16:59:14
TNP,2025-08-20 16:59:14
OWLT-WT,2025-08-20 16:59:14
HIGA-WT,2025-08-20 16:59:14
MZOR,2025-08-20 16:59:14
APOP,2025-08-20 16:59:14
BLCT,2025-08-20 16:59:14
TCACW,2025-08-20 16:59:14
PTOC,2025-08-20 16:59:14
PWFL,2025-08-20 16:59:14
GRCYW,2025-08-20 16:59:14
CLAQR,2025-08-20 16:59:14
BRKHW,2025-08-20 16:59:14
INAQU,2025-08-20 16:59:14
CSTA-WT,2025-08-20 16:59:14
CFNL,2025-08-20 16:59:14
ATSPU,2025-08-20 16:59:14
GLSPT,2025-08-20 16:59:14
ATRI,2025-08-20 16:59:14
LCW-WT,2025-08-20 16:59:14
BKMU,2025-08-20 16:59:14
GIACW,2025-08-20 16:59:14
ABIO,2025-08-20 16:59:14
SYN,2025-08-20 16:59:14
CPAQ,2025-08-20 16:59:14
XCRA,2025-08-20 16:59:14
ASZ,2025-08-20 16:59:14
AKLI,2025-08-20 16:59:14
KURIU,2025-08-20 16:59:14
CSLM,2025-08-20 16:59:14
PCP,2025-08-20 16:59:14
AFCGV,2025-08-20 16:59:14
AVXS,2025-08-20 16:59:14
PNY,2025-08-20 16:59:14
AEHAW,2025-08-20 16:59:14
LAX,2025-08-20 16:59:14
EDNCW,2025-08-20 16:59:14
GXGXW,2025-08-20 16:59:14
FFIEW,2025-08-20 16:59:14
IPAXW,2025-08-20 16:59:14
REEAW,2025-08-20 16:59:14
MARXU,2025-08-20 16:59:14
XPDIU,2025-08-20 16:59:14
GSEVW,2025-08-20 16:59:14
SMIHU,2025-08-20 16:59:14
HCARW,2025-08-20 16:59:14
GWIIW,2025-08-20 16:59:14
VINCW,2025-08-20 16:59:14
SIERW,2025-08-20 16:59:14
LATGU,2025-08-20 16:59:14
SMFRW,2025-08-20 16:59:14
GLTA,2025-08-20 16:59:14
LBPSW,2025-08-20 16:59:14
EURN,2025-08-20 16:59:14
IPOD-WT,2025-08-20 16:59:14
DSKEW,2025-08-20 16:59:14
VNE,2025-08-20 16:59:14
EOCW-WT,2025-08-20 16:59:14
CIAN,2025-08-20 16:59:14
CND-UN,2025-08-20 16:59:14
GSQD,2025-08-20 16:59:14
RCA,2025-08-20 16:59:14
TSPQ-WT,2025-08-20 16:59:14
TMPMW,2025-08-20 16:59:14
QCP,2025-08-20 16:59:14
GGMCW,2025-08-20 16:59:14
MCAE,2025-08-20 16:59:14
ACABU,2025-08-20 16:59:14
IRCP,2025-08-20 16:59:14
STOR,2025-08-20 16:59:14
BGSX-UN,2025-08-20 16:59:14
SEND,2025-08-20 16:59:14
PEB-PD,2025-08-20 16:59:14
SANBW,2025-08-20 16:59:14
QELL,2025-08-20 16:59:14
CCLP,2025-08-20 16:59:14
ACF,2025-08-20 16:59:14
TBC,2025-08-20 16:59:14
GIWWU,2025-08-20 16:59:14
OSH,2025-08-20 16:59:14
AEVA-WT,2025-08-20 16:59:14
TGR-WT,2025-08-20 16:59:14
SPAQ-UN,2025-08-20 16:59:14
SCRMU,2025-08-20 16:59:14
NDAC,2025-08-20 16:59:14
SRACW,2025-08-20 16:59:14
VLTA-WT,2025-08-20 16:59:14
HPLT,2025-08-20 16:59:14
TMPOW,2025-08-20 16:59:14
VLAT,2025-08-20 16:59:14
RCLFU,2025-08-20 16:59:14
HLAHW,2025-08-20 16:59:14
BNNRU,2025-08-20 16:59:14
MNTN-UN,2025-08-20 16:59:14
ALXN,2025-08-20 16:59:14
NI-PB,2025-08-20 16:59:14
RWODU,2025-08-20 16:59:14
FMER,2025-08-20 16:59:14
CTT,2025-08-20 16:59:14
STJ,2025-08-20 16:59:14
AERI,2025-08-20 16:59:14
RPHM,2025-08-20 16:59:14
JATT-WT,2025-08-20 16:59:14
LSBG,2025-08-20 16:59:14
SNRH,2025-08-20 16:59:14
RLGY,2025-08-20 16:59:14
VCXB-UN,2025-08-20 16:59:14
ACACW,2025-08-20 16:59:14
SKYAU,2025-08-20 16:59:14
VSAC,2025-08-20 16:59:14
SEDA-UN,2025-08-20 16:59:14
ASAQ,2025-08-20 16:59:14
TUBE,2025-08-20 16:59:14
NEWR,2025-08-20 16:59:14
IQMDW,2025-08-20 16:59:14
HSAQ,2025-08-20 16:59:14
LCYAU,2025-08-20 16:59:14
FTAI-PC,2025-08-20 16:59:14
ICNC-WT,2025-08-20 16:59:14
HPX,2025-08-20 16:59:14
AKTS,2025-08-20 16:59:14
AGTI,2025-08-20 16:59:14
MCAF,2025-08-20 16:59:14
TLGYU,2025-08-20 16:59:14
XL,2025-08-20 16:59:14
CMRX,2025-08-20 16:59:14
USWSW,2025-08-20 16:59:14
THCBU,2025-08-20 16:59:14
TMAC-WT,2025-08-20 16:59:14
UZA,2025-08-20 16:59:14
BGSX,2025-08-20 16:59:14
BLUA-UN,2025-08-20 16:59:14
ML-WT,2025-08-20 16:59:14
CPE,2025-08-20 16:59:14
CLRM,2025-08-20 16:59:14
GIA-WT,2025-08-20 16:59:14
DMS-WT,2025-08-20 16:59:14
EUSGU,2025-08-20 16:59:14
BENER,2025-08-20 16:59:14
KLR-WT,2025-08-20 16:59:14
KIN,2025-08-20 16:59:14
IIII,2025-08-20 16:59:14
GTWN,2025-08-20 16:59:14
CHWAW,2025-08-20 16:59:14
BMTX-WT,2025-08-20 16:59:14
EXFO,2025-08-20 16:59:14
FEXDW,2025-08-20 16:59:14
GS-PK,2025-08-20 16:59:14
JUPW,2025-08-20 16:59:14
CIIGW,2025-08-20 16:59:14
MBTCU,2025-08-20 16:59:14
HT-PD,2025-08-20 16:59:14
GNPK-UN,2025-08-20 16:59:14
GNACU,2025-08-20 16:59:14
FTEV-UN,2025-08-20 16:59:14
EGN,2025-08-20 16:59:14
APTV-PA,2025-08-20 16:59:14
BIOSW,2025-08-20 16:59:14
KLDX,2025-08-20 16:59:14
STRE-WT,2025-08-20 16:59:14
ALACW,2025-08-20 16:59:14
EQY,2025-08-20 16:59:14
SGLB,2025-08-20 16:59:14
COBZ,2025-08-20 16:59:14
GFGDW,2025-08-20 16:59:14
PIPP-WT,2025-08-20 16:59:14
ARTEU,2025-08-20 16:59:14
PZN,2025-08-20 16:59:14
SREV,2025-08-20 16:59:14
MBVT,2025-08-20 16:59:14
ISIG,2025-08-20 16:59:14
ZME,2025-08-20 16:59:14
ICVX,2025-08-20 16:59:14
STRDW,2025-08-20 16:59:14
NCAC,2025-08-20 16:59:14
FEYE,2025-08-20 16:59:14
MNRL,2025-08-20 16:59:14
NRZ-PD,2025-08-20 16:59:14
PEARW,2025-08-20 16:59:14
SWIR,2025-08-20 16:59:14
OCSI,2025-08-20 16:59:14
MFGP,2025-08-20 16:59:14
KYCH,2025-08-20 16:59:14
SHCA,2025-08-20 16:59:14
YSAC,2025-08-20 16:59:14
CREE,2025-08-20 16:59:14
DMYS-WT,2025-08-20 16:59:14
NS-PA,2025-08-20 16:59:14
JCOM,2025-08-20 16:59:14
NGACU,2025-08-20 16:59:14
HWELW,2025-08-20 16:59:14
RJET,2025-08-20 16:59:14
CHNGU,2025-08-20 16:59:14
KLR,2025-08-20 16:59:14
MSCC,2025-08-20 16:59:14
NCR,2025-08-20 16:59:14
PACXW,2025-08-20 16:59:14
ONYX,2025-08-20 16:59:14
CVG,2025-08-20 16:59:14
GSAQU,2025-08-20 16:59:14
PRSS,2025-08-20 16:59:14
EFHTU,2025-08-20 16:59:14
GENQU,2025-08-20 16:59:14
IVAC,2025-08-20 16:59:14
HMLP,2025-08-20 16:59:14
BPYUP,2025-08-20 16:59:14
PTSI,2025-08-20 16:59:14
NEBCU,2025-08-20 16:59:14
CTCX,2025-08-20 16:59:14
ORIAU,2025-08-20 16:59:14
QUMU,2025-08-20 16:59:14
SFR,2025-08-20 16:59:14
OAS,2025-08-20 16:59:14
FAII,2025-08-20 16:59:14
GTYH,2025-08-20 16:59:14
HCCI,2025-08-20 16:59:14
GDNRU,2025-08-20 16:59:14
CTG,2025-08-20 16:59:14
RILYO,2025-08-20 16:59:14
TPTX,2025-08-20 16:59:14
GLG,2025-08-20 16:59:14
MKD,2025-08-20 16:59:14
GWAC,2025-08-20 16:59:14
GSLD,2025-08-20 16:59:14
SRNGW,2025-08-20 16:59:14
SILV,2025-08-20 16:59:14
SC,2025-08-20 16:59:14
PHIC,2025-08-20 16:59:14
ET-PC,2025-08-20 16:59:14
EXAC,2025-08-20 16:59:14
IDBA,2025-08-20 16:59:14
AMSWA,2025-08-20 16:59:14
KAII,2025-08-20 16:59:14
HHRS,2025-08-20 16:59:14
ALOG,2025-08-20 16:59:14
GOL,2025-08-20 16:59:14
FVT-UN,2025-08-20 16:59:14
CNCE,2025-08-20 16:59:14
KWAC-UN,2025-08-20 16:59:14
RXRAW,2025-08-20 16:59:14
FPAC-WT,2025-08-20 16:59:14
EDTXW,2025-08-20 16:59:14
ATML,2025-08-20 16:59:14
SBOW,2025-08-20 16:59:14
GGL,2025-08-20 16:59:14
CBAH,2025-08-20 16:59:14
RMPL-P,2025-08-20 16:59:14
DWIN,2025-08-20 16:59:14
AQNU,2025-08-20 16:59:14
OPA-UN,2025-08-20 16:59:14
AURCW,2025-08-20 16:59:14
NGMS,2025-08-20 16:59:14
AVTE,2025-08-20 16:59:14
BITE-WT,2025-08-20 16:59:14
COVAW,2025-08-20 16:59:14
SBXC,2025-08-20 16:59:14
TUP,2025-08-20 16:59:14
NVCN,2025-08-20 16:59:14
CUDA,2025-08-20 16:59:14
DLA,2025-08-20 16:59:14
ALPN,2025-08-20 16:59:14
LJPC,2025-08-20 16:59:14
DHAC,2025-08-20 16:59:14
CCAI,2025-08-20 16:59:14
CRGE,2025-08-20 16:59:14
CBRG,2025-08-20 16:59:14
LIONU,2025-08-20 16:59:14
RNERW,2025-08-20 16:59:14
LVLT,2025-08-20 16:59:14
MAXR,2025-08-20 16:59:14
FTIVU,2025-08-20 16:59:14
FIPWV,2025-08-20 16:59:14
GTACW,2025-08-20 16:59:14
MITC,2025-08-20 16:59:14
MDH-WT,2025-08-20 16:59:14
EAC,2025-08-20 16:59:14
PAQCU,2025-08-20 16:59:14
OIG,2025-08-20 16:59:14
BOWX,2025-08-20 16:59:14
AHPAW,2025-08-20 16:59:14
GBNK,2025-08-20 16:59:14
TLGA-WT,2025-08-20 16:59:14
PLYM-PA,2025-08-20 16:59:14
FRW,2025-08-20 16:59:14
STRY,2025-08-20 16:59:14
GGMCU,2025-08-20 16:59:14
SWCH,2025-08-20 16:59:14
LCW,2025-08-20 16:59:14
MDWT,2025-08-20 16:59:14
EVOJU,2025-08-20 16:59:14
TRAQ-UN,2025-08-20 16:59:14
OCAXW,2025-08-20 16:59:14
FOUNW,2025-08-20 16:59:14
GPCO,2025-08-20 16:59:14
SOAC,2025-08-20 16:59:14
ESM,2025-08-20 16:59:14
PRXL,2025-08-20 16:59:14
IGAC,2025-08-20 16:59:14
CEI,2025-08-20 16:59:14
HCAPZ,2025-08-20 16:59:14
SLCRW,2025-08-20 16:59:14
GHAC,2025-08-20 16:59:14
MTRYW,2025-08-20 16:59:14
GHACW,2025-08-20 16:59:14
POM,2025-08-20 16:59:14
LCAHW,2025-08-20 16:59:14
SNP,2025-08-20 16:59:14
MAAQ,2025-08-20 16:59:14
LOCL-WT,2025-08-20 16:59:14
PTWOW,2025-08-20 16:59:14
ICPT,2025-08-20 16:59:14
BWC,2025-08-20 16:59:14
ADF,2025-08-20 16:59:14
XPLR,2025-08-20 16:59:14
ESM-UN,2025-08-20 16:59:14
VWTR,2025-08-20 16:59:14
SHAC,2025-08-20 16:59:14
AVCT,2025-08-20 16:59:14
AUVIP,2025-08-20 16:59:14
OTLKW,2025-08-20 16:59:14
LMACW,2025-08-20 16:59:14
CYT,2025-08-20 16:59:14
VCRA,2025-08-20 16:59:14
ALIM,2025-08-20 16:59:14
PWPPW,2025-08-20 16:59:14
DMAQ,2025-08-20 16:59:14
SYKE,2025-08-20 16:59:14
CERE,2025-08-20 16:59:14
BRD-UN,2025-08-20 16:59:14
ALORU,2025-08-20 16:59:14
CTEK,2025-08-20 16:59:14
BOXD-WT,2025-08-20 16:59:14
CCTSW,2025-08-20 16:59:14
STWO,2025-08-20 16:59:14
ZGYHU,2025-08-20 16:59:14
AIW,2025-08-20 16:59:14
ROCRW,2025-08-20 16:59:14
DECAU,2025-08-20 16:59:14
AEZS,2025-08-20 16:59:14
PSPC,2025-08-20 16:59:14
STRN,2025-08-20 16:59:14
PSTH,2025-08-20 16:59:14
PLMIU,2025-08-20 16:59:14
VLATU,2025-08-20 16:59:14
AAC,2025-08-20 16:59:14
SPKE,2025-08-20 16:59:14
YSACU,2025-08-20 16:59:14
PPS,2025-08-20 16:59:14
ASCAR,2025-08-20 16:59:14
NFTG,2025-08-20 16:59:14
AMHC,2025-08-20 16:59:14
ONDR,2025-08-20 16:59:14
GVCIU,2025-08-20 16:59:14
NVSL,2025-08-20 16:59:14
SIERU,2025-08-20 16:59:14
YS,2025-08-20 16:59:14
CDAQW,2025-08-20 16:59:14
RACY,2025-08-20 16:59:14
AGGRU,2025-08-20 16:59:14
AEL,2025-08-20 16:59:14
BRLI,2025-08-20 16:59:14
SPTKU,2025-08-20 16:59:14
ACACU,2025-08-20 16:59:14
RDEN,2025-08-20 16:59:14
BACA-UN,2025-08-20 16:59:14
CHKEL,2025-08-20 16:59:14
CHAA,2025-08-20 16:59:14
RJAC,2025-08-20 16:59:14
JGGCU,2025-08-20 16:59:14
MBSC-UN,2025-08-20 16:59:14
BNIXU,2025-08-20 16:59:14
RJAC-UN,2025-08-20 16:59:14
TZPSU,2025-08-20 16:59:14
BSQR,2025-08-20 16:59:14
VOSOU,2025-08-20 16:59:14
PTHR,2025-08-20 16:59:14
MOBVU,2025-08-20 16:59:14
VBOCU,2025-08-20 16:59:14
VCVCU,2025-08-20 16:59:14
LJAQW,2025-08-20 16:59:14
PDOT-UN,2025-08-20 16:59:14
ARYE,2025-08-20 16:59:14
VTAQU,2025-08-20 16:59:14
GWIIU,2025-08-20 16:59:14
WNNR-UN,2025-08-20 16:59:14
ALOR,2025-08-20 16:59:14
TMAC,2025-08-20 16:59:14
FORG,2025-08-20 16:59:14
UCBA,2025-08-20 16:59:14
LUXA,2025-08-20 16:59:14
VII,2025-08-20 16:59:14
VMAC,2025-08-20 16:59:14
PWUPU,2025-08-20 16:59:14
PRPB-UN,2025-08-20 16:59:14
NILE,2025-08-20 16:59:14
PCXCW,2025-08-20 16:59:14
LOKB,2025-08-20 16:59:14
NCACW,2025-08-20 16:59:14
TRAQ,2025-08-20 16:59:14
SPKB,2025-08-20 16:59:14
LEAP,2025-08-20 16:59:14
FINMW,2025-08-20 16:59:14
ATC,2025-08-20 16:59:14
NUZE,2025-08-20 16:59:14
FRBNW,2025-08-20 16:59:14
SBII-UN,2025-08-20 16:59:14
MBSC,2025-08-20 16:59:14
VLATW,2025-08-20 16:59:14
IQMDU,2025-08-20 16:59:14
AHPAU,2025-08-20 16:59:14
ASAXW,2025-08-20 16:59:14
IPOF,2025-08-20 16:59:14
SYX,2025-08-20 16:59:14
SRNGU,2025-08-20 16:59:14
MTVC-WT,2025-08-20 16:59:14
KIIIW,2025-08-20 16:59:14
MACAW,2025-08-20 16:59:14
JCIC,2025-08-20 16:59:14
CNDA-UN,2025-08-20 16:59:14
SNRHU,2025-08-20 16:59:14
LITT,2025-08-20 16:59:14
HMAC,2025-08-20 16:59:14
LVRAU,2025-08-20 16:59:14
XPDBW,2025-08-20 16:59:14
ASPA,2025-08-20 16:59:14
SHAP-UN,2025-08-20 16:59:14
COLI,2025-08-20 16:59:14
KYCHW,2025-08-20 16:59:14
ENERU,2025-08-20 16:59:14
HLAH,2025-08-20 16:59:14
KOR,2025-08-20 16:59:14
NGM,2025-08-20 16:59:14
GETVV,2025-08-20 16:59:14
DWACU,2025-08-20 16:59:14
ARTE,2025-08-20 16:59:14
GFOR,2025-08-20 16:59:14
GECCN,2025-08-20 16:59:14
ANZUU,2025-08-20 16:59:14
AUS,2025-08-20 16:59:14
EJFA,2025-08-20 16:59:14
SOLO,2025-08-20 16:59:14
FOXWU,2025-08-20 16:59:14
BCTG,2025-08-20 16:59:14
ALAC,2025-08-20 16:59:14
GRCY,2025-08-20 16:59:14
DMAQR,2025-08-20 16:59:14
GXIIU,2025-08-20 16:59:14
GNAC,2025-08-20 16:59:14
FLFVU,2025-08-20 16:59:14
APGNW,2025-08-20 16:59:14
FCRZ,2025-08-20 16:59:14
AMCI,2025-08-20 16:59:14
WWACU,2025-08-20 16:59:14
LVOX,2025-08-20 16:59:14
EVGRW,2025-08-20 16:59:14
CTAQU,2025-08-20 16:59:14
NEPT,2025-08-20 16:59:14
DNA-WT,2025-08-20 16:59:14
PANA,2025-08-20 16:59:14
AMAOU,2025-08-20 16:59:14
MDNA,2025-08-20 16:59:14
MITAU,2025-08-20 16:59:14
AGIL,2025-08-20 16:59:14
PRBM,2025-08-20 16:59:14
NS,2025-08-20 16:59:14
TRIS-UN,2025-08-20 16:59:14
LHC-WT,2025-08-20 16:59:14
LGTOW,2025-08-20 16:59:14
MNDT,2025-08-20 16:59:14
WORK,2025-08-20 16:59:14
NATI,2025-08-20 16:59:14
HERAU,2025-08-20 16:59:14
FHLT,2025-08-20 16:59:14
GTAC,2025-08-20 16:59:14
RVI,2025-08-20 16:59:14
DSCI,2025-08-20 16:59:14
JOAN,2025-08-20 16:59:14
PXD,2025-08-20 16:59:14
ALKSV,2025-08-20 16:59:14
AEHAU,2025-08-20 16:59:14
CENQW,2025-08-20 16:59:14
LOCC-WT,2025-08-20 16:59:14
ZWRK,2025-08-20 16:59:14
VJET,2025-08-20 16:59:14
VCXAU,2025-08-20 16:59:14
DTOCW,2025-08-20 16:59:14
SDH,2025-08-20 16:59:14
BYN-UN,2025-08-20 16:59:14
AAU,2025-08-20 16:59:14
IS,2025-08-20 16:59:14
TLGA,2025-08-20 16:59:14
CLAS-UN,2025-08-20 16:59:14
MCAER,2025-08-20 16:59:14
SP,2025-08-20 16:59:14
DSAQ-WT,2025-08-20 16:59:14
IGZ,2025-08-20 16:59:14
VHNA,2025-08-20 16:59:14
SWT,2025-08-20 16:59:14
ADOCW,2025-08-20 16:59:14
HCCC,2025-08-20 16:59:14
RSPP,2025-08-20 16:59:14
PNNTG,2025-08-20 16:59:14
TIOA,2025-08-20 16:59:14
ZNTEU,2025-08-20 16:59:14
LLNW,2025-08-20 16:59:14
VAQC,2025-08-20 16:59:14
KNSW-WT,2025-08-20 16:59:14
GOBI,2025-08-20 16:59:14
CSTR,2025-08-20 16:59:14
FLACW,2025-08-20 16:59:14
ACAH,2025-08-20 16:59:14
AEY,2025-08-20 16:59:14
C-PJ,2025-08-20 16:59:14
TGAAW,2025-08-20 16:59:14
MMAT,2025-08-20 16:59:14
ECOM,2025-08-20 16:59:14
MSDAU,2025-08-20 16:59:14
LXK,2025-08-20 16:59:14
KMG,2025-08-20 16:59:14
FTPAW,2025-08-20 16:59:14
ALACR,2025-08-20 16:59:14
SPNV-UN,2025-08-20 16:59:14
ZY,2025-08-20 16:59:14
HZON,2025-08-20 16:59:14
GLTA-WT,2025-08-20 16:59:14
SPRT,2025-08-20 16:59:14
CTXS,2025-08-20 16:59:14
AAQC-WT,2025-08-20 16:59:14
CLNY,2025-08-20 16:59:14
GGAA,2025-08-20 16:59:14
TRIS-WT,2025-08-20 16:59:14
NSTC-WT,2025-08-20 16:59:14
PKY,2025-08-20 16:59:14
PLXP,2025-08-20 16:59:14
SMAPW,2025-08-20 16:59:14
FRXB-WT,2025-08-20 16:59:14
UPTD,2025-08-20 16:59:14
AFAQW,2025-08-20 16:59:14
CRU-UN,2025-08-20 16:59:14
ONTX,2025-08-20 16:59:14
DO,2025-08-20 16:59:14
MCF,2025-08-20 16:59:14
MACA,2025-08-20 16:59:14
FLT,2025-08-20 16:59:14
LGACU,2025-08-20 16:59:14
MANT,2025-08-20 16:59:14
CIH,2025-08-20 16:59:14
AGCB,2025-08-20 16:59:14
CONXW,2025-08-20 16:59:14
ICNC-UN,2025-08-20 16:59:14
NWLI,2025-08-20 16:59:14
COUP,2025-08-20 16:59:14
CSLMR,2025-08-20 16:59:14
BHIL-WT,2025-08-20 16:59:14
ADTH,2025-08-20 16:59:14
GLHAW,2025-08-20 16:59:14
ASCBR,2025-08-20 16:59:14
DTLA-P,2025-08-20 16:59:14
SRT,2025-08-20 16:59:14
BOJA,2025-08-20 16:59:14
TSNU,2025-08-20 16:59:14
SDACW,2025-08-20 16:59:14
XTLY,2025-08-20 16:59:14
TAST,2025-08-20 16:59:14
SAGA,2025-08-20 16:59:14
VINCU,2025-08-20 16:59:14
SLCR,2025-08-20 16:59:14
ALYA,2025-08-20 16:59:14
GFX,2025-08-20 16:59:14
VQS,2025-08-20 16:59:14
FTEV,2025-08-20 16:59:14
GGE,2025-08-20 16:59:14
FLME-WT,2025-08-20 16:59:14
TZPSW,2025-08-20 16:59:14
AFJKU,2025-08-20 16:59:14
OIIM,2025-08-20 16:59:14
CSR-PC,2025-08-20 16:59:14
CHFW-UN,2025-08-20 16:59:14
CHWAU,2025-08-20 16:59:14
EVBG,2025-08-20 16:59:14
HMACW,2025-08-20 16:59:14
NPTN,2025-08-20 16:59:14
MACQU,2025-08-20 16:59:14
FLJ,2025-08-20 16:59:14
RNLX,2025-08-20 16:59:14
HDP,2025-08-20 16:59:14
OA,2025-08-20 16:59:14
PQG,2025-08-20 16:59:14
JUGGW,2025-08-20 16:59:14
ARCKW,2025-08-20 16:59:14
CVCY,2025-08-20 16:59:14
RENEU,2025-08-20 16:59:14
RKLY,2025-08-20 16:59:14
CYBE,2025-08-20 16:59:14
SGII,2025-08-20 16:59:14
FOA-WT,2025-08-20 16:59:14
TLMR,2025-08-20 16:59:14
ESM-WT,2025-08-20 16:59:14
ARBGU,2025-08-20 16:59:14
RCLF,2025-08-20 16:59:14
ONCR,2025-08-20 16:59:14
MOSY,2025-08-20 16:59:14
CCAC,2025-08-20 16:59:14
MOR,2025-08-20 16:59:14
EQC-PD,2025-08-20 16:59:14
CLMS,2025-08-20 16:59:14
NSTC,2025-08-20 16:59:14
LCAHU,2025-08-20 16:59:14
LNDC,2025-08-20 16:59:14
BRG-PD,2025-08-20 16:59:14
ZFOXW,2025-08-20 16:59:14
WEBR,2025-08-20 16:59:14
WEL,2025-08-20 16:59:14
CFVIW,2025-08-20 16:59:14
UCBI,2025-08-20 16:59:14
UPTDU,2025-08-20 16:59:14
SSAAW,2025-08-20 16:59:14
TWNI-UN,2025-08-20 16:59:14
RESN,2025-08-20 16:59:14
DSPG,2025-08-20 16:59:14
KAIRU,2025-08-20 16:59:14
SPGS-WT,2025-08-20 16:59:14
ITHXW,2025-08-20 16:59:14
CTOS-WT,2025-08-20 16:59:14
MACUU,2025-08-20 16:59:14
PACXU,2025-08-20 16:59:14
SOI,2025-08-20 16:59:14
MDC,2025-08-20 16:59:14
DOOR,2025-08-20 16:59:14
ARCKU,2025-08-20 16:59:14
TGR,2025-08-20 16:59:14
EPHY,2025-08-20 16:59:14
ACST,2025-08-20 16:59:14
CHKEW,2025-08-20 16:59:14
ALUS,2025-08-20 16:59:14
FIXX,2025-08-20 16:59:14
SQL,2025-08-20 16:59:14
AJRD,2025-08-20 16:59:14
APSG,2025-08-20 16:59:14
MDLA,2025-08-20 16:59:14
EGGF,2025-08-20 16:59:14
BPAC,2025-08-20 16:59:14
TCDA,2025-08-20 16:59:14
BNRE,2025-08-20 16:59:14
PMCS,2025-08-20 16:59:14
PAQC,2025-08-20 16:59:14
PNACR,2025-08-20 16:59:14
BCYP,2025-08-20 16:59:14
NSH,2025-08-20 16:59:14
ENVIW,2025-08-20 16:59:14
CAHCW,2025-08-20 16:59:14
SPLK,2025-08-20 16:59:14
BRKS,2025-08-20 16:59:14
NM-PG,2025-08-20 16:59:14
ICD,2025-08-20 16:59:14
LSXMA,2025-08-20 16:59:14
ROSEW,2025-08-20 16:59:14
BSGAU,2025-08-20 16:59:14
TDA,2025-08-20 16:59:14
HNP,2025-08-20 16:59:14
IPLDP,2025-08-20 16:59:14
GLP-PA,2025-08-20 16:59:14
GHL,2025-08-20 16:59:14
GFOR-WT,2025-08-20 16:59:14
HPLTU,2025-08-20 16:59:14
GLSPW,2025-08-20 16:59:14
MIC,2025-08-20 16:59:14
SJI,2025-08-20 16:59:14
NOACW,2025-08-20 16:59:14
MCAEU,2025-08-20 16:59:14
EBACW,2025-08-20 16:59:14
GFLU,2025-08-20 16:59:14
PVTB,2025-08-20 16:59:14
CENHW,2025-08-20 16:59:14
PRSTW,2025-08-20 16:59:14
GRPH,2025-08-20 16:59:14
UBRT,2025-08-20 16:59:14
BWL-A,2025-08-20 16:59:14
ORIG,2025-08-20 16:59:14
CFV,2025-08-20 16:59:14
AXAC-RI,2025-08-20 16:59:14
CSOD,2025-08-20 16:59:14
MGOL,2025-08-20 16:59:14
APPHW,2025-08-20 16:59:14
ATCO,2025-08-20 16:59:14
PSACU,2025-08-20 16:59:14
NFYS-WT,2025-08-20 16:59:14
SECO,2025-08-20 16:59:14
PARAP,2025-08-20 16:59:14
CNHI,2025-08-20 16:59:14
BKEP,2025-08-20 16:59:14
WALDU,2025-08-20 16:59:14
ACKIT,2025-08-20 16:59:14
TRONU,2025-08-20 16:59:14
LMRK,2025-08-20 16:59:14
SCPE,2025-08-20 16:59:14
XRM,2025-08-20 16:59:14
TGAN,2025-08-20 16:59:14
VIEW,2025-08-20 16:59:14
HUGE,2025-08-20 16:59:14
CBAY,2025-08-20 16:59:14
OHPAW,2025-08-20 16:59:14
AMBC-WT,2025-08-20 16:59:14
CPARU,2025-08-20 16:59:14
THCPU,2025-08-20 16:59:14
RNWK,2025-08-20 16:59:14
LEGOU,2025-08-20 16:59:14
GSAQW,2025-08-20 16:59:14
LHDX,2025-08-20 16:59:14
NPABU,2025-08-20 16:59:14
IGNYW,2025-08-20 16:59:14
ADRA,2025-08-20 16:59:14
THACU,2025-08-20 16:59:14
CFIVW,2025-08-20 16:59:14
TEKKW,2025-08-20 16:59:14
ALJJ,2025-08-20 16:59:14
AVTA,2025-08-20 16:59:14
SVBI,2025-08-20 16:59:14
BRMK-WT,2025-08-20 16:59:14
NSTB,2025-08-20 16:59:14
SPK,2025-08-20 16:59:14
AMK,2025-08-20 16:59:14
SPLS,2025-08-20 16:59:14
WRNT,2025-08-20 16:59:14
TVPT,2025-08-20 16:59:14
SPTKW,2025-08-20 16:59:14
KNTE,2025-08-20 16:59:14
SGLBW,2025-08-20 16:59:14
TGH-PB,2025-08-20 16:59:14
BKCC,2025-08-20 16:59:14
ACRO-WT,2025-08-20 16:59:14
LMAO,2025-08-20 16:59:14
PRBM-WT,2025-08-20 16:59:14
HMA-WT,2025-08-20 16:59:14
BTNB,2025-08-20 16:59:14
NS-PC,2025-08-20 16:59:14
FOCS,2025-08-20 16:59:14
GIACU,2025-08-20 16:59:14
CLDB,2025-08-20 16:59:14
LVACW,2025-08-20 16:59:14
AYX,2025-08-20 16:59:14
EQD-UN,2025-08-20 16:59:14
DSAC,2025-08-20 16:59:14
FUV,2025-08-20 16:59:14
MIR-WT,2025-08-20 16:59:14
CNDB-UN,2025-08-20 16:59:14
OXAC,2025-08-20 16:59:14
GOODM,2025-08-20 16:59:14
KERX,2025-08-20 16:59:14
VMW,2025-08-20 16:59:14
WE-WT,2025-08-20 16:59:14
CCV,2025-08-20 16:59:14
GAQ,2025-08-20 16:59:14
EGIO,2025-08-20 16:59:14
DTEA,2025-08-20 16:59:14
ASTR,2025-08-20 16:59:14
PFHC,2025-08-20 16:59:14
STWOU,2025-08-20 16:59:14
OXUSW,2025-08-20 16:59:14
FHN-PD,2025-08-20 16:59:14
ARGU,2025-08-20 16:59:14
OREX,2025-08-20 16:59:14
ZGYHW,2025-08-20 16:59:14
ENVI,2025-08-20 16:59:14
LITTW,2025-08-20 16:59:14
SLCA,2025-08-20 16:59:14
JATT-UN,2025-08-20 16:59:14
BITE,2025-08-20 16:59:14
BCEL,2025-08-20 16:59:14
VHAQ-WT,2025-08-20 16:59:14
IIAC-UN,2025-08-20 16:59:14
UTIW,2025-08-20 16:59:14
SZZLW,2025-08-20 16:59:14
CD,2025-08-20 16:59:14
POW,2025-08-20 16:59:14
LJAQU,2025-08-20 16:59:14
ELIQ,2025-08-20 16:59:14
KSPN,2025-08-20 16:59:14
SITC-PA,2025-08-20 16:59:14
CLRMW,2025-08-20 16:59:14
CCV-WT,2025-08-20 16:59:14
SUAC-UN,2025-08-20 16:59:14
AEACW,2025-08-20 16:59:14
GRUB,2025-08-20 16:59:14
COVS,2025-08-20 16:59:14
ENFAU,2025-08-20 16:59:14
SAVAW,2025-08-20 16:59:14
CMLF,2025-08-20 16:59:14
GDP,2025-08-20 16:59:14
TMBR,2025-08-20 16:59:14
CVA,2025-08-20 16:59:14
FWBI,2025-08-20 16:59:14
FFKT,2025-08-20 16:59:14
COOLW,2025-08-20 16:59:14
GSMGW,2025-08-20 16:59:14
GLS-WT,2025-08-20 16:59:14
ENR-PA,2025-08-20 16:59:14
SDPI,2025-08-20 16:59:14
ZAIS,2025-08-20 16:59:14
CMLTU,2025-08-20 16:59:14
COVAU,2025-08-20 16:59:14
SMED,2025-08-20 16:59:14
FFIE,2025-08-20 16:59:14
CLVRW,2025-08-20 16:59:14
HTAQ-UN,2025-08-20 16:59:14
OLITU,2025-08-20 16:59:14
CHRA,2025-08-20 16:59:14
CALD,2025-08-20 16:59:14
NMK-PB,2025-08-20 16:59:14
MEOAW,2025-08-20 16:59:14
ZWRKU,2025-08-20 16:59:14
BIOTU,2025-08-20 16:59:14
VLDRW,2025-08-20 16:59:14
IACC,2025-08-20 16:59:14
KIQ,2025-08-20 16:59:14
ABR-PC,2025-08-20 16:59:14
TRCA-WT,2025-08-20 16:59:14
ABR-PB,2025-08-20 16:59:14
PNM,2025-08-20 16:59:14
PTRS,2025-08-20 16:59:14
PBTS,2025-08-20 16:59:14
SCOA,2025-08-20 16:59:14
MACQW,2025-08-20 16:59:14
FLYA-UN,2025-08-20 16:59:14
VWEWW,2025-08-20 16:59:14
HWEL,2025-08-20 16:59:14
TGH-PA,2025-08-20 16:59:14
WKSPW,2025-08-20 16:59:14
NIMC,2025-08-20 16:59:14
LOKM,2025-08-20 16:59:14
YTPG,2025-08-20 16:59:14
TARO,2025-08-20 16:59:14
GATO,2025-08-20 16:59:14
PFXNL,2025-08-20 16:59:14
NRZ-PC,2025-08-20 16:59:14
FSRD,2025-08-20 16:59:14
HUDA,2025-08-20 16:59:14
PLAOU,2025-08-20 16:59:14
ADAL,2025-08-20 16:59:14
PNRA,2025-08-20 16:59:14
GRNVW,2025-08-20 16:59:14
GBLIL,2025-08-20 16:59:14
KCGI-WT,2025-08-20 16:59:14
COLIW,2025-08-20 16:59:14
DSKE,2025-08-20 16:59:14
EPZM,2025-08-20 16:59:14
FCAC,2025-08-20 16:59:14
VERY,2025-08-20 16:59:14
TBKCP,2025-08-20 16:59:14
NYMTO,2025-08-20 16:59:14
HTA,2025-08-20 16:59:14
HX,2025-08-20 16:59:14
AIC,2025-08-20 16:59:14
LIBY,2025-08-20 16:59:14
SVA,2025-08-20 16:59:14
ADES,2025-08-20 16:59:14
GMDA,2025-08-20 16:59:14
OTMOW,2025-08-20 16:59:14
NLITW,2025-08-20 16:59:14
SLAM,2025-08-20 16:59:14
IMPV,2025-08-20 16:59:14
CRU,2025-08-20 16:59:14
SAFM,2025-08-20 16:59:14
ADOC,2025-08-20 16:59:14
STAY,2025-08-20 16:59:14
EQHA-WT,2025-08-20 16:59:14
WTRH,2025-08-20 16:59:14
MCAA,2025-08-20 16:59:14
SPNV,2025-08-20 16:59:14
CFVI,2025-08-20 16:59:14
RNERU,2025-08-20 16:59:14
LHC,2025-08-20 16:59:14
BMAQ,2025-08-20 16:59:14
FFHL,2025-08-20 16:59:14
HCICW,2025-08-20 16:59:14
MODN,2025-08-20 16:59:14
WFC-PR,2025-08-20 16:59:14
FSSIU,2025-08-20 16:59:14
BGRYW,2025-08-20 16:59:14
MCACU,2025-08-20 16:59:14
GLACU,2025-08-20 16:59:14
ATA-UN,2025-08-20 16:59:14
KDNY,2025-08-20 16:59:14
LGV,2025-08-20 16:59:14
ENNVU,2025-08-20 16:59:14
CNFRL,2025-08-20 16:59:14
SLAC-WT,2025-08-20 16:59:14
APAC,2025-08-20 16:59:14
FMAC,2025-08-20 16:59:14
EDNC,2025-08-20 16:59:14
OPALW,2025-08-20 16:59:14
ADTHW,2025-08-20 16:59:14
XPDIW,2025-08-20 16:59:14
LMACA,2025-08-20 16:59:14
SGHLW,2025-08-20 16:59:14
HERA,2025-08-20 16:59:14
IPVF-WT,2025-08-20 16:59:14
DPCSW,2025-08-20 16:59:14
MTOR,2025-08-20 16:59:14
OHPA,2025-08-20 16:59:14
MILEW,2025-08-20 16:59:14
MITA,2025-08-20 16:59:14
CPARW,2025-08-20 16:59:14
MDH,2025-08-20 16:59:14
AKICU,2025-08-20 16:59:14
LATNW,2025-08-20 16:59:14
FIAC,2025-08-20 16:59:14
BWCAW,2025-08-20 16:59:14
CDAY,2025-08-20 16:59:14
CIIG,2025-08-20 16:59:14
LFACW,2025-08-20 16:59:14
LCAPW,2025-08-20 16:59:14
DLCAU,2025-08-20 16:59:14
JYAC,2025-08-20 16:59:14
ASCA,2025-08-20 16:59:14
USCTU,2025-08-20 16:59:14
ACTDU,2025-08-20 16:59:14
ACAC,2025-08-20 16:59:14
APACU,2025-08-20 16:59:14
AGILW,2025-08-20 16:59:14
HLBZW,2025-08-20 16:59:14
BFAC-UN,2025-08-20 16:59:14
TMTSU,2025-08-20 16:59:14
KND,2025-08-20 16:59:14
AGAC,2025-08-20 16:59:14
KINZ,2025-08-20 16:59:14
CPTAL,2025-08-20 16:59:14
STAR-PD,2025-08-20 16:59:14
VGFC,2025-08-20 16:59:14
HUGS,2025-08-20 16:59:14
BMAQR,2025-08-20 16:59:14
IEAWW,2025-08-20 16:59:14
IFIN,2025-08-20 16:59:14
VVC,2025-08-20 16:59:14
APTMW,2025-08-20 16:59:14
BPYU,2025-08-20 16:59:14
FATH,2025-08-20 16:59:14
FATP,2025-08-20 16:59:14
CVII-UN,2025-08-20 16:59:14
RMGCU,2025-08-20 16:59:14
PAEWW,2025-08-20 16:59:14
REVE,2025-08-20 16:59:14
FWAA,2025-08-20 16:59:14
TCOA-UN,2025-08-20 16:59:14
ACEVW,2025-08-20 16:59:14
BCYPU,2025-08-20 16:59:14
AMPS,2025-08-20 16:59:14
OKSB,2025-08-20 16:59:14
PLMJW,2025-08-20 16:59:14
HMCOU,2025-08-20 16:59:14
SACC,2025-08-20 16:59:14
TBCPW,2025-08-20 16:59:14
ORIA,2025-08-20 16:59:14
PHIOW,2025-08-20 16:59:14
NEP,2025-08-20 16:59:14
THMAW,2025-08-20 16:59:14
MACC-WT,2025-08-20 16:59:14
PXSAP,2025-08-20 16:59:14
KAIRW,2025-08-20 16:59:14
KSI,2025-08-20 16:59:14
QADA,2025-08-20 16:59:14
PTE,2025-08-20 16:59:14
JGGC,2025-08-20 16:59:14
LIVK,2025-08-20 16:59:14
IIIIU,2025-08-20 16:59:14
IPOF-UN,2025-08-20 16:59:14
JUN-WT,2025-08-20 16:59:14
HMCO,2025-08-20 16:59:14
EUCRU,2025-08-20 16:59:14
EGGF-UN,2025-08-20 16:59:14
PRDS,2025-08-20 16:59:14
THWWW,2025-08-20 16:59:14
FNHC,2025-08-20 16:59:14
ROSE,2025-08-20 16:59:14
IPVA-UN,2025-08-20 16:59:14
ACDCW,2025-08-20 16:59:14
LGV-UN,2025-08-20 16:59:14
RBT,2025-08-20 16:59:14
PACE-UN,2025-08-20 16:59:14
FTVI,2025-08-20 16:59:14
DOMA,2025-08-20 16:59:14
SPIR-WT,2025-08-20 16:59:14
LCAAU,2025-08-20 16:59:14
ASAP,2025-08-20 16:59:14
KSMTU,2025-08-20 16:59:14
DCRN,2025-08-20 16:59:14
LVRAW,2025-08-20 16:59:14
CLAYW,2025-08-20 16:59:14
GNRT,2025-08-20 16:59:14
IFFT,2025-08-20 16:59:14
PPGHU,2025-08-20 16:59:14
SGBXV,2025-08-20 16:59:14
GACQ,2025-08-20 16:59:14
MONCU,2025-08-20 16:59:14
ISLE,2025-08-20 16:59:14
RBNC,2025-08-20 16:59:14
ANZUW,2025-08-20 16:59:14
VELOU,2025-08-20 16:59:14
CORI,2025-08-20 16:59:14
CETU,2025-08-20 16:59:14
SOVO,2025-08-20 16:59:14
NBSE,2025-08-20 16:59:14
ACBAW,2025-08-20 16:59:14
LEGA,2025-08-20 16:59:14
KERN,2025-08-20 16:59:14
AIRC,2025-08-20 16:59:14
GAQ-UN,2025-08-20 16:59:14
BRD,2025-08-20 16:59:14
BOAC,2025-08-20 16:59:14
CRZNW,2025-08-20 16:59:14
SAVE,2025-08-20 16:59:14
TCVA,2025-08-20 16:59:14
ZIONO,2025-08-20 16:59:14
NDRAW,2025-08-20 16:59:14
VIAO,2025-08-20 16:59:14
ACAHU,2025-08-20 16:59:14
TOACU,2025-08-20 16:59:14
KINZW,2025-08-20 16:59:14
ATVCW,2025-08-20 16:59:14
SVACU,2025-08-20 16:59:14
WAVC,2025-08-20 16:59:14
ARBG,2025-08-20 16:59:14
KERNW,2025-08-20 16:59:14
NCACU,2025-08-20 16:59:14
HLG,2025-08-20 16:59:14
GEEXW,2025-08-20 16:59:14
BREZ,2025-08-20 16:59:14
ISLEW,2025-08-20 16:59:14
ALSK,2025-08-20 16:59:14
CMRE-PE,2025-08-20 16:59:14
VCXA,2025-08-20 16:59:14
KA,2025-08-20 16:59:14
IPXX,2025-08-20 16:59:14
LBBB,2025-08-20 16:59:14
MIT-UN,2025-08-20 16:59:14
INPX,2025-08-20 16:59:14
DFNS,2025-08-20 16:59:14
ALTUU,2025-08-20 16:59:14
DUET,2025-08-20 16:59:14
AFAQU,2025-08-20 16:59:14
ISAA,2025-08-20 16:59:14
FRONU,2025-08-20 16:59:14
TRMR,2025-08-20 16:59:14
TVAC,2025-08-20 16:59:14
UTME,2025-08-20 16:59:14
VRAY,2025-08-20 16:59:14
ACII,2025-08-20 16:59:14
CETXW,2025-08-20 16:59:14
ZTAQW,2025-08-20 16:59:14
IPOF-WT,2025-08-20 16:59:14
GDNR,2025-08-20 16:59:14
CCF,2025-08-20 16:59:14
BPTS,2025-08-20 16:59:14
BIOL,2025-08-20 16:59:14
CBRGW,2025-08-20 16:59:14
GOAC-UN,2025-08-20 16:59:14
AGRX,2025-08-20 16:59:14
STPC,2025-08-20 16:59:14
MITAW,2025-08-20 16:59:14
LVAC,2025-08-20 16:59:14
OSI,2025-08-20 16:59:14
MTACU,2025-08-20 16:59:14
LBBBR,2025-08-20 16:59:14
APCA-UN,2025-08-20 16:59:14
CFFSW,2025-08-20 16:59:14
ROSEU,2025-08-20 16:59:14
SASI,2025-08-20 16:59:14
ZFOX,2025-08-20 16:59:14
ATAKR,2025-08-20 16:59:14
AJAX-UN,2025-08-20 16:59:14
AMAO,2025-08-20 16:59:14
IPVA-WT,2025-08-20 16:59:14
IMPX,2025-08-20 16:59:14
PACI-UN,2025-08-20 16:59:14
LIFE,2025-08-20 16:59:14
TWLVW,2025-08-20 16:59:14
PHXM,2025-08-20 16:59:14
TBCPU,2025-08-20 16:59:14
WPCB-UN,2025-08-20 16:59:14
MDGS,2025-08-20 16:59:14
PNT,2025-08-20 16:59:14
PME,2025-08-20 16:59:14
STIX,2025-08-20 16:59:14
PNACU,2025-08-20 16:59:14
MCMJW,2025-08-20 16:59:14
DYCQU,2025-08-20 16:59:14
LMRKO,2025-08-20 16:59:14
ORBC,2025-08-20 16:59:14
RILYH,2025-08-20 16:59:14
PNTM,2025-08-20 16:59:14
XFINU,2025-08-20 16:59:14
PRSRW,2025-08-20 16:59:14
MRDB,2025-08-20 16:59:14
PRPC-WT,2025-08-20 16:59:14
AVRO,2025-08-20 16:59:14
THCA,2025-08-20 16:59:14
SWN,2025-08-20 16:59:14
FCAX,2025-08-20 16:59:14
ONYXW,2025-08-20 16:59:14
PBIP,2025-08-20 16:59:14
PSXP,2025-08-20 16:59:14
GIW,2025-08-20 16:59:14
VERBW,2025-08-20 16:59:14
NGCAU,2025-08-20 16:59:14
MOXC,2025-08-20 16:59:14
AIRTW,2025-08-20 16:59:14
BEEMW,2025-08-20 16:59:14
VMGA,2025-08-20 16:59:14
LGVC,2025-08-20 16:59:14
ACQR,2025-08-20 16:59:14
MDH-UN,2025-08-20 16:59:14
ACDI,2025-08-20 16:59:14
ECOLW,2025-08-20 16:59:14
HECCW,2025-08-20 16:59:14
SHLX,2025-08-20 16:59:14
SSPKW,2025-08-20 16:59:14
SAK,2025-08-20 16:59:14
SHI,2025-08-20 16:59:14
RFACU,2025-08-20 16:59:14
LOCC,2025-08-20 16:59:14
SGIIW,2025-08-20 16:59:14
OTECU,2025-08-20 16:59:14
LGVCU,2025-08-20 16:59:14
ADMS,2025-08-20 16:59:14
HHGCR,2025-08-20 16:59:14
HOLI,2025-08-20 16:59:14
NGC-WT,2025-08-20 16:59:14
NVSAU,2025-08-20 16:59:14
WPCA,2025-08-20 16:59:14
CFFEW,2025-08-20 16:59:14
PLMJ,2025-08-20 16:59:14
HWELU,2025-08-20 16:59:14
PEPL,2025-08-20 16:59:14
RFP,2025-08-20 16:59:14
NNAG,2025-08-20 16:59:14
HCIC,2025-08-20 16:59:14
ATMR,2025-08-20 16:59:14
ALBO,2025-08-20 16:59:14
BHSEU,2025-08-20 16:59:14
PLAN,2025-08-20 16:59:14
LFTR,2025-08-20 16:59:14
IACA,2025-08-20 16:59:14
IVR-PA,2025-08-20 16:59:14
ARGUU,2025-08-20 16:59:14
NTBL,2025-08-20 16:59:14
BMAC-UN,2025-08-20 16:59:14
PHICW,2025-08-20 16:59:14
VMACU,2025-08-20 16:59:14
BSIG,2025-08-20 16:59:14
JUNO,2025-08-20 16:59:14
PMC,2025-08-20 16:59:14
MACC-UN,2025-08-20 16:59:14
ETACU,2025-08-20 16:59:14
PPGH,2025-08-20 16:59:14
MTCN,2025-08-20 16:59:14
MPRAU,2025-08-20 16:59:14
BENE,2025-08-20 16:59:14
OSG,2025-08-20 16:59:14
AGC,2025-08-20 16:59:14
AMOT,2025-08-20 16:59:14
PTWO,2025-08-20 16:59:14
NLOK,2025-08-20 16:59:14
LCAPU,2025-08-20 16:59:14
LSI,2025-08-20 16:59:14
CLAA,2025-08-20 16:59:14
FRLN,2025-08-20 16:59:14
CSRA,2025-08-20 16:59:14
AGCUU,2025-08-20 16:59:14
PEGY,2025-08-20 16:59:14
FTSI,2025-08-20 16:59:14
SNPO,2025-08-20 16:59:14
SRNG,2025-08-20 16:59:14
GNACW,2025-08-20 16:59:14
GPACU,2025-08-20 16:59:14
INAQ-UN,2025-08-20 16:59:14
VLD-WT,2025-08-20 16:59:14
SSNT,2025-08-20 16:59:14
EPAY,2025-08-20 16:59:14
AFI,2025-08-20 16:59:14
ANAT,2025-08-20 16:59:14
FVT-WT,2025-08-20 16:59:14
DRAYU,2025-08-20 16:59:14
IOACW,2025-08-20 16:59:14
SUAC-WT,2025-08-20 16:59:14
TMTS,2025-08-20 16:59:14
FTOC,2025-08-20 16:59:14
ACKIU,2025-08-20 16:59:14
ENPC-WT,2025-08-20 16:59:14
DMTX,2025-08-20 16:59:14
PGTI,2025-08-20 16:59:14
HPH,2025-08-20 16:59:14
NRBO,2025-08-20 16:59:14
PSB,2025-08-20 16:59:14
VPCBW,2025-08-20 16:59:14
MSON,2025-08-20 16:59:14
CNTQW,2025-08-20 16:59:14
DDMXW,2025-08-20 16:59:14
VENAR,2025-08-20 16:59:14
THCAU,2025-08-20 16:59:14
PHYT-WT,2025-08-20 16:59:14
LILMW,2025-08-20 16:59:14
VMCAW,2025-08-20 16:59:14
ACEV,2025-08-20 16:59:14
LL,2025-08-20 16:59:14
PACE,2025-08-20 16:59:14
KALWW,2025-08-20 16:59:14
CMO,2025-08-20 16:59:14
QTI,2025-08-20 16:59:14
HTIBP,2025-08-20 16:59:14
ACOR,2025-08-20 16:59:14
KAIIU,2025-08-20 16:59:14
AAIC-PC,2025-08-20 16:59:14
MKFG-WT,2025-08-20 16:59:14
FCAX-WT,2025-08-20 16:59:14
ZWRKW,2025-08-20 16:59:14
ZYNE,2025-08-20 16:59:14
CLOER,2025-08-20 16:59:14
CREXW,2025-08-20 16:59:14
PPD,2025-08-20 16:59:14
MYMD,2025-08-20 16:59:14
APCA-WT,2025-08-20 16:59:14
AUS-WT,2025-08-20 16:59:14
WQGA-WT,2025-08-20 16:59:14
TLGT,2025-08-20 16:59:14
SHAP-WT,2025-08-20 16:59:14
GRDI,2025-08-20 16:59:14
TCRR,2025-08-20 16:59:14
CFG-PD,2025-08-20 16:59:14
ABC,2025-08-20 16:59:14
BLI,2025-08-20 16:59:14
SBEAW,2025-08-20 16:59:14
SRSAW,2025-08-20 16:59:14
PAFO,2025-08-20 16:59:14
NNAGR,2025-08-20 16:59:14
MDJH,2025-08-20 16:59:14
LMAOW,2025-08-20 16:59:14
PMVC-UN,2025-08-20 16:59:14
IIIIW,2025-08-20 16:59:14
COOLU,2025-08-20 16:59:14
HCNEW,2025-08-20 16:59:14
GFX-UN,2025-08-20 16:59:14
GLBLW,2025-08-20 16:59:14
ATVCU,2025-08-20 16:59:14
GLSPU,2025-08-20 16:59:14
GLOG-PA,2025-08-20 16:59:14
ACTD,2025-08-20 16:59:14
AJAX,2025-08-20 16:59:14
NOVVU,2025-08-20 16:59:14
GXIIW,2025-08-20 16:59:14
MNR-PC,2025-08-20 16:59:14
BRPMU,2025-08-20 16:59:14
TRIL,2025-08-20 16:59:14
NSTC-UN,2025-08-20 16:59:14
HZON-WT,2025-08-20 16:59:14
GGPIU,2025-08-20 16:59:14
CATB,2025-08-20 16:59:14
BRLIW,2025-08-20 16:59:14
FWAC,2025-08-20 16:59:14
AONE,2025-08-20 16:59:14
CCAC-UN,2025-08-20 16:59:14
AEACU,2025-08-20 16:59:14
AIKI,2025-08-20 16:59:14
VIIAU,2025-08-20 16:59:14
CPTA,2025-08-20 16:59:14
FUSE,2025-08-20 16:59:14
SCUA-WT,2025-08-20 16:59:14
ANPC,2025-08-20 16:59:14
POWRW,2025-08-20 16:59:14
FRSGW,2025-08-20 16:59:14
ISNS,2025-08-20 16:59:14
ZOES,2025-08-20 16:59:14
UGIC,2025-08-20 16:59:14
THMA,2025-08-20 16:59:14
NBA-WT,2025-08-20 16:59:14
THCB,2025-08-20 16:59:14
EDTXU,2025-08-20 16:59:14
REV,2025-08-20 16:59:14
DNZ-WT,2025-08-20 16:59:14
ACAX,2025-08-20 16:59:14
BTAQU,2025-08-20 16:59:14
HCMA,2025-08-20 16:59:14
CLAY,2025-08-20 16:59:14
IPAXU,2025-08-20 16:59:14
BSKY,2025-08-20 16:59:14
BIOTW,2025-08-20 16:59:14
PCXCU,2025-08-20 16:59:14
ALCC,2025-08-20 16:59:14
APN,2025-08-20 16:59:14
EJFAW,2025-08-20 16:59:14
MTBL,2025-08-20 16:59:14
AMPI-UN,2025-08-20 16:59:14
ANDA,2025-08-20 16:59:14
DCP-PB,2025-08-20 16:59:14
SAII,2025-08-20 16:59:14
NEW,2025-08-20 16:59:14
WEI,2025-08-20 16:59:14
DCGOW,2025-08-20 16:59:14
AKIC,2025-08-20 16:59:14
VEDU,2025-08-20 16:59:14
MGP,2025-08-20 16:59:14
CEA,2025-08-20 16:59:14
BTCTW,2025-08-20 16:59:14
ENCP,2025-08-20 16:59:14
FLFV,2025-08-20 16:59:14
ALACU,2025-08-20 16:59:14
TCOA-WT,2025-08-20 16:59:14
TWOU,2025-08-20 16:59:14
FHS,2025-08-20 16:59:14
ANZU,2025-08-20 16:59:14
ARCE,2025-08-20 16:59:14
HMHC,2025-08-20 16:59:14
THRX,2025-08-20 16:59:14
CMIIW,2025-08-20 16:59:14
GSQD-WT,2025-08-20 16:59:14
SWET,2025-08-20 16:59:14
FICVU,2025-08-20 16:59:14
BYTSU,2025-08-20 16:59:14
AMCIW,2025-08-20 16:59:14
ENFAW,2025-08-20 16:59:14
EAST,2025-08-20 16:59:14
LMRKN,2025-08-20 16:59:14
FREQ,2025-08-20 16:59:14
ARRWU,2025-08-20 16:59:14
DSAQ-UN,2025-08-20 16:59:14
REVHW,2025-08-20 16:59:14
APGB-UN,2025-08-20 16:59:14
CFVIU,2025-08-20 16:59:14
NOVVR,2025-08-20 16:59:14
CHPM,2025-08-20 16:59:14
FTIV,2025-08-20 16:59:14
NMMCU,2025-08-20 16:59:14
DFPHW,2025-08-20 16:59:14
FIACW,2025-08-20 16:59:14
AMCIU,2025-08-20 16:59:14
ACKIW,2025-08-20 16:59:14
AKICW,2025-08-20 16:59:14
RYZB,2025-08-20 16:59:14
SAMAW,2025-08-20 16:59:14
NFNT-UN,2025-08-20 16:59:14
BAMI,2025-08-20 16:59:14
RZA,2025-08-20 16:59:14
ALPA,2025-08-20 16:59:14
BLSA,2025-08-20 16:59:14
EACPU,2025-08-20 16:59:14
BLL,2025-08-20 16:59:14
BCACU,2025-08-20 16:59:14
HW,2025-08-20 16:59:14
ASPAU,2025-08-20 16:59:14
ACRO,2025-08-20 16:59:14
BYTS,2025-08-20 16:59:14
ESSCR,2025-08-20 16:59:14
DHBCW,2025-08-20 16:59:14
SHQA,2025-08-20 16:59:14
APXTW,2025-08-20 16:59:14
PRSRU,2025-08-20 16:59:14
ENER,2025-08-20 16:59:14
ABGI,2025-08-20 16:59:14
AFTR-UN,2025-08-20 16:59:14
BCAC,2025-08-20 16:59:14
AEL-PB,2025-08-20 16:59:14
BSKYU,2025-08-20 16:59:14
AEL-PA,2025-08-20 16:59:14
CDK,2025-08-20 16:59:14
ACDI-UN,2025-08-20 16:59:14
APGB,2025-08-20 16:59:14
AAN,2025-08-20 16:59:14
LDHAU,2025-08-20 16:59:14
LOKM-UN,2025-08-20 16:59:14
STRE,2025-08-20 16:59:14
LNFA-UN,2025-08-20 16:59:14
SCUA-UN,2025-08-20 16:59:14
AVAN-UN,2025-08-20 16:59:14
NRAC,2025-08-20 16:59:14
SWETU,2025-08-20 16:59:14
CRHC,2025-08-20 16:59:14
ATA,2025-08-20 16:59:14
CNTQ,2025-08-20 16:59:14
HTPA,2025-08-20 16:59:14
NGCA,2025-08-20 16:59:14
GGGV,2025-08-20 16:59:14
FTEV-WT,2025-08-20 16:59:14
PSPC-UN,2025-08-20 16:59:14
SKGRW,2025-08-20 16:59:14
BWCAU,2025-08-20 16:59:14
ACAXU,2025-08-20 16:59:14
GLHAU,2025-08-20 16:59:14
TLC,2025-08-20 16:59:14
GGMC,2025-08-20 16:59:14
TMPM,2025-08-20 16:59:14
FMAC-UN,2025-08-20 16:59:14
PRPC,2025-08-20 16:59:14
GMFIU,2025-08-20 16:59:14
OACB-UN,2025-08-20 16:59:14
QOMOR,2025-08-20 16:59:14
CORS-UN,2025-08-20 16:59:14
NOACU,2025-08-20 16:59:14
GFOR-UN,2025-08-20 16:59:14
RAM,2025-08-20 16:59:14
IGNY,2025-08-20 16:59:14
AQU,2025-08-20 16:59:14
GGAAW,2025-08-20 16:59:14
IGACU,2025-08-20 16:59:14
CREC,2025-08-20 16:59:14
POND,2025-08-20 16:59:14
FXCO,2025-08-20 16:59:14
PFDR,2025-08-20 16:59:14
FRON,2025-08-20 16:59:14
ADERW,2025-08-20 16:59:14
DTOCU,2025-08-20 16:59:14
CND,2025-08-20 16:59:14
LNFA,2025-08-20 16:59:14
FTCV,2025-08-20 16:59:14
HIGA-UN,2025-08-20 16:59:14
FVIV-UN,2025-08-20 16:59:14
CMIIU,2025-08-20 16:59:14
CFIVU,2025-08-20 16:59:14
KSICU,2025-08-20 16:59:14
KVSB,2025-08-20 16:59:14
GWGH,2025-08-20 16:59:14
XFINW,2025-08-20 16:59:14
CFIV,2025-08-20 16:59:14
VPCBU,2025-08-20 16:59:14
GAPA,2025-08-20 16:59:14
LIVB,2025-08-20 16:59:14
PACX,2025-08-20 16:59:14
GLEEU,2025-08-20 16:59:14
GVCIW,2025-08-20 16:59:14
MURFW,2025-08-20 16:59:14
SANB,2025-08-20 16:59:14
RACYU,2025-08-20 16:59:14
HPX-UN,2025-08-20 16:59:14
LOKM-WT,2025-08-20 16:59:14
NAACU,2025-08-20 16:59:14
MIT,2025-08-20 16:59:14
MSSAU,2025-08-20 16:59:14
PTICU,2025-08-20 16:59:14
NGAC,2025-08-20 16:59:14
OVTI,2025-08-20 16:59:14
PTOCU,2025-08-20 16:59:14
GGAAU,2025-08-20 16:59:14
OCA-UN,2025-08-20 16:59:14
MOBV,2025-08-20 16:59:14
OTRA,2025-08-20 16:59:14
MPACW,2025-08-20 16:59:14
LGVCW,2025-08-20 16:59:14
LAYN,2025-08-20 16:59:14
GIIX,2025-08-20 16:59:14
GGPI,2025-08-20 16:59:14
KCAC-UN,2025-08-20 16:59:14
NNAGU,2025-08-20 16:59:14
KCGI-UN,2025-08-20 16:59:14
OYST,2025-08-20 16:59:14
FTCVU,2025-08-20 16:59:14
RMGC,2025-08-20 16:59:14
OLIT,2025-08-20 16:59:14
FVIV-WT,2025-08-20 16:59:14
INAQ,2025-08-20 16:59:14
SVFB,2025-08-20 16:59:14
ETAC,2025-08-20 16:59:14
JWAC,2025-08-20 16:59:14
EQHA,2025-08-20 16:59:14
EPWR,2025-08-20 16:59:14
SRRA,2025-08-20 16:59:14
IGNYU,2025-08-20 16:59:14
STRE-UN,2025-08-20 16:59:14
DSACU,2025-08-20 16:59:14
IBER,2025-08-20 16:59:14
PTR,2025-08-20 16:59:14
OHPAU,2025-08-20 16:59:14
APSG-UN,2025-08-20 16:59:14
HOL,2025-08-20 16:59:14
PTICW,2025-08-20 16:59:14
MCAFR,2025-08-20 16:59:14
TGVC,2025-08-20 16:59:14
GHIX,2025-08-20 16:59:14
MSACW,2025-08-20 16:59:14
NUBI,2025-08-20 16:59:14
DFPHU,2025-08-20 16:59:14
BCSA,2025-08-20 16:59:14
DCRDU,2025-08-20 16:59:14
CLAYU,2025-08-20 16:59:14
HIGA,2025-08-20 16:59:14
JUN-UN,2025-08-20 16:59:14
OHAA,2025-08-20 16:59:14
RACYW,2025-08-20 16:59:14
APMI,2025-08-20 16:59:14
PUYI,2025-08-20 16:59:14
PNAC,2025-08-20 16:59:14
GMBTU,2025-08-20 16:59:14
SNRHW,2025-08-20 16:59:14
BREZR,2025-08-20 16:59:14
NAAC,2025-08-20 16:59:14
HMACU,2025-08-20 16:59:14
LIVKU,2025-08-20 16:59:14
LSPR,2025-08-20 16:59:14
GXGXU,2025-08-20 16:59:14
BRPM,2025-08-20 16:59:14
AVHIU,2025-08-20 16:59:14
ITAC,2025-08-20 16:59:14
SJIJ,2025-08-20 16:59:14
PAICU,2025-08-20 16:59:14
PPYAU,2025-08-20 16:59:14
INKAU,2025-08-20 16:59:14
FATPU,2025-08-20 16:59:14
MSDA,2025-08-20 16:59:14
JMAC,2025-08-20 16:59:14
MRAC,2025-08-20 16:59:14
OXUSU,2025-08-20 16:59:14
HZAC,2025-08-20 16:59:14
DKDCU,2025-08-20 16:59:14
BOBE,2025-08-20 16:59:14
DCRBU,2025-08-20 16:59:14
SIER,2025-08-20 16:59:14
SVOKW,2025-08-20 16:59:14
SLAC,2025-08-20 16:59:14
SVNA,2025-08-20 16:59:14
SEV,2025-08-20 16:59:14
FTPAU,2025-08-20 16:59:14
DGNS,2025-08-20 16:59:14
FRXB,2025-08-20 16:59:14
DKDCA,2025-08-20 16:59:14
SSAAU,2025-08-20 16:59:14
SRAC,2025-08-20 16:59:14
SCRMW,2025-08-20 16:59:14
PWUPW,2025-08-20 16:59:14
DTRTU,2025-08-20 16:59:14
GPCOR,2025-08-20 16:59:14
CRZN,2025-08-20 16:59:14
FSRX,2025-08-20 16:59:14
TSPQ-UN,2025-08-20 16:59:14
VTIQU,2025-08-20 16:59:14
GRCYU,2025-08-20 16:59:14
OEPWU,2025-08-20 16:59:14
XPOA-UN,2025-08-20 16:59:14
VCXB,2025-08-20 16:59:14
XPAX,2025-08-20 16:59:14
VCKA,2025-08-20 16:59:14
WNNR,2025-08-20 16:59:14
XPDBU,2025-08-20 16:59:14
BWAC,2025-08-20 16:59:14
BWAQ,2025-08-20 16:59:14
VTAQ,2025-08-20 16:59:14
ARTEW,2025-08-20 16:59:14
PHICU,2025-08-20 16:59:14
TMKRU,2025-08-20 16:59:14
VCKAW,2025-08-20 16:59:14
FORE,2025-08-20 16:59:14
VENAU,2025-08-20 16:59:14
FCRW,2025-08-20 16:59:14
DPCS,2025-08-20 16:59:14
CLIM,2025-08-20 16:59:14
THAC,2025-08-20 16:59:14
WPF,2025-08-20 16:59:14
OACB,2025-08-20 16:59:14
UTAAU,2025-08-20 16:59:14
CRSA,2025-08-20 16:59:14
RTPY,2025-08-20 16:59:14
AFARW,2025-08-20 16:59:14
DUNE,2025-08-20 16:59:14
CLINU,2025-08-20 16:59:14
AYLA,2025-08-20 16:59:14
AGBA,2025-08-20 16:59:14
BTAQ,2025-08-20 16:59:14
ZINGW,2025-08-20 16:59:14
RTP,2025-08-20 16:59:14
ZINGU,2025-08-20 16:59:14
ROSS-UN,2025-08-20 16:59:14
SV,2025-08-20 16:59:14
ATEK-WT,2025-08-20 16:59:14
YAC,2025-08-20 16:59:14
TCTM,2025-08-20 16:59:14
ATCX,2025-08-20 16:59:14
GLEE,2025-08-20 16:59:14
GIIXU,2025-08-20 16:59:14
AFACW,2025-08-20 16:59:14
PCPC-UN,2025-08-20 16:59:14
SWBK,2025-08-20 16:59:14
LQR,2025-08-20 16:59:14
IPVIW,2025-08-20 16:59:14
PCPC,2025-08-20 16:59:14
VYGG-UN,2025-08-20 16:59:14
ALPS,2025-08-20 16:59:14
DTOC,2025-08-20 16:59:14
EBIX,2025-08-20 16:59:14
KNBE,2025-08-20 16:59:14
SCOAU,2025-08-20 16:59:14
BRG-PC,2025-08-20 16:59:14
CCAIW,2025-08-20 16:59:14
ECCB,2025-08-20 16:59:14
FTAAW,2025-08-20 16:59:14
WSCI,2025-08-20 16:59:14
TRTL-UN,2025-08-20 16:59:14
FLME-UN,2025-08-20 16:59:14
WEJOW,2025-08-20 16:59:14
DTRT,2025-08-20 16:59:14
ATAKW,2025-08-20 16:59:14
TMKR,2025-08-20 16:59:14
TETEW,2025-08-20 16:59:14
KCGI,2025-08-20 16:59:14
PPHPU,2025-08-20 16:59:14
VACQ,2025-08-20 16:59:14
PLMI,2025-08-20 16:59:14
SBBA,2025-08-20 16:59:14
VTAQW,2025-08-20 16:59:14
HOLUU,2025-08-20 16:59:14
EQHA-UN,2025-08-20 16:59:14
SBII,2025-08-20 16:59:14
SVFA,2025-08-20 16:59:14
VELO,2025-08-20 16:59:14
MRLN,2025-08-20 16:59:14
LGST,2025-08-20 16:59:14
NRZ-PB,2025-08-20 16:59:14
SAI,2025-08-20 16:59:14
FSRXU,2025-08-20 16:59:14
KURIW,2025-08-20 16:59:14
TIOAW,2025-08-20 16:59:14
NOVVW,2025-08-20 16:59:14
BNNR,2025-08-20 16:59:14
IVCP,2025-08-20 16:59:14
AMRB,2025-08-20 16:59:14
NGC,2025-08-20 16:59:14
FVIV,2025-08-20 16:59:14
MITL,2025-08-20 16:59:14
ATH,2025-08-20 16:59:14
GRIL,2025-08-20 16:59:14
ATAX,2025-08-20 16:59:14
TWND-UN,2025-08-20 16:59:14
NETE,2025-08-20 16:59:14
TGR-UN,2025-08-20 16:59:14
TMPMU,2025-08-20 16:59:14
ARIZ,2025-08-20 16:59:14
ATAKU,2025-08-20 16:59:14
CLAQ,2025-08-20 16:59:14
BENEU,2025-08-20 16:59:14
ALP-PQ,2025-08-20 16:59:14
VCXAW,2025-08-20 16:59:14
CLRMU,2025-08-20 16:59:14
PEPLU,2025-08-20 16:59:14
TEDU,2025-08-20 16:59:14
DDMX,2025-08-20 16:59:14
TEKK,2025-08-20 16:59:14
GMBT,2025-08-20 16:59:14
ZLS,2025-08-20 16:59:14
HIII,2025-08-20 16:59:14
CLRCU,2025-08-20 16:59:14
WQGA,2025-08-20 16:59:14
ACABW,2025-08-20 16:59:14
JWSM,2025-08-20 16:59:14
KYCHU,2025-08-20 16:59:14
ITACU,2025-08-20 16:59:14
APCA,2025-08-20 16:59:14
DUETU,2025-08-20 16:59:14
VSACU,2025-08-20 16:59:14
GTACU,2025-08-20 16:59:14
ONYXU,2025-08-20 16:59:14
TMAC-UN,2025-08-20 16:59:14
ALTUW,2025-08-20 16:59:14
HCNE,2025-08-20 16:59:14
NGC-UN,2025-08-20 16:59:14
DBRT,2025-08-20 16:59:14
BTWN,2025-08-20 16:59:14
BOCNW,2025-08-20 16:59:14
AURCU,2025-08-20 16:59:14
AURC,2025-08-20 16:59:14
DMYI,2025-08-20 16:59:14
DGNU,2025-08-20 16:59:14
FRBNU,2025-08-20 16:59:14
QOMOU,2025-08-20 16:59:14
KYCHR,2025-08-20 16:59:14
NVEI,2025-08-20 16:59:14
FDUSG,2025-08-20 16:59:14
ABAX,2025-08-20 16:59:14
IVCPW,2025-08-20 16:59:14
RADA,2025-08-20 16:59:14
BBL,2025-08-20 16:59:14
POL,2025-08-20 16:59:14
JRJC,2025-08-20 16:59:14
GGGVR,2025-08-20 16:59:14
CNXA,2025-08-20 16:59:14
GRND-WT,2025-08-20 16:59:14
NRACW,2025-08-20 16:59:14
APTM,2025-08-20 16:59:14
NYMX,2025-08-20 16:59:14
TWND-WT,2025-08-20 16:59:14
PBC,2025-08-20 16:59:14
SAITW,2025-08-20 16:59:14
ZGYHR,2025-08-20 16:59:14
SIVBP,2025-08-20 16:59:14
ROT,2025-08-20 16:59:14
RMGN,2025-08-20 16:59:14
STXB,2025-08-20 16:59:14
FTV-PA,2025-08-20 16:59:14
DISCB,2025-08-20 16:59:14
WRE,2025-08-20 16:59:14
FACA-UN,2025-08-20 16:59:14
NUBIU,2025-08-20 16:59:14
GIIXW,2025-08-20 16:59:14
XLRN,2025-08-20 16:59:14
LEGAU,2025-08-20 16:59:14
ACC,2025-08-20 16:59:14
TGA,2025-08-20 16:59:14
XPDB,2025-08-20 16:59:14
AQUA,2025-08-20 16:59:14
SIX,2025-08-20 16:59:14
MSAC,2025-08-20 16:59:14
LSPRU,2025-08-20 16:59:14
KIII,2025-08-20 16:59:14
GBRGU,2025-08-20 16:59:14
LOTZ,2025-08-20 16:59:14
UHALV,2025-08-20 16:59:14
NEWA,2025-08-20 16:59:14
BLTSW,2025-08-20 16:59:14
LATGW,2025-08-20 16:59:14
XPVVV,2025-08-20 16:59:14
IVCPU,2025-08-20 16:59:14
GSAH,2025-08-20 16:59:14
SPKBW,2025-08-20 16:59:14
BTN,2025-08-20 16:59:14
BITE-UN,2025-08-20 16:59:14
TRMT,2025-08-20 16:59:14
LSPRW,2025-08-20 16:59:14
AFARU,2025-08-20 16:59:14
CVLY,2025-08-20 16:59:14
GRNAW,2025-08-20 16:59:14
HVBT,2025-08-20 16:59:14
SBEA,2025-08-20 16:59:14
MICT,2025-08-20 16:59:14
RTPYU,2025-08-20 16:59:14
P,2025-08-20 16:59:14
GTPBU,2025-08-20 16:59:14
RFACR,2025-08-20 16:59:14
DCRD,2025-08-20 16:59:14
FRBK,2025-08-20 16:59:14
HGEN,2025-08-20 16:59:14
DLCA,2025-08-20 16:59:14
AVHI,2025-08-20 16:59:14
DVD,2025-08-20 16:59:14
VRS,2025-08-20 16:59:14
BRIVW,2025-08-20 16:59:14
BYN-WT,2025-08-20 16:59:14
FTAAU,2025-08-20 16:59:14
ASZ-UN,2025-08-20 16:59:14
DHBCU,2025-08-20 16:59:14
SEAS,2025-08-20 16:59:14
TZPS,2025-08-20 16:59:14
DCP,2025-08-20 16:59:14
GDYNW,2025-08-20 16:59:14
QTWW,2025-08-20 16:59:14
WLL,2025-08-20 16:59:14
DILA,2025-08-20 16:59:14
ADALU,2025-08-20 16:59:14
CMCTP,2025-08-20 16:59:14
NRZ,2025-08-20 16:59:14
AE,2025-08-20 16:59:14
MDGSW,2025-08-20 16:59:14
OCN,2025-08-20 16:59:14
RHE-PA,2025-08-20 16:59:14
FICVW,2025-08-20 16:59:14
TSC,2025-08-20 16:59:14
LSDI,2025-08-20 16:59:14
FGH,2025-08-20 16:59:14
CXP,2025-08-20 16:59:14
UHALB,2025-08-20 16:59:14
JUN,2025-08-20 16:59:14
CASA,2025-08-20 16:59:14
CCIV,2025-08-20 16:59:14
GLEO,2025-08-20 16:59:14
PCTI,2025-08-20 16:59:14
CONX,2025-08-20 16:59:14
LIVKW,2025-08-20 16:59:14
NP,2025-08-20 16:59:14
TCJH,2025-08-20 16:59:14
VHNAU,2025-08-20 16:59:14
PGRU,2025-08-20 16:59:14
DS-PC,2025-08-20 16:59:14
WNNR-WT,2025-08-20 16:59:14
DISAU,2025-08-20 16:59:14
VBOC,2025-08-20 16:59:14
DISH,2025-08-20 16:59:14
SWSSW,2025-08-20 16:59:14
SRLP,2025-08-20 16:59:14
ARBGW,2025-08-20 16:59:14
NETC,2025-08-20 16:59:14
SANBU,2025-08-20 16:59:14
GHVI,2025-08-20 16:59:14
NMFCL,2025-08-20 16:59:14
AIRM,2025-08-20 16:59:14
ABCW,2025-08-20 16:59:14
ABTX,2025-08-20 16:59:14
FRC-PK,2025-08-20 16:59:14
MOHO,2025-08-20 16:59:14
NEE-PP,2025-08-20 16:59:14
PDAC,2025-08-20 16:59:14
GMIIW,2025-08-20 16:59:14
LORL,2025-08-20 16:59:14
AMOV,2025-08-20 16:59:14
ARCK,2025-08-20 16:59:14
MUDSW,2025-08-20 16:59:14
ROLL,2025-08-20 16:59:14
HTIA,2025-08-20 16:59:14
DRAYW,2025-08-20 16:59:14
GSEVU,2025-08-20 16:59:14
AGGR,2025-08-20 16:59:14
GBRG,2025-08-20 16:59:14
ABST,2025-08-20 16:59:14
FRC-PN,2025-08-20 16:59:14
AGM-PC,2025-08-20 16:59:14
KINZU,2025-08-20 16:59:14
RCII,2025-08-20 16:59:14
BNFT,2025-08-20 16:59:14
PTNR,2025-08-20 16:59:14
GCACU,2025-08-20 16:59:14
ACEVU,2025-08-20 16:59:14
TSRI,2025-08-20 16:59:14
RAACU,2025-08-20 16:59:14
RXRA,2025-08-20 16:59:14
SPGS-UN,2025-08-20 16:59:14
SDIG,2025-08-20 16:59:14
SLGG,2025-08-20 16:59:14
WQGA-UN,2025-08-20 16:59:14
NSH-UN,2025-08-20 16:59:14
LVACU,2025-08-20 16:59:14
SLAMU,2025-08-20 16:59:14
CBB,2025-08-20 16:59:14
SBG,2025-08-20 16:59:14
NTLS,2025-08-20 16:59:14
PFPT,2025-08-20 16:59:14
GOAC,2025-08-20 16:59:14
LIVX,2025-08-20 16:59:14
MLND,2025-08-20 16:59:14
CHAQ,2025-08-20 16:59:14
BRCM,2025-08-20 16:59:14
CCV-UN,2025-08-20 16:59:14
TCAC,2025-08-20 16:59:14
BRLIR,2025-08-20 16:59:14
TPBAU,2025-08-20 16:59:14
BNI,2025-08-20 16:59:14
AESC,2025-08-20 16:59:14
PV-UN,2025-08-20 16:59:14
FRG,2025-08-20 16:59:14
CKEC,2025-08-20 16:59:14
CNDA-WT,2025-08-20 16:59:14
CDR,2025-08-20 16:59:14
RRAC-WT,2025-08-20 16:59:14
XPDI,2025-08-20 16:59:14
EACPW,2025-08-20 16:59:14
VHAQ,2025-08-20 16:59:14
BSGA,2025-08-20 16:59:14
SFET,2025-08-20 16:59:14
CHAA-WT,2025-08-20 16:59:14
ATCO-PI,2025-08-20 16:59:14
YNDX,2025-08-20 16:59:14
SPKBU,2025-08-20 16:59:14
WETF,2025-08-20 16:59:14
VER,2025-08-20 16:59:14
FOREW,2025-08-20 16:59:14
FLYA,2025-08-20 16:59:14
CYTHW,2025-08-20 16:59:14
BLTS,2025-08-20 16:59:14
FAZE,2025-08-20 16:59:14
MMX,2025-08-20 16:59:14
ACQRU,2025-08-20 16:59:14
ACII-UN,2025-08-20 16:59:14
ACAQ-WT,2025-08-20 16:59:14
AGAC-WT,2025-08-20 16:59:14
AAQC,2025-08-20 16:59:14
CTV-WT,2025-08-20 16:59:14
JCICU,2025-08-20 16:59:14
MAAC,2025-08-20 16:59:14
CRZNU,2025-08-20 16:59:14
GET,2025-08-20 16:59:14
EPHYU,2025-08-20 16:59:14
JP,2025-08-20 16:59:14
IPVI,2025-08-20 16:59:14
IMRNW,2025-08-20 16:59:14
HTPA-UN,2025-08-20 16:59:14
LUXAU,2025-08-20 16:59:14
EBACU,2025-08-20 16:59:14
TSPQ,2025-08-20 16:59:14
PCSB,2025-08-20 16:59:14
DBDR,2025-08-20 16:59:14
FST-UN,2025-08-20 16:59:14
RCOR,2025-08-20 16:59:14
HLXA,2025-08-20 16:59:14
CCNC,2025-08-20 16:59:14
CLAS,2025-08-20 16:59:14
ASAQ-UN,2025-08-20 16:59:14
RE,2025-08-20 16:59:14
DCUE,2025-08-20 16:59:14
CPAQU,2025-08-20 16:59:14
MTAL-UN,2025-08-20 16:59:14
FTAI-PA,2025-08-20 16:59:14
ADER,2025-08-20 16:59:14
AGBAU,2025-08-20 16:59:14
MDP,2025-08-20 16:59:14
NILE-PD,2025-08-20 16:59:14
BAMH,2025-08-20 16:59:14
RMGBU,2025-08-20 16:59:14
PHYT,2025-08-20 16:59:14
GVCI,2025-08-20 16:59:14
MAAQU,2025-08-20 16:59:14
GLF,2025-08-20 16:59:14
BDXA,2025-08-20 16:59:14
BLNG,2025-08-20 16:59:14
BLUA-WT,2025-08-20 16:59:14
FACA,2025-08-20 16:59:14
PPHPR,2025-08-20 16:59:14
FTCVW,2025-08-20 16:59:14
MH-PD,2025-08-20 16:59:14
NVSA,2025-08-20 16:59:14
NPABW,2025-08-20 16:59:14
TWTR,2025-08-20 16:59:14
GLHA,2025-08-20 16:59:14
IGICW,2025-08-20 16:59:14
FCRD,2025-08-20 16:59:14
GEEXU,2025-08-20 16:59:14
FAII-UN,2025-08-20 16:59:14
TRTN,2025-08-20 16:59:14
VWE,2025-08-20 16:59:14
THACW,2025-08-20 16:59:14
CLNC,2025-08-20 16:59:14
PAYA,2025-08-20 16:59:14
EUSGW,2025-08-20 16:59:14
MXIM,2025-08-20 16:59:14
FLMN,2025-08-20 16:59:14
ATAQ,2025-08-20 16:59:14
HCMAW,2025-08-20 16:59:14
MCG,2025-08-20 16:59:14
ABB,2025-08-20 16:59:14
ID,2025-08-20 16:59:14
SKYA,2025-08-20 16:59:14
MTACW,2025-08-20 16:59:14
RNDB,2025-08-20 16:59:14
CCRC,2025-08-20 16:59:14
ADRT-WT,2025-08-20 16:59:14
PIPP,2025-08-20 16:59:14
KCA-UN,2025-08-20 16:59:14
FRC-PJ,2025-08-20 16:59:14
REKRW,2025-08-20 16:59:14
EVOJW,2025-08-20 16:59:14
ONVI,2025-08-20 16:59:14
FGNA,2025-08-20 16:59:14
LINX,2025-08-20 16:59:14
GLBLU,2025-08-20 16:59:14
PLKI,2025-08-20 16:59:14
PAFOR,2025-08-20 16:59:14
PULB,2025-08-20 16:59:14
MEOA,2025-08-20 16:59:14
BODY,2025-08-20 16:59:14
AFACU,2025-08-20 16:59:14
TOAC,2025-08-20 16:59:14
LAAA,2025-08-20 16:59:14
NDACW,2025-08-20 16:59:14
LEVLP,2025-08-20 16:59:14
AED,2025-08-20 16:59:14
INS,2025-08-20 16:59:14
MOTNU,2025-08-20 16:59:14
RIDE,2025-08-20 16:59:14
IIVIP,2025-08-20 16:59:14
GACQU,2025-08-20 16:59:14
HHLA-WT,2025-08-20 16:59:14
HLBZ,2025-08-20 16:59:14
GGPIW,2025-08-20 16:59:14
FBC,2025-08-20 16:59:14
LPI,2025-08-20 16:59:14
LMAOU,2025-08-20 16:59:14
GECCL,2025-08-20 16:59:14
ARD,2025-08-20 16:59:14
ENPC,2025-08-20 16:59:14
NAKD,2025-08-20 16:59:14
ESBK,2025-08-20 16:59:14
OEPWW,2025-08-20 16:59:14
FLACU,2025-08-20 16:59:14
XENT,2025-08-20 16:59:14
KAIIW,2025-08-20 16:59:14
GHIXW,2025-08-20 16:59:14
VER-PF,2025-08-20 16:59:14
DNZ-UN,2025-08-20 16:59:14
COG,2025-08-20 16:59:14
WEJO,2025-08-20 16:59:14
EVE,2025-08-20 16:59:14
RDBXW,2025-08-20 16:59:14
EUSG,2025-08-20 16:59:14
AHPA,2025-08-20 16:59:14
PDCE,2025-08-20 16:59:14
QTEK,2025-08-20 16:59:14
AAQC-UN,2025-08-20 16:59:14
OPA,2025-08-20 16:59:14
ZIXI,2025-08-20 16:59:14
EBSB,2025-08-20 16:59:14
VEC,2025-08-20 16:59:14
CNP-PB,2025-08-20 16:59:14
ACGLP,2025-08-20 16:59:14
SMIHW,2025-08-20 16:59:14
CPLP,2025-08-20 16:59:14
AMHCU,2025-08-20 16:59:14
CPAA,2025-08-20 16:59:14
IMBIL,2025-08-20 16:59:14
ATSPW,2025-08-20 16:59:14
RAMMU,2025-08-20 16:59:14
STBZ,2025-08-20 16:59:14
BAMR,2025-08-20 16:59:14
SVFAU,2025-08-20 16:59:14
ANGN,2025-08-20 16:59:14
USWS,2025-08-20 16:59:14
DWIN-UN,2025-08-20 16:59:14
ASAXU,2025-08-20 16:59:14
FTVIU,2025-08-20 16:59:14
GSQB,2025-08-20 16:59:14
VTIQ,2025-08-20 16:59:14
VACQU,2025-08-20 16:59:14
PONOU,2025-08-20 16:59:14
MONDW,2025-08-20 16:59:14
ITQRW,2025-08-20 16:59:14
CLR,2025-08-20 16:59:14
TINV,2025-08-20 16:59:14
HJLIW,2025-08-20 16:59:14
MLHR,2025-08-20 16:59:14
ICNC,2025-08-20 16:59:14
TWLVU,2025-08-20 16:59:14
HCICU,2025-08-20 16:59:14
RYB,2025-08-20 16:59:14
HUGS-UN,2025-08-20 16:59:14
SCOBU,2025-08-20 16:59:14
AUTO,2025-08-20 16:59:14
SCU,2025-08-20 16:59:14
TNP-PD,2025-08-20 16:59:14
GFGDR,2025-08-20 16:59:14
WPG,2025-08-20 16:59:14
ITCB,2025-08-20 16:59:14
LEGO,2025-08-20 16:59:14
CMLT,2025-08-20 16:59:14
RBAC-UN,2025-08-20 16:59:14
PFDRU,2025-08-20 16:59:14
ZEN,2025-08-20 16:59:14
CHMA,2025-08-20 16:59:14
GSDWU,2025-08-20 16:59:14
IDW,2025-08-20 16:59:14
XPAXU,2025-08-20 16:59:14
IKNX,2025-08-20 16:59:14
VOSO,2025-08-20 16:59:14
PWUP,2025-08-20 16:59:14
NVTSW,2025-08-20 16:59:14
ITMR,2025-08-20 16:59:14
HCII,2025-08-20 16:59:14
PING,2025-08-20 16:59:14
PCOM,2025-08-20 16:59:14
SVFC,2025-08-20 16:59:14
AVYA,2025-08-20 16:59:14
RICOU,2025-08-20 16:59:14
JAQCW,2025-08-20 16:59:14
RRAC,2025-08-20 16:59:14
WPCA-UN,2025-08-20 16:59:14
OCA,2025-08-20 16:59:14
PKI,2025-08-20 16:59:14
PSAGW,2025-08-20 16:59:14
NLIT,2025-08-20 16:59:14
PROG,2025-08-20 16:59:14
CPAAU,2025-08-20 16:59:14
PIPP-UN,2025-08-20 16:59:14
COWNL,2025-08-20 16:59:14
BPFH,2025-08-20 16:59:14
CENQ,2025-08-20 16:59:14
SURF,2025-08-20 16:59:14
IRRX-UN,2025-08-20 16:59:14
SGHL,2025-08-20 16:59:14
ACER,2025-08-20 16:59:14
HUGS-WT,2025-08-20 16:59:14
HTAQ-WT,2025-08-20 16:59:14
ADRA-UN,2025-08-20 16:59:14
GCP,2025-08-20 16:59:14
DDMXU,2025-08-20 16:59:14
STAR,2025-08-20 16:59:14
MEACU,2025-08-20 16:59:14
GFGD,2025-08-20 16:59:14
ACQRW,2025-08-20 16:59:14
FINM,2025-08-20 16:59:14
SJR,2025-08-20 16:59:14
KAHC-UN,2025-08-20 16:59:14
MGLN,2025-08-20 16:59:14
TIGOR,2025-08-20 16:59:14
FICV,2025-08-20 16:59:14
ADGI,2025-08-20 16:59:14
ATA-WT,2025-08-20 16:59:14
MEUSW,2025-08-20 16:59:14
GTPBW,2025-08-20 16:59:14
LGTO,2025-08-20 16:59:14
VVNT,2025-08-20 16:59:14
CRECW,2025-08-20 16:59:14
OBNK,2025-08-20 16:59:14
PBAXW,2025-08-20 16:59:14
IAA,2025-08-20 16:59:14
MON,2025-08-20 16:59:14
LNFA-WT,2025-08-20 16:59:14
QELLU,2025-08-20 16:59:14
LAXXR,2025-08-20 16:59:14
PHGE-WT,2025-08-20 16:59:14
RKTA,2025-08-20 16:59:14
PV,2025-08-20 16:59:14
LEVL,2025-08-20 16:59:14
JMACW,2025-08-20 16:59:14
FMBI,2025-08-20 16:59:14
DAOOW,2025-08-20 16:59:14
HYRE,2025-08-20 16:59:14
ISR,2025-08-20 16:59:14
FRWAW,2025-08-20 16:59:14
PNTM-WT,2025-08-20 16:59:14
SUMO,2025-08-20 16:59:14
RVAC,2025-08-20 16:59:14
AINV,2025-08-20 16:59:14
HIIIU,2025-08-20 16:59:14
GPCOW,2025-08-20 16:59:14
HYACW,2025-08-20 16:59:14
RRD,2025-08-20 16:59:14
AGGRW,2025-08-20 16:59:14
JOFFU,2025-08-20 16:59:14
REVEU,2025-08-20 16:59:14
ZGYH,2025-08-20 16:59:14
CHG,2025-08-20 16:59:14
HLAHU,2025-08-20 16:59:14
TEKKU,2025-08-20 16:59:14
DEH,2025-08-20 16:59:14
ZGNX,2025-08-20 16:59:14
HUDAR,2025-08-20 16:59:14
HNRA-WT,2025-08-20 16:59:14
BWV,2025-08-20 16:59:14
PBCT,2025-08-20 16:59:14
CRSAW,2025-08-20 16:59:14
HMCOW,2025-08-20 16:59:14
VIH,2025-08-20 16:59:14
BSN,2025-08-20 16:59:14
ATHN,2025-08-20 16:59:14
ATSPT,2025-08-20 16:59:14
CAHC,2025-08-20 16:59:14
VNTR,2025-08-20 16:59:14
ZEST,2025-08-20 16:59:14
PGSS-UN,2025-08-20 16:59:14
WPCA-WT,2025-08-20 16:59:14
CFFEU,2025-08-20 16:59:14
GWII,2025-08-20 16:59:14
CBLI,2025-08-20 16:59:14
TCBIL,2025-08-20 16:59:14
ACTDW,2025-08-20 16:59:14
BIOT,2025-08-20 16:59:14
BHG,2025-08-20 16:59:14
TUEM,2025-08-20 16:59:14
SBII-WT,2025-08-20 16:59:14
OCCIP,2025-08-20 16:59:14
TREB,2025-08-20 16:59:14
CLAA-UN,2025-08-20 16:59:14
SBEAU,2025-08-20 16:59:14
BRQS,2025-08-20 16:59:14
AMPI,2025-08-20 16:59:14
BOAS,2025-08-20 16:59:14
AFINO,2025-08-20 16:59:14
PSAC,2025-08-20 16:59:14
PFTAW,2025-08-20 16:59:14
BLNKW,2025-08-20 16:59:14
KAL,2025-08-20 16:59:14
IVAN,2025-08-20 16:59:14
AAIN,2025-08-20 16:59:14
IVAN-UN,2025-08-20 16:59:14
CENH,2025-08-20 16:59:14
SKYS,2025-08-20 16:59:14
CMAXW,2025-08-20 16:59:14
ITHXU,2025-08-20 16:59:14
HERAW,2025-08-20 16:59:14
GXII,2025-08-20 16:59:14
NXTD,2025-08-20 16:59:14
UPH,2025-08-20 16:59:14
LDHA,2025-08-20 16:59:14
VORBW,2025-08-20 16:59:14
MTMT,2025-08-20 16:59:14
TIOAU,2025-08-20 16:59:14
RPT-PD,2025-08-20 16:59:14
CHNG,2025-08-20 16:59:14
Y,2025-08-20 16:59:14
LGACW,2025-08-20 16:59:14
PEAR,2025-08-20 16:59:14
AMHCW,2025-08-20 16:59:14
SGHLU,2025-08-20 16:59:14
CURO,2025-08-20 16:59:14
PRPC-UN,2025-08-20 16:59:14
SHUA,2025-08-20 16:59:14
ARTAU,2025-08-20 16:59:14
GMFI,2025-08-20 16:59:14
OTMO,2025-08-20 16:59:14
QTT,2025-08-20 16:59:14
AFAQ,2025-08-20 16:59:14
OHAAU,2025-08-20 16:59:14
ALL-PG,2025-08-20 16:59:14
MEKA,2025-08-20 16:59:14
NYMTP,2025-08-20 16:59:14
RDW-WT,2025-08-20 16:59:14
STZ-B,2025-08-20 16:59:14
MLAIU,2025-08-20 16:59:14
NSEC,2025-08-20 16:59:14
OTIC,2025-08-20 16:59:14
DHACW,2025-08-20 16:59:14
NNN-PF,2025-08-20 16:59:14
APN-UN,2025-08-20 16:59:14
DNAA,2025-08-20 16:59:14
GRVI,2025-08-20 16:59:14
TRCA,2025-08-20 16:59:14
IIAC,2025-08-20 16:59:14
ONEM,2025-08-20 16:59:14
SWETW,2025-08-20 16:59:14
ITAQ,2025-08-20 16:59:14
SKGR,2025-08-20 16:59:14
CTAC-UN,2025-08-20 16:59:14
MSP,2025-08-20 16:59:14
FHLTW,2025-08-20 16:59:14
FOE,2025-08-20 16:59:14
AGLE,2025-08-20 16:59:14
LGAC,2025-08-20 16:59:14
LOV,2025-08-20 16:59:14
VECT,2025-08-20 16:59:14
MACQ,2025-08-20 16:59:14
CMII,2025-08-20 16:59:14
MAACU,2025-08-20 16:59:14
SHQAW,2025-08-20 16:59:14
LACQW,2025-08-20 16:59:14
AFIN,2025-08-20 16:59:14
AMRS,2025-08-20 16:59:14
EQOS,2025-08-20 16:59:14
LBPH,2025-08-20 16:59:14
SOLN,2025-08-20 16:59:14
MH-PC,2025-08-20 16:59:14
LIVBW,2025-08-20 16:59:14
AFHBL,2025-08-20 16:59:14
HRYU,2025-08-20 16:59:14
ADS,2025-08-20 16:59:14
CEQP-P,2025-08-20 16:59:14
EAR,2025-08-20 16:59:14
HZON-UN,2025-08-20 16:59:14
GCAC,2025-08-20 16:59:14
CTAQW,2025-08-20 16:59:14
GLTA-UN,2025-08-20 16:59:14
COSI,2025-08-20 16:59:14
WRI,2025-08-20 16:59:14
RVACW,2025-08-20 16:59:14
CPTK-UN,2025-08-20 16:59:14
RTLPO,2025-08-20 16:59:14
DHCAU,2025-08-20 16:59:14
PPGHW,2025-08-20 16:59:14
AVTR-PA,2025-08-20 16:59:14
ENBA,2025-08-20 16:59:14
ARRWW,2025-08-20 16:59:14
DHHCU,2025-08-20 16:59:14
OXACW,2025-08-20 16:59:14
ELMS,2025-08-20 16:59:14
ITQRU,2025-08-20 16:59:14
DAOO,2025-08-20 16:59:14
SUNL,2025-08-20 16:59:14
MILE,2025-08-20 16:59:14
ESSCU,2025-08-20 16:59:14
RTL,2025-08-20 16:59:14
FPAC,2025-08-20 16:59:14
MCADU,2025-08-20 16:59:14
SOFIW,2025-08-20 16:59:14
MDLY,2025-08-20 16:59:14
ARGO,2025-08-20 16:59:14
FLAC,2025-08-20 16:59:14
KURI,2025-08-20 16:59:14
ETAO,2025-08-20 16:59:14
JWSM-WT,2025-08-20 16:59:14
JE,2025-08-20 16:59:14
MAAQR,2025-08-20 16:59:14
FOXW,2025-08-20 16:59:14
ONE,2025-08-20 16:59:14
AHPI,2025-08-20 16:59:14
APRN,2025-08-20 16:59:14
CHAA-UN,2025-08-20 16:59:14
OSTR,2025-08-20 16:59:14
FSKR,2025-08-20 16:59:14
OSTRU,2025-08-20 16:59:14
EMWP,2025-08-20 16:59:14
ATVC,2025-08-20 16:59:14
TINV-UN,2025-08-20 16:59:14
COLIU,2025-08-20 16:59:14
FSRXW,2025-08-20 16:59:14
GFGDU,2025-08-20 16:59:14
TPGY,2025-08-20 16:59:14
CVET,2025-08-20 16:59:14
CRECU,2025-08-20 16:59:14
EDTX,2025-08-20 16:59:14
STRNW,2025-08-20 16:59:14
SOLOW,2025-08-20 16:59:14
IMBI,2025-08-20 16:59:14
PTIC,2025-08-20 16:59:14
RBAC,2025-08-20 16:59:14
MTBCP,2025-08-20 16:59:14
JCICW,2025-08-20 16:59:14
SCOBW,2025-08-20 16:59:14
AQNA,2025-08-20 16:59:14
PSB-PY,2025-08-20 16:59:14
JAQCU,2025-08-20 16:59:14
MTAC,2025-08-20 16:59:14
CYXT,2025-08-20 16:59:14
RAD,2025-08-20 16:59:14
ROCLU,2025-08-20 16:59:14
NGCAW,2025-08-20 16:59:14
TSIB,2025-08-20 16:59:14
OBCI,2025-08-20 16:59:14
TBSA,2025-08-20 16:59:14
JT,2025-08-20 16:59:14
MSPRV,2025-08-20 16:59:14
PEI-PC,2025-08-20 16:59:14
BVH,2025-08-20 16:59:14
CEMI,2025-08-20 16:59:14
JW-B,2025-08-20 16:59:14
LVOXU,2025-08-20 16:59:14
SCR,2025-08-20 16:59:14
BOAC-WT,2025-08-20 16:59:14
MCMJ,2025-08-20 16:59:14
HYACU,2025-08-20 16:59:14
HBP,2025-08-20 16:59:14
TRQ,2025-08-20 16:59:14
AEAC,2025-08-20 16:59:14
PONO,2025-08-20 16:59:14
OCDX,2025-08-20 16:59:14
CRDS,2025-08-20 16:59:14
VRTV,2025-08-20 16:59:14
HHR,2025-08-20 16:59:14
SYNH,2025-08-20 16:59:14
NWHM,2025-08-20 16:59:14
DHHC,2025-08-20 16:59:14
PSB-PZ,2025-08-20 16:59:14
ATRS,2025-08-20 16:59:14
NVTA,2025-08-20 16:59:14
METX,2025-08-20 16:59:14
BOMN,2025-08-20 16:59:14
KLAQ,2025-08-20 16:59:14
NEFF,2025-08-20 16:59:14
GBS,2025-08-20 16:59:14
NLS,2025-08-20 16:59:14
MH-PA,2025-08-20 16:59:14
FNB-PE,2025-08-20 16:59:14
MYT,2025-08-20 16:59:14
XPOA,2025-08-20 16:59:14
CCVI-UN,2025-08-20 16:59:14
FST,2025-08-20 16:59:14
IGAP,2025-08-20 16:59:14
TBLTW,2025-08-20 16:59:14
FSRDW,2025-08-20 16:59:14
AEPI,2025-08-20 16:59:14
BYN,2025-08-20 16:59:14
AXH,2025-08-20 16:59:14
LHAA,2025-08-20 16:59:14
SUMR,2025-08-20 16:59:14
ENJY,2025-08-20 16:59:14
APR,2025-08-20 16:59:14
UBP-PH,2025-08-20 16:59:14
CSPR,2025-08-20 16:59:14
IOACU,2025-08-20 16:59:14
HOME,2025-08-20 16:59:14
HUSN,2025-08-20 16:59:14
PMGMU,2025-08-20 16:59:14
UBA,2025-08-20 16:59:14
PBCTP,2025-08-20 16:59:14
PBAX,2025-08-20 16:59:14
PAFOU,2025-08-20 16:59:14
OXUS,2025-08-20 16:59:14
KBSF,2025-08-20 16:59:14
OXLCM,2025-08-20 16:59:14
NMMC,2025-08-20 16:59:14
NSTD-WT,2025-08-20 16:59:14
NSR,2025-08-20 16:59:14
FRC-PH,2025-08-20 16:59:14
OBLN,2025-08-20 16:59:14
NMK-PC,2025-08-20 16:59:14
EZT,2025-08-20 16:59:14
MSGN,2025-08-20 16:59:14
IMACW,2025-08-20 16:59:14
GMTX,2025-08-20 16:59:14
FRC,2025-08-20 16:59:14
CINC,2025-08-20 16:59:14
DISAW,2025-08-20 16:59:14
SLVRU,2025-08-20 16:59:14
MLVF,2025-08-20 16:59:14
CORR,2025-08-20 16:59:14
CTAC,2025-08-20 16:59:14
GRNV,2025-08-20 16:59:14
FTCH,2025-08-20 16:59:14
C-PK,2025-08-20 16:59:14
ISO,2025-08-20 16:59:14
UBP-PK,2025-08-20 16:59:14
PONOW,2025-08-20 16:59:14
RMED,2025-08-20 16:59:14
GFNCP,2025-08-20 16:59:14
CNNB,2025-08-20 16:59:14
BFIIW,2025-08-20 16:59:14
FTVIW,2025-08-20 16:59:14
BSX-PA,2025-08-20 16:59:14
CRSAU,2025-08-20 16:59:14
LYLT,2025-08-20 16:59:14
BRIVU,2025-08-20 16:59:14
UBP,2025-08-20 16:59:14
LOCC-UN,2025-08-20 16:59:14
CCAIU,2025-08-20 16:59:14
CSII,2025-08-20 16:59:14
PNTM-UN,2025-08-20 16:59:14
FDUSZ,2025-08-20 16:59:14
AVLR,2025-08-20 16:59:14
LMRKP,2025-08-20 16:59:14
XFIN,2025-08-20 16:59:14
CZOO,2025-08-20 16:59:14
FRC-PM,2025-08-20 16:59:14
RBT-WT,2025-08-20 16:59:14
APTMU,2025-08-20 16:59:14
BLUA,2025-08-20 16:59:14
EYES,2025-08-20 16:59:14
SIRE,2025-08-20 16:59:14
HCDI,2025-08-20 16:59:14
IRNT-WT,2025-08-20 16:59:14
HCCCU,2025-08-20 16:59:14
PACW,2025-08-20 16:59:14
TWNI,2025-08-20 16:59:14
GHVIU,2025-08-20 16:59:14
GNVC,2025-08-20 16:59:14
GMIIU,2025-08-20 16:59:14
NUVA,2025-08-20 16:59:14
HBANN,2025-08-20 16:59:14
ENVIU,2025-08-20 16:59:14
ZING,2025-08-20 16:59:14
GRNVU,2025-08-20 16:59:14
QUOT,2025-08-20 16:59:14
CHEAW,2025-08-20 16:59:14
BOWXU,2025-08-20 16:59:14
TSCAP,2025-08-20 16:59:14
ZDVSV,2025-08-20 16:59:14
ADOM,2025-08-20 16:59:14
MTSL,2025-08-20 16:59:14
NKA,2025-08-20 16:59:14
MFNC,2025-08-20 16:59:14
RACA,2025-08-20 16:59:14
MACC,2025-08-20 16:59:14
DCP-PC,2025-08-20 16:59:14
PAIC,2025-08-20 16:59:14
CLI,2025-08-20 16:59:14
VIAC,2025-08-20 16:59:14
PCCTW,2025-08-20 16:59:14
CEQP,2025-08-20 16:59:14
RMGCW,2025-08-20 16:59:14
UPTDW,2025-08-20 16:59:14
PICC-UN,2025-08-20 16:59:14
VYGG,2025-08-20 16:59:14
MACK,2025-08-20 16:59:14
MDCA,2025-08-20 16:59:14
DISCK,2025-08-20 16:59:14
SLHGP,2025-08-20 16:59:14
MGI,2025-08-20 16:59:14
LGSTU,2025-08-20 16:59:14
VMGAU,2025-08-20 16:59:14
LACQU,2025-08-20 16:59:14
SAIIU,2025-08-20 16:59:14
WESTW,2025-08-20 16:59:14
PMBC,2025-08-20 16:59:14
TPCO,2025-08-20 16:59:14
PICC,2025-08-20 16:59:14
CHS,2025-08-20 16:59:14
VOSOW,2025-08-20 16:59:14
WMC,2025-08-20 16:59:14
VIHAU,2025-08-20 16:59:14
HT-PE,2025-08-20 16:59:14
UMPQ,2025-08-20 16:59:14
TSCBP,2025-08-20 16:59:14
CATM,2025-08-20 16:59:14
GRAY,2025-08-20 16:59:14
SOLY,2025-08-20 16:59:14
WSTG,2025-08-20 16:59:14
CLXT,2025-08-20 16:59:14
TKAT,2025-08-20 16:59:14
XSPA,2025-08-20 16:59:14
ZEAL,2025-08-20 16:59:14
SGMS,2025-08-20 16:59:14
DPCSU,2025-08-20 16:59:14
EXPR,2025-08-20 16:59:14
HT-PC,2025-08-20 16:59:14
BXRX,2025-08-20 16:59:14
TBSAW,2025-08-20 16:59:14
CNVY,2025-08-20 16:59:14
SLNAW,2025-08-20 16:59:14
ANTM,2025-08-20 16:59:14
ORTX,2025-08-20 16:59:14
IIN,2025-08-20 16:59:14
WLTW,2025-08-20 16:59:14
HSKA,2025-08-20 16:59:14
MRTX,2025-08-20 16:59:14
LUMO,2025-08-20 16:59:14
NUAN,2025-08-20 16:59:14
AGFS,2025-08-20 16:59:14
WFC-PQ,2025-08-20 16:59:14
PDOT,2025-08-20 16:59:14
HZN,2025-08-20 16:59:14
AAIC-PB,2025-08-20 16:59:14
NXGN,2025-08-20 16:59:14
PEGR,2025-08-20 16:59:14
AERC,2025-08-20 16:59:14
STSA,2025-08-20 16:59:14
AHAC,2025-08-20 16:59:14
KIIIU,2025-08-20 16:59:14
ALNA,2025-08-20 16:59:14
MF,2025-08-20 16:59:14
BWAQR,2025-08-20 16:59:14
USAK,2025-08-20 16:59:14
ABCM,2025-08-20 16:59:14
GTS,2025-08-20 16:59:14
SRC-PA,2025-08-20 16:59:14
ENCPU,2025-08-20 16:59:14
QTS,2025-08-20 16:59:14
WISH,2025-08-20 16:59:14
VELOW,2025-08-20 16:59:14
HMLP-PA,2025-08-20 16:59:14
HT,2025-08-20 16:59:14
NFYS-UN,2025-08-20 16:59:14
ADALW,2025-08-20 16:59:14
AGBAW,2025-08-20 16:59:14
MTBCO,2025-08-20 16:59:14
DRE,2025-08-20 16:59:14
DSSI,2025-08-20 16:59:14
HIBB,2025-08-20 16:59:14
ARIZU,2025-08-20 16:59:14
NRZ-PA,2025-08-20 16:59:14
IDRA,2025-08-20 16:59:14
DMYI-UN,2025-08-20 16:59:14
INKA,2025-08-20 16:59:14
GLS,2025-08-20 16:59:14
FRTA,2025-08-20 16:59:14
FBHS,2025-08-20 16:59:14
AVID,2025-08-20 16:59:14
FMTX,2025-08-20 16:59:14
KRTX,2025-08-20 16:59:14
AJXA,2025-08-20 16:59:14
PEAK,2025-08-20 16:59:14
LATN,2025-08-20 16:59:14
LMNL,2025-08-20 16:59:14
GTT,2025-08-20 16:59:14
BSA,2025-08-20 16:59:14
PRTY,2025-08-20 16:59:14
DCRCW,2025-08-20 16:59:14
NDACU,2025-08-20 16:59:14
ORPH,2025-08-20 16:59:14
KDMN,2025-08-20 16:59:14
RUTH,2025-08-20 16:59:14
CVT,2025-08-20 16:59:14
CLVS,2025-08-20 16:59:14
KSU,2025-08-20 16:59:14
NETI,2025-08-20 16:59:14
TUFN,2025-08-20 16:59:14
DMS,2025-08-20 16:59:14
CORR-PA,2025-08-20 16:59:14
OXSQL,2025-08-20 16:59:14
ELY,2025-08-20 16:59:14
BVXV,2025-08-20 16:59:14
PFIN,2025-08-20 16:59:14
CRU-WT,2025-08-20 16:59:14
CSCW,2025-08-20 16:59:14
YMTX,2025-08-20 16:59:14
GMBTW,2025-08-20 16:59:14
AMV,2025-08-20 16:59:14
TLND,2025-08-20 16:59:14
SBTX,2025-08-20 16:59:14
ALR,2025-08-20 16:59:14
RUBY,2025-08-20 16:59:14
CLSN,2025-08-20 16:59:14
ALFIW,2025-08-20 16:59:14
LAIX,2025-08-20 16:59:14
RXRAU,2025-08-20 16:59:14
POLY,2025-08-20 16:59:14
FSSIW,2025-08-20 16:59:14
NOAC,2025-08-20 16:59:14
AVAN,2025-08-20 16:59:14
SCLEU,2025-08-20 16:59:14
SGEN,2025-08-20 16:59:14
LAAAU,2025-08-20 16:59:14
TRIT,2025-08-20 16:59:14
OPA-WT,2025-08-20 16:59:14
RMO,2025-08-20 16:59:14
ACH,2025-08-20 16:59:14
MMAC,2025-08-20 16:59:14
SELB,2025-08-20 16:59:14
MCACW,2025-08-20 16:59:14
HILS,2025-08-20 16:59:14
NLITU,2025-08-20 16:59:14
TALS,2025-08-20 16:59:14
GTHX,2025-08-20 16:59:14
MOTV,2025-08-20 16:59:14
DIDI,2025-08-20 16:59:14
BBI,2025-08-20 16:59:14
ET-PD,2025-08-20 16:59:14
ESTE,2025-08-20 16:59:14
HMG,2025-08-20 16:59:14
IMV,2025-08-20 16:59:14
BLTSU,2025-08-20 16:59:14
HCIIW,2025-08-20 16:59:14
MEAC,2025-08-20 16:59:14
EFHTR,2025-08-20 16:59:14
GRSVU,2025-08-20 16:59:14
EXTN,2025-08-20 16:59:14
BFAC-WT,2025-08-20 16:59:14
PRTK,2025-08-20 16:59:14
AUGX,2025-08-20 16:59:14
EMBCV,2025-08-20 16:59:14
FRX-UN,2025-08-20 16:59:14
ECHO,2025-08-20 16:59:14
OG,2025-08-20 16:59:14
GIA,2025-08-20 16:59:14
QTS-PB,2025-08-20 16:59:14
BCYPW,2025-08-20 16:59:14
NEX,2025-08-20 16:59:14
WBT,2025-08-20 16:59:14
AMAM,2025-08-20 16:59:14
RICE,2025-08-20 16:59:14
CNST,2025-08-20 16:59:14
CERC,2025-08-20 16:59:14
PCCT,2025-08-20 16:59:14
CECE,2025-08-20 16:59:14
IMAC,2025-08-20 16:59:14
CFRX,2025-08-20 16:59:14
NETC-WT,2025-08-20 16:59:14
NETC-UN,2025-08-20 16:59:14
MMMB,2025-08-20 16:59:14
GMVD,2025-08-20 16:59:14
MTRYU,2025-08-20 16:59:14
CDAK,2025-08-20 16:59:14
IBER-UN,2025-08-20 16:59:14
WKME,2025-08-20 16:59:14
AKUS,2025-08-20 16:59:14
MYOV,2025-08-20 16:59:14
CSU,2025-08-20 16:59:14
TYHT,2025-08-20 16:59:14
TESS,2025-08-20 16:59:14
HJLI,2025-08-20 16:59:14
TBK,2025-08-20 16:59:14
GAMCW,2025-08-20 16:59:14
UAM,2025-08-20 16:59:14
TBCP,2025-08-20 16:59:14
HARP,2025-08-20 16:59:14
MITO,2025-08-20 16:59:14
TYME,2025-08-20 16:59:14
GAMCU,2025-08-20 16:59:14
EARS,2025-08-20 16:59:14
INFI,2025-08-20 16:59:14
HHC,2025-08-20 16:59:14
LMACU,2025-08-20 16:59:14
BOAS-UN,2025-08-20 16:59:14
ITI,2025-08-20 16:59:14
IRHOU,2025-08-20 16:59:14
MIRO,2025-08-20 16:59:14
TENKU,2025-08-20 16:59:14
SRSA,2025-08-20 16:59:14
MNTV,2025-08-20 16:59:14
VCXB-WT,2025-08-20 16:59:14
AENZ,2025-08-20 16:59:14
ARC,2025-08-20 16:59:14
BCEI,2025-08-20 16:59:14
SEAH,2025-08-20 16:59:14
VYNT,2025-08-20 16:59:14
ZIOP,2025-08-20 16:59:14
FRLAW,2025-08-20 16:59:14
GAMC,2025-08-20 16:59:14
ZEV,2025-08-20 16:59:14
VLNS,2025-08-20 16:59:14
VTIQW,2025-08-20 16:59:14
ZSAN,2025-08-20 16:59:14
LEGOW,2025-08-20 16:59:14
CANO-WT,2025-08-20 16:59:14
AAIC,2025-08-20 16:59:14
KNSW,2025-08-20 16:59:14
STET,2025-08-20 16:59:14
RY-PT,2025-08-20 16:59:14
SPPI,2025-08-20 16:59:14
PIAI-UN,2025-08-20 16:59:14
FSNB,2025-08-20 16:59:14
UFAB,2025-08-20 16:59:14
GTXAP,2025-08-20 16:59:14
MTVC,2025-08-20 16:59:14
LLL,2025-08-20 16:59:14
BCDAW,2025-08-20 16:59:14
GRNA,2025-08-20 16:59:14
UTAAW,2025-08-20 16:59:14
SATX-WTA,2025-08-20 16:59:14
GSKY,2025-08-20 16:59:14
APMIW,2025-08-20 16:59:14
NBRV,2025-08-20 16:59:14
TMX,2025-08-20 16:59:14
GLEEW,2025-08-20 16:59:14
APPH,2025-08-20 16:59:14
BWACW,2025-08-20 16:59:14
FSNB-UN,2025-08-20 16:59:14
CONXU,2025-08-20 16:59:14
SCUA,2025-08-20 16:59:14
TPGY-UN,2025-08-20 16:59:14
PORT-UN,2025-08-20 16:59:14
NLSN,2025-08-20 16:59:14
PAQCW,2025-08-20 16:59:14
BLNGU,2025-08-20 16:59:14
ACBAU,2025-08-20 16:59:14
AVAC,2025-08-20 16:59:14
RONI,2025-08-20 16:59:14
BPACU,2025-08-20 16:59:14
ACAXR,2025-08-20 16:59:14
EDNCU,2025-08-20 16:59:14
NMTR,2025-08-20 16:59:14
CSTA-UN,2025-08-20 16:59:14
PCCTU,2025-08-20 16:59:14
CS,2025-08-20 16:59:14
EMBK,2025-08-20 16:59:14
RONI-UN,2025-08-20 16:59:14
SKIL-WT,2025-08-20 16:59:14
TDW-WTA,2025-08-20 16:59:14
FMIV,2025-08-20 16:59:14
TDW-WTB,2025-08-20 16:59:14
VBOCW,2025-08-20 16:59:14
BLNGW,2025-08-20 16:59:14
CPUH-WT,2025-08-20 16:59:14
MOBVW,2025-08-20 16:59:14
EMBKW,2025-08-20 16:59:14
IPVF-UN,2025-08-20 16:59:14
ACRO-UN,2025-08-20 16:59:14
MBAC-UN,2025-08-20 16:59:14
GFX-WT,2025-08-20 16:59:14
ACAQ-UN,2025-08-20 16:59:14
KORE-WT,2025-08-20 16:59:14
MBTC,2025-08-20 16:59:14
BWACU,2025-08-20 16:59:14
SDAC,2025-08-20 16:59:14
ZTAQU,2025-08-20 16:59:14
FACT-UN,2025-08-20 16:59:14
ALPAU,2025-08-20 16:59:14
AVACW,2025-08-20 16:59:14
HGTY-WT,2025-08-20 16:59:14
FZT-WT,2025-08-20 16:59:14
CFMS,2025-08-20 16:59:14
DILAU,2025-08-20 16:59:14
PAVMW,2025-08-20 16:59:14
MBSC-WT,2025-08-20 16:59:14
ZT,2025-08-20 16:59:14
HMACR,2025-08-20 16:59:14
UPH-WT,2025-08-20 16:59:14
GENQW,2025-08-20 16:59:14
BIOSU,2025-08-20 16:59:14
ATIP-WT,2025-08-20 16:59:14
WTT,2025-08-20 16:59:14
TRONW,2025-08-20 16:59:14
REUN,2025-08-20 16:59:14
BRLIU,2025-08-20 16:59:14
TWCB,2025-08-20 16:59:14
RONI-WT,2025-08-20 16:59:14
HMPT,2025-08-20 16:59:14
PGSS,2025-08-20 16:59:14
OXACU,2025-08-20 16:59:14
MLACW,2025-08-20 16:59:14
PSAGU,2025-08-20 16:59:14
ITAQW,2025-08-20 16:59:14
ADILW,2025-08-20 16:59:14
AHRNU,2025-08-20 16:59:14
NOVN,2025-08-20 16:59:14
WLMS,2025-08-20 16:59:14
ROCC,2025-08-20 16:59:14
HSC,2025-08-20 16:59:14
JUGGU,2025-08-20 16:59:14
AHRNW,2025-08-20 16:59:14
HVBC,2025-08-20 16:59:14
ENOB,2025-08-20 16:59:14
TOACW,2025-08-20 16:59:14
CORS,2025-08-20 16:59:14
DSEY,2025-08-20 16:59:14
ERYP,2025-08-20 16:59:14
TWOA,2025-08-20 16:59:14
BBLN,2025-08-20 16:59:14
BLU,2025-08-20 16:59:14
MBAC-WT,2025-08-20 16:59:14
ORCC,2025-08-20 16:59:14
DNAD,2025-08-20 16:59:14
GOGN-UN,2025-08-20 16:59:14
HWKZ-UN,2025-08-20 16:59:14
CLINR,2025-08-20 16:59:14
BNSO,2025-08-20 16:59:14
TCFC,2025-08-20 16:59:14
MPRAW,2025-08-20 16:59:14
SQZ,2025-08-20 16:59:14
GSRM,2025-08-20 16:59:14
GOGN-WT,2025-08-20 16:59:14
GRNT-WT,2025-08-20 16:59:14
BRDS-WT,2025-08-20 16:59:14
AZRE,2025-08-20 16:59:14
TTCF,2025-08-20 16:59:14
GLOP,2025-08-20 16:59:14
BMAC-WT,2025-08-20 16:59:14
ZEV-WT,2025-08-20 16:59:14
GOGN,2025-08-20 16:59:14
IIVI,2025-08-20 16:59:14
ERESW,2025-08-20 16:59:14
HWKZ,2025-08-20 16:59:14
RWODW,2025-08-20 16:59:14
MCLDW,2025-08-20 16:59:14
GSRMU,2025-08-20 16:59:14
EOCW,2025-08-20 16:59:14
XPAXW,2025-08-20 16:59:14
ERESU,2025-08-20 16:59:14
USX,2025-08-20 16:59:14
GSRMR,2025-08-20 16:59:14
UNVR,2025-08-20 16:59:14
DNAB,2025-08-20 16:59:14
SDACU,2025-08-20 16:59:14
OPAD-WT,2025-08-20 16:59:14
ERES,2025-08-20 16:59:14
VHNAW,2025-08-20 16:59:14
GSRMW,2025-08-20 16:59:14
BGCP,2025-08-20 16:59:14
TENKR,2025-08-20 16:59:14
AFTR-WT,2025-08-20 16:59:14
MTCR,2025-08-20 16:59:14
WWACW,2025-08-20 16:59:14
RCAC,2025-08-20 16:59:14
HEXO,2025-08-20 16:59:14
ROCAR,2025-08-20 16:59:14
CTIC,2025-08-20 16:59:14
KVSA,2025-08-20 16:59:14
ROCAU,2025-08-20 16:59:14
BYTSW,2025-08-20 16:59:14
FXCOW,2025-08-20 16:59:14
ONCS,2025-08-20 16:59:14
SIOX,2025-08-20 16:59:14
ENTXW,2025-08-20 16:59:14
ROC,2025-08-20 16:59:14
CSTA,2025-08-20 16:59:14
JUGG,2025-08-20 16:59:14
HMA-UN,2025-08-20 16:59:14
RENN,2025-08-20 16:59:14
GNUS,2025-08-20 16:59:14
METXW,2025-08-20 16:59:14
HPLTW,2025-08-20 16:59:14
FMIVU,2025-08-20 16:59:14
SHIPW,2025-08-20 16:59:14
EOCW-UN,2025-08-20 16:59:14
GTPPP,2025-08-20 16:59:14
XM,2025-08-20 16:59:14
CORS-WT,2025-08-20 16:59:14
OSI-UN,2025-08-20 16:59:14
ENTF,2025-08-20 16:59:14
QFTA-UN,2025-08-20 16:59:14
WRAC,2025-08-20 16:59:14
PACI-WT,2025-08-20 16:59:14
ATTO,2025-08-20 16:59:14
KNSW-UN,2025-08-20 16:59:14
DUNEW,2025-08-20 16:59:14
MTRY,2025-08-20 16:59:14
LHC-UN,2025-08-20 16:59:14
